,MAE,MedAE,RMSE,MaxAE,MSE,PearsonCorr,R2Coeff,Test Cases
"(0, 0)",1.5095078182638204,1.3539931939950485,1.8342558113487333,7.947993385981809,3.3644943814665997,0.5678559634911882,0.09690357498535584,4247.0
"(0, 1)",1.6333629984257112,1.3959655548659997,2.0422307898615384,9.17984070988,4.170706599058484,0.6917542548452644,0.3826923091845559,5088.0
"(1, 0)",1.3394185268655214,1.141885413357,1.6943935318422667,8.48229997177,2.8709694407489104,0.6872227574369911,0.43631846284717957,4669.0
"(1, 1)",1.565213685409064,1.3688345911662148,1.9267578578914186,8.227311045617666,3.7123958429463277,0.6103765361568088,0.32493472614196184,4666.0
"(2, 0)",1.3516914898926158,1.1596758959546662,1.683985521236245,7.567940575645,2.835807235733307,0.6330144453917702,0.3617880197869774,4675.0
"(2, 1)",1.5727404929128033,1.3719949564188345,1.9492186957490458,9.18547938521,3.7994535238576113,0.6878512671004291,0.39950009164968137,4660.0
mean,1.4953225019615892,1.2987249342929605,1.8551403679882081,8.431810845684078,3.458971170635206,0.6463458707370753,0.333689530765952,4667.5
std,0.1118560397624102,0.10545729731299201,0.13200524874330966,0.5989275753447957,0.48814697330278795,0.046704255002847916,0.11120458658174912,242.8159453852513
