,MAE,MedAE,RMSE,MaxAE,MSE,PearsonCorr,R2Coeff,Test Cases
"(0, 0)",1.3623247883324459,1.1277269828796386,1.7537404151935312,7.863510343506103,3.0756054438831795,0.5971602320205366,0.17444704427899183,4247.0
"(0, 1)",1.4750657657618043,1.1171000743865966,1.992015291056236,12.221490249633788,3.9681249198018613,0.6684264930586481,0.4126764918771604,5088.0
"(1, 0)",1.2374558934443438,0.9602582639950927,1.6310224749486684,8.637046738994544,2.6602343137876794,0.7121479566959894,0.47769385981643986,4669.0
"(1, 1)",1.4519381816419648,1.0871434605139652,1.9740900559617938,11.207325845336914,3.897031549047238,0.5786173405466334,0.29136040950764996,4666.0
"(2, 0)",1.291940701917617,1.038787223815918,1.6869450083425168,9.173019691837256,2.845783461171734,0.6392155611498613,0.3595428225422981,4675.0
"(2, 1)",1.4512897672059777,1.042484037923813,2.0024814983188057,8.811830372174915,4.009932151109129,0.6471210633266506,0.3662341507503939,4660.0
mean,1.3783358497173588,1.062250007252504,1.8400491239702588,9.652370540247253,3.40945197313347,0.64044810779972,0.34699246312882237,4667.5
std,0.08912901859022389,0.056655331699602615,0.15385445885561408,1.537609091895289,0.5628689228518305,0.04409571001192127,0.09556136575416907,242.8159453852513
