,MAE,MedAE,RMSE,MaxAE,MSE,PearsonCorr,R2Coeff,Test Cases
"(0, 0)",1.3702804706329672,1.119421919889648,1.7558146487603523,7.862943384125,3.0828850808014394,0.6222223877971922,0.1724930466404463,4247.0
"(0, 1)",1.425701049495783,1.0708870398616335,1.9234466272918838,12.468579635620117,3.6996469280405226,0.7037682650269521,0.45241401001530346,5088.0
"(1, 0)",1.315814741282157,1.0427958428859712,1.717358149693448,8.253437205684607,2.9493190143185033,0.6877450281514167,0.42093543318544424,4669.0
"(1, 1)",1.3683231051465572,1.0161102716966248,1.8582379677054375,9.594862133821186,3.4530483446220344,0.6352465550136193,0.3720946997512786,4666.0
"(2, 0)",1.367080874714824,1.0975953102111813,1.7565601164296805,8.633451267612402,3.085503442631453,0.6412726790900827,0.3055926942909065,4675.0
"(2, 1)",1.405010607445642,1.0449896481513976,1.9097797764546804,9.844608158429798,3.6472587945552895,0.6702699889641941,0.4235543195599768,4660.0
mean,1.3753684747863215,1.0653000054494093,1.8201995477225805,9.442980297548852,3.3196102674948733,0.6600874840072429,0.3578473672405593,4667.5
std,0.034406590004270654,0.03498085461787157,0.08052250595571002,1.5223606149035072,0.29369700166229806,0.02938669748403885,0.09533285466138634,242.8159453852513
