,MAE,MedAE,RMSE,MaxAE,MSE,PearsonCorr,R2Coeff,Test Cases
"(0, 0)",1.256657095876053,1.0273296451568603,1.623964855739408,10.214828544616699,2.6372618526767164,0.6592421776959608,0.29210708030915356,4247.0
"(0, 1)",1.3840513231944926,1.1356563142776488,1.778706176523086,9.674868705464759,3.1637956624013754,0.7299477977416409,0.5317255366249451,5088.0
"(1, 0)",1.1308485690661776,0.8835528755187987,1.496453717001885,10.088125112248816,2.2393737271287577,0.7598751667213827,0.560324952661878,4669.0
"(1, 1)",1.401571294430557,1.1515900894025393,1.7980674879952507,7.400513024755639,3.2330466913855513,0.6645856897170171,0.4120999908286005,4666.0
"(2, 0)",1.2376604572711323,1.010017375946045,1.5944432110728564,7.910321928405762,2.542249153336321,0.7161053759595473,0.42785467012672473,4675.0
"(2, 1)",1.4748869591500027,1.2604456640745818,1.8609747403555585,9.434200349046149,3.4632269842414383,0.6890703235886046,0.4526403669436564,4660.0
mean,1.3142792831647359,1.0780986607294125,1.6921016981146744,9.120476277422972,2.8798256785283605,0.7031377552373589,0.4461254329158264,4667.5
std,0.11627585462316763,0.12043319034671851,0.12890896697203172,1.0772242144054796,0.4337308960627741,0.035863276353751604,0.08720144957933887,242.8159453852513
