,MAE,MedAE,RMSE,MaxAE,MSE,PearsonCorr,R2Coeff,Test Cases
"(0, 0)",1.3237645179269775,1.1329762631561664,1.655441336875163,8.018640258906753,2.740486019835027,0.6162380748429094,0.264399684853451,4247.0
"(0, 1)",1.502315669167844,1.1381085024720234,1.9874060177808306,9.222753466243278,3.9497826795114594,0.7236104216119275,0.4153913330507413,5088.0
"(1, 0)",1.3212455796107925,1.083361744443001,1.702429351019811,9.209859552458,2.898265695213735,0.6835972186295258,0.43095916000791523,4669.0
"(1, 1)",1.4244284588345915,1.157691982600556,1.8473193160561172,8.142467198914133,3.4125886554740408,0.6358227500940009,0.37945192465141886,4666.0
"(2, 0)",1.3012270211255155,1.1025750469231663,1.6443168956314034,8.403800257617336,2.7037780532588953,0.6372036276343973,0.39150181871206946,4675.0
"(2, 1)",1.435396398541624,1.0913543570879016,1.894025041345082,9.13007372034,3.5873308572422395,0.7021301163039557,0.4330258713602927,4660.0
mean,1.3847296075345576,1.1176779827804693,1.7884896597847344,8.687932409079917,3.215371993422566,0.6664337015194527,0.38578829877264814,4667.5
std,0.07381197992784122,0.026929537233517608,0.12913841514301871,0.5131838206371249,0.46626321534307735,0.039049170227070426,0.05767166280405099,242.8159453852513
