,MAE,MedAE,RMSE,MaxAE,MSE,PearsonCorr,R2Coeff,Test Cases
"(0, 0)",1.4303082222505965,1.293482867732,1.7530519812444585,7.317382042617336,3.0731912489451214,0.5915176629315273,0.17509506165416067,4247.0
"(0, 1)",1.550628669049439,1.3323226877005754,1.9595451300466287,9.1269703622272,3.839817116689459,0.7023365517068509,0.4316673731035693,5088.0
"(1, 0)",1.2730520195451904,1.0474373335460836,1.6325547462174488,10.112527535050168,2.6652349993971183,0.6998555653809303,0.47671203322116584,4669.0
"(1, 1)",1.5485455267023234,1.3518883344413382,1.9129533935654273,6.990846086155047,3.659390685953485,0.6012510134912534,0.3345732297754709,4666.0
"(2, 0)",1.287891096015421,1.087750638843997,1.622992034080163,7.308628600481003,2.6341031426876644,0.6517271418506811,0.40718249054565125,4675.0
"(2, 1)",1.6245179870549824,1.4162330747438334,2.002665562571019,8.853627884467876,4.010669355507896,0.6312710994401849,0.3661176363171693,4660.0
mean,1.4524905867696587,1.2548524895013047,1.8139604746208577,8.284997085166438,3.313734424863457,0.646326505800238,0.3652246374361979,4667.5
std,0.13430953688385192,0.13777860358848298,0.15258381754540892,1.150110764748862,0.5511005278901726,0.04338610925164531,0.09634495299450102,242.8159453852513
