,MAE,MedAE,RMSE,MaxAE,MSE,PearsonCorr,R2Coeff,Test Cases
"(0, 0)",1.337106443551354,1.131314910624998,1.6710509354935894,8.169724012759804,2.7924112290140006,0.6193872963346208,0.2504619380597627,4247.0
"(0, 1)",1.5292009240459705,1.1931790974710001,1.9883838854591538,9.099754594213266,3.9536704759536416,0.6720546358710032,0.41481589898769167,5088.0
"(1, 0)",1.3325646938932663,1.1254284512150008,1.6816489570811273,9.167564377960629,2.827943214852043,0.6836830197326167,0.44476616305854233,4669.0
"(1, 1)",1.4558012206401987,1.119505481597667,1.9004099933811744,7.9264943929000005,3.6115581429430352,0.5862093464018727,0.34327114080455134,4666.0
"(2, 0)",1.3135034034398374,1.0884319346336682,1.6571956035396564,8.470030543930505,2.746297268391166,0.6390416163282481,0.3819326660049558,4675.0
"(2, 1)",1.4358054211489082,1.1474464314229977,1.8546404021534044,8.544202253865338,3.439691021299742,0.6948862607309442,0.4563602028360232,4660.0
mean,1.4006636844532558,1.1342177178275552,1.7922216295180176,8.562961695938256,3.228595225408938,0.649210362566551,0.38193466829192113,4667.5
std,0.07860324578705166,0.031754024646890915,0.12859570792495195,0.45136933098735843,0.4655366046866995,0.03820658604947751,0.06993816246671701,242.8159453852513
