,MAE,MedAE,RMSE,MaxAE,MSE,PearsonCorr,R2Coeff,Test Cases
"(0, 0)",1.3289363221232229,1.0883401966094972,1.6990393759987588,8.839903408050537,2.8867348011942515,0.6521121664086613,0.22514363724766162,4247.0
"(0, 1)",1.4081954389072642,1.194089003243982,1.7859420854528592,9.660186293317237,3.1895891325917076,0.727012465516018,0.5279078364000227,5088.0
"(1, 0)",1.1675669587315693,0.9358125305175782,1.5229976362558413,9.970284166528144,2.3195218000408797,0.7559676363399095,0.5445888085226509,4669.0
"(1, 1)",1.3781929064810288,1.1804315282821656,1.7293583535792623,7.119493575521631,2.990680315094377,0.6957720255183067,0.45617210250706075,4666.0
"(2, 0)",1.220454803958818,0.9900020774841309,1.5788728789097735,8.443552709960937,2.4928395677568362,0.7031680575211245,0.4389745336551192,4675.0
"(2, 1)",1.4024902044128889,1.1767222889404663,1.781477499184036,9.619982245160498,3.1736620800990076,0.7149691106227238,0.4984058164503141,4660.0
mean,1.3176394391024653,1.09423293751297,1.6829479715634215,8.94223373308983,2.8421712827961763,0.708166910321124,0.44853212246380486,4667.5
std,0.09234084156413813,0.1001679805319485,0.09928447918350795,0.9672316646239298,0.3290950419599903,0.03164145566908708,0.10651049117138045,242.8159453852513
