,MAE,MedAE,RMSE,MaxAE,MSE,PearsonCorr,R2Coeff,Test Cases
"(0, 0)",1.4651059977282137,1.2469452027546688,1.828950913732435,8.061420765896141,3.3450614448427083,0.5595471180348737,0.10211975715205712,4247.0
"(0, 1)",1.6196244644949913,1.2893063324837422,2.104049559981364,9.07269342314395,4.427024550857771,0.6337928138645899,0.34475460266367963,5088.0
"(1, 0)",1.3455039690950095,1.1130319199854921,1.7107593288022194,8.984984359660267,2.92669748108382,0.6678796156853476,0.42537690875306766,4669.0
"(1, 1)",1.4995436116509497,1.2204474064501052,1.9342635652967661,8.642284571840625,3.7413755400345567,0.5660699304923981,0.3196650329360612,4666.0
"(2, 0)",1.3636528764051683,1.1430844090075802,1.7263292858949362,7.915257200841696,2.9802128033385205,0.6019987931620034,0.329288856200043,4675.0
"(2, 1)",1.5269138426591942,1.2452832452103988,1.9760822636729662,8.969675272476975,3.9049011128028748,0.6329229543751623,0.38283420348976993,4660.0
mean,1.4700574603389212,1.2096830859819978,1.8800724862301144,8.607719265643276,3.5542121554933757,0.6103685376023958,0.31733989353244635,4667.5
std,0.09428007451835045,0.06176352797203251,0.13978412647325641,0.4598337727914768,0.530221384177193,0.03868711766073249,0.10261656677244994,242.8159453852513
