,MAE,MedAE,RMSE,MaxAE,MSE,PearsonCorr,R2Coeff,Test Cases
"(0, 0)",1.3898535942009624,1.1302318000793456,1.7669781156350508,7.934905740692383,3.122211661133195,0.6344681007218136,0.16193701946997496,4247.0
"(0, 1)",1.4010779553200277,1.127895315551758,1.8356676342386988,9.565127911759772,3.3696756633915017,0.7115645953065449,0.5012531682197962,5088.0
"(1, 0)",1.2595617979452436,1.0078103172302246,1.6391886656026056,9.471228333903708,2.6869394814400507,0.7204975261019059,0.47245061001428046,4669.0
"(1, 1)",1.3934981160168967,1.1770151994681153,1.7594261896362435,7.48629686292046,3.095580516777911,0.6713047335649099,0.437096959022077,4666.0
"(2, 0)",1.266015648788998,1.0214754704238285,1.6370874758004337,7.84056548727793,2.6800554034226356,0.689793262221547,0.39684071450763814,4675.0
"(2, 1)",1.4383283763621917,1.194070537098248,1.8307886056295748,8.58092713613645,3.351786918503083,0.6861998674171049,0.4702533601918253,4660.0
mean,1.3580559147723867,1.1097497733085868,1.7448561144237678,8.479841912115118,3.0510416074447293,0.6856380142223043,0.406638638570932,4667.5
std,0.06920297166129048,0.0713762427116264,0.08073876022531211,0.8024620971218958,0.2796502030677893,0.028073587593444606,0.11418738153004197,242.8159453852513
