,MAE,MedAE,RMSE,MaxAE,MSE,PearsonCorr,R2Coeff,Test Cases
"(0, 0)",1.5038751406867075,1.246008720397949,1.9206996873536522,8.517002471923828,3.6890872890004167,0.5812145463641202,0.009776458354203044,4247.0
"(0, 1)",1.4666050200681315,1.1010231369018555,2.0006174532610697,10.496634826660156,4.002470194292808,0.6687002106306397,0.4075930362125457,5088.0
"(1, 0)",1.2821219462852302,1.0314661216735832,1.6618108955184483,9.14819042338175,2.7616154524638272,0.700004011870519,0.45778884958673605,4669.0
"(1, 1)",1.483363526135528,1.11455997467041,2.0046492618963905,12.184182077026367,4.018618663221743,0.5675659277515819,0.2692509034096475,4666.0
"(2, 0)",1.2922801102191255,1.048449550811621,1.6751679560014123,8.76780895842356,2.8061876808139496,0.6554457812786151,0.3684540422725372,4675.0
"(2, 1)",1.4457480244463543,1.0876518083831177,1.9634026035290113,8.903160662015614,3.8549497835445,0.6493894171579815,0.39072896215789954,4660.0
mean,1.4123322946401793,1.1048598854730896,1.8710579762599975,9.669496569905212,3.5221548438895405,0.6370533158422429,0.3172653753322615,4667.5
std,0.09023573759592636,0.0693982400222214,0.1459345516434816,1.291518157842307,0.533358418786448,0.047260349027462845,0.14876039735505825,242.8159453852513
