,MAE,MedAE,RMSE,MaxAE,MSE,PearsonCorr,R2Coeff,Test Cases
"(0, 0)",1.2385638671210646,1.0084197090148925,1.6067647865275394,7.790676328613525,2.5816930792248893,0.6528568410322734,0.30702283137214637,4247.0
"(0, 1)",1.3886423542535202,1.0437812507370117,1.8630126661085014,9.257282959052247,3.4708161940807067,0.7111711918494288,0.4862833241502814,5088.0
"(1, 0)",1.307793526538011,1.0317016315460203,1.7047047565694042,9.104760321570792,2.906018307070352,0.703322048310987,0.42943702462525957,4669.0
"(1, 1)",1.3325426935859908,0.981526070690155,1.7971560738764303,7.984309644063648,3.229769953870945,0.6556064316031365,0.412695835614889,4666.0
"(2, 0)",1.2755876019129704,1.0087091445922853,1.6637183512714397,8.168560239746338,2.767958752357358,0.6735758984234249,0.37705764544565423,4675.0
"(2, 1)",1.3063389312946863,0.9992867379844481,1.7431907756451714,8.65194341702096,3.038714080294415,0.7283632617925571,0.5197342156545345,4660.0
mean,1.3082448291177071,1.0122374240941354,1.7297579016664144,8.492922151677918,2.9991617278164444,0.6874826121686346,0.4220384794771275,4667.5
std,0.046511495603582344,0.0204605293768723,0.08425751859061106,0.5539145062859538,0.2925784975306768,0.028553154115608128,0.06960095202670787,242.8159453852513
