,PRC-AUC,AUROC,Accuracy,Balanced Accuracy,F1-Score,MCC,Sensitivity,Specificity,Precision,Negative Predictive Value,Test Cases,Negative Test Cases,Positive Test Cases
"(0, 0)",0.13911306494178155,0.7033462642318731,0.975975975975976,0.49969249692496925,0.0,-0.0037966046201924186,0.0,0.9993849938499385,0.0,0.9765625,1665.0,1626.0,39.0
"(0, 1)",0.08888093931910737,0.7227513569995283,0.9787234042553191,0.5201816113849255,0.07692307692307691,0.16145214460588586,0.04081632653061224,0.9995468962392388,0.6666666666666666,0.979138925876609,2256.0,2207.0,49.0
"(1, 0)",0.08469229897476348,0.678050537800422,0.9729038854805726,0.4994750656167979,0.0,-0.005234682146836666,0.0,0.9989501312335958,0.0,0.973899692937564,1956.0,1905.0,51.0
"(1, 1)",0.054313747263899495,0.665841931142761,0.9806615776081425,0.5129948413143434,0.05,0.09047846501945911,0.02702702702702703,0.9989626556016598,0.3333333333333333,0.981651376146789,1965.0,1928.0,37.0
"(2, 0)",0.09487428097023182,0.6541473441030083,0.96838347781744,0.5,0.0,0.0,0.0,1.0,,0.96838347781744,1961.0,1899.0,62.0
"(2, 1)",0.047045863075100475,0.5480470925145176,0.9862244897959184,0.5187137061490733,0.06896551724137931,0.10953392997868282,0.038461538461538464,0.9989658738366081,0.3333333333333333,0.9872253449156873,1960.0,1934.0,26.0
mean,0.08482003242414736,0.6620307544653518,0.9771454684888948,0.5085096202316849,0.03264809902740937,0.05873887547283312,0.017717482003196287,0.9993017584601734,0.26666666666666666,0.9778102196156816,1960.5,1916.5,44.0
std,0.030063404882347638,0.05585628104909531,0.005677627911310131,0.009057726278651097,0.03361054425589144,0.06530838715871397,0.01822209113045713,0.00038858993901976185,0.2494438257849294,0.0059284204235395335,170.62702990245518,168.15543404838274,11.51810169544733
