,PRC-AUC,AUROC,Accuracy,Balanced Accuracy,F1-Score,MCC,Sensitivity,Specificity,Precision,Negative Predictive Value,Test Cases,Negative Test Cases,Positive Test Cases
"(0, 0)",0.07454626551234436,0.5147286088245498,0.975975975975976,0.5247185164159334,0.09090909090909091,0.13664883228482969,0.05128205128205128,0.9981549815498155,0.4,0.977710843373494,1665.0,1626.0,39.0
"(0, 1)",0.05041981820214602,0.519243039309063,0.9769503546099291,0.5092978741111306,0.03703703703703703,0.057642142447682315,0.02040816326530612,0.9981875849569551,0.2,0.9786761439360284,2256.0,2207.0,49.0
"(1, 0)",0.07312649106339288,0.49460141011785297,0.971881390593047,0.527574494364675,0.09836065573770492,0.12322496777453346,0.058823529411764705,0.9963254593175853,0.3,0.9753340184994861,1956.0,1905.0,51.0
"(1, 1)",0.043024410786745036,0.5991925535494,0.9796437659033079,0.4992219917012448,0.0,-0.005416995478511306,0.0,0.9984439834024896,0.0,0.9811416921508664,1965.0,1928.0,37.0
"(2, 0)",0.047110585819735894,0.5440766787273439,0.9673635900050994,0.49947340705634546,0.0,-0.005773393277818495,0.0,0.9989468141126909,0.0,0.9683511995916284,1961.0,1899.0,62.0
"(2, 1)",0.058075683109625506,0.5247593667965953,0.986734693877551,0.5,0.0,0.0,0.0,1.0,,0.986734693877551,1960.0,1934.0,26.0
mean,0.057717209082331626,0.5327669428874674,0.9764249618274851,0.5100477139415548,0.03771779728063881,0.05105425895845261,0.021752290659853683,0.9983431372232561,0.18000000000000002,0.9779914319048424,1960.5,1916.5,44.0
std,0.012263919354297667,0.03308896721159853,0.006053668300561338,0.011923027583853815,0.04237772632199476,0.060004672591634285,0.0247237289201775,0.0010992734870278718,0.16,0.005581401483056159,170.62702990245518,168.15543404838274,11.51810169544733
