,PRC-AUC,AUROC,Accuracy,Balanced Accuracy,F1-Score,MCC,Sensitivity,Specificity,Precision,Negative Predictive Value,Test Cases,Negative Test Cases,Positive Test Cases
"(0, 0)",0.1567340929429384,0.7365250575582678,0.975975975975976,0.49969249692496925,0.0,-0.0037966046201924186,0.0,0.9993849938499385,0.0,0.9765625,1665.0,1626.0,39.0
"(0, 1)",0.10144289973704079,0.702639098231046,0.9782801418439716,0.5099775297522724,0.039215686274509796,0.09773728708750039,0.02040816326530612,0.9995468962392388,0.5,0.9787045252883763,2256.0,2207.0,49.0
"(1, 0)",0.14352438285745467,0.7312902063712624,0.9739263803680982,0.5,0.0,0.0,0.0,1.0,,0.9739263803680982,1956.0,1905.0,51.0
"(1, 1)",0.06050155173636267,0.6367612425703713,0.9806615776081425,0.49974066390041494,0.0,-0.0031259109767342577,0.0,0.9994813278008299,0.0,0.9811608961303462,1965.0,1928.0,37.0
"(2, 0)",0.08477468655320872,0.6744763797584468,0.96838347781744,0.5,0.0,0.0,0.0,1.0,,0.96838347781744,1961.0,1899.0,62.0
"(2, 1)",0.04348321199362809,0.6001610850369898,0.986734693877551,0.5,0.0,0.0,0.0,1.0,,0.986734693877551,1960.0,1934.0,26.0
mean,0.09841013763677224,0.6803088449210639,0.9773270412485301,0.5015684484296093,0.006535947712418299,0.015135795248428952,0.003401360544217687,0.9997355363150012,0.16666666666666666,0.9775787455803019,1960.5,1916.5,44.0
std,0.04100026443445789,0.049349226144350465,0.005684901935642991,0.003762816552644142,0.014614823382351566,0.03697343421631,0.007605673392856425,0.0002686106813222791,0.23570226039551584,0.00572794389651467,170.62702990245518,168.15543404838274,11.51810169544733
