,PRC-AUC,AUROC,Accuracy,Balanced Accuracy,F1-Score,MCC,Sensitivity,Specificity,Precision,Negative Predictive Value,Test Cases,Negative Test Cases,Positive Test Cases
"(0, 0)",0.14561396728435325,0.6889409278708173,0.975975975975976,0.49969249692496925,0.0,-0.0037966046201924186,0.0,0.9993849938499385,0.0,0.9765625,1665.0,1626.0,39.0
"(0, 1)",0.0759662612432544,0.6277567665036109,0.9782801418439716,0.5099775297522724,0.039215686274509796,0.09773728708750039,0.02040816326530612,0.9995468962392388,0.5,0.9787045252883763,2256.0,2207.0,49.0
"(1, 0)",0.08595187726182643,0.6997581184704853,0.9734151329243353,0.49973753280839894,0.0,-0.003700532452412642,0.0,0.9994750656167979,0.0,0.9739130434782609,1956.0,1905.0,51.0
"(1, 1)",0.05084241284926972,0.6141499383200628,0.9801526717557252,0.4994813278008299,0.0,-0.004421831562265572,0.0,0.9989626556016598,0.0,0.9811512990320937,1965.0,1928.0,37.0
"(2, 0)",0.065330121623945,0.6591032631775637,0.96838347781744,0.5,0.0,0.0,0.0,1.0,,0.96838347781744,1961.0,1899.0,62.0
"(2, 1)",0.03514013022508239,0.5296615225519052,0.986734693877551,0.5,0.0,0.0,0.0,1.0,,0.986734693877551,1960.0,1934.0,26.0
mean,0.07647412841462185,0.6365617561490743,0.9771570156991665,0.5014814812144117,0.006535947712418299,0.014303053075438292,0.003401360544217687,0.9995616018846057,0.125,0.9775749232489538,1960.5,1916.5,44.0
std,0.035023982516064325,0.056646498485809875,0.0056912036706579724,0.0038038324630904324,0.014614823382351566,0.03735588767737984,0.007605673392856425,0.00036102115463826687,0.21650635094610965,0.005728363580883224,170.62702990245518,168.15543404838274,11.51810169544733
