,PRC-AUC,AUROC,Accuracy,Balanced Accuracy,F1-Score,MCC,Sensitivity,Specificity,Precision,Negative Predictive Value,Test Cases,Negative Test Cases,Positive Test Cases
"(0, 0)",0.09198838049983192,0.6250591352067367,0.972972972972973,0.5607200302772258,0.1818181818181818,0.18827134712682,0.1282051282051282,0.9932349323493235,0.3125,0.979381443298969,1665.0,1626.0,39.0
"(0, 1)",0.05915129526229234,0.5389900409642787,0.9694148936170213,0.5353790814014777,0.10389610389610389,0.0931620734601592,0.08163265306122448,0.9891255097417309,0.14285714285714285,0.979802513464991,2256.0,2207.0,49.0
"(1, 0)",0.06424027861379249,0.5540373629766867,0.9688139059304703,0.5164582368380423,0.061538461538461535,0.06222390327826928,0.0392156862745098,0.9937007874015747,0.14285714285714285,0.974768280123584,1956.0,1905.0,51.0
"(1, 1)",0.06630269346608747,0.6191824604687675,0.9760814249363867,0.5106608164180778,0.04081632653061225,0.03719915652644451,0.02702702702702703,0.9942946058091287,0.08333333333333333,0.9815668202764977,1965.0,1928.0,37.0
"(2, 0)",0.037345287099192284,0.5401399718017972,0.9673635900050994,0.49947340705634546,0.0,-0.005773393277818495,0.0,0.9989468141126909,0.0,0.9683511995916284,1961.0,1899.0,62.0
"(2, 1)",0.030087697616875998,0.5791106514994828,0.9836734693877551,0.5174210484448334,0.058823529411764705,0.06252220596842614,0.038461538461538464,0.9963805584281282,0.125,0.9871926229508197,1960.0,1934.0,26.0
mean,0.05818593875967875,0.576086603819625,0.9730533761416176,0.5233521034060004,0.0744821005325207,0.07293421551371676,0.052423672171571324,0.9942805346404294,0.13442460317460317,0.9785104799510815,1960.5,1916.5,44.0
std,0.02028923210210914,0.03516435436160415,0.005560983932153241,0.019811502855390937,0.05697940303079018,0.059731096060171955,0.041550404532571715,0.003005221421078828,0.09365021564591605,0.005836148672683441,170.62702990245518,168.15543404838274,11.51810169544733
