,PRC-AUC,AUROC,Accuracy,Balanced Accuracy,F1-Score,MCC,Sensitivity,Specificity,Precision,Negative Predictive Value,Test Cases,Negative Test Cases,Positive Test Cases
"(0, 0)",0.13431857105042921,0.6510313180054876,0.975975975975976,0.5622575456523796,0.19999999999999996,0.23246119730462927,0.1282051282051282,0.996309963099631,0.45454545454545453,0.9794437726723095,1665.0,1626.0,39.0
"(0, 1)",0.04280851106260968,0.49969484848765056,0.9720744680851063,0.5167833331792164,0.05970149253731343,0.05499726906704968,0.04081632653061224,0.9927503398278206,0.1111111111111111,0.9789991063449508,2256.0,2207.0,49.0
"(1, 0)",0.04934182968070418,0.4656991405486079,0.9698364008179959,0.5169831712212444,0.06349206349206349,0.06931745489655262,0.0392156862745098,0.994750656167979,0.16666666666666666,0.9747942386831275,1956.0,1905.0,51.0
"(1, 1)",0.04350618489512857,0.518062408881911,0.9770992366412213,0.5111794886172479,0.0425531914893617,0.04271033026632869,0.02702702702702703,0.9953319502074689,0.1,0.9815856777493606,1965.0,1928.0,37.0
"(2, 0)",0.08173586907295427,0.5373074113710102,0.9673635900050994,0.5150758463707554,0.0588235294117647,0.09552587399720312,0.03225806451612903,0.9978936282253817,0.3333333333333333,0.969309462915601,1961.0,1899.0,62.0
"(2, 1)",0.05323032528157937,0.67623896269191,0.985204081632653,0.5371688807572985,0.12121212121212123,0.14256871870755664,0.07692307692307693,0.9974146845915202,0.2857142857142857,0.9877112135176651,1960.0,1934.0,26.0
mean,0.06749021517390089,0.5580056816644295,0.9745922921930087,0.526574710966357,0.09096373302377075,0.10626347403988667,0.05740755157941387,0.9957418703533003,0.2418951418951419,0.9786405786471691,1960.5,1916.5,44.0
std,0.03262436815779665,0.07807839222157552,0.005802607211701732,0.017993547901995262,0.05463891475110795,0.06505314031443786,0.03548435868808799,0.0017248620116841645,0.1280619857566171,0.005680195717616679,170.62702990245518,168.15543404838274,11.51810169544733
