,PRC-AUC,AUROC,Accuracy,Balanced Accuracy,F1-Score,MCC,Sensitivity,Specificity,Precision,Negative Predictive Value,Test Cases,Negative Test Cases,Positive Test Cases
"(0, 0)",0.17082528655055917,0.7709575172674803,0.975975975975976,0.49969249692496925,0.0,-0.0037966046201924186,0.0,0.9993849938499385,0.0,0.9765625,1665.0,1626.0,39.0
"(0, 1)",0.09776291726165709,0.661175480613632,0.9778368794326241,0.5097509778718918,0.03846153846153846,0.078007462307861,0.02040816326530612,0.9990937924784775,0.3333333333333333,0.9786950732356857,2256.0,2207.0,49.0
"(1, 0)",0.1132346746434614,0.7554732129072101,0.9734151329243353,0.49973753280839894,0.0,-0.003700532452412642,0.0,0.9994750656167979,0.0,0.9739130434782609,1956.0,1905.0,51.0
"(1, 1)",0.05371619705892576,0.6656526858809017,0.9806615776081425,0.49974066390041494,0.0,-0.0031259109767342577,0.0,0.9994813278008299,0.0,0.9811608961303462,1965.0,1928.0,37.0
"(2, 0)",0.07934162278892294,0.7185063445956277,0.96838347781744,0.5,0.0,0.0,0.0,1.0,,0.96838347781744,1961.0,1899.0,62.0
"(2, 1)",0.04309669124063538,0.6248309601463686,0.986734693877551,0.5,0.0,0.0,0.0,1.0,,0.986734693877551,1960.0,1934.0,26.0
mean,0.09299623159069363,0.6994327002352034,0.9771679562726782,0.5014869452509458,0.006410256410256409,0.011230735709753614,0.003401360544217687,0.9995725299576739,0.08333333333333333,0.9775749474232139,1960.5,1916.5,44.0
std,0.04224731006609578,0.05289969481396218,0.005727810496052677,0.003697887567306285,0.01433376908653711,0.029906150690469,0.007605673392856425,0.00032854166935611124,0.14433756729740646,0.005729054152219618,170.62702990245518,168.15543404838274,11.51810169544733
