,MAE,MedAE,RMSE,MaxAE,MSE,PearsonCorr,R2Coeff,Test Cases
"(0, 0)",0.43145663913610777,0.31738764872895375,0.5799363287809588,2.1882258788100266,0.33632614543993633,0.8315851763115943,0.6909843830141769,962.0
"(0, 1)",0.4311054529367367,0.2760151690330087,0.6396539032351809,3.9356201014705787,0.4091571159240021,0.7917782593747248,0.6256167012037039,962.0
"(1, 0)",0.423672770982683,0.29344191026750077,0.6085326072692119,3.014321156500163,0.37031193410986485,0.8077733197935414,0.6524114479769492,962.0
"(1, 1)",0.436137262438047,0.2915074228365062,0.6312319628128811,4.03768570372532,0.39845379087660243,0.8024707422553637,0.6424000824837957,962.0
"(2, 0)",0.43209396843808284,0.28696640357102765,0.6110742847142007,2.3506305585720018,0.3734117814389719,0.8114238561218755,0.6544473210160575,962.0
"(2, 1)",0.43193067271198365,0.28753846571166386,0.6178644401255543,4.04770924649255,0.38175646637166466,0.8088499453405309,0.6531524488225549,962.0
mean,0.4310661277739402,0.29214283669144353,0.6147155878229978,3.26236544092844,0.3782362056935071,0.8089802165329384,0.653168730752873,962.0
std,0.0037044133903023258,0.012566418435674619,0.01899873103481374,0.7871595033657446,0.02316523248080058,0.011949265924467456,0.019609989839935834,0.0
