,MAE,MedAE,RMSE,MaxAE,MSE,PearsonCorr,R2Coeff,Test Cases
"(0, 0)",0.41040284278730804,0.23330116874190138,0.6325848333849016,3.015763322935898,0.40016357142860365,0.8121864059191104,0.632330716487981,962.0
"(0, 1)",0.4562926132198147,0.28933296267641606,0.7081337858066906,4.444140206111676,0.5014534586009161,0.7607067260206848,0.5411645240487682,962.0
"(1, 0)",0.43589352139453286,0.24705690896193488,0.6759058565428815,3.3230267988571707,0.4568487269089663,0.7730335204689185,0.5711847962405929,962.0
"(1, 1)",0.45069419078456996,0.2546161916191594,0.7096256488236616,4.521653185619122,0.5035685614684027,0.7602598531087126,0.548062836474249,962.0
"(2, 0)",0.41893421155597743,0.24094728408367105,0.6455421165117451,3.0712001422064734,0.4167246241904635,0.7984113744353332,0.6143659160065205,962.0
"(2, 1)",0.4332434822284393,0.25983238454523944,0.6848845215631273,4.506585727466351,0.4690668078767537,0.7755151382623484,0.5738260174163511,962.0
mean,0.43424347699510707,0.25418115010472037,0.6761127937721678,3.813728230532782,0.45797095841235097,0.7800188363691847,0.5801558011124104,962.0
std,0.016141367539171846,0.01793339195621735,0.029024963564919168,0.6840458516311185,0.03902392552999176,0.019172423545847972,0.03307410092475486,0.0
