,MAE,MedAE,RMSE,MaxAE,MSE,PearsonCorr,R2Coeff,Test Cases
"(0, 0)",0.44679633037696836,0.36010229938187865,0.5906387044399525,2.3640074365721997,0.34885407918250555,0.8255488425713803,0.6794737489837669,962.0
"(0, 1)",0.4555984288447041,0.31108086240662075,0.645952488547331,3.716036442197315,0.4172546174604898,0.7874444579065698,0.6182073974930936,962.0
"(1, 0)",0.4518330185809369,0.3338573969161292,0.6153915767235771,2.9526245401353073,0.37870679270233026,0.8043743037151374,0.6445317215252285,962.0
"(1, 1)",0.4527577614439714,0.32215979702712744,0.6264941806049477,3.332287845529759,0.3924949583318648,0.805038670012467,0.647747949853317,962.0
"(2, 0)",0.458370794446494,0.3542758290449439,0.6170727528930249,2.3667217986410947,0.3807787823629761,0.8098557687313119,0.6476299493317556,962.0
"(2, 1)",0.44973537111474515,0.32123051868779995,0.6221449283938643,3.7252986112796487,0.38706431192620655,0.8054138303903892,0.6483299680139951,962.0
mean,0.45251528413463665,0.3337844505774166,0.619615771933783,3.0761627790592208,0.38419225699439546,0.8062793122212092,0.6476534558668595,962.0
std,0.00375835541000099,0.017891887222261676,0.016387561298065133,0.5660019311113507,0.020251881259297572,0.011141326128699919,0.017747364984943264,0.0
