,MAE,MedAE,RMSE,MaxAE,MSE,PearsonCorr,R2Coeff,Test Cases
"(0, 0)",0.45272430840728695,0.3008507990251894,0.661800749498495,3.0886163226855183,0.43798023203676967,0.7872861194720204,0.5975848637833394,962.0
"(0, 1)",0.4896791436423369,0.29455699251767953,0.7372054364358028,3.1610820518860403,0.5434718555105026,0.7450121391154528,0.5027172248746656,962.0
"(1, 0)",0.47577672756175093,0.3001916925271543,0.7045664466909696,3.266279362333733,0.49641387780273893,0.7539901565338244,0.5340474743155053,962.0
"(1, 1)",0.4750097539795774,0.2971068530990325,0.707889660599994,3.1147861444946283,0.5011077715843748,0.7631522240806042,0.5502713190629505,962.0
"(2, 0)",0.4958253263746626,0.30782433875540444,0.7310477321908604,2.8950459388409353,0.5344307867414,0.7447655831497728,0.5054414475667294,962.0
"(2, 1)",0.4530604594616247,0.29181162578240116,0.6751102921464205,3.2471548544296804,0.4557739065620252,0.7786158915533833,0.5859033773963345,962.0
mean,0.47367928657120656,0.2987237169511436,0.7029367195937569,3.128827445778423,0.49486307170630184,0.7621370189841764,0.5459942844999207,962.0
std,0.01641573964589872,0.00511946600749492,0.02725875919900992,0.12274815013277172,0.03815197568646663,0.016157871142468094,0.03636110407653346,0.0
