,MAE,MedAE,RMSE,MaxAE,MSE,PearsonCorr,R2Coeff,Test Cases
"(0, 0)",0.44148186599971784,0.2729240175724023,0.663389707807627,2.8808302088840794,0.4400859044250887,0.7887399073167142,0.5956501772861142,962.0
"(0, 1)",0.4502648745489591,0.25088440010629137,0.7147261117739637,3.3019598825109076,0.5108334148515286,0.7505646214523432,0.5325817600517673,962.0
"(1, 0)",0.4471814770254126,0.26026470556813724,0.6823248835710515,3.1674978958496633,0.465567246740249,0.7627859118561864,0.5630012693142349,962.0
"(1, 1)",0.4500103833508894,0.27077361285326407,0.685248838972596,3.1948634350296015,0.46956597131329086,0.772670489636193,0.5785791063986852,962.0
"(2, 0)",0.4487401648879296,0.27604657636424723,0.6885683410108424,3.291940106145642,0.4741263602424237,0.7695176979007631,0.5612467466148987,962.0
"(2, 1)",0.4484860905092615,0.28494124680850774,0.6792135153253263,3.2297921406158987,0.46133099940058725,0.7696646161020096,0.5808544411961434,962.0
mean,0.4476941427203616,0.26930575987880834,0.6855785664102344,3.177813944839299,0.47025164949552806,0.7689905407107016,0.5686522501436405,962.0
std,0.0029594533458362723,0.011001822564375768,0.015286555348269391,0.14126521910665074,0.02111025430249462,0.011418725100370139,0.019850186119601255,0.0
