,MAE,MedAE,RMSE,MaxAE,MSE,PearsonCorr,R2Coeff,Test Cases
"(0, 0)",0.4642956520567892,0.34929701381555467,0.6163380926735078,2.387794388490808,0.37987264448041747,0.807399017360429,0.650973969161383,962.0
"(0, 1)",0.4569237969348817,0.31135294231022115,0.6637637844063518,3.622768014520446,0.44058236148944174,0.7739963829915781,0.596862252992034,962.0
"(1, 0)",0.4715787790224912,0.34110004975239583,0.6631910863702164,3.091001647704686,0.4398224170409078,0.7675729124304975,0.5871663238345117,962.0
"(1, 1)",0.4574872294350825,0.3201040035795356,0.6507911797622964,3.35597091847826,0.42352915965640153,0.7884440293907026,0.619895716826696,962.0
"(2, 0)",0.45254699914873664,0.3276779262888684,0.6299099816019179,2.587720396856224,0.3967865849217286,0.7981371879252772,0.6328164395985952,962.0
"(2, 1)",0.4661146965113199,0.3329338255399259,0.6596106660621001,4.263037183231913,0.4350862307828873,0.7779142981868674,0.604699312280542,962.0
mean,0.4614911921848835,0.3304109602144169,0.647267465146065,3.2180487582137225,0.41927989972863067,0.7855773047142254,0.6154023357822936,962.0
std,0.006427708271944881,0.012610943535773493,0.018020218978087362,0.6294969071943908,0.023103272434609662,0.013899361363927476,0.021772859017805776,0.0
