,MAE,MedAE,RMSE,MaxAE,MSE,PearsonCorr,R2Coeff,Test Cases
"(0, 0)",0.38172366009010966,0.23104193885294594,0.588034149380754,3.1154777213199925,0.345784160837947,0.8308194635332604,0.6822943822416987,962.0
"(0, 1)",0.441651730098153,0.2582460111597697,0.6904176044482417,4.42393113209129,0.47667646853204876,0.7681041451169794,0.5638357447491034,962.0
"(1, 0)",0.4168871873912657,0.2554670925837657,0.6420448671216611,3.302926205290276,0.4122216113972714,0.7893125988329354,0.6130734663936682,962.0
"(1, 1)",0.4165447270583872,0.23245324214150087,0.654416902814876,3.5449333889615606,0.42826148268981484,0.7954870768947598,0.6156486036980052,962.0
"(2, 0)",0.4167106013250325,0.24905744568134414,0.6376790480858703,3.053271065058036,0.4066345683677016,0.8032420392381276,0.6237031838538736,962.0
"(2, 1)",0.4183136246686259,0.2679192368608485,0.643392446001186,3.8514663083684515,0.4139538395713889,0.7952876161609896,0.6238992965320098,962.0
mean,0.41530525510526234,0.24903082788002914,0.6426641696420982,3.548667636848268,0.41392202189936217,0.7970421566295087,0.6204091129113932,962.0
std,0.017497258614899355,0.013425934392664507,0.03007967681998201,0.4745607238327145,0.038389469487470004,0.018627919302746574,0.03447182179740896,0.0
