,MAE,MedAE,RMSE,MaxAE,MSE,PearsonCorr,R2Coeff,Test Cases
"(0, 0)",0.5053203451024966,0.41041026886345155,0.6482742819154717,2.5888565856109085,0.42025954459302045,0.786599032262843,0.6138665868610389,962.0
"(0, 1)",0.5160697658535461,0.38689208104380335,0.6939425810555767,2.964195086102178,0.4815563058020757,0.7507669758250549,0.559370639527565,962.0
"(1, 0)",0.516166932585115,0.40087264072834317,0.6759587257249582,2.84881826898141,0.45692019888370927,0.7580830440456706,0.5711177099872946,962.0
"(1, 1)",0.511741235076362,0.4130532343211114,0.6693078596928755,2.9999510167030663,0.44797301104665793,0.7740452752370102,0.5979581184374236,962.0
"(2, 0)",0.5191562606042259,0.42729126448197374,0.6655999016983173,2.392027123962333,0.4430232291408096,0.7749650837566444,0.5900293689401348,962.0
"(2, 1)",0.4929973432026148,0.37287006978447185,0.6503997615726756,3.281289932022887,0.4230198498537933,0.7866228001284199,0.6156623084456309,962.0
mean,0.5102419804040601,0.40189825987052585,0.6672471852766458,2.845856335563797,0.4454586898866777,0.7718470352092739,0.5913341220331813,962.0
std,0.00887299558495311,0.017844539559588663,0.015488177009292328,0.2884932828183699,0.02075715061031998,0.013443185934217295,0.020718429252844246,0.0
