,MAE,MedAE,RMSE,MaxAE,MSE,PearsonCorr,R2Coeff,Test Cases
"(0, 0)",0.46392098645073804,0.3294058557367734,0.6213954743246043,2.2288242296827807,0.38613233551109993,0.8039099052089093,0.6452225807777747,962.0
"(0, 1)",0.4522182088398021,0.2993829782525127,0.6571500644724007,4.160856417303535,0.43184620723608036,0.7785390953267873,0.6048559310215131,962.0
"(1, 0)",0.4602654328374862,0.3178856062928799,0.6471944462262534,2.897162524351394,0.41886065122610683,0.7792658354248555,0.606841816726543,962.0
"(1, 1)",0.472108733954865,0.3323554481489468,0.6599031690694326,3.75045127723804,0.43547219254788005,0.7807664416081075,0.6091772152722493,962.0
"(2, 0)",0.4445336089812978,0.30339762359958555,0.6171941258406939,2.5931480821068655,0.3809285889722583,0.8072336109553584,0.6474913193320071,962.0
"(2, 1)",0.4653505148486909,0.3375818052031397,0.6537712953645245,4.35556543334058,0.42741690664260834,0.7822101003598799,0.6116673312443701,962.0
mean,0.45973291431881336,0.3200015528723063,0.6427680958829849,3.3310013273371992,0.41344281368933905,0.788654164813983,0.620876032395743,962.0
std,0.009037252096292015,0.014465005066602943,0.01708767404595839,0.8022642136678299,0.021800778623892063,0.012056332619750417,0.018149349268833978,0.0
