,MAE,MedAE,RMSE,MaxAE,MSE,PearsonCorr,R2Coeff,Test Cases
"(0, 0)",0.4448724852558115,0.32197688852948014,0.6022169242387729,2.068389244182998,0.362665223839608,0.8171134895461272,0.6667841039907726,962.0
"(0, 1)",0.44465682315637406,0.30012594020235706,0.6515442807438641,4.176321682871307,0.4245099497700392,0.7827787890722391,0.6115686879651455,962.0
"(1, 0)",0.4442863377361054,0.30250207767916115,0.6343277282483604,2.969818307302318,0.40237166682472575,0.7888760900530836,0.6223189906560938,962.0
"(1, 1)",0.46366147517904055,0.3178923887086691,0.6534547259775114,3.798650181586746,0.42700307890234457,0.7856626930627254,0.6167779820623356,962.0
"(2, 0)",0.4395738578351659,0.30502645947330065,0.6102032244052016,2.4724869432881813,0.3723479750745048,0.8107169060346249,0.655431760065477,962.0
"(2, 1)",0.4585442485935624,0.31832869773639894,0.6457038699777521,4.3347031266541105,0.4169334877042458,0.7889682844777499,0.6211921160405451,962.0
mean,0.44926587129267664,0.3109754087215612,0.6329084589319104,3.3033949143142767,0.4009718970192446,0.7956860420410917,0.6323456067967282,962.0
std,0.008685214845586266,0.008639505509610243,0.01996946748611328,0.8561343319616816,0.02508360755494886,0.013188573309725518,0.020888374936861027,0.0
