,MAE,MedAE,RMSE,MaxAE,MSE,PearsonCorr,R2Coeff,Test Cases
"(0, 0)",0.4922664352835041,0.386351033163576,0.6411830888619017,2.6142253140927463,0.4111157534424893,0.7904924770710584,0.6222678791848184,962.0
"(0, 1)",0.5094660528337839,0.3661675742200825,0.6971751106897304,3.062029046093866,0.4860531349652378,0.7484332921566618,0.5552559909715303,962.0
"(1, 0)",0.5007409613319883,0.37429264780473315,0.6674781064864891,2.9942720379310166,0.4455270226387888,0.7641027942236331,0.5818117688850573,962.0
"(1, 1)",0.5008845721824652,0.3794629648862893,0.6677761616601386,3.3740698768533575,0.44592500208154756,0.7747866242785182,0.599796142955611,962.0
"(2, 0)",0.5137660160992866,0.42260783989433515,0.6655453316134063,2.4896068240445928,0.44295058843239904,0.7731979967855197,0.5900965901491118,962.0
"(2, 1)",0.48140456087237304,0.35529781679888495,0.6464534934854278,3.438225401655542,0.4179021192395141,0.7882600526854623,0.620312058973813,962.0
mean,0.49975476643390015,0.3806966461279835,0.6642685487995156,2.9954047501118537,0.4415789367999961,0.7732122062001423,0.594923405186657,962.0
std,0.010690169859121018,0.02116304909267127,0.01806189014974894,0.3523839742746318,0.02416232820573268,0.014285776184390161,0.023038968702149415,0.0
