,MAE,MedAE,RMSE,MaxAE,MSE,PearsonCorr,R2Coeff,Test Cases
"(0, 0)",0.4448302639025939,0.34173645910341877,0.5987488334390643,2.230697420974776,0.3585001655446403,0.8192999160632355,0.6706109490822173,962.0
"(0, 1)",0.4491205132828276,0.2919694934791244,0.650653175082813,3.5080725117040648,0.4233495542453457,0.7836831117104806,0.6126304627395183,962.0
"(1, 0)",0.44694786438052786,0.3196694080703014,0.6232787543139486,2.9927554570465866,0.38847640557914753,0.7973056604313158,0.635361599579682,962.0
"(1, 1)",0.4513129499911218,0.3111404411669624,0.6385121453935771,3.718167284015804,0.40769775981510864,0.7968044144039889,0.6341039071038106,962.0
"(2, 0)",0.4461626079337586,0.31929536409243897,0.6150155433966337,2.4510885478595537,0.37824411861945656,0.8087758670218276,0.649975509623189,962.0
"(2, 1)",0.4474354865208171,0.31007224225183017,0.6303559606979505,3.889388256236273,0.3973486371874361,0.7995758477192413,0.6389860711934052,962.0
mean,0.44763494766860784,0.3156472346940127,0.6260940687206645,3.131694912972843,0.3922694401651891,0.8009074695583482,0.6402780832203038,962.0
std,0.002092865252668582,0.014844536114487904,0.016602929801482032,0.6263698080316668,0.020741526161610284,0.011018572031344053,0.017523675916073234,0.0
