,MAE,MedAE,RMSE,MaxAE,MSE,PearsonCorr,R2Coeff,Test Cases
"(0, 0)",0.4362863317294769,0.2518653043978051,0.6814522611127268,3.199431011149886,0.46437718417564805,0.7752966112021077,0.573331410513833,962.0
"(0, 1)",0.43709758007954996,0.23705847479675501,0.7191486701807276,4.4257401330602235,0.5171748098227089,0.7542604738154696,0.5267793133243793,962.0
"(1, 0)",0.4127596902455482,0.2343371226671811,0.6520368385041909,3.2281779276260916,0.4251520387665403,0.7869313898363761,0.6009364864253425,962.0
"(1, 1)",0.4484096185163284,0.2564062108369186,0.7102153027987975,4.372272740138776,0.5044057763295877,0.7579702721288512,0.5473114621062338,962.0
"(2, 0)",0.4125329009488287,0.23827621360273887,0.6453641553879763,2.8177726983050153,0.416494893059636,0.7938626214308108,0.6145785076055257,962.0
"(2, 1)",0.43040688045397696,0.2405264668441892,0.6818917321186925,4.547686348689801,0.46497633433183067,0.7735122153674407,0.5775424462320753,962.0
mean,0.4295821669956182,0.243078298857598,0.6816848266838519,3.7651801431616323,0.46543017274765863,0.773638930630176,0.573413271034565,962.0
std,0.013103775145575362,0.008134935119871954,0.02712876364055955,0.6980020546389578,0.03700204852435141,0.014197902138080852,0.029791473381359113,0.0
