,MAE,MedAE,RMSE,MaxAE,MSE,PearsonCorr,R2Coeff,Test Cases
"(0, 0)",0.4737098526015224,0.3427834874303157,0.6406539803017117,2.316406005511064,0.41043752247642606,0.7893408205070969,0.622891036091525,962.0
"(0, 1)",0.45714125196302224,0.29360495540117865,0.6675002937762619,4.21021128506611,0.4455566421913959,0.7710536420853711,0.5923107309828646,962.0
"(1, 0)",0.47307482679220686,0.321137008475638,0.6741089678317348,3.1410967316021305,0.4544229005111669,0.7580634849758854,0.5734617671059723,962.0
"(1, 1)",0.4850477251561145,0.32703229861803984,0.6815572202131132,3.7456892475220114,0.4645202444246261,0.7651378764096409,0.5831074897658661,962.0
"(2, 0)",0.45348648418181553,0.31168006059284203,0.6337522075007359,2.5670849448347886,0.4016418605120558,0.7936446993446375,0.6283234011599644,962.0
"(2, 1)",0.4726752746384559,0.33286712065019486,0.6712593944757231,4.436539639753802,0.45058917467191445,0.7693109809334472,0.5906140024099413,962.0
mean,0.46918923588885625,0.3215174885280348,0.6614720106832135,3.4028379757149843,0.4378613907979309,0.7744252507093465,0.5984514045860223,962.0
std,0.010730861009137907,0.015745365709509723,0.017781166458858345,0.7942778500882899,0.02334564336540221,0.012802002627125638,0.02020182424106403,0.0
