,MAE,MedAE,RMSE,MaxAE,MSE,PearsonCorr,R2Coeff,Test Cases
"(0, 0)",0.43431929502613137,0.3026427077404428,0.599404316907664,2.0561249408825377,0.3592855351275434,0.8188199144219296,0.6698893534836794,962.0
"(0, 1)",0.4344251790240916,0.27996901860660367,0.6495186940122105,4.1565065022653584,0.4218745338713276,0.784809854062985,0.6139801227403459,962.0
"(1, 0)",0.4290732392050293,0.28578156109998265,0.62754749017695,3.0915067741052553,0.39381585242738915,0.7940420530519111,0.6303497962116767,962.0
"(1, 1)",0.4522444223204711,0.2977548365021848,0.652926511210284,3.9351915122777315,0.4263130290412331,0.7872506571784686,0.6173972804077539,962.0
"(2, 0)",0.4299534261839388,0.2807669690929059,0.6123792750755337,2.484978324032267,0.37500837654203617,0.8090714096048536,0.6529698429541966,962.0
"(2, 1)",0.43267968188198525,0.2894991179161883,0.6265322165670498,4.245785440732007,0.3925426183964207,0.8034917935007153,0.6433526137288068,962.0
mean,0.435449207273608,0.2894023684930514,0.6280514173249486,3.3283489157158592,0.39480665756765837,0.7995809469701438,0.6379898349210765,962.0
std,0.007777439954821519,0.008383993924321561,0.01892286351960189,0.8447597981769016,0.023752722686714096,0.012085818466791423,0.019704606456383264,0.0
