,MAE,MedAE,RMSE,MaxAE,MSE,PearsonCorr,R2Coeff,Test Cases
"(0, 0)",0.4498372650281993,0.3571078088572325,0.589149711179421,2.199912504764522,0.34709738218279523,0.8270218905114316,0.68108779777118,962.0
"(0, 1)",0.4541668738441448,0.3182006636241204,0.6378320228820565,3.6017805163012255,0.4068296894138163,0.7933728449615083,0.6277463222726705,962.0
"(1, 0)",0.4470277437741027,0.3233174698948186,0.6156283851053729,3.0886733585255675,0.3789983085474493,0.8039222531155483,0.6442580939124964,962.0
"(1, 1)",0.4505355677183969,0.32400576269031955,0.6254392944130592,3.5213322892434573,0.39117431099590544,0.8056285210967603,0.648933189871659,962.0
"(2, 0)",0.45643884607582064,0.34380370792668147,0.6130306702141609,2.483320731541624,0.3758066026232233,0.8124809659325463,0.6522311700614289,962.0
"(2, 1)",0.44765054181896474,0.32354629939056956,0.6173211944635784,3.6091909771162243,0.3810854571339391,0.8089900056791961,0.6537620990352535,962.0
mean,0.45094280637660483,0.33166361873062367,0.6164002130429416,3.0840350629154365,0.38016529181618813,0.8085694135494985,0.6513364454874481,962.0
std,0.003370357288364314,0.013965621897352249,0.014699291710978715,0.5594088952354488,0.01801333753874426,0.010141923643820383,0.015833508253962642,0.0
