,MAE,MedAE,RMSE,MaxAE,MSE,PearsonCorr,R2Coeff,Test Cases
"(0, 0)",0.3979923224880324,0.22036188194766726,0.6260553360643578,2.8592738314731907,0.39194528381465604,0.8099495195254622,0.6398816584888446,962.0
"(0, 1)",0.42471718700722305,0.220733360401972,0.699376773067464,4.426316033138043,0.48912787070625907,0.7643420714344314,0.5524425736683733,962.0
"(1, 0)",0.4097949590989089,0.23555016586432115,0.6411751312624245,3.0814385639557424,0.4111055489493874,0.791238931597415,0.6141210441098977,962.0
"(1, 1)",0.420844671569744,0.23057826491930933,0.669583078144024,4.376243601573712,0.4483414985368261,0.7834965333941379,0.5976274123452567,962.0
"(2, 0)",0.3830734664400471,0.21030294865237964,0.6136154659682422,2.9805114387491987,0.376523940075423,0.8157526937978015,0.6515673509462743,962.0
"(2, 1)",0.4099526225851452,0.2373785462031438,0.6560147648121224,4.5113912923467225,0.4303553716515043,0.7901685340487196,0.6089975679729239,962.0
mean,0.40772920486485015,0.22581752799813218,0.6509700915531058,3.705862460206102,0.4245665856223427,0.7924913806329945,0.6107729345885952,962.0
std,0.013979331450177362,0.0095512739469062,0.028364159174628322,0.7359905499504841,0.03723878061590095,0.016961379826866435,0.031888084862491485,0.0
