,MAE,MedAE,RMSE,MaxAE,MSE,PearsonCorr,R2Coeff,Test Cases
"(0, 0)",0.4447549076867245,0.3420479362818029,0.5905143077425749,2.3194670984829706,0.34870714764869243,0.8256702297632806,0.6796087493076832,962.0
"(0, 1)",0.454713873142636,0.3075683634037414,0.6460286202065014,3.54055110753972,0.4173529781259161,0.7872797342834443,0.618117396393367,962.0
"(1, 0)",0.4473293776558532,0.32709487190121356,0.6172436774066866,3.0531910576884185,0.3809897572985298,0.8023052211614415,0.6423888460593855,962.0
"(1, 1)",0.4484295644222126,0.3097820007792129,0.6256398773053153,3.7686593817309655,0.39142525607461,0.8054881995314832,0.6487079744476862,962.0
"(2, 0)",0.4449658268286244,0.3360858709912755,0.6084267196205562,2.3928491601397885,0.3701830731482309,0.8141416619509394,0.6574351453295375,962.0
"(2, 1)",0.44704655265585314,0.3214450351136495,0.6218948932443338,3.9077704393607293,0.38675325824338125,0.8056362867892828,0.6486125780486018,962.0
mean,0.44787335039865067,0.32400401307848264,0.618291349254328,3.1637480408237657,0.38256857842322667,0.8067535555799786,0.6491451149310435,962.0
std,0.003323151229410953,0.012649456152671755,0.016863743964176645,0.6299187581650311,0.020850246433609578,0.01164968875388564,0.018282955621262375,0.0
