,MAE,MedAE,RMSE,MaxAE,MSE,PearsonCorr,R2Coeff,Test Cases
"(0, 0)",0.3941722799120038,0.21828256921588052,0.6154848918863142,2.7633429281008626,0.3788216521403079,0.8168271604637423,0.6519396182815294,962.0
"(0, 1)",0.424553813183716,0.2200558871383782,0.7060056057269395,4.510706315768964,0.4984439153178627,0.7626611217861095,0.5439182895298726,962.0
"(1, 0)",0.4039974703958594,0.22855196144290435,0.6313468764993522,3.142395280493218,0.3985988784654882,0.7974609362075397,0.6258602701075082,962.0
"(1, 1)",0.4104519438189735,0.21797256333241788,0.6675175824617557,4.266544829143292,0.44557972289558695,0.7868450318110461,0.6001060203146592,962.0
"(2, 0)",0.38637027078363134,0.21538446145914455,0.6168472956781426,2.9527113555887983,0.3805005861854378,0.8137050223245229,0.6478873901496671,962.0
"(2, 1)",0.4102578398249356,0.2363747776344315,0.6460296260206481,4.422416458858258,0.41735427769637845,0.795461755388341,0.6208098043020738,962.0
mean,0.4049672696531866,0.2227703700371928,0.6472053130455254,3.676352861325565,0.4198831721168436,0.7954935046635502,0.6150868987808851,962.0
std,0.01228159294762129,0.007343773707182174,0.03175617865057394,0.7352366968650188,0.04188984772566418,0.017997302984545185,0.036222023706385206,0.0
