,MAE,MedAE,RMSE,MaxAE,MSE,PearsonCorr,R2Coeff,Test Cases
"(0, 0)",0.41103680358035993,0.23062113035239185,0.6370484490320616,2.920402239967623,0.4058307264141552,0.8086972636039396,0.6271237487331437,962.0
"(0, 1)",0.45612631109707286,0.25822180115559457,0.7309517823552807,4.545605192912824,0.5342905081283617,0.7483849237760084,0.5111182595543586,962.0
"(1, 0)",0.4282099085613028,0.246484687214577,0.6676206801187353,2.911264949212557,0.4457173725222027,0.7800459263347493,0.5816330994060067,962.0
"(1, 1)",0.44266973811891625,0.2472883595589287,0.7064083560052978,4.428817520869977,0.49901276543410766,0.7621357764315067,0.5521515220969917,962.0
"(2, 0)",0.40844834066419095,0.22924578590907785,0.6343723514149743,3.139786612890129,0.4024282802397636,0.808155019095241,0.6275956537850207,962.0
"(2, 1)",0.432000646871635,0.24836124352973607,0.6853597658436598,4.569422255290753,0.46971800863727614,0.7774327639984271,0.5732343643364208,962.0
mean,0.42974862481557957,0.24337050128671767,0.6769602307950016,3.7525497951906437,0.4594996102293112,0.7808086122066453,0.578809441318657,962.0
std,0.016703348528979613,0.01026783348688456,0.03499222987020607,0.766948931376884,0.04758644656791156,0.022126723114343258,0.040918948548691825,0.0
