,MAE,MedAE,RMSE,MaxAE,MSE,PearsonCorr,R2Coeff,Test Cases
"(0, 0)",0.4740411907102363,0.3671368511148039,0.6188368601811827,2.1913407663989197,0.3829590595189047,0.8074077893622079,0.6481381787825382,962.0
"(0, 1)",0.48727299716772865,0.3586950612462953,0.6762432065480771,3.81513826857599,0.4573048744024253,0.7647937962228142,0.5815609682168982,962.0
"(1, 0)",0.4835914903474762,0.36290604707962676,0.6557935433424511,2.8820210703748197,0.4300651714896473,0.7735210820242667,0.5963248373483911,962.0
"(1, 1)",0.49704627837652565,0.3707969837926103,0.671601559067698,3.6372876070097915,0.4510486541421627,0.7720178422866675,0.5951978241637963,962.0
"(2, 0)",0.48041153839376555,0.3519107689901466,0.6455577103441145,2.691474091853296,0.41674475738473554,0.7882289094679115,0.6143472848878386,962.0
"(2, 1)",0.47537143302747903,0.33461341795496796,0.6462103127621461,3.862888386564866,0.41758776832015077,0.7889186186065167,0.6205976647361143,962.0
mean,0.482955821337202,0.35767652169640846,0.6523738653742782,3.1800250317962804,0.4259517142096711,0.7824813396617306,0.6093611263559294,962.0
std,0.0077572549135577025,0.011938595501768253,0.01897508857144308,0.6303101361097138,0.024606535652885387,0.014132829397727191,0.02159542435794968,0.0
