,MAE,MedAE,RMSE,MaxAE,MSE,PearsonCorr,R2Coeff,Test Cases
"(0, 0)",0.45897057350339415,0.35165082677238835,0.613319135309784,2.1840006077754426,0.37616036173714107,0.8097240657570791,0.6543848052141044,962.0
"(0, 1)",0.46236201719421516,0.31085198140401304,0.6586449879527347,3.742413522057484,0.4338132201552581,0.7780534520939806,0.6030560923854585,962.0
"(1, 0)",0.4613310219856825,0.32552157020255346,0.6438802242172647,2.8459462568816134,0.414581743138075,0.7822297535420416,0.6108581589763108,962.0
"(1, 1)",0.47526427041285396,0.3460315897842864,0.6597503427139507,3.9768750551748404,0.4352705147111754,0.7810449301455458,0.6093582148747673,962.0
"(2, 0)",0.4529268338655882,0.330618600021474,0.6294557790191623,2.6102696846417444,0.39621457774062047,0.7985575627770859,0.6333457710863921,962.0
"(2, 1)",0.45716452384244755,0.32512546889113947,0.6341900502222273,4.08389180958091,0.40219701980087114,0.7971275868364676,0.6345810387060078,962.0
mean,0.4613365401340303,0.33163333951264246,0.6398734199058539,3.2405661560186725,0.4097062395471902,0.7911228918587,0.6242640135405068,962.0
std,0.006937338369607591,0.013666321452625705,0.016378218620378956,0.7273844691876623,0.020905296185060172,0.011465875755280026,0.018017848140158,0.0
