,MAE,MedAE,RMSE,MaxAE,MSE,PearsonCorr,R2Coeff,Test Cases
"(0, 0)",0.43568254346561264,0.323858569327501,0.582877682761548,2.3335097454711686,0.33974639306147186,0.8302057957546445,0.6878418680972036,962.0
"(0, 1)",0.4405652572136674,0.29512514147790975,0.6369709355425733,3.6417825906632793,0.4057319727259811,0.7939853041036145,0.6287507452161829,962.0
"(1, 0)",0.43774885838620436,0.30997495807091446,0.6104133865267696,3.0076627097965245,0.37260450245107946,0.8066314496550389,0.6502595580789037,962.0
"(1, 1)",0.4441374045210319,0.3026567719198453,0.6265144953449017,3.579308046177962,0.3925204128772768,0.8050908813715705,0.6477251051883943,962.0
"(2, 0)",0.4475789772295754,0.3264404168738887,0.6120388702307753,2.4130904160874302,0.37459157867336385,0.8114653422474633,0.6533555448181269,962.0
"(2, 1)",0.44467257813642774,0.3078539835237539,0.624208171564906,3.7855070861280296,0.3896358414484032,0.8037979919301013,0.6459935865872923,962.0
mean,0.44173093649208656,0.3109849735323022,0.6155039236619124,3.1268100990540653,0.3791384502062627,0.8085294608437388,0.652321067997684,962.0
std,0.004132044224302864,0.011077880679837383,0.01712805193399103,0.5854841468479302,0.02086299861768185,0.01101384328475876,0.01771895038423867,0.0
