,MAE,MedAE,RMSE,MaxAE,MSE,PearsonCorr,R2Coeff,Test Cases
"(0, 0)",0.43245032112746296,0.3270141989474594,0.5816575527650824,2.229613627869342,0.3383255086886646,0.830605731619379,0.6891473730871717,962.0
"(0, 1)",0.43581784019575787,0.2822819309399984,0.6395134603841781,3.3288704792876525,0.40897746601254575,0.7916932794278935,0.6257810828650803,962.0
"(1, 0)",0.42468466250429965,0.29099311850628473,0.6062679501950801,2.967373595225384,0.3675608274337441,0.8093336335176725,0.654993739007651,962.0
"(1, 1)",0.4413533498819242,0.2986570737551357,0.6302775027391458,3.501326298724573,0.39724973045909395,0.8027584112509113,0.6434806893592837,962.0
"(2, 0)",0.43772076685974554,0.2864673780405786,0.6173083850036232,2.430982543585471,0.38106964219578143,0.8069968568977726,0.6473607896548772,962.0
"(2, 1)",0.4366923519210436,0.29269814296299335,0.6238107173054693,4.16940846432734,0.3891398110251642,0.8046370176568294,0.64644425855428,962.0
mean,0.43478654874837236,0.29635197385874174,0.6164725947320965,3.1045958348366267,0.38038716430249897,0.8076708217284098,0.6512013220880574,962.0
std,0.005227080543031453,0.0146243215572014,0.018673624360989342,0.6557055722332986,0.0227761713216219,0.01167509361243903,0.01913749063679327,0.0
