,MAE,MedAE,RMSE,MaxAE,MSE,PearsonCorr,R2Coeff,Test Cases
"(0, 0)",0.409275685636888,0.2512690175666037,0.6296963062730713,3.17153255187114,0.3965174381339495,0.8108567926234636,0.6356807745935924,962.0
"(0, 1)",0.44825469167423015,0.27610101391119957,0.7025241714117045,4.402043829692609,0.493540211417702,0.7642029668608253,0.5484052329826743,962.0
"(1, 0)",0.43776568365696134,0.2608152133202192,0.6753043492118397,3.2814539896378103,0.45603596406442637,0.774174196459968,0.5719476856704215,962.0
"(1, 1)",0.43516291363191767,0.25093406985964517,0.6901307912836778,4.267830262912518,0.4762805090778353,0.7699498294345233,0.572553017035906,962.0
"(2, 0)",0.420879335527379,0.23772662268012196,0.6479624171566887,3.0551881908396528,0.4198552940475386,0.7972545059445366,0.6114688157812472,962.0
"(2, 1)",0.4276220797686581,0.2680919337109131,0.6698876998722291,4.462056408656842,0.4487495304401056,0.7842816409226351,0.5922854242535713,962.0
mean,0.4298267316493391,0.2574896451747838,0.6692509558682017,3.773350872268429,0.4484964911969262,0.7834533220409919,0.5887234917195688,962.0
std,0.012505687954511256,0.012530627848148214,0.024487737062137773,0.61018924513125,0.032608629206562274,0.016233358904621208,0.028587577292206776,0.0
