,MAE,MedAE,RMSE,MaxAE,MSE,PearsonCorr,R2Coeff,Test Cases
"(0, 0)",0.38491074222460114,0.23251287091195816,0.5898123218938675,2.937126438246567,0.3478785750578351,0.8323547390167383,0.6803700397213275,962.0
"(0, 1)",0.4168334020353152,0.21142761783030312,0.6815020315304908,4.214639554752118,0.46444501898018614,0.7752355761767924,0.5750276567410173,962.0
"(1, 0)",0.39078256836005293,0.21854623809813123,0.6233034436228911,3.2406238542923513,0.3885071828321547,0.8047075337897823,0.6353327109055059,962.0
"(1, 1)",0.40204548763207076,0.22473659249880762,0.6413536783285424,3.8267425401341986,0.41133454070555137,0.8012981914907455,0.6308400090653814,962.0
"(2, 0)",0.39341398375508135,0.21973523615866214,0.6244034202956374,3.0701346515635297,0.3898796312768904,0.8117093672260328,0.63920808671373,962.0
"(2, 1)",0.4214858535460615,0.24008087085526592,0.669300691658448,4.328683863414533,0.4479634158544768,0.7797463472948062,0.5929996542483156,962.0
mean,0.40157867292553046,0.22450657105885471,0.6382792645549795,3.6029918170672164,0.4083347274511824,0.8008419591658164,0.625629692899213,962.0
std,0.013479975601680188,0.009452184797144865,0.03056645040460005,0.5491554560119273,0.03897962096238198,0.01926576565214651,0.03397906165931155,0.0
