,MAE,MedAE,RMSE,MaxAE,MSE,PearsonCorr,R2Coeff,Test Cases
"(0, 0)",0.39986947594555394,0.2519940377250821,0.6138567317453221,3.2004052802189182,0.37682008710904835,0.8192664073416401,0.6537786512007895,962.0
"(0, 1)",0.45506822185096296,0.26989557235343237,0.7178006199461239,3.752468238605268,0.5152377299950397,0.7512593060421383,0.528551762849733,962.0
"(1, 0)",0.43852250816605626,0.25768959964508953,0.6712323051238396,3.2874603496918264,0.4505528074418632,0.7737097030192804,0.5770943803766928,962.0
"(1, 1)",0.4163809086048504,0.23504192960293857,0.6683666935346438,3.570716152919538,0.4467140370264326,0.7901243423636986,0.5990880085679633,962.0
"(2, 0)",0.41124774263416847,0.2252088509345017,0.6543978741602223,3.144254577062492,0.4282365777054182,0.793209682213907,0.6037128338726314,962.0
"(2, 1)",0.43580001652265454,0.2603321431791128,0.6847819475669015,3.977533231509931,0.4689263157135186,0.7746612749029145,0.5739536625699246,962.0
mean,0.42614814562070774,0.25002702224002615,0.6684060286795089,3.488806305001329,0.4477479258318868,0.7837051193139298,0.5893632165729558,962.0
std,0.018666564035981534,0.015297241972970313,0.031325814542871054,0.30482565649700366,0.04168090122680569,0.02093871459829867,0.037717906698721486,0.0
