,MAE,MedAE,RMSE,MaxAE,MSE,PearsonCorr,R2Coeff,Test Cases
"(0, 0)",0.391110625944065,0.2202017694252536,0.6134467624191293,2.8598751537096883,0.37631693032251173,0.8186887369966056,0.6542409503914421,962.0
"(0, 1)",0.4307758176149127,0.22679619912334975,0.7050164799328956,4.470030318034894,0.4970482369769711,0.761590495940562,0.5451953506904529,962.0
"(1, 0)",0.40549182473458556,0.22728194762806175,0.6302711787493036,3.0694280421575115,0.3972417587620366,0.7976558143886848,0.6271341131279298,962.0
"(1, 1)",0.4212548730808859,0.23154675427579618,0.6742390268822988,4.356584678424603,0.45459826537118925,0.7796554264356772,0.5920121581925379,962.0
"(2, 0)",0.38503900245881845,0.21187002807457295,0.6143718453175606,2.940709006688957,0.3774527643189047,0.814215983796576,0.6507078234177012,962.0
"(2, 1)",0.3935736463329129,0.21086427035583166,0.6346579074399376,4.446778546108014,0.4027906594760403,0.8036238503543922,0.6340416831593391,962.0
mean,0.40454096502769676,0.22142682814714432,0.6453338667901877,3.6905676241872776,0.41757476920460895,0.7959050513187496,0.6172220131632339,962.0
std,0.01658065629057853,0.007852030493862796,0.033451002649148597,0.7372412623169482,0.04402794019626468,0.01982662616616777,0.03807061229041735,0.0
