,MAE,MedAE,RMSE,MaxAE,MSE,PearsonCorr,R2Coeff,Test Cases
"(0, 0)",0.4714648944572743,0.31458128133536367,0.6913310462264958,3.1314266414141683,0.4779386154766212,0.7693333595063113,0.5608712015247299,962.0
"(0, 1)",0.469133520325254,0.27010078024892425,0.7385851855447495,3.9912819965016912,0.545508076306172,0.7381486766844491,0.5008540602640764,962.0
"(1, 0)",0.4534042614301923,0.2529245804250987,0.7079045340157015,3.2645440327057424,0.5011288292799875,0.748366573315919,0.5296218455256171,962.0
"(1, 1)",0.45780235413765263,0.2663655780241212,0.7121191414450414,3.2512476408477777,0.5071136716124229,0.7628299869054349,0.5448812100871627,962.0
"(2, 0)",0.44779669745226924,0.2598502849312323,0.6885390817658833,3.3648368238428876,0.4740860671190057,0.7678173424740554,0.56128403359253,962.0
"(2, 1)",0.4498275686106674,0.28738204773465786,0.6855518425594569,3.3646549089086126,0.46998132883666643,0.7727903560670265,0.5729951228974948,962.0
mean,0.458238216068885,0.27520075878323297,0.7040051385928882,3.39466534070348,0.49595943143847926,0.7598810491588659,0.5450845789819351,962.0
std,0.009101044544339666,0.020555391534493393,0.01833565579104723,0.2782494697931245,0.026090431341459393,0.012466999963075624,0.024104337485022383,0.0
