,MAE,MedAE,RMSE,MaxAE,MSE,PearsonCorr,R2Coeff,Test Cases
"(0, 0)",0.47278409646204494,0.2752539395152467,0.7126662040327506,3.1308711261248616,0.5078931183704501,0.7523065902479217,0.533349079564416,962.0
"(0, 1)",0.45448956984560557,0.2375426172488246,0.7380179162186129,3.95728040768028,0.5446704446596635,0.7384794077133201,0.5016205025103218,962.0
"(1, 0)",0.45720763725946234,0.24654874652542758,0.721960516710356,3.305115603102166,0.5212269876886841,0.7366216877419619,0.5107569666596387,962.0
"(1, 1)",0.4727404686434154,0.27755992127471474,0.7323869796955921,4.499356280101544,0.5363906880276317,0.7420815481918387,0.5186059960098508,962.0
"(2, 0)",0.4225310437586298,0.23602801698155063,0.6566988096590731,2.9968527673701093,0.4312533266076435,0.788694259789996,0.6009211553107804,962.0
"(2, 1)",0.45558202110772056,0.2648514042149106,0.714526764011957,4.553601394428021,0.5105484964893989,0.7496777436145216,0.5361375343613088,962.0
mean,0.4558891395128131,0.2562974409601125,0.7127095317213903,3.7405129298011643,0.5086638436405787,0.7513102062165933,0.5335652057360526,962.0
std,0.01676286058227919,0.017040355033513484,0.026626434873171213,0.6322194528199513,0.037012655236855124,0.017638855173608175,0.03242413020619833,0.0
