,MAE,MedAE,RMSE,MaxAE,MSE,PearsonCorr,R2Coeff,Test Cases
"(0, 0)",1.3209644317296692,1.2593835902793544,1.578557257377329,4.464401325908689,2.491843014818635,-0.08759507675681522,-1.28949909811133,962.0
"(0, 1)",1.328787917329544,1.2460535468380813,1.5770928125502803,4.887486300197629,2.4872217393977536,-0.02997508749415419,-1.2758354758922263,962.0
"(1, 0)",1.30999740333688,1.277985460047876,1.5406305232012478,3.8017639729652686,2.373542409019351,0.05297151188609698,-1.2278951692428386,962.0
"(1, 1)",1.2298866619205724,1.1641163312049656,1.4670366561102453,3.981985769001035,2.15219655037113,0.06996756737217814,-0.9315296441230791,962.0
"(2, 0)",1.2687035892904426,1.1752195601867514,1.5098486839352343,3.9098169419441504,2.2796430483809593,0.06281756432907828,-1.1095659045881079,962.0
"(2, 1)",1.3638798574255118,1.2794539330340533,1.625184287724873,4.528319439617185,2.6412239690678025,-0.06457032372634779,-1.399702811819446,962.0
mean,1.3037033101721034,1.2337020702651804,1.549725036816535,4.262295624938993,2.4042784551759384,0.0006026926016727043,-1.2056713506295045,962.0
std,0.043324154738169605,0.04677736287790479,0.05129098790165665,0.39102067390828243,0.15848990133270852,0.06375217455366304,0.14971202009863946,0.0
