,MAE,MedAE,RMSE,MaxAE,MSE,PearsonCorr,R2Coeff,Test Cases
"(0, 0)",1.2648958802811958,1.2024380123054812,1.51011578369642,3.964324802662524,2.280449680169053,0.02823096288747082,-1.0952714336281435,962.0
"(0, 1)",1.2770928334348988,1.2047003478735983,1.538231689042242,4.525564751354246,2.3661567291737486,-0.03784319195698567,-1.165059648874986,962.0
"(1, 0)",1.3320876115446223,1.2972604307806868,1.5616169662285027,3.6141329619560523,2.4386475492127127,-0.11039571066506874,-1.2890052748716636,962.0
"(1, 1)",1.2828063495974327,1.2000446851699238,1.5347436314633294,4.76029141875842,2.3554380143172478,-0.037102487081418306,-1.11393255358746,962.0
"(2, 0)",1.275021878048126,1.1971554831350972,1.5091358418216094,4.120235523906736,2.2774909890706176,-0.02937446501816093,-1.1075744037919755,962.0
"(2, 1)",1.3509891275028012,1.3087450739075788,1.609146140206711,5.177128634182004,2.5893513005421562,-0.0942539468010047,-1.3525735301018091,962.0
mean,1.297148946734846,1.2350573388620611,1.5438316754098025,4.360279682136664,2.384589043747589,-0.04678980643919459,-1.1872361408093397,962.0
std,0.03229370578893265,0.04821326043971537,0.034246193203796044,0.5205297216161893,0.10673521515121644,0.04546766559304429,0.09862565703330099,0.0
