,MAE,MedAE,RMSE,MaxAE,MSE,PearsonCorr,R2Coeff,Test Cases
"(0, 0)",0.4675831517183374,0.3523044901825179,0.6299480484165607,2.2326606610335697,0.39683454370383353,0.7978476942306738,0.6353894187931115,962.0
"(0, 1)",0.4680398010771543,0.33026941525225906,0.6670575755059972,3.7865515538201615,0.44496580903993915,0.7730489855743241,0.5928513498690378,962.0
"(1, 0)",0.4659262338965145,0.3240701085718897,0.6508929527557453,3.064978871309373,0.4236616359470929,0.7767492682459812,0.602335433934793,962.0
"(1, 1)",0.48432638381315934,0.3572129888590692,0.6708746311433971,3.753027787068013,0.4500727707117891,0.7731850542872091,0.596073649271243,962.0
"(2, 0)",0.46108383475721887,0.3327426097992775,0.6320083728483464,2.450545384270869,0.39943458335041443,0.7978626915195568,0.6303660001736484,962.0
"(2, 1)",0.4720642745949102,0.3436480994042433,0.6551992911849441,4.233238557488995,0.42928611116925325,0.7812955577104408,0.6099690521847422,962.0
mean,0.46983727997621577,0.34004128534487615,0.6509968119758318,3.253500469165163,0.42404257565372033,0.7833315419280309,0.6111641507044293,962.0
std,0.0072471229264273115,0.011986807327704378,0.01567566429290558,0.7321143919016768,0.020366732750753343,0.010630355288018475,0.016319880745167867,0.0
