,MAE,MedAE,RMSE,MaxAE,MSE,PearsonCorr,R2Coeff,Test Cases
"(0, 0)",1.2566716501637634,1.135771567608208,1.5137939483818748,4.899573386649463,2.291572118157586,0.05324418617049465,-1.1054907016928293,962.0
"(0, 1)",1.3245874816704497,1.223904795665801,1.5732475890992659,4.736965737072019,2.475107976606653,-0.03771956420630317,-1.2647512485916055,962.0
"(1, 0)",1.3157039310360805,1.262813602228742,1.5644010579938155,4.638654789653806,2.4473506702521695,-0.0030539577159669233,-1.297174347919384,962.0
"(1, 1)",1.2508984740638653,1.1661257168060204,1.4942733210326518,6.071374426616437,2.23285275794995,0.0410458130727084,-1.0039160885183045,962.0
"(2, 0)",1.2846036807708883,1.1774099782057947,1.5309463625348922,3.9864388320122046,2.3437967649588174,-0.022047554408319413,-1.1689333100428243,962.0
"(2, 1)",1.258895330679812,1.1716553374881296,1.521050427133132,4.297076148805924,2.313594401881883,0.07133622085321359,-1.1020326396497127,962.0
mean,1.2818934247308098,1.189613499667116,1.5329521176959384,4.771680553468309,2.3507124483011763,0.017134190627637855,-1.1570497227357768,962.0
std,0.029151945422568614,0.04174565668579931,0.027753434971431557,0.654002499362455,0.08527138510808142,0.04034282762281136,0.10042482338600432,0.0
