,MAE,MedAE,RMSE,MaxAE,MSE,PearsonCorr,R2Coeff,Test Cases
"(0, 0)",0.4559367610614732,0.29771269185476523,0.6709358791800786,3.1071240417254353,0.450154953971145,0.7804096055344238,0.586398759874407,962.0
"(0, 1)",0.4937545227274914,0.30175301239406177,0.7445442795942866,3.193004869116265,0.5543461842765752,0.7374374631192295,0.4927670934527941,962.0
"(1, 0)",0.46746761182048285,0.29202957580942607,0.6861019896089545,3.1568670498261038,0.4707359401453659,0.7633871539243726,0.5581497414776985,962.0
"(1, 1)",0.47843026334623495,0.29738934561429997,0.7128872346806824,3.0430560076232904,0.5082082093706703,0.7594948076207435,0.5438988964010347,962.0
"(2, 0)",0.49276199022849576,0.31930573727876965,0.7146598134027701,2.8589146760616995,0.5107386488928821,0.7492051417053543,0.5273659880106956,962.0
"(2, 1)",0.45468118544886704,0.2987503990891833,0.66541459236887,3.1784820782074514,0.4427765797374294,0.7834634549773956,0.5977121910722634,962.0
mean,0.4738387224388408,0.3011567936734177,0.6990906314726071,3.0895747870933743,0.4894934193990113,0.7622329378135865,0.5510487783814823,962.0
std,0.015831897696691372,0.00861096175232755,0.02767143628803699,0.11460555317178686,0.03892151343908117,0.01619925264230855,0.03532296024448765,0.0
