,MAE,MedAE,RMSE,MaxAE,MSE,PearsonCorr,R2Coeff,Test Cases
"(0, 0)",1.3381259542706312,1.2703152163596712,1.5931835644221204,4.189947924343137,2.5382338699447726,-0.0823187600998282,-1.3321228991855865,962.0
"(0, 1)",1.259007260977998,1.1535337132611247,1.498015959150526,4.783956608501462,2.24405181386967,0.11554811637908806,-1.0533322971764902,962.0
"(1, 0)",1.2820241278790225,1.2163092011793821,1.530770940826191,3.9421841714058203,2.3432596732779016,0.06772478612427382,-1.199470667361826,962.0
"(1, 1)",1.2818627434054612,1.2152173926236545,1.5286800538999823,4.098841437160356,2.336862707191653,0.0272061664364683,-1.0972617916370284,962.0
"(2, 0)",1.253407242690901,1.1739653719465464,1.4957518476490994,3.8972242686424536,2.237273589745695,0.03837571122762277,-1.070357500712646,962.0
"(2, 1)",1.3404238602400143,1.28143229219058,1.5767388132639801,3.9354967686806006,2.4861052852531045,-0.07777032728915664,-1.2587686290029687,962.0
mean,1.2924751982440048,1.2184621979268264,1.5371901965353165,4.141275196455639,2.3642978232137994,0.014794282129744684,-1.1685522975127576,962.0
std,0.03476426028367043,0.04630480193229881,0.03666228156449609,0.30516441162008195,0.11319625594226304,0.07264326296746007,0.10315883918938529,0.0
