,MAE,MedAE,RMSE,MaxAE,MSE,PearsonCorr,R2Coeff,Test Cases
"(0, 0)",0.5024990921531419,0.3922567255963913,0.646905331903099,2.5396659993028545,0.4184865084446586,0.7871691159500249,0.6154956480171601,962.0
"(0, 1)",0.5184429996486382,0.3907722582192852,0.6969158895934093,3.1280993579039316,0.48569175716777313,0.7482386551844393,0.5555866556640434,962.0
"(1, 0)",0.5176945012288436,0.39896860209301743,0.6782196161654772,2.9340293508020254,0.4599818477516473,0.7564009022750464,0.5682439325073231,962.0
"(1, 1)",0.5156375002870013,0.4208602005611938,0.671250852596074,3.2038362195213983,0.4505777071109563,0.772358594611694,0.595620484515812,962.0
"(2, 0)",0.5248814492383039,0.42697753412362205,0.6703721476875659,2.425972248669,0.44939881639523976,0.7703090093681634,0.5841294446062684,962.0
"(2, 1)",0.49651017210588183,0.37701296079101326,0.6530160697233036,3.485342008917438,0.4264299873168706,0.784767877980263,0.6125640038131291,962.0
mean,0.5126109524436352,0.4011413802307538,0.6694466512781548,2.952824197519441,0.4484277706978576,0.7698740258949385,0.588606694853956,962.0
std,0.009840944842071625,0.017462798992699882,0.016399749703032755,0.3710187676110307,0.02201532874882633,0.014005496469487455,0.021875300182581305,0.0
