,MAE,MedAE,RMSE,MaxAE,MSE,PearsonCorr,R2Coeff,Test Cases
"(0, 0)",0.46683823941873026,0.32729214471384416,0.6298477575037047,2.2935430336671754,0.3967081976324456,0.7975970996276697,0.6355055052458985,962.0
"(0, 1)",0.45856742428152514,0.3044435266955256,0.664517770491073,4.173015311764918,0.44158386729842636,0.7731226289874332,0.5959458640696893,962.0
"(1, 0)",0.47411173255256134,0.3278484553024469,0.6744392778273833,3.1429864304036936,0.4548683394763223,0.7580084372746505,0.5730436615288856,962.0
"(1, 1)",0.4797528156668853,0.334058021094159,0.6708608481221392,3.6446539253737935,0.45005427754315597,0.7727371272652656,0.5960902463164442,962.0
"(2, 0)",0.4521899840054296,0.3169824698783166,0.6293667626705796,2.601528201322567,0.39610252195444556,0.7982012687214524,0.6334494667356274,962.0
"(2, 1)",0.46706559257975144,0.3247282096224554,0.6632435551189914,4.456641290115128,0.43989201340687856,0.7752314373487793,0.600332984316369,962.0
mean,0.4664209647508138,0.32255880455112457,0.6553793286223119,3.385394698774546,0.4298682028852791,0.7791496665375418,0.6057279547021523,962.0
std,0.009143984655620422,0.009544474962011676,0.018604797764201212,0.7853321323961083,0.024186515412413213,0.014393408616790743,0.0221401904221586,0.0
