,MAE,MedAE,RMSE,MaxAE,MSE,PearsonCorr,R2Coeff,Test Cases
"(0, 0)",0.4226313065099874,0.32178491382639246,0.5717940225468517,2.1776195489086576,0.3269484042203096,0.8368761390564305,0.6996006280733462,962.0
"(0, 1)",0.4373376559542227,0.2895997208181407,0.6423433170438754,4.038378757733657,0.41260493695092854,0.789620954896721,0.6224619067262698,962.0
"(1, 0)",0.4259546477308203,0.287020407875463,0.6114353658463824,3.0880618502067527,0.3738532066076994,0.80567227698821,0.6490874779223514,962.0
"(1, 1)",0.4381453321729291,0.2909451264862406,0.6259053993195602,3.733124376984,0.3917575688973782,0.8059669466128484,0.6484097339973944,962.0
"(2, 0)",0.42959183649004873,0.2954199157236975,0.6023923592665773,2.4201686253427495,0.3628765545027532,0.8170509111259107,0.6641965471317557,962.0
"(2, 1)",0.4310040131186795,0.29058228859023083,0.6231736447460767,4.2232777305432885,0.3883453915061094,0.8052029911314299,0.6471660340553227,962.0
mean,0.430777465329448,0.29589206222002756,0.6128406847948873,3.2801051482865176,0.37606434378086306,0.8100650366352583,0.65515372131774,962.0
std,0.005603541671773,0.011843622523707737,0.022150368868185107,0.7811984123703882,0.026843679670659773,0.01440675940429549,0.023352868424237557,0.0
