,MAE,MedAE,RMSE,MaxAE,MSE,PearsonCorr,R2Coeff,Test Cases
"(0, 0)",0.4197386981646988,0.2356549681787497,0.6510975459571683,3.081150571928818,0.4239280143514469,0.7989254333499386,0.6104960060686621,962.0
"(0, 1)",0.4723116727200268,0.3079202877326933,0.7219068566270894,4.5477634771001405,0.521149509645205,0.7550981016125663,0.5231424189056898,962.0
"(1, 0)",0.4426327984229113,0.24830156130103365,0.6836131857024593,3.2756492124924246,0.4673269876662652,0.7647393116108243,0.5613495110421718,962.0
"(1, 1)",0.46121228407588016,0.2659756436829957,0.7175899151234052,4.439085970653302,0.5149352862868158,0.7552396076134175,0.5378615535386506,962.0
"(2, 0)",0.4193315285542293,0.25177961255153836,0.6433099539308794,3.033076894185905,0.4138476968265502,0.7960147474211119,0.6170282046842144,962.0
"(2, 1)",0.43324128953868135,0.2569265368596448,0.6731792342076482,4.603298674358136,0.4531702813683957,0.7847122726753791,0.5882689195734645,962.0
mean,0.44141137857940455,0.26109310171777594,0.6817827819247751,3.830004133453121,0.46572629602411314,0.7757882457138728,0.5730244356354754,962.0
std,0.019884546392098024,0.022845306058601064,0.02997556162989881,0.705611751895744,0.04101210889079127,0.018241375202905138,0.035198940103372364,0.0
