,MAE,MedAE,RMSE,MaxAE,MSE,PearsonCorr,R2Coeff,Test Cases
"(0, 0)",1.2407897937798131,1.1233467059134732,1.4821526961726705,4.0282970282707495,2.1967766147719168,0.05678223313923032,-1.0183928314755533,962.0
"(0, 1)",1.336446166819492,1.2610531641396932,1.5905402779079683,4.737724146572141,2.5298183756475567,-0.06520387141877744,-1.314811870475547,962.0
"(1, 0)",1.3160855127497946,1.2555549089889042,1.564831194995493,4.531143987366329,2.4486966688310225,-0.06056263644513663,-1.2984377522387,962.0
"(1, 1)",1.2774343726066137,1.1650809954611607,1.5287246878533716,3.816202955119654,2.3369991712523883,-0.02191682050321812,-1.097384263898506,962.0
"(2, 0)",1.2890554337968945,1.2080552977348704,1.5487938284876488,4.206216416088132,2.398762323161429,-0.048586793709740554,-1.2197980573080747,962.0
"(2, 1)",1.3033075058956067,1.2330247988373744,1.5692922544213792,4.602988800731687,2.462678179786935,-0.023242677347811286,-1.2374837658038067,962.0
mean,1.293853130941369,1.2076859785125793,1.5473891566397553,4.320428889024782,2.395621888908541,-0.027121761047575618,-1.1977180902000313,962.0
std,0.030293404083595918,0.04951427521803561,0.034766173534749964,0.3293947970163958,0.10669903456486178,0.041051402415725594,0.10657443621011012,0.0
