,MAE,MedAE,RMSE,MaxAE,MSE,PearsonCorr,R2Coeff,Test Cases
"(0, 0)",0.45779282223673373,0.3156964531660457,0.668726259329642,3.1437881394489597,0.4471948099170156,0.7835763997772482,0.5891185327902391,962.0
"(0, 1)",0.48618688694329076,0.28945969839071634,0.7329387729758393,3.247410558355767,0.537199244931329,0.745692127669541,0.5084567331205194,962.0
"(1, 0)",0.46979867193327113,0.29930033139467815,0.6936326944562661,3.3046382891068045,0.48112631481865975,0.7609439590465723,0.5483969494259151,962.0
"(1, 1)",0.4805838709572271,0.319319337755763,0.7117509488000148,3.206606980561828,0.5065894131177213,0.7593275921748253,0.5453517158239762,962.0
"(2, 0)",0.4953547962621385,0.3150115701492987,0.7296367208206138,2.9772599366818167,0.5323697443698584,0.7426753721818696,0.5073487219174238,962.0
"(2, 1)",0.4578019673344967,0.30088874602427207,0.6749451084152273,3.762279997600324,0.45555089937364285,0.7787084581644236,0.5861059921625507,962.0
mean,0.47458650261119306,0.30661268948012904,0.7019384174662672,3.273663983625917,0.4933384044213711,0.7618206515024134,0.5474631075401041,962.0
std,0.014074391712592213,0.010762388848565639,0.024917112720447967,0.2413897245314209,0.034950131244065014,0.015232451830514093,0.03256899906251818,0.0
