,MAE,MedAE,RMSE,MaxAE,MSE,PearsonCorr,R2Coeff,Test Cases
"(0, 0)",1.2414293073442515,1.1168228102868498,1.4825662360743517,4.328983626094846,2.19800264434767,0.06501625173019454,-1.0195193043678068,962.0
"(0, 1)",1.3169350926714947,1.2339372284979073,1.5760736122474084,5.0276466473009425,2.4840080312225945,0.0044714110008406815,-1.2728948972705703,962.0
"(1, 0)",1.313301010681062,1.2311394825721185,1.5724691538461009,4.182491860118894,2.4726592397974723,0.025299079866308367,-1.3209299124360179,962.0
"(1, 1)",1.2629774534819544,1.1752520574304768,1.5155138805065846,4.301678499904661,2.2967823220081263,0.03680979924049606,-1.0612908892041149,962.0
"(2, 0)",1.2784291197537403,1.2014526586782557,1.532847025430579,4.14912804099658,2.3496200033713746,0.037701581370585456,-1.1743220945800101,962.0
"(2, 1)",1.3179034829770666,1.256012917028026,1.5606008262737427,4.214499792781858,2.435474938966289,-0.02723044881541988,-1.2127680679862731,962.0
mean,1.288495911151595,1.2024361924156057,1.5400117890631277,4.367404744532963,2.372757863285588,0.023677945732167537,-1.1769541943074655,962.0
std,0.029599218609341258,0.046109028930151265,0.033489592893491335,0.30191966650769486,0.1025811438624507,0.028986051713278668,0.10753831263809126,0.0
