,MAE,MedAE,RMSE,MaxAE,MSE,PearsonCorr,R2Coeff,Test Cases
"(0, 0)",1.2615995220270746,1.1923000976025633,1.5044237988650944,5.112098862057212,2.263290966591682,0.05475262167928922,-1.079506050726203,962.0
"(0, 1)",1.3177607991343523,1.2354116826025507,1.5711510097329902,4.382580862846597,2.468515495384995,-0.04273876519385856,-1.2587190551603777,962.0
"(1, 0)",1.2810573960532947,1.2114354963294827,1.5283571274659582,3.9588394972954077,2.3358755090759953,0.006798370009333896,-1.1925396162494426,962.0
"(1, 1)",1.2886088856811235,1.2290584753391733,1.5208196431829264,4.6035557850267725,2.3128923870910434,0.0015969434408045818,-1.0757491728915598,962.0
"(2, 0)",1.3034103822266707,1.2356031253882593,1.5452488992334594,4.136761112032242,2.3877941605822177,-0.03354600126692362,-1.2096481955437444,962.0
"(2, 1)",1.2554279894610587,1.2127946475229296,1.5021799497402963,3.9981590125236792,2.256544601401759,0.08767776211765933,-1.050199637894011,962.0
mean,1.2846441624305958,1.2194339207974931,1.5286967380367873,4.365332521963652,2.3374855200212816,0.012423488464384144,-1.1443936214108898,962.0
std,0.02184073705187667,0.015565256204559697,0.023912405503579783,0.4014568572920428,0.0734432798685069,0.04611558932255858,0.07899521582446613,0.0
