,MAE,MedAE,RMSE,MaxAE,MSE,PearsonCorr,R2Coeff,Test Cases
"(0, 0)",1.2727403447193002,1.177478523284551,1.5307318542100488,4.797150215831785,2.3431400094933337,0.013356269509032856,-1.1528711506226306,962.0
"(0, 1)",1.2348186290093435,1.1836304090210659,1.477239303668015,5.144902071682004,2.1822359603015618,0.09729142897377747,-0.9967701055976548,962.0
"(1, 0)",1.2421383466557243,1.1690553900273466,1.4827299911522804,4.245790881929703,2.198488226662442,0.10320167597323425,-1.0635828040006072,962.0
"(1, 1)",1.259107607607092,1.2076512942747222,1.5000269419878138,4.096349081722288,2.250080826689312,-0.005487614995362944,-1.0193777458076116,962.0
"(2, 0)",1.3188763193930506,1.295064025463442,1.5644263134648195,3.9443760726127906,2.447429690261126,-0.05811567743254893,-1.264834502102583,962.0
"(2, 1)",1.303731306933172,1.2580528056491498,1.5554694035177963,4.116801104274778,2.419485065280009,-0.0475408838095809,-1.198240354587115,962.0
mean,1.2719020923862805,1.2151554079533795,1.5184373013334624,4.390894904675558,2.3068099631146306,0.0171175330364253,-1.1159461104530337,962.0
std,0.030673392990332164,0.04622493997175098,0.03403123614832287,0.4312557407890008,0.10348907693170833,0.06351406655524003,0.09710290025133728,0.0
