,MAE,MedAE,RMSE,MaxAE,MSE,PearsonCorr,R2Coeff,Test Cases
"(0, 0)",1.302536404273762,1.1972903185285984,1.559444975930997,4.867388329235105,2.4318686329564274,-0.020628406813195502,-1.234394786817746,962.0
"(0, 1)",1.3096785247709255,1.1635506391035007,1.568322931895733,4.015296063152341,2.4596368187100284,-0.056353798257143185,-1.250594967534496,962.0
"(1, 0)",1.2941022845376802,1.1918831997179904,1.5411532650929896,5.519659687405112,2.3751533865067826,0.06909931094594357,-1.2294072926194293,962.0
"(1, 1)",1.2645337958163678,1.18186256105678,1.5293371561296183,4.7951451155815406,2.3388721371186283,-0.03978375920522053,-1.0990651926651882,962.0
"(2, 0)",1.2993988693185878,1.1985930820210497,1.560146073927009,5.598632654872922,2.43405577198986,-0.05722658715160041,-1.2524583706657566,962.0
"(2, 1)",1.296903287258981,1.2509157922930978,1.5341481109986923,4.018528065410642,2.3536104264808557,0.0369849441566649,-1.138389483246692,962.0
mean,1.2945255276627172,1.1973492654535027,1.5487587523291733,4.802441652609611,2.398866195627097,-0.011318049387425195,-1.2007183489248847,962.0
std,0.014276284407584487,0.02671761710586665,0.01457815869305622,0.6307022307152907,0.04514828309372485,0.04801548870769864,0.05963795850438359,0.0
