,MAE,MedAE,RMSE,MaxAE,MSE,PearsonCorr,R2Coeff,Test Cases
"(0, 0)",1.2547511950192363,1.163358322111158,1.5139451962756483,4.991846880641965,2.292030057326111,0.029981977893404677,-1.105911455049719,962.0
"(0, 1)",1.3693532327461284,1.2954970810089395,1.6272125310428134,4.64412439206995,2.647820621182759,-0.11411643684145861,-1.422785233835174,962.0
"(1, 0)",1.279730088202361,1.225642861374764,1.5298272075700377,3.941650590625791,2.340371285021539,0.0650298150379206,-1.1967595187348645,962.0
"(1, 1)",1.2291202870362772,1.129264859723296,1.4862344097744162,3.6725639912758155,2.208892720797507,0.10979730644965865,-0.9824126983998447,962.0
"(2, 0)",1.257866377148936,1.1532531972142483,1.539064862679553,5.25743477476168,2.3687206515348307,0.0018418590752536717,-1.1919977022369976,962.0
"(2, 1)",1.3068217286321,1.218387528919652,1.55110120590481,5.509004912105588,2.405914950959356,-0.0212824920566026,-1.1859111307600738,962.0
mean,1.2829404847975063,1.1975673083920095,1.5412309022078798,4.669437590246798,2.3772917144703505,0.011875338259696064,-1.180962956502779,962.0
std,0.04540143918616589,0.05569437181153861,0.04357775292320148,0.6681608307646112,0.13605729890604545,0.07049349906617497,0.13161099757592312,0.0
