,MAE,MedAE,RMSE,MaxAE,MSE,PearsonCorr,R2Coeff,Test Cases
"(0, 0)",1.2797711160512273,1.2113357919226222,1.5272382639130537,4.454713186946897,2.3324567147601583,0.06484744566912189,-1.143055366277066,962.0
"(0, 1)",1.3011728433422962,1.2053664813609344,1.5677301915938693,4.703260502544431,2.45777795363495,0.05654303154146681,-1.248894085375198,962.0
"(1, 0)",1.2590847005514416,1.2035630848204264,1.5122410764676117,4.498989035015586,2.286873073355921,0.039379595487681655,-1.146544107845196,962.0
"(1, 1)",1.2652741434290842,1.1787310377301123,1.5110991829268443,4.916055044857053,2.2834207406421765,0.015724338754234672,-1.049299284396346,962.0
"(2, 0)",1.2604590533034614,1.1635175944452225,1.5181602008987125,4.118261656490354,2.304810395592819,0.04043459485376477,-1.132855593570239,962.0
"(2, 1)",1.3091264009290324,1.226978095210998,1.5681824793372177,4.99403484794238,2.4591962885002228,-0.012602055040811067,-1.2343202687247903,962.0
mean,1.2791480429344237,1.1982486809150525,1.5341085658562184,4.614219045632784,2.3540891944143745,0.034054491877576455,-1.1591614510314725,962.0
std,0.01969975943023868,0.02106634146072368,0.024496991263257693,0.2966443440967881,0.07550635899694946,0.02593527438882097,0.06693416000450687,0.0
