,MAE,MedAE,RMSE,MaxAE,MSE,PearsonCorr,R2Coeff,Test Cases
"(0, 0)",1.2499996515485425,1.1426764930207032,1.504711107332489,3.9576868626747412,2.2641555165297653,0.04547931458656575,-1.0803003970360403,962.0
"(0, 1)",1.2932314706412646,1.2230476209321388,1.5343200821835863,4.647020659175901,2.354138114591847,-0.04564579863728411,-1.1540624832410162,962.0
"(1, 0)",1.3269650384696463,1.2734220463948398,1.5551391799214298,4.533485254970579,2.418457868926697,-0.039436449208251775,-1.2700544901682398,962.0
"(1, 1)",1.268801815498878,1.2143719123490018,1.4976450345390946,4.056503853527097,2.2429406494796056,0.041873112143462884,-1.0129696582458774,962.0
"(2, 0)",1.2428620532556078,1.1406412932548806,1.5076419539948318,4.066301903453855,2.272984261445355,0.04227778314794964,-1.1034039092286831,962.0
"(2, 1)",1.266256568584202,1.1873919053502644,1.5130891911112352,4.677758297649412,2.289438900257652,0.11321416915145854,-1.0800859869434545,962.0
mean,1.274686099666357,1.196925211883638,1.5187577581804443,4.323126138575264,2.307019218538487,0.026293688530650155,-1.1168128208105519,962.0
std,0.028298676859677668,0.04661941696653356,0.01985171290336426,0.3015279372286053,0.06062118582276077,0.054646147684462326,0.08012049812183851,0.0
