,MAE,MedAE,RMSE,MaxAE,MSE,PearsonCorr,R2Coeff,Test Cases
"(0, 0)",1.3282426066519335,1.230508519675825,1.5798536205477538,4.791305145946531,2.495937462357846,-0.05593976642503995,-1.2932610662178838,962.0
"(0, 1)",1.3109879590294609,1.261595657778626,1.561337385930634,4.692707468395713,2.437774432704706,-0.08087267130181224,-1.230590641876499,962.0
"(1, 0)",1.3438870132355756,1.2576019379768655,1.5975982343296418,5.524062714305906,2.552320118333189,-0.03854587596254946,-1.3957025753524093,962.0
"(1, 1)",1.2494752286797877,1.1799569311226779,1.4977426309026125,3.5368849090776604,2.2432329884230793,0.050331881851014774,-1.0132320233794685,962.0
"(2, 0)",1.2551408158496464,1.1876639377504112,1.5109569397808726,4.6039875361595435,2.2829908738719795,0.04608468109470516,-1.1126639591345784,962.0
"(2, 1)",1.2642789852379126,1.2031199213912736,1.513225826166784,4.018121800151853,2.2898524009781456,0.03053168609726543,-1.080461675962363,962.0
mean,1.2920021014473861,1.2200744842826132,1.5434524396097162,4.527844929006201,2.3836847127781575,-0.008068344107736047,-1.1876519903205336,962.0
std,0.03719709113302066,0.032115690673821994,0.0379378365352081,0.6240536761584964,0.11735609372216642,0.0522081123058817,0.13154045247407992,0.0
