,MAE,MedAE,RMSE,MaxAE,MSE,PearsonCorr,R2Coeff,Test Cases
"(0, 0)",0.4566938653262877,0.3267225935018185,0.6216340585977653,2.1901180639037356,0.38642890280872993,0.8031974207069859,0.6449500954902123,962.0
"(0, 1)",0.44460516730164756,0.291360363788285,0.6616516207720974,4.148694046544941,0.4377828672703434,0.775708577374205,0.5994238212500864,962.0
"(1, 0)",0.45070618805118484,0.29710253443277557,0.6480079648877384,3.062472870464047,0.4199143225579483,0.7784680047826269,0.6058528016319489,962.0
"(1, 1)",0.46394055464978473,0.30867236858357855,0.662784010900584,3.8487781374648726,0.43928264510546555,0.7792258497786744,0.6057574522997495,962.0
"(2, 0)",0.4384045184691518,0.29514722341004485,0.617182985171335,2.5082178755208195,0.38091483718500024,0.8058550202350259,0.6475040451407899,962.0
"(2, 1)",0.4625224039103995,0.3206499623698932,0.6589307061127598,4.399939577244306,0.4341896754582603,0.7785756703172216,0.6055138839937535,962.0
mean,0.4528121162847427,0.3066091743477326,0.6450318910737133,3.3597034285237872,0.41641887506429126,0.78683842386579,0.6181670166344234,962.0
std,0.009242723462188159,0.013293036234902349,0.018781228984294962,0.8291657542480877,0.024038603623209302,0.012579146063431882,0.019979326279599453,0.0
