,MAE,MedAE,RMSE,MaxAE,MSE,PearsonCorr,R2Coeff,Test Cases
"(0, 0)",0.44919037776785026,0.29775183673868216,0.6656590292881281,3.190128604994614,0.4431019432728131,0.7855750746985974,0.5928790483744335,962.0
"(0, 1)",0.4853535229067677,0.299013625268711,0.7314206306728199,3.2289830671677175,0.5349761389738257,0.7515303086107473,0.5104908997268223,962.0
"(1, 0)",0.47527176476796157,0.2950327072114061,0.7047421339018215,3.278027080191094,0.49666147529649296,0.7535487283092145,0.5338150701005415,962.0
"(1, 1)",0.4756350904490573,0.2858503753817653,0.7134917350572427,3.0081875078938634,0.5090704559949947,0.7618664403685692,0.5431250568020725,962.0
"(2, 0)",0.48639376104970705,0.3079602155508647,0.7138999619430038,2.8198331025753713,0.5096531556622222,0.748247388217554,0.5283704959360427,962.0
"(2, 1)",0.46112430134869575,0.30586764771148156,0.6813293328305263,3.3120233045944754,0.4642096597752901,0.774745264558734,0.5782390138502049,962.0
mean,0.47216146971500655,0.29857940131048516,0.7017571372822572,3.1395304445695227,0.4929454714959398,0.7625855341272362,0.5478199307983529,962.0
std,0.013215007322242331,0.007264052646503087,0.021963418890308867,0.17270128732336856,0.030631333927727232,0.013455850118214431,0.02870992782023647,0.0
