,MAE,MedAE,RMSE,MaxAE,MSE,PearsonCorr,R2Coeff,Test Cases
"(0, 0)",1.2822240582982642,1.1677106754003819,1.553696660016984,4.226825882320884,2.4139733113479314,-0.05845167802870235,-1.217952610308466,962.0
"(0, 1)",1.2565834061769288,1.1908432264017441,1.4991314144323353,4.5332442624700136,2.2473949977378944,-0.019547462679865537,-1.0563913474932414,962.0
"(1, 0)",1.3213102160291765,1.2510034777136663,1.5823105297623836,4.765095076290159,2.503706612596915,-0.027348968632256315,-1.3500721310939685,962.0
"(1, 1)",1.223960624368983,1.1124034333650297,1.4837379194415192,3.918031892505674,2.201478213588648,0.13183324526427515,-0.9757584081734214,962.0
"(2, 0)",1.2681382707916078,1.1869940307044433,1.5099138086841264,3.7091723296318335,2.2798397096550045,0.08771851565228565,-1.1097478935704501,962.0
"(2, 1)",1.3181268072396577,1.2136596208162302,1.5544200632345857,4.271528563228635,2.4162217329862132,-0.037173623164577445,-1.1952754308347053,962.0
mean,1.2783905638174362,1.1871024107335826,1.5305350659286558,4.237316334407867,2.3437690963187676,0.012838338068526522,-1.150866303579042,962.0
std,0.034105330014112194,0.04234503874088319,0.035092852285520906,0.353148436637614,0.10753267266723027,0.07072735362526782,0.12071641758859555,0.0
