,MAE,MedAE,RMSE,MaxAE,MSE,PearsonCorr,R2Coeff,Test Cases
"(0, 0)",0.43834036668674753,0.33644951263980766,0.5870473497564056,2.266690817064062,0.3446245908560196,0.827345192137006,0.6833597922262088,962.0
"(0, 1)",0.4471963900793775,0.30307591444099735,0.651493542354515,4.012644133002502,0.42444383572963423,0.782850794859968,0.6116291830453489,962.0
"(1, 0)",0.43835928127610957,0.3014372332729312,0.6199945756666323,3.1141334493716117,0.3843932738560475,0.7995612302024585,0.6391941788530539,962.0
"(1, 1)",0.44207861916042396,0.30747779199064706,0.6308445267696002,3.7557736189568303,0.3979648169551609,0.8021599513809121,0.6428389214106142,962.0
"(2, 0)",0.43834662549798936,0.31172861529308604,0.6131732262237538,2.4441367751099112,0.3759814053576468,0.8101071555674411,0.6520694088204178,962.0
"(2, 1)",0.4482052044523487,0.3140023189735946,0.6363604196396585,3.9913625805476673,0.40495458368396225,0.7958390987695353,0.6320756344383185,962.0
mean,0.44208774785883276,0.31236189776851064,0.6231522734017608,3.2641235623420974,0.38872708440641185,0.8029772371528869,0.6435278531323271,962.0
std,0.004192491484197341,0.011638567269792326,0.020207141327483413,0.709533515657622,0.02500205973579308,0.013619818434758785,0.02170819880275942,0.0
