,MAE,MedAE,RMSE,MaxAE,MSE,PearsonCorr,R2Coeff,Test Cases
"(0, 0)",0.3891004760398011,0.22565782847655402,0.5970597648582636,3.114101330862839,0.3564803628126051,0.8259926593322062,0.6724667387551049,962.0
"(0, 1)",0.4379294569705519,0.2520259173896737,0.695180882606328,4.5473797423970765,0.4832764595413132,0.7669961390590202,0.5577966797789287,962.0
"(1, 0)",0.4073874700040999,0.2221405744034615,0.6341471548414304,2.8454935776123587,0.402142613993481,0.795469251452757,0.622533988161212,962.0
"(1, 1)",0.4343720556305287,0.2553710953052251,0.6753447078180899,4.52439237667442,0.4560904743779012,0.7773942038336797,0.5906729468964346,962.0
"(2, 0)",0.4003957571348004,0.23226454103686162,0.6228066309841157,3.073434855935052,0.3878880995977844,0.8106691422348362,0.6410510363505747,962.0
"(2, 1)",0.41924037019442634,0.26186962721172535,0.6357280681425547,4.321942339671857,0.4041501766242646,0.802033646420013,0.6328064841904072,962.0
mean,0.4147375976623681,0.2415549306372502,0.6433778682084638,3.737790703858934,0.41500469782455823,0.7964258403887521,0.6195546456887769,962.0
std,0.017609770061677087,0.015433520286603927,0.032704992342010596,0.7350692739221893,0.042412136631412224,0.019738885020486697,0.03672980394683881,0.0
