,MAE,MedAE,RMSE,MaxAE,MSE,PearsonCorr,R2Coeff,Test Cases
"(0, 0)",0.3894603156627921,0.22720193102770408,0.6090672214583269,3.2611651822193455,0.3709628802549667,0.8242119698650738,0.6591602381346868,962.0
"(0, 1)",0.43937660901420394,0.25395088035969304,0.702716172428682,3.8500876529347967,0.4938100189928171,0.7600267935227903,0.5481583560591636,962.0
"(1, 0)",0.41487244649176713,0.23254895927745295,0.6446271766283934,3.186109446180779,0.4155441968478939,0.7910437067588897,0.6099547641338268,962.0
"(1, 1)",0.42058968321012985,0.22984943878886563,0.6606993903209374,3.5793644292485784,0.4365236843704584,0.7932472647619052,0.6082335339781255,962.0
"(2, 0)",0.41901863119714405,0.25247571509778133,0.659095102143406,3.1481447318213416,0.43440635366942687,0.790142436399164,0.5980033658829549,962.0
"(2, 1)",0.41942343587246944,0.2501880437599832,0.6667646404685563,4.3232385022771425,0.4445750857791632,0.7851657435487331,0.5960781456236504,962.0
mean,0.4171235202414178,0.24103582805191337,0.6571616172413837,3.558018324113664,0.43263703665245434,0.7906396524760927,0.6032647339687347,962.0
std,0.014642492522819246,0.011328221376409969,0.027850412512985864,0.4214570822569882,0.03651199355116662,0.018714617426983018,0.03242888320514436,0.0
