,MAE,MedAE,RMSE,MaxAE,MSE,PearsonCorr,R2Coeff,Test Cases
"(0, 0)",0.4469804926655824,0.3369040675332925,0.5970512388740832,2.101494350335375,0.3564701818410775,0.8208229722134458,0.672476093006152,962.0
"(0, 1)",0.44807198965801065,0.30470563455911437,0.6535889019119805,3.542946169209812,0.4271784527025084,0.78164401061288,0.6091269781871076,962.0
"(1, 0)",0.4416747048129189,0.3049845208303187,0.626300764636058,3.0917129234228344,0.39225264778371094,0.7950732918858647,0.6318170782206076,962.0
"(1, 1)",0.45009938417054013,0.29726536860067465,0.6432893658570533,3.432390681991592,0.41382120822476987,0.7936983228492855,0.628608302101805,962.0
"(2, 0)",0.44537222578211144,0.3136040276145856,0.6197683592884005,2.507617032357067,0.3841128191750358,0.8047215406153766,0.6445446547333937,962.0
"(2, 1)",0.447646556918116,0.3103230478407448,0.6381901266085879,3.931704856974288,0.40728663770068535,0.7940030393694669,0.6299568301843876,962.0
mean,0.44664089233454657,0.3112977778297884,0.6296981261960272,3.1013110023818284,0.3968536579046313,0.79832719625772,0.6360883227389089,962.0
std,0.0026270524766229273,0.012531114838785367,0.018273690646486953,0.6253542088885109,0.022842436441364487,0.012082969794724981,0.019297162638050883,0.0
