,MAE,MedAE,RMSE,MaxAE,MSE,PearsonCorr,R2Coeff,Test Cases
"(0, 0)",0.427347060108233,0.3081560793363948,0.5859628955143515,2.049488625365407,0.34335251491956287,0.8277995987241628,0.6845285723989272,962.0
"(0, 1)",0.4293748544584165,0.2751416297160493,0.6432141412976669,4.23766043469309,0.413724431565295,0.7892429863938651,0.6214375567384547,962.0
"(1, 0)",0.4241939748641053,0.27958535871245777,0.6153869219353194,2.9244316937537227,0.37870106368902684,0.8031939496013656,0.644537098990158,962.0
"(1, 1)",0.4382601995934206,0.28699600008882326,0.6400956416796639,3.964737477997373,0.40972243049730067,0.7963247457611496,0.632286827970603,962.0
"(2, 0)",0.41534209868203437,0.26069215291173436,0.5983509850190335,2.4147685561388705,0.3580239012732476,0.8181478312691611,0.6686871588558256,962.0
"(2, 1)",0.4322272437234635,0.28621795168237363,0.6247645776552591,4.343985285513144,0.3903307774927542,0.8042731541728223,0.6453621975043543,962.0
mean,0.42779090523827884,0.28279819540797213,0.617962527183549,3.3225120122436014,0.3823091865728645,0.806497044320421,0.6494732354097205,962.0
std,0.00706993410945983,0.014317594113039634,0.020772615862860257,0.9033652359914404,0.025570703876418608,0.012952309676095406,0.021294324205655295,0.0
