,MAE,MedAE,RMSE,MaxAE,MSE,PearsonCorr,R2Coeff,Test Cases
"(0, 0)",0.4407502815535627,0.23822461765153657,0.679121153076746,3.20132739252806,0.46120554055628915,0.7762394909314289,0.5762455086985379,962.0
"(0, 1)",0.44322066098505897,0.23010028893868648,0.721976083713214,3.3883049590718817,0.5212494654538697,0.754720785541383,0.5230509582322093,962.0
"(1, 0)",0.4285075966049668,0.23953278952355528,0.6789390594570596,3.1153788125356243,0.46095824645643674,0.7724619217568434,0.5673274483739917,962.0
"(1, 1)",0.45331383939246017,0.24366450011210591,0.7173808826188354,4.194459448589093,0.5146353307469792,0.7573054762752472,0.5381307543312146,962.0
"(2, 0)",0.40973012297208816,0.22818633916214415,0.6381953430025904,2.8406236886004255,0.4072932958301941,0.7995490629682583,0.6230936020176835,962.0
"(2, 1)",0.4367303973600302,0.256848332706922,0.6933105180452287,4.540872107280499,0.48067947443214337,0.7666377168045087,0.5632752466706481,962.0
mean,0.4353754831446945,0.2394261446824917,0.6881538399856123,3.546827734767598,0.4743368922459854,0.7711524090462784,0.5651872530540475,962.0
std,0.013655939212121021,0.009453889377077243,0.0279496826286384,0.610590333951751,0.03810346965854041,0.014810364748040695,0.031599546244280394,0.0
