,MAE,MedAE,RMSE,MaxAE,MSE,PearsonCorr,R2Coeff,Test Cases
"(0, 0)",0.40733262275461657,0.24847374868197938,0.623193978795043,2.757499646354952,0.38837073520639653,0.818620494230253,0.6431659447645437,962.0
"(0, 1)",0.45547172272600245,0.2801540480860038,0.7117016429852444,4.231291542781598,0.5065192286278963,0.7619229823687914,0.5365292882925446,962.0
"(1, 0)",0.4210065243874449,0.23413989416649753,0.6508467041038362,3.1600998865494314,0.4236014322428265,0.7870859612450362,0.6023919433703927,962.0
"(1, 1)",0.43953179715092106,0.25458622698828837,0.7024343561290102,4.363405357135541,0.4934140246703771,0.7650573300577104,0.5571762182628884,962.0
"(2, 0)",0.39865134338987845,0.24017971072918914,0.6211213363632666,3.188993821443839,0.3857917144856902,0.8125561020596362,0.6429910166288472,962.0
"(2, 1)",0.4266410234245468,0.24785908019481495,0.659540937128016,4.546612153781659,0.43499424774770146,0.7914350414116937,0.6047828841210069,962.0
mean,0.42477250563890173,0.25089878480779554,0.661473159250736,3.707983734674503,0.43878189716348137,0.7894463185621867,0.5978395492400372,962.0
std,0.01899305672018365,0.014607915823775623,0.035144796973829856,0.6927810421012828,0.04684558489200261,0.021397342981209523,0.0399468937336412,0.0
