,MAE,MedAE,RMSE,MaxAE,MSE,PearsonCorr,R2Coeff,Test Cases
"(0, 0)",1.2684066303802695,1.1761638668712737,1.5298238045405463,5.533873249416831,2.340360872938912,0.053974667764025375,-1.15031768694252,962.0
"(0, 1)",1.2750332123677828,1.209267250327963,1.5189098369704281,3.949484692421182,2.3070870928455327,0.05426843072721188,-1.1110102765273653,962.0
"(1, 0)",1.2371651288162027,1.1487401559523485,1.4676429766962118,3.8280915829811377,2.153975907045717,0.1344512078223856,-1.0218018855434283,962.0
"(1, 1)",1.316986219852003,1.2226111281489858,1.5767769273270014,5.091845831600217,2.4862254785507796,-0.022232635643609947,-1.231310245789035,962.0
"(2, 0)",1.3223296936696258,1.2226528767033218,1.59653612334349,4.835389067059043,2.5489275931406596,-0.04102493450271934,-1.358759959184089,962.0
"(2, 1)",1.3382519840775964,1.242188643451131,1.586044073023537,3.9671485039863867,2.515535801573091,-0.08387491858169266,-1.2855079338076636,962.0
mean,1.2930288115272466,1.2036039869091706,1.5459556236502026,4.5343054879108005,2.392018791015782,0.01592696959760015,-1.1931179979656834,962.0
std,0.03542240082928282,0.03164379883553968,0.04516636713413613,0.6535873765972376,0.13862303351205127,0.07260140237517415,0.11206736238673004,0.0
