,MAE,MedAE,RMSE,MaxAE,MSE,PearsonCorr,R2Coeff,Test Cases
"(0, 0)",1.2612391343225187,1.1607633115900469,1.5193580081816602,3.8354902757458715,2.308448757025742,0.08909215091071829,-1.1209969150610122,962.0
"(0, 1)",1.2737625054286645,1.15121880664061,1.5292085532884583,3.5603844735298438,2.33847879945058,-0.03160851913726351,-1.1397340362183148,962.0
"(1, 0)",1.342402487440675,1.276451034801378,1.5923992406931253,4.219028792110471,2.5357353417600423,-0.04939579322093841,-1.3801354873282476,962.0
"(1, 1)",1.2799514988316876,1.1493406623627158,1.5270711897332507,4.583371887935407,2.331946418513326,0.0017074621641690302,-1.0928495750485308,962.0
"(2, 0)",1.2305502427231205,1.1479967828351558,1.4697352546059541,4.0376587721977515,2.160121718631629,0.08415420946712025,-0.9989616929816933,962.0
"(2, 1)",1.3318467046928808,1.2717164942668258,1.5827317554761995,4.885156934864614,2.505039809792772,-0.055774005073322676,-1.2759717258665573,962.0
mean,1.2866254289065913,1.192914515416122,1.5367506669964415,4.18684852273066,2.3632951408623484,0.006362584185080496,-1.1681082387507258,962.0
std,0.039061768699753356,0.05755666389116494,0.04114034939497929,0.44423499630958774,0.12630210645558562,0.05962262629628438,0.1250926846976034,0.0
