,MAE,MedAE,RMSE,MaxAE,MSE,PearsonCorr,R2Coeff,Test Cases
"(0, 0)",0.43648631910067887,0.3031279968274692,0.5986929694724302,2.1079368141116537,0.3584332716957163,0.8190732642597889,0.6706724109824533,962.0
"(0, 1)",0.44346885844963085,0.2901257117232545,0.6503165949910099,4.039568259930126,0.42291167372070126,0.7837412955404373,0.6130311282758485,962.0
"(1, 0)",0.43703346245869545,0.295534048769585,0.6251433688788323,2.919103818483803,0.3908042316531757,0.7957595411911389,0.6331766154625,962.0
"(1, 1)",0.4514604798349494,0.29310030411864113,0.6443831031825958,3.7194816466614684,0.4152295836672319,0.7927076101763769,0.6273443288291494,962.0
"(2, 0)",0.4314773116350484,0.27945098513886274,0.6113048837592981,2.5602345666135387,0.37369366090796896,0.8099273352059387,0.6541864717057141,962.0
"(2, 1)",0.4351655364390067,0.2804235705870669,0.6254790269032895,4.304054950447547,0.391224013095886,0.80362335412641,0.644550641947705,962.0
mean,0.4391819946530016,0.2902937695274799,0.625886657864576,3.2750633427080227,0.3920494057901134,0.8008054000833486,0.6404935995338951,962.0
std,0.006538543847058343,0.00831734730529456,0.017756612774529078,0.8000698742314205,0.022207392919161274,0.011598016957849382,0.018687535531630106,0.0
