,MAE,MedAE,RMSE,MaxAE,MSE,PearsonCorr,R2Coeff,Test Cases
"(0, 0)",1.322371791882198,1.200505317544592,1.5955795189893396,6.808194956508665,2.545874001418252,-0.10428254582419698,-1.3391426327779357,962.0
"(0, 1)",1.2835220901987652,1.1994371568409328,1.5273150777536808,4.207166037288694,2.332691346733732,0.01678965499487046,-1.1344384527970957,962.0
"(1, 0)",1.2780467601771293,1.1950231452483433,1.5382134440999204,4.063800293654654,2.366100599609739,0.08624127488881152,-1.2209100101948689,962.0
"(1, 1)",1.253500385835848,1.167929342714338,1.4845013249598602,4.56046689583183,2.20374418380758,0.03614597549759953,-0.9777920461558882,962.0
"(2, 0)",1.2130490915956027,1.1268410527510966,1.4637194516306344,4.380763937359336,2.142474633081885,0.0928021736713102,-0.9826312021105328,962.0
"(2, 1)",1.271910458533983,1.1316978943955527,1.5494182885776666,5.195205530849485,2.4006970329789454,0.016471431223649607,-1.1811703542882275,962.0
mean,1.2704000963705877,1.170238984915809,1.5264578510018503,4.869266275248777,2.3319302996050224,0.024027994075340727,-1.139347449720758,962.0
std,0.03293613639168863,0.03097571457264648,0.04308977511933947,0.9386892095556862,0.13165237662152446,0.06496193168119171,0.12845488879190084,0.0
