,MAE,MedAE,RMSE,MaxAE,MSE,PearsonCorr,R2Coeff,Test Cases
"(0, 0)",0.3928733312648937,0.219682729905059,0.6036811564147403,2.7671520225298787,0.3644309386102381,0.8217472657676547,0.6651617696981069,962.0
"(0, 1)",0.42633321953797015,0.24518031810540342,0.6874897108309604,4.428257356418378,0.4726421024984376,0.7686755627740275,0.5675272344126867,962.0
"(1, 0)",0.40621142003687777,0.21555841869025816,0.6431764578234078,3.1513906942734304,0.41367595589826595,0.7878585324834012,0.6117083645628063,962.0
"(1, 1)",0.4163431873809823,0.2317082795117777,0.6595072526147808,4.2706158263814515,0.4349498162514963,0.7887704069020708,0.609646031794457,962.0
"(2, 0)",0.3866701949884264,0.21314308485024616,0.6063469700277705,2.9266612791986018,0.36765664806185805,0.8189227357334884,0.659773081624649,962.0
"(2, 1)",0.4081426955056878,0.24311029608796106,0.6335819493889551,4.471300731433637,0.4014260865915084,0.8023726061576347,0.6352814755534311,962.0
mean,0.4060956747858064,0.22806385452511757,0.6389639161834358,3.669229651705896,0.4091302579853007,0.7980578516363795,0.6248496596076896,962.0
std,0.013360096408823356,0.0127926352881258,0.02924674000342488,0.73193982303765,0.03763533597028847,0.01856856876783715,0.03327471205389831,0.0
