,MAE,MedAE,RMSE,MaxAE,MSE,PearsonCorr,R2Coeff,Test Cases
"(0, 0)",1.290747273108871,1.1771354139845247,1.564540683320209,5.799254259792356,2.447787549764066,-0.032972213719643866,-1.2490210475642125,962.0
"(0, 1)",1.2728101972996941,1.201629484618909,1.5175763228306776,4.074681601253538,2.303037895616281,0.04272212566766326,-1.1073052161552863,962.0
"(1, 0)",1.2671575359484974,1.20671387338222,1.5056484283818357,4.3516493651542945,2.2669771898886917,0.0159445411716305,-1.1278690917612098,962.0
"(1, 1)",1.294884421914587,1.2540578650476442,1.5488065331055494,5.079493365016965,2.398801676990431,-0.05108296788788342,-1.152850095722059,962.0
"(2, 0)",1.285634203608577,1.2135266351353349,1.5274921426607588,4.777576614742759,2.3332322458903563,-0.037012167411831096,-1.1591569771906154,962.0
"(2, 1)",1.3493551539219273,1.263960584108422,1.6015553308130757,3.9623431775245948,2.5649794776557804,-0.10619664061540443,-1.3304303371751436,962.0
mean,1.2934314643003588,1.2195039760461757,1.5442699068520176,4.674166397247418,2.385802672634268,-0.02809955379924484,-1.1877721275947546,962.0
std,0.026811466039482007,0.03023317457970171,0.03214229963036852,0.633889826794869,0.09987373695267954,0.047760099059020455,0.07767932762277502,0.0
