,MAE,MedAE,RMSE,MaxAE,MSE,PearsonCorr,R2Coeff,Test Cases
"(0, 0)",1.306843160484587,1.22383953432597,1.5396206304757216,3.578128895488767,2.3704316857864582,0.02958184383324375,-1.1779466741959337,962.0
"(0, 1)",1.3244112281679277,1.2262342646778963,1.6062100003256021,5.206644615856199,2.579910565145971,-0.07988384779447573,-1.3606467794102084,962.0
"(1, 0)",1.3033695236775678,1.2442173639506078,1.538182824608685,3.84353141916323,2.366006401921153,0.03807115810087177,-1.2208215927414638,962.0
"(1, 1)",1.3164917966626315,1.2160829609164612,1.5887540532503188,5.09660061332324,2.5241394417193166,-0.06518292150995963,-1.2653368516645958,962.0
"(2, 0)",1.2302019661283274,1.1318956165833196,1.4906818529265007,4.650563082424192,2.2221323866443856,0.015846799240613992,-1.0563459361215792,962.0
"(2, 1)",1.2626710131689978,1.1498450374531062,1.5161225767039888,4.60032900306323,2.2986276675915422,0.04647519746227375,-1.0884345068215597,962.0
mean,1.2906647813816732,1.1986857963178936,1.5465953230484695,4.495966271553143,2.393541358134805,-0.0025152951112386844,-1.19492205682589,962.0
std,0.03333769363980324,0.04205900907730334,0.03980282476665042,0.6012090264276451,0.12347146477870855,0.05054345609982637,0.10321887433933961,0.0
