,MAE,MedAE,RMSE,MaxAE,MSE,PearsonCorr,R2Coeff,Test Cases
"(0, 0)",0.4592387440288279,0.37214700832171155,0.6014507867237945,2.3812023206169033,0.36174304885067127,0.8197748693380232,0.6676313960524778,962.0
"(0, 1)",0.45963252938346016,0.3253357096600823,0.6416301495079229,4.109836071093463,0.4116892487575594,0.790904909471161,0.6232997715785726,962.0
"(1, 0)",0.4633650819230275,0.34330125210663864,0.6343571242256244,3.0563745396840867,0.4024089610558042,0.7907588072093947,0.6222839849039552,962.0
"(1, 1)",0.47620279515567915,0.3502864240751109,0.6451972955458625,3.939024004544016,0.416279550179695,0.7918069681635838,0.6264020164535399,962.0
"(2, 0)",0.4626279987038759,0.34588581758456377,0.615815288966136,2.4434298898314184,0.37922847012444555,0.8109554455103666,0.6490645975509987,962.0
"(2, 1)",0.46287534258182017,0.3386011631812551,0.6306494678994172,4.230446216163792,0.39771875136181806,0.8013697206782633,0.6386498013293724,962.0
mean,0.4639904152961151,0.3459262291548937,0.6281833521447929,3.3600521736556135,0.39484467172166554,0.8009284533951321,0.6378885946448194,962.0
std,0.005689205850421706,0.014089350482075493,0.015177213505671071,0.768714686389411,0.01892201445387404,0.011128172287448442,0.01632174313769951,0.0
