,MAE,MedAE,RMSE,MaxAE,MSE,PearsonCorr,R2Coeff,Test Cases
"(0, 0)",1.3791183768401591,1.307365447043102,1.6324685184524586,4.580620131221799,2.6649534637383647,-0.11727647508347826,-1.4485525434200484,962.0
"(0, 1)",1.2879573211866264,1.2462891952457325,1.5172341148543194,3.606663010926794,2.3019993592777697,-0.021579521090599664,-1.1063549438877405,962.0
"(1, 0)",1.3172011779339678,1.2490266369027132,1.5616483943236439,3.85429229456722,2.438745707493615,-0.062332783384175874,-1.289097409884298,962.0
"(1, 1)",1.2528639438270486,1.1774814949341135,1.4884669683957297,4.017062983242063,2.215533916005174,0.038126283211869456,-0.9883729650928681,962.0
"(2, 0)",1.370261903595027,1.3649299735084481,1.6134002015036153,4.078809103694944,2.6030602102119067,-0.18668029767829886,-1.408853908489324,962.0
"(2, 1)",1.3024226920242883,1.2430870975525972,1.5387050558201236,3.568777540716736,2.3676132488064097,-0.002589695998778299,-1.1511118470074218,962.0
mean,1.3183042359011863,1.264696640864451,1.558653875558315,3.951037510728259,2.431984317588874,-0.058722081670576916,-1.2320572696302834,962.0
std,0.04444990851614683,0.058488154233424884,0.05081745562223574,0.3393953782474049,0.15889084340982615,0.07497219429755779,0.16488183096989933,0.0
