,MAE,MedAE,RMSE,MaxAE,MSE,PearsonCorr,R2Coeff,Test Cases
"(0, 0)",1.3257079915900087,1.265527652123237,1.5741773120063314,4.196178278652219,2.478034209635479,-0.04019759847276078,-1.2768116026211165,962.0
"(0, 1)",1.3014440786695647,1.2366937642165239,1.5475235546635637,4.911772093502073,2.394829152238552,0.060878927119513884,-1.1912952339686056,962.0
"(1, 0)",1.3653459050930543,1.3009400940269216,1.61665727867631,3.9084951493416114,2.6135807566970923,-0.0919075738480722,-1.453204088599886,962.0
"(1, 1)",1.2943735855092828,1.2227165086209502,1.5509670370223143,4.276400112903484,2.4054987499297766,0.020787846916927855,-1.1588605109459706,962.0
"(2, 0)",1.263014823698066,1.1799511074369167,1.5051749913210941,3.9358237597618384,2.2655517544984556,0.041967152340540964,-1.0965259187240166,962.0
"(2, 1)",1.2644188339398212,1.1475923529478553,1.5234665119357196,4.198238930431394,2.320950212989588,0.06629879185635458,-1.1087158141192384,962.0
mean,1.3023842030832997,1.2255702465620673,1.5529944476042221,4.23781805409877,2.4130741393314907,0.009637924318750718,-1.2142355281631392,962.0
std,0.03550714985623864,0.050942356931355896,0.035810404101983974,0.33132489840761775,0.1118500873575716,0.0574465861567994,0.12220498476435149,0.0
