,MAE,MedAE,RMSE,MaxAE,MSE,PearsonCorr,R2Coeff,Test Cases
"(0, 0)",0.44257434042345783,0.35273556808944617,0.5856280645020543,2.3745222265614254,0.3429602299324222,0.829001793851345,0.6848890028590002,962.0
"(0, 1)",0.45216685339210844,0.3046068740892325,0.642792102341836,3.560427644107608,0.41318168683303746,0.7896869943133681,0.6219341741877394,962.0
"(1, 0)",0.4470322116863652,0.33052376261582617,0.6130604195596733,3.101254721648358,0.37584307803068256,0.8057392504650797,0.6472197106080483,962.0
"(1, 1)",0.45209547370309544,0.3221285772686357,0.6295020398758266,3.814747202556571,0.3962728182078268,0.8028787921542382,0.644357437801569,962.0
"(2, 0)",0.4488064296678061,0.3334856022870839,0.6096068604232502,2.3976902934761424,0.37162052427509207,0.8139013275128074,0.6561049380021704,962.0
"(2, 1)",0.44943462552453634,0.3258054212189325,0.6219950289368208,3.806109214900149,0.38687781602211657,0.8057264250950859,0.6484994101933327,962.0
mean,0.44868498906622817,0.3282143009281928,0.6170974192732436,3.1757918838750423,0.38112602555019626,0.8078224305653209,0.6505007789419767,962.0
std,0.0032762577021214156,0.014344349121794149,0.017798895372998853,0.6064293641715823,0.021851643286219205,0.011885459634563424,0.018630257543270363,0.0
