,MAE,MedAE,RMSE,MaxAE,MSE,PearsonCorr,R2Coeff,Test Cases
"(0, 0)",1.2427774694003249,1.1772354313815028,1.4928419386117546,3.8440183016929907,2.228577053678102,0.052268324470826515,-1.0476109948037733,962.0
"(0, 1)",1.3053696695224004,1.2205879380306914,1.574293395668567,3.8434936616096778,2.478399695645667,-0.043223995684304815,-1.267763208018863,962.0
"(1, 0)",1.2855269141525785,1.1641653979451185,1.5384253386968996,3.7540804575064852,2.36675252274467,0.04713319482738693,-1.221521929492166,962.0
"(1, 1)",1.3044343263561229,1.189881777181145,1.5714474256429984,5.228045305934934,2.469447011560007,-0.026735196450575,-1.2162520921227125,962.0
"(2, 0)",1.3271368239226686,1.2347144367554637,1.58893478912697,4.451786122051267,2.5247137640979687,-0.10608103778991157,-1.3363526493185094,962.0
"(2, 1)",1.264756680007424,1.1588353512393796,1.5193275006054585,4.582116852535016,2.3083560540960297,-0.03273212094785964,-1.0972733015329088,962.0
mean,1.28833364722692,1.1909033887555502,1.5475450647254414,4.283923450221729,2.3960410169704076,-0.01822847192907293,-1.1977956958814888,962.0
std,0.027970999617887866,0.02808236790889732,0.03384212780451202,0.5286290122478247,0.10433816452448813,0.05457031475828169,0.09802827060545508,0.0
