,MAE,MedAE,RMSE,MaxAE,MSE,PearsonCorr,R2Coeff,Test Cases
"(0, 0)",0.4669461538162916,0.3296934183610615,0.6344656071031376,2.3354523486008594,0.40254660659675295,0.7939372657564054,0.6301411897658723,962.0
"(0, 1)",0.45468047394982863,0.30324615809604105,0.6626130208183572,3.995514611437714,0.4390560153580287,0.7744964432016395,0.5982588766301025,962.0
"(1, 0)",0.4753312456827642,0.3282176197884493,0.6755534101175781,3.1497961354190367,0.4563724099214887,0.7566647511088496,0.5716318850776818,962.0
"(1, 1)",0.47870937756945015,0.3335704546888092,0.6701477136647731,3.672474694206585,0.44909795813012265,0.7734708658534765,0.5969485133251919,962.0
"(2, 0)",0.4492249508598396,0.303564695818803,0.6286292350488845,2.587683702201721,0.3951747151581456,0.7984560326326817,0.634308052725618,962.0
"(2, 1)",0.4689211686749403,0.33207724696145563,0.6674267214495944,4.382250754080016,0.4454584285049545,0.7725304889879832,0.5952755783110305,962.0
mean,0.46563556175885235,0.3217282656191033,0.6564726180337207,3.3538620409909883,0.4312843556115822,0.778259307923506,0.6044273493059161,962.0
std,0.0105417100916006,0.013066482559774616,0.01811235444481713,0.7344664538924177,0.02358602090738749,0.014082723633225974,0.02163075918348422,0.0
