,MAE,MedAE,RMSE,MaxAE,MSE,PearsonCorr,R2Coeff,Test Cases
"(0, 0)",1.2089796031576145,1.1130694099368723,1.4584439949410912,4.6113353583488745,2.12705888637973,0.12588237229655203,-0.9543363578826933,962.0
"(0, 1)",1.277981231780318,1.2188974151860075,1.5291670363111058,4.788700661388425,2.338351824940491,0.01601243847630053,-1.1396178531333825,962.0
"(1, 0)",1.284002430805789,1.16653000031223,1.5450548552210057,4.5263532015953345,2.387194505642003,0.036439969489383474,-1.2407095348088655,962.0
"(1, 1)",1.2652484033189366,1.1588802698351126,1.523859041553301,4.582851252285032,2.3221463785237457,0.0743717776994834,-1.0840543431491945,962.0
"(2, 0)",1.2659828276735794,1.1716396793142254,1.5207803392457988,4.553713640895872,2.312772840236567,0.0005576045580309518,-1.1402239847530384,962.0
"(2, 1)",1.2959709064756997,1.2666854356091897,1.542292117644435,4.375962386859662,2.378664976148156,0.04063053991465132,-1.161152972443222,962.0
mean,1.266360900535323,1.182617035032273,1.5199328974861228,4.573152750228867,2.3110315686451153,0.04898245040573362,-1.1200158410283994,962.0
std,0.02773986907626693,0.048585599997565065,0.028905981812665387,0.12210991676891628,0.08669293130721309,0.04126594953395172,0.08736395110486288,0.0
