,MAE,MedAE,RMSE,MaxAE,MSE,PearsonCorr,R2Coeff,Test Cases
"(0, 0)",0.37541629449285624,0.2219157733660036,0.5917513860180883,3.247221748457749,0.3501697028543285,0.8320568354246427,0.6782649572612627,962.0
"(0, 1)",0.4421515858177403,0.2617926675778769,0.6996416564251664,3.418384562267072,0.48949844740535065,0.7612399114951155,0.5521034918788519,962.0
"(1, 0)",0.41596377827206316,0.24248382911047084,0.651592976316243,3.2714154945740286,0.42457340678466005,0.7871951340487662,0.6014796119209316,962.0
"(1, 1)",0.4146446471981811,0.22382663673493414,0.6657719212239913,3.2327861292493414,0.44325225109028443,0.790370035693089,0.6021948540631508,962.0
"(2, 0)",0.4075417555996296,0.23741119799776111,0.6431221600741598,3.1322363713400794,0.41360611277845327,0.7978709211035304,0.6172517648908526,962.0
"(2, 1)",0.4307631833712702,0.24452140602928107,0.6756907953309963,3.948860774768598,0.45655805089503426,0.7832376976846146,0.5851909374886131,962.0
mean,0.4144135407919567,0.23865858513605462,0.6545951492314409,3.3751508467761444,0.42960966196801853,0.7919950892416262,0.6060809362506103,962.0
std,0.020845356203007634,0.013453966854479076,0.03338940806133306,0.2700044037598203,0.04299454826253935,0.021164916494414248,0.03812599872202928,0.0
