,MAE,MedAE,RMSE,MaxAE,MSE,PearsonCorr,R2Coeff,Test Cases
"(0, 0)",0.44984221115493606,0.31839103473725555,0.613640736332186,2.1557422850758674,0.37655495328630734,0.8088702847814528,0.6540222554906402,962.0
"(0, 1)",0.4410804671633064,0.2914914142501061,0.6528492710733678,4.1282250792323225,0.4262121707410276,0.7822304691417048,0.6100111368983391,962.0
"(1, 0)",0.43751062311719846,0.28374431584059834,0.6309947293837735,2.9142322525731323,0.3981543485101017,0.7914318344602675,0.6262775224542225,962.0
"(1, 1)",0.4548714205800655,0.310306678500586,0.6489364994313164,4.035488881149675,0.4211185802941709,0.7894614111913104,0.6220591370295845,962.0
"(2, 0)",0.4321609938447852,0.2902437084939238,0.6186516436633426,2.5722312098686335,0.38272985620735545,0.8051469606850437,0.6458244390952474,962.0
"(2, 1)",0.4395252753062977,0.2852370019048805,0.6333907806941911,4.341408497116904,0.4011838810683969,0.7982800291268588,0.6355015331031337,962.0
mean,0.4424984985277649,0.29656902562122506,0.6330772767630295,3.3578880341694224,0.40099229835122663,0.7959034982311063,0.632282670678528,962.0
std,0.007633403442763925,0.013061412027776565,0.014333875872669906,0.8445034114830389,0.01816544557818114,0.009198505652780613,0.014736314427023887,0.0
