,MAE,MedAE,RMSE,MaxAE,MSE,PearsonCorr,R2Coeff,Test Cases
"(0, 0)",1.297044078231884,1.1940222109749583,1.5534450537688718,4.57713692319918,2.4131915350789725,-0.04503091114485302,-1.2172343162377475,962.0
"(0, 1)",1.3206610769221228,1.2193227346044804,1.5904642053170384,5.148394188610105,2.529576388394758,-0.06372009253863896,-1.314590449455495,962.0
"(1, 0)",1.298605475010084,1.2365634318110739,1.5522517075248534,4.832047304836301,2.409485363513823,-0.012287281601833856,-1.2616325629301222,962.0
"(1, 1)",1.2471831612439033,1.1654028120828714,1.5107144243059702,3.9413338515434546,2.282258071806119,0.07374859486711322,-1.0482558251812684,962.0
"(2, 0)",1.3220734559768434,1.2144376340574459,1.5885381561687464,4.929546198574094,2.5234534736040004,-0.09454075370311658,-1.3351863852150831,962.0
"(2, 1)",1.298591805253372,1.228740560265714,1.5504966846874408,4.34806858142875,2.404039969226745,0.0216934874778803,-1.1842076027788995,962.0
mean,1.2973598421063681,1.2097482306327574,1.5576517052954868,4.629421174698648,2.4270008002707364,-0.020022826107241484,-1.2268511902997694,962.0
std,0.02474731836719,0.023830124739310315,0.02686941124770635,0.39912872959330126,0.08346657315721953,0.05579866456509217,0.09526428169551239,0.0
