,MAE,MedAE,RMSE,MaxAE,MSE,PearsonCorr,R2Coeff,Test Cases
"(0, 0)",0.446883873512127,0.29198504795768765,0.6602554942755888,3.175849001036484,0.43593731772110206,0.790246026110618,0.5994618883211714,962.0
"(0, 1)",0.48114253561558357,0.28450797584215776,0.7255018675172187,3.2302618252167288,0.526352959770972,0.7510485345750714,0.5183812043321456,962.0
"(1, 0)",0.4748459680837631,0.2943787711038818,0.7006868565118681,3.2774110065826956,0.4909620708884833,0.7557073000475881,0.5391647430197678,962.0
"(1, 1)",0.4835586528840401,0.30690789174339755,0.7148989134398225,3.214080926179504,0.5110804564374388,0.756033067906671,0.5413211437539767,962.0
"(2, 0)",0.4928369224066077,0.32676222039425357,0.7199616311635725,2.967559776035337,0.518344750347712,0.745300381742068,0.5203273543494551,962.0
"(2, 1)",0.4607515079144212,0.29655152219305636,0.6774441943080172,3.2459893452057424,0.4589306364016385,0.7787439924787617,0.583035308061439,962.0
mean,0.4733365767360905,0.3001822382057391,0.6997914928693479,3.185191980042749,0.4902680319278911,0.7628465504767963,0.550281940306326,962.0
std,0.015308467392340677,0.013610465497933244,0.023662173095056666,0.10207644039107155,0.03280732058372361,0.01606193006835056,0.03057851236829374,0.0
