,MAE,MedAE,RMSE,MaxAE,MSE,PearsonCorr,R2Coeff,Test Cases
"(0, 0)",0.415433369787103,0.30731013199463536,0.5662997362464535,2.166631125199491,0.3206953912728028,0.8402162332723606,0.7053458806509199,962.0
"(0, 1)",0.4303575148075397,0.28195080137502193,0.6367091578381293,3.8737900953522315,0.4053985516749398,0.7938143814378393,0.6290558291756665,962.0
"(1, 0)",0.4225542233465916,0.2767244925688179,0.6081053036555558,2.936841486907716,0.3697920603340157,0.808104030468381,0.6528994208353355,962.0
"(1, 1)",0.4311098072768858,0.2815910498627635,0.6230721222155934,3.8432397134978618,0.3882188694822434,0.8079146843387108,0.6515856069541629,962.0
"(2, 0)",0.4254589474326588,0.28502101507431304,0.6027782767753563,2.424747331020572,0.3633416509522681,0.8160741665732594,0.6637661500952817,962.0
"(2, 1)",0.4282392269351271,0.28556971686602595,0.6154760530520176,4.038781791794059,0.3788107718804899,0.8104612446951718,0.655828780491515,962.0
mean,0.4255255149309843,0.286361201290263,0.6087401082971843,3.2140052572953217,0.37104288259946,0.8127641234642872,0.6597469447004802,962.0
std,0.005363164102925275,0.009800955492360907,0.021871514574721855,0.7425461565506127,0.026240585724582672,0.013989306739763214,0.02297175646903884,0.0
