,MAE,MedAE,RMSE,MaxAE,MSE,PearsonCorr,R2Coeff,Test Cases
"(0, 0)",0.4186598480588116,0.3027189996351072,0.5702267772914439,2.3449380033972584,0.3251585775401859,0.8376676250443654,0.7012451163278429,962.0
"(0, 1)",0.43319143021469186,0.27879807197841466,0.6396774972648922,4.1750150864695685,0.4091873005070762,0.7918092520685568,0.6255890819754314,962.0
"(1, 0)",0.4189625499147075,0.28190768499312746,0.6078144836583307,3.1317503058689207,0.3694384465448432,0.8082869269031685,0.6532313358875719,962.0
"(1, 1)",0.4292502280357277,0.2818216450022437,0.6237879869254002,3.9674213616435803,0.3891114526324432,0.8076781264309006,0.6507845412642479,962.0
"(2, 0)",0.4227694445034941,0.2893470930169326,0.5973452434757041,2.2677238656890903,0.35682133990304815,0.8195659178304399,0.6698000008275323,962.0
"(2, 1)",0.4312899627605931,0.30231730367641657,0.6209240854328805,4.088264332990386,0.385546719870659,0.8067156695646407,0.6497087870636259,962.0
mean,0.425687243914671,0.2894851330503737,0.6099626790081085,3.3291854926764675,0.37254397283304264,0.8119539196403452,0.6583931438910421,962.0
std,0.005824051877784244,0.009748324003720788,0.022124715824021576,0.7993119927676947,0.026734831984051303,0.014048210448242534,0.023102913071588158,0.0
