,MAE,MedAE,RMSE,MaxAE,MSE,PearsonCorr,R2Coeff,Test Cases
"(0, 0)",0.45906191852392453,0.3128763564830962,0.6246912993990389,2.311910628215779,0.39023921954485963,0.8009288777779464,0.6414491860512914,962.0
"(0, 1)",0.4487111082829533,0.29559274718042383,0.6658418627881157,4.005437553983837,0.4433453862411479,0.7729335913833156,0.5943340547011073,962.0
"(1, 0)",0.448432573508993,0.2874766993753499,0.6511463321005772,2.9095545207165996,0.4239915458080351,0.7763696600016038,0.6020257682710637,962.0
"(1, 1)",0.4637471645396216,0.316366832638752,0.6629533283598298,3.80811527789233,0.43950711558337624,0.7792831707010119,0.6055559970087632,962.0
"(2, 0)",0.4393313342806387,0.2898728219390841,0.6233348061925151,2.550226244464217,0.3885462806110604,0.8011848592455586,0.6404419601947089,962.0
"(2, 1)",0.44718360695167414,0.2854035972577648,0.6505430671394871,4.120746491739535,0.4232062822032512,0.785327390142927,0.6154929240093061,962.0
mean,0.45107795101463427,0.2979315091457451,0.6464184493299273,3.2843317861687162,0.4181393049986217,0.7860045915420605,0.61654998170604,962.0
std,0.00806227424046803,0.012246587857181043,0.01680753891900839,0.7209835975675971,0.02162565876454943,0.011273079274664246,0.018336131326886763,0.0
