,MAE,MedAE,RMSE,MaxAE,MSE,PearsonCorr,R2Coeff,Test Cases
"(0, 0)",1.224322925661113,1.1545998217715305,1.4778945038422864,4.217739901271848,2.184172164487238,0.05674715573988173,-1.0068118942385973,962.0
"(0, 1)",1.321311887727599,1.2244356032908685,1.583960869963387,5.39448176464103,2.50893203757517,-0.08172165044512926,-1.295700639500971,962.0
"(1, 0)",1.2748630682124815,1.204108172415494,1.5343040793729061,4.351732096401243,2.354089007980341,0.007476041698844142,-1.2096354836204268,962.0
"(1, 1)",1.2301620973365694,1.1378788815184597,1.49153512961015,5.335073313442258,2.224677042861167,0.05412253891231706,-0.9965786378318577,962.0
"(2, 0)",1.2808549757639163,1.1804826512863182,1.5404155662929861,4.4751796020321875,2.372880116877741,-0.07863363876398281,-1.1958468426868376,962.0
"(2, 1)",1.3559949960370998,1.2990628939830948,1.6057059637123101,4.152711472240476,2.5782916419012785,-0.07670306098349573,-1.342525198627805,962.0
mean,1.281251658456463,1.2000946707109612,1.5389693521323375,4.654486358338174,2.370507001947156,-0.01978543564026081,-1.1745164494177494,962.0
std,0.046696509144190476,0.052802328583776724,0.04561069112092998,0.5126935999963778,0.14059289805918643,0.06137539705573319,0.13190120203989175,0.0
