,MAE,MedAE,RMSE,MaxAE,MSE,PearsonCorr,R2Coeff,Test Cases
"(0, 0)",0.4201453000174297,0.2548544862452919,0.6358419553271962,2.7369582168352986,0.40429499215431225,0.7993261173379701,0.6285347775106147,962.0
"(0, 1)",0.4351766247242797,0.2465893658075738,0.6918733298911811,4.326144347919232,0.4786887046147112,0.7655453406673014,0.5619945264169162,962.0
"(1, 0)",0.4279842026922441,0.25427922794562124,0.6590260483479555,3.199685648663859,0.43431533240112175,0.7768553261869782,0.5923354782675517,962.0
"(1, 1)",0.4499789275191549,0.2691823291498876,0.689878267416097,4.075323711169965,0.4759320238530359,0.7668095091332541,0.5728657717153627,962.0
"(2, 0)",0.4045318478348312,0.23249752765657386,0.631075396985015,3.109437239072685,0.3982561566797943,0.8061342361743445,0.6314565080613475,962.0
"(2, 1)",0.4389352322387335,0.27720284410563983,0.6694987906608623,4.54536987377525,0.44822863069635704,0.7786752023472845,0.5927586914184876,962.0
mean,0.42945868917111213,0.2557676301517647,0.6628656314380512,3.665486506239381,0.43995264006655543,0.7822242886411889,0.5966576255650468,962.0
std,0.014455913347551832,0.01453851164945686,0.02370220928076272,0.679087140878969,0.03137231952536347,0.01539146213523644,0.02591196774996217,0.0
