,MAE,MedAE,RMSE,MaxAE,MSE,PearsonCorr,R2Coeff,Test Cases
"(0, 0)",0.45982998567979555,0.3280088589701029,0.6171989999417036,2.11370951178652,0.38093460552903907,0.8069867425559463,0.6499982420194284,962.0
"(0, 1)",0.4517649557983853,0.30512528615520085,0.6604385068043942,4.044156030900243,0.4361790212700179,0.776105931548638,0.6008913581277162,962.0
"(1, 0)",0.45325537906128194,0.31246095430521115,0.6415177478548116,2.9909644082123377,0.4115450208127097,0.7835163570481983,0.6137085394764883,962.0
"(1, 1)",0.46886605148479293,0.3176314473795764,0.6565381355526919,3.6268802161943223,0.4310423234350048,0.7833573050699488,0.6131528853891948,962.0
"(2, 0)",0.4439671802332616,0.31050770347072637,0.615846143332008,2.626620112737891,0.3792664722569082,0.8078419596743525,0.6490294306405467,962.0
"(2, 1)",0.4691455374568159,0.33593491565128897,0.6586194234378856,4.313576506526527,0.43377954492965287,0.778462159499856,0.6058865110008678,962.0
mean,0.4578048482857222,0.3182781943220178,0.6416931594872491,3.2859844643929734,0.41212449803888873,0.7893784092328233,0.6221111611090404,962.0
std,0.009162620232627925,0.010599400351973143,0.018825172141591476,0.7792096625431135,0.02400777758823515,0.013018554839089282,0.019860583157537595,0.0
