,MAE,MedAE,RMSE,MaxAE,MSE,PearsonCorr,R2Coeff,Test Cases
"(0, 0)",0.39658950047529057,0.2480852815780923,0.5967082004164472,2.9221958323582005,0.3560606764442349,0.8236915957668804,0.6728523455353712,962.0
"(0, 1)",0.4432602636406356,0.2578198851703022,0.6870777485384236,4.218195687068707,0.47207583253662927,0.7712960471223365,0.5680453777079153,962.0
"(1, 0)",0.4163783089807906,0.23291873335976282,0.6495044223595061,3.2686130033859793,0.4218559946645557,0.7833529099955895,0.6040302759883682,962.0
"(1, 1)",0.42827527963689394,0.2534382869654196,0.6555525685050673,4.2980206115377015,0.42974917007359087,0.7872092930866131,0.6143134504182288,962.0
"(2, 0)",0.4022807654138065,0.23301490318444695,0.6170076607553833,2.918843519590263,0.3806984534308301,0.8122901750778276,0.6477042851697841,962.0
"(2, 1)",0.4111372177474366,0.25262875128503803,0.6401533167273151,4.381318341029889,0.4097962689169822,0.7981872828845048,0.6276766869035045,962.0
mean,0.41632022264914226,0.24631764025717698,0.6410006528836905,3.6678644991617904,0.41170606601113713,0.7960045506556254,0.6224370702871954,962.0
std,0.015716042053696307,0.009852693756043541,0.028709388948910154,0.6436139464247008,0.03682076431658281,0.017722344952757544,0.0330929126509284,0.0
