,MAE,MedAE,RMSE,MaxAE,MSE,PearsonCorr,R2Coeff,Test Cases
"(0, 0)",0.4400261319199106,0.2320718220000495,0.6842874828293071,3.1971274108386067,0.4682493591568692,0.7737241321444344,0.5697736658748191,962.0
"(0, 1)",0.46519277036832113,0.2874374986082885,0.7180870593262635,3.852738152278669,0.5156490247718407,0.7524083888987745,0.5281754235675267,962.0
"(1, 0)",0.4409452624301552,0.258862152628394,0.6824185699970686,3.2868950592407766,0.465695104676844,0.7661725840457835,0.5628812571003361,962.0
"(1, 1)",0.4473193951863106,0.2555231837691859,0.7037427710757522,3.64027441574455,0.4952538878413786,0.7695132348287828,0.5555249981383572,962.0
"(2, 0)",0.41367624250483426,0.23295007617683378,0.6383369947913958,2.9151942848185346,0.40747411891931046,0.8017596229075933,0.6229262695820932,962.0
"(2, 1)",0.4544716866821438,0.283024136226518,0.703240454625115,4.555229197276837,0.49454713702133835,0.7637881226477731,0.5506756832491485,962.0
mean,0.4436052481819459,0.25831147823487827,0.6883522221074837,3.574576420032996,0.47447810539793017,0.7712276809121903,0.5649928829187135,962.0
std,0.015882519038413135,0.02159798844719464,0.025481831127681227,0.532820039283365,0.034484093806567986,0.015146164858489028,0.02896475013192034,0.0
