,MAE,MedAE,RMSE,MaxAE,MSE,PearsonCorr,R2Coeff,Test Cases
"(0, 0)",0.4382808208504927,0.34112379746884636,0.5793655622399168,2.2544250167701887,0.33566445470957484,0.8333418116692017,0.691592342793899,962.0
"(0, 1)",0.4485918948880994,0.3104518235668958,0.6356838651099762,3.872999941732675,0.4040939763611584,0.7942832659731646,0.6302495300560698,962.0
"(1, 0)",0.43791955691914575,0.322259196020117,0.6034561247852624,3.031892860557047,0.3641592945408462,0.8127877120702421,0.6581865442726047,962.0
"(1, 1)",0.45222775341182714,0.31615796025616694,0.6235781720035901,3.648823548325047,0.388849736599339,0.8069021673696907,0.6510194232856858,962.0
"(2, 0)",0.44912038229644635,0.33209319459786557,0.6107850504210918,2.380483213926301,0.37305837781789564,0.8131144496940234,0.6547743582818742,962.0
"(2, 1)",0.44449307972732033,0.31554384842883265,0.6207138524274133,4.04527837020197,0.38528568659528056,0.8067284442388618,0.6499459507014848,962.0
mean,0.4451055813488886,0.3229383033897874,0.6122637711645418,3.2056504919188717,0.3751852544373491,0.8111929751691974,0.6559613582319364,962.0
std,0.005440432042250069,0.010579450287369037,0.017841775604540144,0.7026918807674921,0.021650404202219715,0.011698201724564776,0.01824661356511361,0.0
