,MAE,MedAE,RMSE,MaxAE,MSE,PearsonCorr,R2Coeff,Test Cases
"(0, 0)",0.4472019230978142,0.3449394571993352,0.5929217585529507,2.1250536885074984,0.3515562117655236,0.823748233336977,0.6769910363590121,962.0
"(0, 1)",0.44032577846614834,0.2968339151157866,0.6461296716509144,3.718922447768263,0.4174835525877184,0.7868335541523671,0.6179979193126919,962.0
"(1, 0)",0.4427622933969108,0.30931389974118667,0.632443536396209,3.1597094815647724,0.39998482672934293,0.7903639482560528,0.6245593675282539,962.0
"(1, 1)",0.449871550006002,0.3069345725348489,0.6455542277079142,3.8268720560259335,0.4167402609115615,0.7920124972780465,0.6259885428626579,962.0
"(2, 0)",0.44698127372745206,0.30470965574439246,0.6243526037788085,2.4310485466936607,0.38981617384537787,0.8019805850576918,0.6392668097818027,962.0
"(2, 1)",0.4538988836204429,0.3130960338409132,0.6437503707523211,3.9793706540185347,0.41441453984375093,0.7903767155279305,0.6234807240247402,962.0
mean,0.4468402837191283,0.31263792236274385,0.6308586948065197,3.206829479096444,0.39833259428054585,0.7975525889348444,0.6347140666448597,962.0
std,0.004439066209062476,0.015274163377020422,0.018705653358286237,0.7092022611204246,0.023193101051335093,0.01261334591812341,0.0199705611912328,0.0
