,MAE,MedAE,RMSE,MaxAE,MSE,PearsonCorr,R2Coeff,Test Cases
"(0, 0)",1.3195559363938385,1.2205619276154955,1.5816583154890016,4.656642994609861,2.501643026955506,-0.053906641951972326,-1.2985033246277737,962.0
"(0, 1)",1.2756946816982655,1.1815339015624948,1.5282876582216758,3.798425516811399,2.3356631662726937,0.016649271050789182,-1.137157700633984,962.0
"(1, 0)",1.2964946140903644,1.1731064512791425,1.5726270205082822,6.117420841579917,2.4731557456327566,-0.04966618100503054,-1.3213959512764144,962.0
"(1, 1)",1.2693788390594745,1.207318879889185,1.4984199701413137,3.7142312142525,2.2452624069182954,0.03809073623393038,-1.0150533635275907,962.0
"(2, 0)",1.2551609693256267,1.1680429003364325,1.4964963486562977,4.507873854366331,2.2395013215416313,0.0015995426616495505,-1.072419028303385,962.0
"(2, 1)",1.2872670920110463,1.1997763581010001,1.5432409196295165,4.036119780269651,2.381592536018956,0.03874043933801707,-1.1638128277739335,962.0
mean,1.2839253554297694,1.1917234031306252,1.5367883721076812,4.4717857003149435,2.362803033889973,-0.001415472278769446,-1.1680570326905135,962.0
std,0.020597033779271037,0.018933711225304163,0.03293225234623768,0.8124753454980685,0.10129412102460988,0.03784203307109994,0.11109949871673411,0.0
