,MAE,MedAE,RMSE,MaxAE,MSE,PearsonCorr,R2Coeff,Test Cases
"(0, 0)",0.4394346876067071,0.3086065938004857,0.6002194887113946,2.01692915493493,0.360263434628968,0.8182400632445638,0.6689908618799786,962.0
"(0, 1)",0.4495443926983217,0.29101126067547556,0.6621507111594692,4.261366385892053,0.43844356428899084,0.7748900300129355,0.5988192761506141,962.0
"(1, 0)",0.44233440157753456,0.3041461825522687,0.6333053683659653,2.982505047938032,0.401075689601151,0.7896540160085656,0.6235354430712178,962.0
"(1, 1)",0.4591840391885548,0.3067082280154514,0.6481882820605279,3.648501547369296,0.42014804900057856,0.7897533566988079,0.62293015876029,962.0
"(2, 0)",0.4315770857758415,0.27940656407456266,0.6122006622173455,2.5348871206097896,0.3747896508193564,0.8090626122772856,0.653172250224646,962.0
"(2, 1)",0.44514885378863156,0.30140444398880384,0.6358036930956803,4.189929809834019,0.40424633615410605,0.7963523457396136,0.632719117766035,962.0
mean,0.4445372434392652,0.298547212184508,0.6319780342683972,3.2723531777630197,0.39982778741552516,0.7963254039969621,0.6333611846421302,962.0
std,0.008552080756520572,0.01025069555255125,0.020773820490650307,0.833220578882921,0.026196114161181578,0.01408109827504181,0.022586350635076108,0.0
