,MAE,MedAE,RMSE,MaxAE,MSE,PearsonCorr,R2Coeff,Test Cases
"(0, 0)",0.4518559295914205,0.31669740422257886,0.6188885780481227,2.296237366237781,0.3830230720384273,0.8051312895014547,0.6480793642405133,962.0
"(0, 1)",0.4494701830695392,0.30677081517037663,0.6625217426516448,4.143973238864125,0.4389350594861722,0.7747255210783122,0.5983695525943031,962.0
"(1, 0)",0.4522171493182965,0.3077941305604741,0.6424291292576263,2.9133569063827527,0.41271518611871194,0.7827049230361083,0.6126101788057241,962.0
"(1, 1)",0.46726040585012524,0.32375589899676166,0.6608106243346179,4.037568716285092,0.43667068123350744,0.7804015143452351,0.6081016088532928,962.0
"(2, 0)",0.43753740188330525,0.29672850437803705,0.6116612307281892,2.506728293020106,0.3741294611759231,0.8101896680602447,0.6537831851529621,962.0
"(2, 1)",0.4586307310736572,0.311857028641884,0.6509285077072573,4.36995486020471,0.4237079221459969,0.7845692456630452,0.6150371554734962,962.0
mean,0.4528286334643907,0.31060063032835206,0.6412066354545763,3.3779698968324277,0.4115302303664565,0.7896203602807333,0.6226635075200486,962.0
std,0.009021838401600724,0.008433959981827152,0.01960308688647034,0.8317590116773148,0.024980802089052925,0.013190057709200911,0.02071986129016825,0.0
