,MAE,MedAE,RMSE,MaxAE,MSE,PearsonCorr,R2Coeff,Test Cases
"(0, 0)",0.4355800144912601,0.3144300438998465,0.5927231552922659,1.9599702907689704,0.35132073881961956,0.8232668304035373,0.6772073883097856,962.0
"(0, 1)",0.44346885844963085,0.2901257117232545,0.6503165949910099,4.039568259930126,0.42291167372070126,0.7837412955404373,0.6130311282758485,962.0
"(1, 0)",0.4381347029794839,0.3002721301208812,0.6265488063662413,2.7066933871345933,0.3925634067589618,0.7946931834841477,0.6315253882903459,962.0
"(1, 1)",0.45431221563472163,0.30691199305514383,0.6426516318794134,3.695916693891294,0.4130011199572732,0.7936420433456906,0.6293443058832412,962.0
"(2, 0)",0.4314773116350484,0.27945098513886274,0.6113048837592981,2.5602345666135387,0.37369366090796896,0.8099273352059387,0.6541864717057141,962.0
"(2, 1)",0.43607822281409414,0.2908988031804465,0.6227617588510169,4.155097547951241,0.38783220828721215,0.8055735801891463,0.6476322903167335,962.0
mean,0.43984188766737314,0.2970149445197392,0.624384471856541,3.186246791048294,0.3902204680752895,0.8018073780281497,0.6421544954636115,962.0
std,0.00739092525098813,0.011584529171204297,0.01909186684737526,0.8218079211667335,0.02375286110668125,0.012808160617860396,0.02052936668274595,0.0
