,MAE,MedAE,RMSE,MaxAE,MSE,PearsonCorr,R2Coeff,Test Cases
"(0, 0)",1.2558074797131016,1.1978931546923304,1.5050536330301079,4.599181971279172,2.2651864382971265,0.0941386060432783,-1.081247605364398,962.0
"(0, 1)",1.3086940853007154,1.22290756511655,1.5642330219165281,4.588520369258909,2.4468249468541137,0.004335897774031312,-1.2388719626972446,962.0
"(1, 0)",1.2815760864478756,1.1861754728995244,1.5326850107267358,4.157336670607779,2.349123342106414,0.017575674421528395,-1.204974524974583,962.0
"(1, 1)",1.3242124586791282,1.1975869764569946,1.612056414144988,6.2774237010155005,2.598725882385997,-0.10860455664157846,-1.3322758685366738,962.0
"(2, 0)",1.2647681881698523,1.1398589045752963,1.509312182828364,4.622291645732908,2.2780232652341206,0.11666055586541041,-1.108066968470971,962.0
"(2, 1)",1.2896313551627456,1.1965672551890885,1.539585115826212,4.466857514110593,2.3703223288736104,-0.0011345123924764488,-1.1535732009595447,962.0
mean,1.287448275578903,1.1901648881549642,1.5438208964121556,4.785268645334144,2.3847010339585637,0.02049527751169892,-1.1865016885005693,962.0
std,0.023656445067274254,0.025081514157789156,0.03630528556189893,0.6858219594477716,0.11313886786557843,0.07311562216046322,0.08430966283758756,0.0
