,MAE,MedAE,RMSE,MaxAE,MSE,PearsonCorr,R2Coeff,Test Cases
"(0, 0)",1.3088239824924843,1.2361485716883265,1.5606258721313309,4.215792498317747,2.435553112765677,-0.020970402259657128,-1.2377800776045733,962.0
"(0, 1)",1.2831581964747467,1.2363929815243688,1.5224339401421427,3.7911274048958106,2.3178051020967296,-0.0046534527621575235,-1.120817373859476,962.0
"(1, 0)",1.310910287514405,1.294274047228633,1.54468943666763,4.011128267971067,2.3860654557525605,0.028455631223784146,-1.2396497665970299,962.0
"(1, 1)",1.2852036281021977,1.2001898602258925,1.536635602788235,4.047094187465696,2.3612489757563626,-0.019760937660929134,-1.119147711226557,962.0
"(2, 0)",1.3104210530708764,1.219883833694254,1.5688273263475316,4.443456015316038,2.4612191798947443,0.014658692272032375,-1.2775952004028772,962.0
"(2, 1)",1.2854636061277993,1.182656429120341,1.534474449061518,3.848140119117427,2.3546118348226495,0.0708917496304442,-1.1392993199139814,962.0
mean,1.2973301256304184,1.2282576205803026,1.5446144378563982,4.0594564155139645,2.3860839435147874,0.01143688007391949,-1.189048241600749,962.0
std,0.012758080622450216,0.03517576802096266,0.01581713881682131,0.22024234115472874,0.04892472488174481,0.031930481959419846,0.06428110239885852,0.0
