,MAE,MedAE,RMSE,MaxAE,MSE,PearsonCorr,R2Coeff,Test Cases
"(0, 0)",1.2812216969068788,1.2309028611870887,1.5236775502953406,4.475739559856443,2.32159327727401,-7.774928427811223e-05,-1.1330740672229056,962.0
"(0, 1)",1.2831659615230313,1.147015089161818,1.5329077481183273,4.821013769832639,2.349806164241201,-0.048885947686296824,-1.15009870062701,962.0
"(1, 0)",1.2839358020731928,1.231582861692559,1.525314440376192,4.439563832012205,2.326584142020136,0.019643174248414202,-1.1838183936158169,962.0
"(1, 1)",1.2349580262245876,1.15425296390705,1.4998517472112136,4.294697603908567,2.2495552636125304,0.07333240840147072,-1.0189060692488487,962.0
"(2, 0)",1.2879330072178592,1.2128387583990445,1.5297079646345664,3.81109400722125,2.3400064570664276,-0.029178747455751324,-1.165425785343571,962.0
"(2, 1)",1.2862070876279257,1.166205603229395,1.5424728635984295,4.133848349146876,2.379222534937539,0.06460989683755584,-1.1616595464446342,962.0
mean,1.2762369302622458,1.190466356262826,1.5256553857056783,4.32932618699633,2.327794639858641,0.013240505843519082,-1.1354970937504643,962.0
std,0.018584411803417526,0.03562351485309833,0.013049288329212639,0.31180154191882137,0.0396648170627113,0.04495796267096771,0.05435637574899265,0.0
