,MAE,MedAE,RMSE,MaxAE,MSE,PearsonCorr,R2Coeff,Test Cases
"(0, 0)",0.492121166981547,0.3928420576828672,0.638310136433416,2.5471503482054874,0.4074398302736462,0.7927651108535732,0.6256453081519499,962.0
"(0, 1)",0.5121715763757559,0.3772272498303218,0.6962278648593471,3.094214996651683,0.4847332398066053,0.7488214541185828,0.5564637096798758,962.0
"(1, 0)",0.5042864719817837,0.3800079878897927,0.672945053318415,3.030484967128178,0.45285504478572447,0.7597993610007135,0.5749334147932053,962.0
"(1, 1)",0.5053821985015393,0.39356992839998545,0.6649063966860342,3.1436902979332295,0.4421005163540059,0.7770617863936702,0.603228500262846,962.0
"(2, 0)",0.5134449787174434,0.4136575867210006,0.6610162284351949,2.3077697133714397,0.4369424542546898,0.7776602191275759,0.5956564759481133,962.0
"(2, 1)",0.4850828533296535,0.36735512394830977,0.6474787708932461,3.4130619031186398,0.41922875875742865,0.7877160020410213,0.6191067312096045,962.0
mean,0.5020815409812871,0.3874433224120462,0.6634807417709422,2.9227287044014427,0.4405499740386834,0.7739706555891894,0.5958390233409324,962.0
std,0.010286374679809718,0.01481585497975575,0.018527799053412966,0.3762763378286425,0.02473145757155941,0.015267841975006037,0.02405513919825611,0.0
