,MAE,MedAE,RMSE,MaxAE,MSE,PearsonCorr,R2Coeff,Test Cases
"(0, 0)",0.47372678277840524,0.36639366479323787,0.624605279788429,2.3577621170842624,0.3901317555395816,0.8016652948786992,0.6415479237092018,962.0
"(0, 1)",0.4559390475866039,0.31002379376514744,0.6560098330423791,3.5727015248758205,0.4303489010482902,0.7796791200447956,0.6062259827891014,962.0
"(1, 0)",0.47621528013805137,0.33289126260921836,0.6667050529003653,2.963629952928918,0.44449562756287897,0.764256487177081,0.5827798746574542,962.0
"(1, 1)",0.4665598410927277,0.3180499704187223,0.6593403108354203,2.932053619340931,0.43472964549254867,0.7822613391299219,0.6098436282210489,962.0
"(2, 0)",0.4611435853643131,0.33315545142256736,0.6397710148415474,2.570615077557556,0.4093069514313835,0.7911175336133782,0.6212301790564136,962.0
"(2, 1)",0.47142853205393515,0.34020769080504376,0.6625823056773757,4.016721871523639,0.43901531179674735,0.776208042317957,0.6011295177961483,962.0
mean,0.4675021781690061,0.33345363896898955,0.6515022995142529,3.0689140272185207,0.4246713654785717,0.7825313028603055,0.6104595177048947,962.0
std,0.007130986301381435,0.017875953828032132,0.014700993375024816,0.5680369622049816,0.018978950813563652,0.011704652554120159,0.01804628220764701,0.0
