,MAE,MedAE,RMSE,MaxAE,MSE,PearsonCorr,R2Coeff,Test Cases
"(0, 0)",1.34007324421455,1.274535759960591,1.6028682798518161,4.895484766689329,2.56918672255512,-0.0941430284319558,-1.3605623023558224,962.0
"(0, 1)",1.2729517187460866,1.2374568828545962,1.5116054932561387,4.8078826281700415,2.2849511672421343,0.05243972725044532,-1.0907556591034586,962.0
"(1, 0)",1.2608703463906228,1.1823677902979695,1.5194514544700604,4.518477043834714,2.308732722491182,0.05420943937973959,-1.1670623874111015,962.0
"(1, 1)",1.2355825237456874,1.181836545770067,1.4586240903591643,3.613919934955625,2.1275842369760998,0.08481604715800657,-0.9094408563101117,962.0
"(2, 0)",1.2673421520750874,1.2030130235264878,1.508027017235464,5.202192387310056,2.2741454847120903,0.061881884722481656,-1.104478497205454,962.0
"(2, 1)",1.2907522401645097,1.208986308692881,1.5398401280408887,4.689698300090818,2.37110761992498,0.026192013857147013,-1.1542866827263838,962.0
mean,1.2779287042227574,1.2146993851837653,1.523402743868922,4.621275843508431,2.322617992316934,0.030899347322644058,-1.1310977308520553,962.0
std,0.032268196335754964,0.032641497056752136,0.04315173564961188,0.496234455469652,0.13237996000278757,0.058497907692958186,0.1328865493384311,0.0
