,MAE,MedAE,RMSE,MaxAE,MSE,PearsonCorr,R2Coeff,Test Cases
"(0, 0)",1.348711385908821,1.2487090470092612,1.6165519956984513,4.594583441143516,2.613240354796646,-0.0986556635565787,-1.4010386689189231,962.0
"(0, 1)",1.2803844991233724,1.1786260829346276,1.520746077333357,4.258893332210569,2.3126686317247924,0.03497498576416759,-1.11611744650352,962.0
"(1, 0)",1.3072458746127742,1.2131209365922526,1.555406218314864,4.9911218497429175,2.4192885039725467,0.0032301563068581106,-1.2708341551108249,962.0
"(1, 1)",1.2854830655970746,1.2128724778382272,1.5420167553605886,4.33478347760231,2.377815673812797,0.044505787092231575,-1.1340158088432557,962.0
"(2, 0)",1.3123299435895734,1.2462591017916422,1.5496436945918215,3.9246739957008643,2.4013955801881908,-0.01346709189241053,-1.2222348551416737,962.0
"(2, 1)",1.3380756281343935,1.2754217072907759,1.583675624576669,4.140478691783933,2.5080284838783027,-0.13814847967871471,-1.2786871069514834,962.0
mean,1.3120383994943348,1.2291682255761311,1.561340060979292,4.374089131364019,2.438739538062213,-0.027926717660741108,-1.2371546735782804,962.0
std,0.02501017682065114,0.031333957574506875,0.030931408687507194,0.34173818545765894,0.0971510830527751,0.06774258166178387,0.09594047735095139,0.0
