,MAE,MedAE,RMSE,MaxAE,MSE,PearsonCorr,R2Coeff,Test Cases
"(0, 0)",1.321678086694515,1.212915643413364,1.5751821911664998,3.937277040210752,2.4811989353680954,-0.07636546142696674,-1.2797193446688726,962.0
"(0, 1)",1.2850530313472601,1.174466111031316,1.539587229060341,3.9029531581533026,2.370328835885699,-0.021781408921266458,-1.1688771727868525,962.0
"(1, 0)",1.3588480757733374,1.305182386290885,1.6030037394648384,4.004651231584854,2.5696209887382557,-0.1366962068829791,-1.4119418156763563,962.0
"(1, 1)",1.209971117466923,1.1243161548063036,1.4620876425410876,4.0279258979611425,2.137700274471355,0.12418661680846728,-0.9185196861687399,962.0
"(2, 0)",1.267999343059154,1.1759602816531642,1.5020140846236518,4.253263403301719,2.256046310407827,0.0350959794176756,-1.0877296465287714,962.0
"(2, 1)",1.2687506264852453,1.1529027999791421,1.511583977698666,4.084286116255242,2.2848861216353207,0.11132412346265277,-1.0759495275634285,962.0
mean,1.2853833801377392,1.190957229529029,1.5322431440925142,4.035059474577836,2.349963577751092,0.005960607076263895,-1.1571228655655037,962.0
std,0.046512254585114945,0.05761307181107788,0.04684575896043553,0.11403599521543738,0.1437579443302107,0.09471527284426776,0.15728782779314548,0.0
