,MAE,MedAE,RMSE,MaxAE,MSE,PearsonCorr,R2Coeff,Test Cases
"(0, 0)",0.45993812353968516,0.3146654260224861,0.675672869437331,3.0768391601336385,0.4565338264936765,0.7805395649423075,0.5805378678356821,962.0
"(0, 1)",0.471282568934548,0.2902521910818777,0.717118875585176,3.2733928190598074,0.5142594817205471,0.75941842499852,0.5294468708700817,962.0
"(1, 0)",0.4724192225476055,0.2749198336919076,0.7069136968793138,3.260177992475945,0.4997269748355783,0.7497271386398788,0.5309376782374375,962.0
"(1, 1)",0.488614165408682,0.3151705576817769,0.7207871991726365,3.0469834768768305,0.5195341864911339,0.7538145516693009,0.5337341832603775,962.0
"(2, 0)",0.48734657706187806,0.3075947468377198,0.7195161588480978,3.068753680912046,0.5177035028435212,0.7437010605463246,0.520920760353173,962.0
"(2, 1)",0.4590645925497287,0.28853073945763597,0.6837380146901189,3.3803306324613165,0.46749767273238524,0.7762145582782676,0.5752516663057161,962.0
mean,0.4731108750070212,0.2985222491289007,0.7039578024354457,3.1844129603199307,0.49587594085280706,0.7605692165124331,0.5451381711437447,962.0
std,0.011673672262705721,0.014974292930655103,0.017870457270733314,0.12641040564722686,0.024973546505838478,0.013494608132654224,0.023538500181811563,0.0
