,MAE,MedAE,RMSE,MaxAE,MSE,PearsonCorr,R2Coeff,Test Cases
"(0, 0)",0.4483125715181911,0.3194737644607354,0.6165659876471227,2.205296207297536,0.3801536171232718,0.8067373969392051,0.6507158122034271,962.0
"(0, 1)",0.44177810467886414,0.2822615766968647,0.6623132582483748,4.246091750998782,0.4386588520515784,0.775699925176067,0.5986222854602139,962.0
"(1, 0)",0.4398730077870666,0.2915803230983638,0.6397567579677909,3.0693050382757585,0.4092887093654585,0.7850829011135818,0.6158263973055865,962.0
"(1, 1)",0.45559356627111364,0.3055748503925343,0.6568307788127206,3.7376144243833056,0.43142667199572504,0.784176846002124,0.6128079444782083,962.0
"(2, 0)",0.4346939087159622,0.2914555821870265,0.6217108735871825,2.548051829926252,0.38652441033653756,0.8022618125084989,0.6423129849578457,962.0
"(2, 1)",0.4474503527716848,0.29293247137025247,0.647096866992627,4.264617145471076,0.4187343552716736,0.7884791912636476,0.6195559250109763,962.0
mean,0.44461691862381375,0.29721309470096285,0.6407124205426363,3.345162732725452,0.41079776935737417,0.7904063455005207,0.6233068915693764,962.0
std,0.006723127660439287,0.012056845008822805,0.016892706111514857,0.7981088896164718,0.021584401139447033,0.010757894662554987,0.017804801457076063,0.0
