,MAE,MedAE,RMSE,MaxAE,MSE,PearsonCorr,R2Coeff,Test Cases
"(0, 0)",0.39964432298151004,0.22956087323763819,0.609351865371558,3.0994179650410008,0.37130969583179746,0.8181802509344069,0.6588415848545071,962.0
"(0, 1)",0.42429954019038496,0.24474311849757868,0.6833059002498931,4.461791048778302,0.4669069533163169,0.7742526366511465,0.5727749595195624,962.0
"(1, 0)",0.4122764193624418,0.23276500867905597,0.6399740526232506,3.127270244253594,0.40956678803102703,0.7909620500745094,0.6155653823292645,962.0
"(1, 1)",0.4238715884717765,0.24922044538907867,0.6666024436210352,4.332719336284406,0.4443588178415353,0.7842684820394007,0.6012017447289344,962.0
"(2, 0)",0.38835671214298534,0.2152214787580456,0.6083738583264175,3.041952025792961,0.370118751494972,0.8166651943878201,0.657494668142435,962.0
"(2, 1)",0.40845223612986514,0.24460778438897213,0.6398836202952541,4.472925196422345,0.409451047522161,0.7994220368487076,0.627990340255721,962.0
mean,0.40948346987982726,0.2360197848250615,0.6412486234145681,3.7560126360954347,0.41195200900630163,0.7972917751559986,0.6223114466384041,962.0
std,0.01277071265357287,0.011611692154248577,0.027426483099789546,0.6684551240918752,0.035317630877108194,0.01610729283176985,0.03041258610249759,0.0
