,MAE,MedAE,RMSE,MaxAE,MSE,PearsonCorr,R2Coeff,Test Cases
"(0, 0)",0.4581356152623584,0.29514261452802604,0.6772646350162934,2.986107062507906,0.45868738584375307,0.7793024808037055,0.5785591829183707,962.0
"(0, 1)",0.48305119822246523,0.2861033516659142,0.7335792692498729,3.266747735632378,0.5381385442731775,0.7491755605968216,0.5075972638055002,962.0
"(1, 0)",0.47846289028921435,0.29642907812687014,0.7146999777896514,3.2974504457840506,0.5107960582525283,0.7465587019134454,0.5205478249199409,962.0
"(1, 1)",0.48443798323111614,0.2980993675234193,0.7203715007312899,3.101852055787658,0.5189350990658508,0.7572185419439689,0.5342718456412394,962.0
"(2, 0)",0.47923931291273414,0.28737482097413247,0.7141131152305713,2.9495019344006277,0.5099575413443111,0.7522287003196954,0.52808881953182,962.0
"(2, 1)",0.46112240998347764,0.3002407333880671,0.6807309969415458,3.3994828565251898,0.4633946901970309,0.7765413331939943,0.5789794602536147,962.0
mean,0.4740749016502277,0.29389832770107155,0.7067932491598707,3.166857015106302,0.49998488649610867,0.7601708864619384,0.541340732845081,962.0
std,0.010454033024952911,0.005309513228126381,0.02069273877816641,0.16597540153496604,0.029084570545831332,0.012987127256108734,0.027684038489001767,0.0
