,MAE,MedAE,RMSE,MaxAE,MSE,PearsonCorr,R2Coeff,Test Cases
"(0, 0)",0.4553458988202608,0.3545907896294586,0.6093801457761517,2.3739820516538606,0.371344162066164,0.8124003745934933,0.658809917365011,962.0
"(0, 1)",0.45251044907681115,0.299134807080885,0.6531485651610088,3.856471496298351,0.4266030481718846,0.7820837098305403,0.6096534797141085,962.0
"(1, 0)",0.4617629423837892,0.3368721268980047,0.6394743178436617,3.128487942592738,0.40892740318161647,0.7856496908961486,0.6161655327255144,962.0
"(1, 1)",0.4528785600938742,0.3009218786435762,0.6403706640300896,3.7393002109082456,0.4100745873503379,0.7958849074826672,0.6319707781186945,962.0
"(2, 0)",0.44544012735457034,0.31978659773147466,0.6140562949214,2.39089203496904,0.3770651333325974,0.8110413228458531,0.6510665344504905,962.0
"(2, 1)",0.461977697676893,0.31959379293739976,0.6480312300271682,4.042395440229289,0.4199444750905247,0.7864623672673144,0.6184564620476137,962.0
mean,0.4549859459010331,0.3218166654867998,0.6340768696265799,3.255254862775254,0.40232646819885415,0.7955870621526695,0.6310204507369054,962.0
std,0.005724707438165566,0.01941190050396275,0.016522457547568346,0.6776412947270635,0.020822225815936152,0.012151558808252728,0.018303337134058698,0.0
