,MAE,MedAE,RMSE,MaxAE,MSE,PearsonCorr,R2Coeff,Test Cases
"(0, 0)",1.328643043845937,1.273976293592569,1.577474612364156,4.3234509719662695,2.4884261526534446,-0.04957906041306485,-1.2863596937431363,962.0
"(0, 1)",1.3251268637057374,1.2336475736023997,1.5774030931518668,4.283175787654905,2.488200518285077,-0.0014270368961246463,-1.2767310694292004,962.0
"(1, 0)",1.2971580123169029,1.2239620430119222,1.5231360746905114,3.9402215096626563,2.319943502023619,0.03939735534859599,-1.1775852419718005,962.0
"(1, 1)",1.268540203678864,1.1639436993274972,1.5175720037001315,4.369529566494016,2.3030247864144315,0.004831431940829931,-1.0668933073713043,962.0
"(2, 0)",1.2747926736952393,1.193899370927111,1.515083652751035,4.424329449062827,2.2954784748334185,0.03671708606170868,-1.1242198986651393,962.0
"(2, 1)",1.258357836730544,1.2307019318135703,1.492264546552611,3.777004799572019,2.2268534768978694,0.029941628464070086,-1.0232235556713394,962.0
mean,1.2921031056622039,1.2200218187125116,1.5338223305350518,4.186285347402116,2.3536544851846433,0.009980234084335866,-1.1591687944753202,962.0
std,0.027217924054765953,0.034286718739049246,0.032303924477767545,0.240313539366,0.09952284330875812,0.030775068639192747,0.0987883914227643,0.0
