,MAE,MedAE,RMSE,MaxAE,MSE,PearsonCorr,R2Coeff,Test Cases
"(0, 0)",1.2464178878269483,1.1515030664738999,1.4910133872192153,4.071344217983274,2.2231209208669176,0.07764928223331444,-1.0425979136922847,962.0
"(0, 1)",1.2713989149334128,1.192433523650092,1.5225358501503,4.218548227673057,2.318115414992896,-0.027325300043645074,-1.12110131360097,962.0
"(1, 0)",1.3048616516280964,1.2508152518410602,1.568776296064176,4.595007110958579,2.461059067092835,-0.07877839094205637,-1.3100415589636563,962.0
"(1, 1)",1.2747236469197116,1.146885509368652,1.5443386045928782,4.015910229412107,2.384981725635878,-0.0005406201686265365,-1.1404471180678781,962.0
"(2, 0)",1.2850919559877627,1.1710364931329378,1.532069001627943,4.145638069835691,2.347235425749242,0.02008425750243904,-1.1721154229468933,962.0
"(2, 1)",1.2835970163114314,1.2325081023221003,1.5296989109102188,3.5759617898140235,2.3399787580399094,0.061128806282789716,-1.1260043339861108,962.0
mean,1.277681845601227,1.1908636577981238,1.5314053417607887,4.103734940946122,2.3457485520629464,0.008703005810702538,-1.1520512768762987,962.0
std,0.01757982768714146,0.03917347745207719,0.023371591504837246,0.30099644128420067,0.07149869963685893,0.052706838107192386,0.08074087963582077,0.0
