,MAE,MedAE,RMSE,MaxAE,MSE,PearsonCorr,R2Coeff,Test Cases
"(0, 0)",1.2675943833659202,1.1953885470498151,1.5229291385429296,4.459520182338743,2.3193131610231097,0.07095919431788841,-1.1309791021432511,962.0
"(0, 1)",1.264493538482263,1.1857817489339495,1.5109349060987762,5.036557923091657,2.282924290467718,-0.0061737198193149104,-1.088901044375945,962.0
"(1, 0)",1.2799758001917165,1.1971453702363293,1.53425217198067,4.350483215578555,2.353929727227404,0.029401762357647947,-1.2094859767825996,962.0
"(1, 1)",1.2904697463231785,1.178120319321398,1.5501347874156624,4.630591402782208,2.4029178591562004,-0.00044313946402729147,-1.1565442415343563,962.0
"(2, 0)",1.2720752460519495,1.1476647510846885,1.5382372166318112,4.196807552700522,2.366173734631182,0.03520366538210336,-1.1896408029559575,962.0
"(2, 1)",1.2451152064541837,1.1461683944349117,1.497516075419568,4.923551569713361,2.242554396140025,0.06628987261606137,-1.037488737456301,962.0
mean,1.2699539868115353,1.1750448551768486,1.5256673826815697,4.599585307700841,2.32796886144094,0.032539605898393144,-1.1355066508747351,962.0
std,0.01401298270979311,0.020858883068732632,0.017547047116506898,0.30021120205102997,0.0534641570788528,0.029492009179391074,0.05866020784943911,0.0
