,MAE,MedAE,RMSE,MaxAE,MSE,PearsonCorr,R2Coeff,Test Cases
"(0, 0)",0.386075834422713,0.22683065264941046,0.6046941262219347,3.212035219298203,0.36565498628730914,0.8254110974514455,0.6640371177693805,962.0
"(0, 1)",0.4468175486933352,0.25672448988503505,0.7049154816440661,4.297309289706952,0.4969058362614857,0.7596247543213493,0.5453256489244063,962.0
"(1, 0)",0.4263176274291133,0.25469488783833705,0.6613760113673425,3.169264339102227,0.4374182284121751,0.7783326448623555,0.5894229846852084,962.0
"(1, 1)",0.41245637865284157,0.234702710297923,0.6591494754680062,4.218783627284772,0.43447803100974774,0.7943084588953893,0.6100694444144337,962.0
"(2, 0)",0.42548150471326274,0.24606849640402617,0.6689789273586921,3.132154834173088,0.44753280524998623,0.7897545155825724,0.5858562384095368,962.0
"(2, 1)",0.41472188682363076,0.24060946342051337,0.6674534855207284,4.3654397828710145,0.4454941553337691,0.7849587615011937,0.5952431184467525,962.0
mean,0.4186451301224827,0.2432717834158742,0.6610945845967949,3.732497848739376,0.4379140070924121,0.7887317054357176,0.598325758774953,962.0
std,0.018320025044156096,0.010568127966267587,0.029461115206373976,0.5634161257317144,0.03843486622396169,0.01977841537428133,0.0353769216050358,0.0
