,MAE,MedAE,RMSE,MaxAE,MSE,PearsonCorr,R2Coeff,Test Cases
"(0, 0)",1.2685615495447715,1.220852335034286,1.504029270090233,3.7348408314857764,2.2621040452881584,0.04089691820450182,-1.078415510416165,962.0
"(0, 1)",1.290480317035278,1.1323499295387551,1.5677135090627303,4.274396500316648,2.4577256464977792,-0.014110891468810088,-1.2488462237645779,962.0
"(1, 0)",1.2965425717981478,1.247773041652618,1.5500844992540417,4.08758338424304,2.402761954827653,0.039731828215369136,-1.2553217215161054,962.0
"(1, 1)",1.300309467495451,1.2340004037100871,1.5667727713688049,4.5180757853660864,2.454776917102685,-0.0660747880451922,-1.2030861374047213,962.0
"(2, 0)",1.2462252274837657,1.1627220029081364,1.484259471848422,3.7501271578941626,2.203026179771757,0.07320323630395889,-1.0386651844735835,962.0
"(2, 1)",1.297100272004744,1.2157983758492992,1.5369693988904558,3.99074169131854,2.362274933125689,-0.00385929994110934,-1.1462616823491305,962.0
mean,1.2832032342270263,1.2022493481155303,1.534971486752448,4.0592942251040425,2.357111612768954,0.011631167211453035,-1.1617660766540474,962.0
std,0.01957207470565634,0.04094411479071781,0.031211338099051158,0.2778199402877359,0.09534242462611596,0.04542039678093778,0.0820411389866396,0.0
