,MAE,MedAE,RMSE,MaxAE,MSE,PearsonCorr,R2Coeff,Test Cases
"(0, 0)",0.4219384793776823,0.24309898759525095,0.6466403797713242,3.1487853928669285,0.4181437807508024,0.7981185416637995,0.6158105453607389,962.0
"(0, 1)",0.4548542937257963,0.2654549279637959,0.7163048004334698,4.386824856532819,0.513092567124033,0.7580867724011372,0.5305146106674696,962.0
"(1, 0)",0.4394741015071442,0.24977940717177882,0.6770527103781655,3.2587801443466726,0.4584003726304201,0.771072408732894,0.5697283638658996,962.0
"(1, 1)",0.45409197836667037,0.23911201450243358,0.7201403298369472,4.4802702767980165,0.5186020946576672,0.7532911993936733,0.534570706767989,962.0
"(2, 0)",0.42725798055595765,0.24737848306088905,0.6528409239979887,3.1942926763514325,0.4262012720465476,0.79028207992043,0.6055962916474871,962.0
"(2, 1)",0.4355224430236242,0.2692695382377143,0.6780633200060617,4.577144633067853,0.45976986593764285,0.7827141375335142,0.5822728201009717,962.0
mean,0.4388565460928125,0.2523488930886438,0.6818404107373262,3.8410163299939537,0.4657016588578522,0.7755941899409079,0.5730822230684259,962.0
std,0.012384746315232583,0.011181527344040923,0.028201296839090544,0.6435411881544106,0.03863263208354376,0.01632050728308605,0.032336068973932534,0.0
