,MAE,MedAE,RMSE,MaxAE,MSE,PearsonCorr,R2Coeff,Test Cases
"(0, 0)",1.306684993749377,1.1673604481691395,1.5960947476295935,5.76892932387927,2.5475184434107754,-0.04515191299473833,-1.3406535419469279,962.0
"(0, 1)",1.2906795033288896,1.1765403547532283,1.5422502714767727,4.2494390818748755,2.378535899870179,-0.05411906516972278,-1.1763867273524697,962.0
"(1, 0)",1.297083268407319,1.2319060138939937,1.5402513743735597,3.7394940468941016,2.3723742962596397,-0.010984813360879668,-1.2267987351683503,962.0
"(1, 1)",1.3099639830911103,1.2193117353592202,1.5782533979333335,4.4692121359978,2.490883788088113,-0.07238144778586103,-1.2354909341008482,962.0
"(2, 0)",1.2665805688739202,1.1695619528698282,1.517716020309966,4.230614981380491,2.303461918305521,0.05126473138191626,-1.1316077220184115,962.0
"(2, 1)",1.295217289458101,1.204275125836456,1.538326220536962,4.828408083644895,2.3664475607915345,0.05676542566644753,-1.1500527528753985,962.0
mean,1.2943682678181194,1.1948259384803108,1.5521486720433648,4.5476829422785725,2.4098703177876275,-0.012434513710473001,-1.2101650689104009,962.0
std,0.014075885611906602,0.025135493106929526,0.02654840224282801,0.6349616497245629,0.08277103915806093,0.05041493167957481,0.06936743177269213,0.0
