,MAE,MedAE,RMSE,MaxAE,MSE,PearsonCorr,R2Coeff,Test Cases
"(0, 0)",0.4208762589061234,0.23059979484696325,0.641322474209998,3.072615544424851,0.4112945159268335,0.8083250544026671,0.6221036326635695,962.0
"(0, 1)",0.44627476566018154,0.2689301035358893,0.7007714891742579,4.456031571162946,0.49108068003950706,0.7664219760987593,0.5506557314709681,962.0
"(1, 0)",0.4266440294711112,0.2489442902169866,0.651495055972459,3.1738267170319143,0.4244458079565575,0.7873459095601878,0.6015993809259641,962.0
"(1, 1)",0.43900173305682016,0.24956217865728192,0.6929559132005929,4.291994820369489,0.4801878976396677,0.7722316312648521,0.5690462570064909,962.0
"(2, 0)",0.4128113249224096,0.2352671705092636,0.6371534623411624,3.1644835570471717,0.4059645345733311,0.803344696383454,0.6243232284913574,962.0
"(2, 1)",0.4273096811670486,0.26327946630080207,0.667904952603109,4.5714478595388,0.44609702571176124,0.7865439983437927,0.594695376279419,962.0
mean,0.4288196321972824,0.24943050067786443,0.6652672245835966,3.788400011595862,0.443178410307943,0.7873688776756188,0.5937372678062948,962.0
std,0.011065962396064588,0.013708133253068324,0.024452611369372046,0.6572446326664156,0.03272413373648473,0.015071927516734588,0.026672542773812275,0.0
