,MAE,MedAE,RMSE,MaxAE,MSE,PearsonCorr,R2Coeff,Test Cases
"(0, 0)",0.39440614424760695,0.2334409570141066,0.6100934555837871,3.277756492720444,0.3722140245461665,0.8210228563613983,0.6580106899050133,962.0
"(0, 1)",0.4403167682830644,0.23464443926034198,0.7005202436593986,4.243611703647382,0.4907286117766232,0.7609459867978721,0.5509778778360932,962.0
"(1, 0)",0.41553173963588735,0.22981235534252265,0.6524075956326038,3.199055575025994,0.425635670839115,0.785128470501629,0.6004825313773577,962.0
"(1, 1)",0.42084674618311935,0.24151762760271306,0.6664198538091399,3.1891144478317255,0.4441154215509954,0.7886690889633728,0.6014201853496882,962.0
"(2, 0)",0.4094480684262574,0.23582542880090143,0.6469387599412665,3.1237493871668622,0.4185297591143436,0.796789490823357,0.612695456637321,962.0
"(2, 1)",0.43094396386698036,0.2580029452685608,0.6689653911442018,4.121140490306622,0.4475146945487149,0.7835114986460343,0.59340734318033,962.0
mean,0.41858223844048603,0.2388739588815244,0.6575575499617329,3.5257380161165046,0.43312303039599315,0.7893445653489439,0.6028323473809672,962.0
std,0.014762295290949079,0.009235074845127682,0.02722313142010258,0.4677914911783472,0.03564941977096241,0.01787771747073398,0.03143024806541046,0.0
