,MAE,MedAE,RMSE,MaxAE,MSE,PearsonCorr,R2Coeff,Test Cases
"(0, 0)",1.2940765348241277,1.2223428179539995,1.5335954280232027,4.621384463039426,2.3519149368536705,-0.028055146446782264,-1.1609335318232161,962.0
"(0, 1)",1.3091467088007527,1.2244201216373727,1.5576434345295633,4.111890635219602,2.426253069133054,0.02797426437435937,-1.2200484664316322,962.0
"(1, 0)",1.3413981269843158,1.2315222593084496,1.599906552437239,5.199949822155027,2.5597009765316114,-0.051226192005372685,-1.4026305233269838,962.0
"(1, 1)",1.2476493421699444,1.1378700910591284,1.4971940002535955,3.9092219683800025,2.241589874395363,0.014261749614266045,-1.011757379507996,962.0
"(2, 0)",1.2910924365235898,1.1876869172676674,1.5470265517322888,4.458857140270261,2.393291151764696,-0.03220427636566102,-1.2147350731514526,962.0
"(2, 1)",1.3363682939952484,1.2645830243948035,1.5977987840446337,4.511857439404014,2.5529609542945098,-0.10633100683258948,-1.3195108223434886,962.0
mean,1.3032885738829965,1.211404205270237,1.5555274585034204,4.4688602447447225,2.420951827162151,-0.02926343461029667,-1.221602632764128,962.0
std,0.03138538725992341,0.039773454152023394,0.035862975393019345,0.4083149786437499,0.11136109026544698,0.04397438223555029,0.12255778207270016,0.0
