,PRC-AUC,AUROC,Accuracy,Balanced Accuracy,F1-Score,MCC,Sensitivity,Specificity,Precision,Negative Predictive Value,Test Cases,Negative Test Cases,Positive Test Cases
"(0, 0)",0.1709873991893693,0.6961338739507754,0.9785823559408465,0.5227272727272727,0.08695652173913045,0.21090287403166305,0.045454545454545456,1.0,1.0,0.9785604900459418,1961.0,1917.0,44.0
"(0, 1)",0.20331096565265586,0.825482776617954,0.9785714285714285,0.5227272727272727,0.08695652173913045,0.21090169406915774,0.045454545454545456,1.0,1.0,0.9785495403472931,1960.0,1916.0,44.0
"(1, 0)",0.2681529080791959,0.7595082278180869,0.9785823559408465,0.5227272727272727,0.08695652173913045,0.21090287403166305,0.045454545454545456,1.0,1.0,0.9785604900459418,1961.0,1917.0,44.0
"(1, 1)",0.18098833802042336,0.7565418011007781,0.9780612244897959,0.5224663123932435,0.08510638297872342,0.17026674729496824,0.045454545454545456,0.9994780793319415,0.6666666666666666,0.9785385794583547,1960.0,1916.0,44.0
"(2, 0)",0.15402865977101007,0.7017830891070327,0.9785823559408465,0.5338300848864229,0.125,0.22209821562878881,0.06818181818181818,0.9994783515910276,0.75,0.9790495656617272,1961.0,1917.0,44.0
"(2, 1)",0.16887575703235586,0.6626494591003987,0.9780612244897959,0.5224663123932435,0.08510638297872342,0.17026674729496824,0.045454545454545456,0.9994780793319415,0.6666666666666666,0.9785385794583547,1960.0,1916.0,44.0
mean,0.1910573379575017,0.7336832046158377,0.9784068242289267,0.5244907546424546,0.09268038852913969,0.19922319205853486,0.04924242424242425,0.9997390850424851,0.8472222222222222,0.9786328741696022,1960.5,1916.5,44.0
std,0.03755265429266738,0.05336973437141317,0.0002444064560704448,0.004178305630320422,0.014477432776981736,0.020854397782520583,0.008469954460226475,0.00026091497329801814,0.1552824984374854,0.00018656465966015924,0.5,0.5,0.0
