,PRC-AUC,AUROC,Accuracy,Balanced Accuracy,F1-Score,MCC,Sensitivity,Specificity,Precision,Negative Predictive Value,Test Cases,Negative Test Cases,Positive Test Cases
"(0, 0)",0.18401740071602524,0.7028915919760991,0.9775624681285059,0.5333084364774505,0.12000000000000001,0.17863749963927886,0.06818181818181818,0.9984350547730829,0.5,0.9790281329923274,1961.0,1917.0,44.0
"(0, 1)",0.1617955595969141,0.7000083032833554,0.9780612244897959,0.5446716644524577,0.1568627450980392,0.22186361196747206,0.09090909090909091,0.9984342379958246,0.5714285714285714,0.9795186891961085,1960.0,1916.0,44.0
"(1, 0)",0.19931363582730358,0.6927194480011383,0.9780724120346762,0.5113636363636364,0.044444444444444446,0.14909280396098903,0.022727272727272728,1.0,1.0,0.9780612244897959,1961.0,1917.0,44.0
"(1, 1)",0.15100970523807905,0.7232100493452267,0.9780612244897959,0.5335689884228506,0.1224489795918367,0.1971668769997854,0.06818181818181818,0.9989561586638831,0.6,0.9790281329923274,1960.0,1916.0,44.0
"(2, 0)",0.15368818498520004,0.6615094608052354,0.9765425803161653,0.5105811637501778,0.04166666666666667,0.06946649989440827,0.022727272727272728,0.9984350547730829,0.25,0.9780275932549821,1961.0,1917.0,44.0
"(2, 1)",0.16641324917051387,0.6418675270449801,0.9780612244897959,0.5446716644524577,0.1568627450980392,0.22186361196747206,0.09090909090909091,0.9984342379958246,0.5714285714285714,0.9795186891961085,1960.0,1916.0,44.0
mean,0.16937295592233934,0.6870343967426725,0.9777268556581226,0.5296942589865051,0.10704759681650437,0.17301515073823426,0.06060606060606061,0.9987824573669496,0.5821428571428572,0.9788637436869417,1960.5,1916.5,44.0
std,0.01712844559331897,0.02724071405552127,0.0005604087944858202,0.014012157170227687,0.0475427632951291,0.05272864936700925,0.02834588929374198,0.0005768409354919822,0.22068808597773693,0.0006130714387491362,0.5,0.5,0.0
