,PRC-AUC,AUROC,Accuracy,Balanced Accuracy,F1-Score,MCC,Sensitivity,Specificity,Precision,Negative Predictive Value,Test Cases,Negative Test Cases,Positive Test Cases
"(0, 0)",0.1567767705877631,0.6890264143785271,0.9785823559408465,0.5560357092047232,0.1923076923076923,0.2603971028871946,0.11363636363636363,0.9984350547730829,0.625,0.9800307219662059,1961.0,1917.0,44.0
"(0, 1)",0.11166696096546422,0.6777673657240464,0.9775510204081632,0.5111026760296071,0.04347826086956522,0.1030292200671877,0.022727272727272728,0.9994780793319415,0.5,0.9780388151174668,1960.0,1916.0,44.0
"(1, 0)",0.1462085616631621,0.6781251481955707,0.9770525242223356,0.5108419879546641,0.04255319148936171,0.08216925316590665,0.022727272727272728,0.9989567031820553,0.3333333333333333,0.9780388151174668,1961.0,1917.0,44.0
"(1, 1)",0.1244808967387089,0.6909340007591573,0.9770408163265306,0.5108417156955779,0.04255319148936171,0.08216674077486852,0.022727272727272728,0.9989561586638831,0.3333333333333333,0.9780275932549821,1960.0,1916.0,44.0
"(2, 0)",0.10878398690978691,0.6002572675107887,0.9775624681285059,0.5111028121591502,0.04347826086956522,0.10303105974473263,0.022727272727272728,0.9994783515910276,0.5,0.9780500255232262,1961.0,1917.0,44.0
"(2, 1)",0.11805808069602136,0.63515372936041,0.9775510204081632,0.5222053520592143,0.08333333333333334,0.1457797927802468,0.045454545454545456,0.9989561586638831,0.5,0.9785276073619632,1960.0,1916.0,44.0
mean,0.12766254292681778,0.6618773209880834,0.9775567009057574,0.5203550421838229,0.07461732172647993,0.12942886157002279,0.041666666666666664,0.999043417700979,0.46527777777777773,0.978452263056885,1960.5,1916.5,44.0
std,0.017824235140401032,0.033188930539022485,0.0005119239974771605,0.016475968697931585,0.05465420280225625,0.06229097961236186,0.0332385014673944,0.0003584576593044379,0.10323658852304518,0.0007281514453363674,0.5,0.5,0.0
