,PRC-AUC,AUROC,Accuracy,Balanced Accuracy,F1-Score,MCC,Sensitivity,Specificity,Precision,Negative Predictive Value,Test Cases,Negative Test Cases,Positive Test Cases
"(0, 0)",0.13985036985983967,0.6614561103997724,0.9739928607853137,0.5758939156826481,0.21538461538461537,0.21840563461473483,0.1590909090909091,0.9926969222743871,0.3333333333333333,0.9809278350515463,1961.0,1917.0,44.0
"(0, 1)",0.16487080190096637,0.701010628202695,0.976530612244898,0.5994021635984058,0.28125000000000006,0.2930448280254015,0.20454545454545456,0.994258872651357,0.45,0.9819587628865979,1960.0,1916.0,44.0
"(1, 0)",0.18113074434868312,0.6355455968132024,0.9760326364099949,0.5658344003414426,0.20338983050847456,0.2238222344034769,0.13636363636363635,0.9953051643192489,0.4,0.9804727646454265,1961.0,1917.0,44.0
"(1, 1)",0.11303459921351192,0.6705257164547354,0.9729591836734693,0.5642674131713797,0.1846153846153846,0.18494660087237744,0.13636363636363635,0.9921711899791231,0.2857142857142857,0.9804022692109334,1960.0,1916.0,44.0
"(2, 0)",0.1094461926571749,0.6252845354958031,0.9719530851606323,0.5415421823872528,0.12698412698412698,0.12561898651214398,0.09090909090909091,0.9921752738654147,0.21052631578947367,0.9794026776519053,1961.0,1917.0,44.0
"(2, 1)",0.1411884729271105,0.6736038622129437,0.9729591836734693,0.5975754412602011,0.2535211267605634,0.24802576688595898,0.20454545454545456,0.9906054279749478,0.3333333333333333,0.9818934299017071,1960.0,1916.0,44.0
mean,0.14158686348454774,0.6612377415965253,0.9740712603246297,0.5740859194068884,0.21085751404219413,0.21564400855234891,0.1553030303030303,0.9928688085107463,0.335484544695071,0.9808429565580195,1960.5,1916.5,44.0
std,0.02568166967364732,0.025079330608013466,0.0016763874594507592,0.020081185880413424,0.049286477670305286,0.05189863600658927,0.0402657038361161,0.0015268816909339948,0.07678642083487303,0.0008908210711459689,0.5,0.5,0.0
