,PRC-AUC,AUROC,Accuracy,Balanced Accuracy,F1-Score,MCC,Sensitivity,Specificity,Precision,Negative Predictive Value,Test Cases,Negative Test Cases,Positive Test Cases
"(0, 0)",0.15753567419659537,0.6933892919808413,0.9765425803161653,0.5327867880684782,0.11538461538461538,0.15235971396054937,0.06818181818181818,0.9973917579551382,0.375,0.9790066564260113,1961.0,1917.0,44.0
"(0, 1)",0.16945615872770772,0.7050436515467831,0.9780612244897959,0.5446716644524577,0.1568627450980392,0.22186361196747206,0.09090909090909091,0.9984342379958246,0.5714285714285714,0.9795186891961085,1960.0,1916.0,44.0
"(1, 0)",0.2041263775807168,0.7360221937686726,0.9785823559408465,0.5338300848864229,0.125,0.22209821562878881,0.06818181818181818,0.9994783515910276,0.75,0.9790495656617272,1961.0,1917.0,44.0
"(1, 1)",0.1704596164849623,0.7568324160182198,0.9770408163265306,0.5330470677547922,0.1176470588235294,0.1641295865484273,0.06818181818181818,0.9979123173277662,0.42857142857142855,0.9790066564260113,1960.0,1916.0,44.0
"(2, 0)",0.18174679512255457,0.7082799829278702,0.9780724120346762,0.5335692606819368,0.1224489795918367,0.19716950201257563,0.06818181818181818,0.9989567031820553,0.6,0.9790388548057259,1961.0,1917.0,44.0
"(2, 1)",0.1916609409914633,0.6723465078762574,0.9775510204081632,0.5444107041184285,0.15384615384615385,0.20637488532741283,0.09090909090909091,0.9979123173277662,0.5,0.9795081967213115,1960.0,1916.0,44.0
mean,0.17916426051733336,0.7119856740197741,0.9776417349193629,0.5370525949937527,0.13186492545736242,0.19399925257420433,0.07575757575757575,0.9983476142299298,0.5375,0.9791881032061492,1960.5,1916.5,44.0
std,0.015404315469305806,0.027592261262564595,0.0006860144924244057,0.005306466743711559,0.016919421670854178,0.02694200296047479,0.010713739108887088,0.0007011523862336031,0.12240069555402389,0.0002306008671184119,0.5,0.5,0.0
