,PRC-AUC,AUROC,Accuracy,Balanced Accuracy,F1-Score,MCC,Sensitivity,Specificity,Precision,Negative Predictive Value,Test Cases,Negative Test Cases,Positive Test Cases
"(0, 0)",0.11050590399187596,0.7432244985061887,0.9719530851606323,0.5304393702281026,0.09836065573770492,0.09725914833184318,0.06818181818181818,0.9926969222743871,0.17647058823529413,0.9789094650205762,1961.0,1917.0,44.0
"(0, 1)",0.18254142898517117,0.7708531030556083,0.9770408163265306,0.5330470677547922,0.1176470588235294,0.1641295865484273,0.06818181818181818,0.9979123173277662,0.42857142857142855,0.9790066564260113,1960.0,1916.0,44.0
"(1, 0)",0.18673365631641559,0.7648195570730782,0.9770525242223356,0.5330476122729644,0.1176470588235294,0.1641331019641403,0.06818181818181818,0.9979134063641106,0.42857142857142855,0.9790174002047083,1961.0,1917.0,44.0
"(1, 1)",0.14028607715316713,0.7855024672613399,0.976530612244898,0.5216834313911558,0.08,0.11629048761793549,0.045454545454545456,0.9979123173277662,0.3333333333333333,0.9785056294779939,1960.0,1916.0,44.0
"(2, 0)",0.15688355389006767,0.7157194005785555,0.9775624681285059,0.5555140607957509,0.18518518518518517,0.23085631143681326,0.11363636363636363,0.9973917579551382,0.5,0.9800102511532548,1961.0,1917.0,44.0
"(2, 1)",0.14495647070791828,0.6548087872461568,0.9780612244897959,0.5557743404820649,0.18867924528301888,0.24442106968888322,0.11363636363636363,0.9979123173277662,0.5555555555555556,0.9800102511532548,1960.0,1916.0,44.0
mean,0.15365118184076929,0.7391546356201545,0.9763667884287829,0.5382509804874719,0.13125320064216128,0.16951495093134047,0.07954545454545454,0.9969565064294891,0.40375038904450666,0.9792432755726331,1960.5,1916.5,44.0
std,0.02599770423266251,0.043763757250485355,0.002030308904112152,0.012875964518165969,0.041403449607847705,0.05398363963295036,0.025409863380679427,0.001914413834121312,0.12258033677676514,0.000568486679780067,0.5,0.5,0.0
