,PRC-AUC,AUROC,Accuracy,Balanced Accuracy,F1-Score,MCC,Sensitivity,Specificity,Precision,Negative Predictive Value,Test Cases,Negative Test Cases,Positive Test Cases
"(0, 0)",0.11519945888055381,0.6772122634798692,0.972972972972973,0.530961018637075,0.10169491525423728,0.10526053757332611,0.06818181818181818,0.9937402190923318,0.2,0.9789311408016445,1961.0,1917.0,44.0
"(0, 1)",0.11094664338123422,0.6124739039665971,0.9734693877551021,0.5534256974758018,0.16129032258064516,0.1659370716042061,0.11363636363636363,0.9932150313152401,0.2777777777777778,0.9799176107106076,1960.0,1916.0,44.0
"(1, 0)",0.12720085411078919,0.640637596623512,0.9755226925038246,0.5655735761369565,0.19999999999999998,0.21591184338717162,0.13636363636363635,0.9947835159102765,0.375,0.9804627249357326,1961.0,1917.0,44.0
"(1, 1)",0.10445734088640043,0.6870492503321314,0.975,0.5320032264186753,0.10909090909090909,0.12692453711791257,0.06818181818181818,0.9958246346555324,0.2727272727272727,0.9789635710620831,1960.0,1916.0,44.0
"(2, 0)",0.06691288574719616,0.5921302224119126,0.972972972972973,0.530961018637075,0.10169491525423728,0.10526053757332611,0.06818181818181818,0.9937402190923318,0.2,0.9789311408016445,1961.0,1917.0,44.0
"(2, 1)",0.13350599073349378,0.6878262004175364,0.976530612244898,0.5882994875687987,0.2580645161290322,0.2742530108840387,0.18181818181818182,0.9947807933194155,0.4444444444444444,0.9814624098867147,1960.0,1916.0,44.0
mean,0.1097038622899446,0.6495549062052598,0.9744114397416285,0.5502040041457305,0.15530592971817683,0.16559125635666352,0.10606060606060606,0.9943474022308546,0.29499158249158247,0.9797780996997378,1960.5,1916.5,44.0
std,0.02145936387791816,0.03738885899027643,0.001360025319139747,0.02148535237778709,0.058419188960378406,0.062067657169098664,0.04285495643554833,0.0008736747327127971,0.08904710445284827,0.000950720033584,0.5,0.5,0.0
