,PRC-AUC,AUROC,Accuracy,Balanced Accuracy,F1-Score,MCC,Sensitivity,Specificity,Precision,Negative Predictive Value,Test Cases,Negative Test Cases,Positive Test Cases
"(0, 0)",0.1894580338147665,0.7043972589747238,0.9785823559408465,0.5227272727272727,0.08695652173913045,0.21090287403166305,0.045454545454545456,1.0,1.0,0.9785604900459418,1961.0,1917.0,44.0
"(0, 1)",0.21692569315263865,0.7193015752514709,0.9785714285714285,0.5227272727272727,0.08695652173913045,0.21090169406915774,0.045454545454545456,1.0,1.0,0.9785495403472931,1960.0,1916.0,44.0
"(1, 0)",0.28763456678480864,0.7657265139659505,0.9785823559408465,0.5227272727272727,0.08695652173913045,0.21090287403166305,0.045454545454545456,1.0,1.0,0.9785604900459418,1961.0,1917.0,44.0
"(1, 1)",0.15745614746269532,0.7329130290377681,0.9780612244897959,0.5224663123932435,0.08510638297872342,0.17026674729496824,0.045454545454545456,0.9994780793319415,0.6666666666666666,0.9785385794583547,1960.0,1916.0,44.0
"(2, 0)",0.15005790865294694,0.6899630103855456,0.9775624681285059,0.5333084364774505,0.12000000000000001,0.17863749963927886,0.06818181818181818,0.9984350547730829,0.5,0.9790281329923274,1961.0,1917.0,44.0
"(2, 1)",0.18359345761335344,0.6604075725944202,0.9780612244897959,0.5224663123932435,0.08510638297872342,0.17026674729496824,0.045454545454545456,0.9994780793319415,0.6666666666666666,0.9785385794583547,1960.0,1916.0,44.0
mean,0.19752096791353493,0.7121181600349799,0.9782368429268699,0.5244038132409593,0.09184705519580637,0.19197973939361654,0.04924242424242425,0.9995652022394944,0.8055555555555555,0.9786293020580356,1960.5,1916.5,44.0
std,0.04585106749886488,0.03312182428757689,0.0003801690586103872,0.003983978295116493,0.012617537910232205,0.019127353150295272,0.008469954460226475,0.0005567107830072495,0.2022252747022366,0.00017858677202373807,0.5,0.5,0.0
