,PRC-AUC,AUROC,Accuracy,Balanced Accuracy,F1-Score,MCC,Sensitivity,Specificity,Precision,Negative Predictive Value,Test Cases,Negative Test Cases,Positive Test Cases
"(0, 0)",0.17502654308743892,0.7172487788684971,0.9775624681285059,0.5333084364774505,0.12000000000000001,0.17863749963927886,0.06818181818181818,0.9984350547730829,0.5,0.9790281329923274,1961.0,1917.0,44.0
"(0, 1)",0.1779359395679766,0.746471104573923,0.9780612244897959,0.5224663123932435,0.08510638297872342,0.17026674729496824,0.045454545454545456,0.9994780793319415,0.6666666666666666,0.9785385794583547,1960.0,1916.0,44.0
"(1, 0)",0.21374486311465327,0.7609546165884195,0.9775624681285059,0.5111028121591502,0.04347826086956522,0.10303105974473263,0.022727272727272728,0.9994783515910276,0.5,0.9780500255232262,1961.0,1917.0,44.0
"(1, 1)",0.1922729298089388,0.7089046783070792,0.9785714285714285,0.544932624786487,0.16,0.24097831898071095,0.09090909090909091,0.9989561586638831,0.6666666666666666,0.9795291709314228,1960.0,1916.0,44.0
"(2, 0)",0.13020727221353395,0.6624282733437663,0.9780724120346762,0.5335692606819368,0.1224489795918367,0.19716950201257563,0.06818181818181818,0.9989567031820553,0.6,0.9790388548057259,1961.0,1917.0,44.0
"(2, 1)",0.16942363615142186,0.6602177832605807,0.9785714285714285,0.5338299487568798,0.125,0.22209613729127342,0.06818181818181818,0.9994780793319415,0.75,0.9790388548057259,1960.0,1916.0,44.0
mean,0.1764351973239939,0.7093708724903776,0.9780669049873901,0.5298682325425247,0.1093389372400209,0.18536321082725662,0.0606060606060606,0.9991304044789887,0.6138888888888888,0.9788706030861305,1960.5,1916.5,44.0
std,0.025276024594502684,0.0381209094356714,0.00041191904110044153,0.010607333512769487,0.036565441367457395,0.04403305227728596,0.021427478217774163,0.0003887732324610311,0.09149816162222557,0.0004652475661115626,0.5,0.5,0.0
