,PRC-AUC,AUROC,Accuracy,Balanced Accuracy,F1-Score,MCC,Sensitivity,Specificity,Precision,Negative Predictive Value,Test Cases,Negative Test Cases,Positive Test Cases
"(0, 0)",0.21512128835493316,0.7460876369327074,0.9785823559408465,0.5449328970455731,0.16,0.24098100147103288,0.09090909090909091,0.9989567031820553,0.6666666666666666,0.979539641943734,1961.0,1917.0,44.0
"(0, 1)",0.21141320126686103,0.7469455779085216,0.9780612244897959,0.5224663123932435,0.08510638297872342,0.17026674729496824,0.045454545454545456,0.9994780793319415,0.6666666666666666,0.9785385794583547,1960.0,1916.0,44.0
"(1, 0)",0.20591387620776958,0.7282271067482333,0.9785823559408465,0.5449328970455731,0.16,0.24098100147103288,0.09090909090909091,0.9989567031820553,0.6666666666666666,0.979539641943734,1961.0,1917.0,44.0
"(1, 1)",0.1567355957985717,0.7068169956348453,0.9785714285714285,0.5338299487568798,0.125,0.22209613729127342,0.06818181818181818,0.9994780793319415,0.75,0.9790388548057259,1960.0,1916.0,44.0
"(2, 0)",0.15681956493923932,0.700716080997771,0.9770525242223356,0.5330476122729644,0.1176470588235294,0.1641331019641403,0.06818181818181818,0.9979134063641106,0.42857142857142855,0.9790174002047083,1961.0,1917.0,44.0
"(2, 1)",0.20078145407252196,0.6396493642057316,0.9790816326530613,0.5451935851205162,0.163265306122449,0.2654437460668489,0.09090909090909091,0.9994780793319415,0.8,0.979539641943734,1960.0,1916.0,44.0
mean,0.19113083010664944,0.7114071270713017,0.9783219203030523,0.5374005421057918,0.13516979132078363,0.21731695592654943,0.07575757575757575,0.9990435084540077,0.6630952380952381,0.9792022933833318,1960.5,1916.5,44.0
std,0.024694414760891594,0.03659047069185873,0.0006395831181844404,0.00845510312776664,0.028691613590559703,0.03764139357444652,0.016939908920452953,0.0005565903023337365,0.11642954522915384,0.0003747946068573662,0.5,0.5,0.0
