,PRC-AUC,AUROC,Accuracy,Balanced Accuracy,F1-Score,MCC,Sensitivity,Specificity,Precision,Negative Predictive Value,Test Cases,Negative Test Cases,Positive Test Cases
"(0, 0)",0.15161145294853667,0.6757065964812443,0.9760326364099949,0.5547315881822924,0.17543859649122806,0.1997741485967791,0.11363636363636363,0.9958268127282212,0.38461538461538464,0.9799794661190965,1961.0,1917.0,44.0
"(0, 1)",0.13301360401137627,0.6386411083697097,0.9760204081632653,0.5436278231163408,0.14545454545454545,0.17302759359513806,0.09090909090909091,0.9963465553235908,0.36363636363636365,0.9794766546947152,1960.0,1916.0,44.0
"(1, 0)",0.14075074513386637,0.642172902736283,0.9765425803161653,0.5438896002276283,0.14814814814814814,0.18251576400193972,0.09090909090909091,0.9968701095461658,0.4,0.9794976934905176,1961.0,1917.0,44.0
"(1, 1)",0.11219987911294986,0.5782703074587209,0.9770408163265306,0.5552524198140064,0.18181818181818182,0.21913065007236351,0.11363636363636363,0.9968684759916493,0.45454545454545453,0.9799897383273474,1960.0,1916.0,44.0
"(2, 0)",0.10191301065801767,0.5949222269644805,0.9760326364099949,0.532525963863992,0.11320754716981131,0.14253988501741952,0.06818181818181818,0.9968701095461658,0.3333333333333333,0.9789959016393442,1961.0,1917.0,44.0
"(2, 1)",0.13746653695098587,0.7195328810020877,0.976530612244898,0.5438887834503701,0.14814814814814814,0.18251153740355455,0.09090909090909091,0.9968684759916493,0.4,0.9794871794871794,1960.0,1916.0,44.0
mean,0.12949253813595546,0.641541003835421,0.9763666149784748,0.5456526964424383,0.15203586120501048,0.1832499297811991,0.09469696969696968,0.9966084231879071,0.3893550893550894,0.9795711056263667,1960.5,1916.5,44.0
std,0.017086264323950672,0.047320398511439786,0.0003775687329234031,0.0077159151705384395,0.022419689833681405,0.023534952802666844,0.015617824339460833,0.000398267939691741,0.037190426098449095,0.0003401531944232469,0.5,0.5,0.0
