,PRC-AUC,AUROC,Accuracy,Balanced Accuracy,F1-Score,MCC,Sensitivity,Specificity,Precision,Negative Predictive Value,Test Cases,Negative Test Cases,Positive Test Cases
"(0, 0)",0.17714708055761635,0.7227260871627069,0.9785823559408465,0.5227272727272727,0.08695652173913045,0.21090287403166305,0.045454545454545456,1.0,1.0,0.9785604900459418,1961.0,1917.0,44.0
"(0, 1)",0.1286640904451735,0.7149897988233062,0.9780612244897959,0.5335689884228506,0.1224489795918367,0.1971668769997854,0.06818181818181818,0.9989561586638831,0.6,0.9790281329923274,1960.0,1916.0,44.0
"(1, 0)",0.1951528135212738,0.7680561483378385,0.9775624681285059,0.5222056243183004,0.08333333333333334,0.14578235776159854,0.045454545454545456,0.9989567031820553,0.5,0.9785385794583547,1961.0,1917.0,44.0
"(1, 1)",0.17314398483902968,0.7056486050483963,0.9785714285714285,0.5338299487568798,0.125,0.22209613729127342,0.06818181818181818,0.9994780793319415,0.75,0.9790388548057259,1960.0,1916.0,44.0
"(2, 0)",0.15890443943707047,0.6996550007113388,0.9775624681285059,0.5222056243183004,0.08333333333333334,0.14578235776159854,0.045454545454545456,0.9989567031820553,0.5,0.9785385794583547,1961.0,1917.0,44.0
"(2, 1)",0.20720800447972437,0.6983120611121655,0.9790816326530613,0.5451935851205162,0.163265306122449,0.2654437460668489,0.09090909090909091,0.9994780793319415,0.8,0.979539641943734,1960.0,1916.0,44.0
mean,0.17337006887998138,0.7182312835326253,0.978236929652024,0.52995517394402,0.11072291235334715,0.19786239165212796,0.06060606060606061,0.9993042872819795,0.6916666666666668,0.9788740464507396,1960.5,1916.5,44.0
std,0.025303786686185235,0.02385164263658855,0.0005605653404525612,0.008491528179346172,0.029346375211014356,0.04232751601820991,0.016939908920452953,0.00038885440442694706,0.17892425461319908,0.0003690789530293762,0.5,0.5,0.0
