,PRC-AUC,AUROC,Accuracy,Balanced Accuracy,F1-Score,MCC,Sensitivity,Specificity,Precision,Negative Predictive Value,Test Cases,Negative Test Cases,Positive Test Cases
"(0, 0)",0.02435720603252419,0.5427277469530991,0.517593064762876,0.5534096836913738,0.052104208416833664,0.03165180443151175,0.5909090909090909,0.5159102764736567,0.027253668763102725,0.9821251241310824,1961.0,1917.0,44.0
"(0, 1)",0.02164876768299505,0.4300270449800721,0.5377551020408163,0.46379768457012716,0.036170212765957444,-0.021531070130189633,0.38636363636363635,0.541231732776618,0.018973214285714284,0.974624060150376,1960.0,1916.0,44.0
"(1, 0)",0.030022847295018994,0.5619694598567838,0.4864864864864865,0.5486022193768673,0.05089538171536286,0.028812239629599955,0.6136363636363636,0.4835680751173709,0.02654867256637168,0.9819915254237288,1961.0,1917.0,44.0
"(1, 1)",0.06609524455985612,0.5566639779844372,0.5091836734693878,0.5380053141013476,0.04940711462450593,0.022521893357461784,0.5681818181818182,0.5078288100208769,0.025826446280991736,0.9808467741935484,1960.0,1916.0,44.0
"(2, 0)",0.04579956463133082,0.45795988049509173,0.4660887302396736,0.4715523782425191,0.03856749311294766,-0.01688913756798653,0.4772727272727273,0.4658320292123109,0.020095693779904306,0.9748908296943232,1961.0,1917.0,44.0
"(2, 1)",0.039337739247520986,0.4943181818181818,0.5153061224489796,0.4967261339912697,0.04233870967741936,-0.00194097777334148,0.4772727272727273,0.5161795407098121,0.022151898734177215,0.9772727272727273,1960.0,1916.0,44.0
mean,0.0378768949082077,0.5072777153479443,0.5054021965747034,0.5120155689955841,0.044913853385504486,0.007104125324509308,0.518939393939394,0.5050917440517743,0.023474932401710325,0.978625173477631,1960.5,1916.5,44.0
std,0.015105176724284986,0.05042281066408211,0.0231339137700686,0.03633988528547707,0.006205215391232643,0.021560006649462313,0.0791838824256321,0.024352151606918792,0.003232426394048107,0.003170195362780831,0.5,0.5,0.0
