,PRC-AUC,AUROC,Accuracy,Balanced Accuracy,F1-Score,MCC,Sensitivity,Specificity,Precision,Negative Predictive Value,Test Cases,Negative Test Cases,Positive Test Cases
"(0, 0)",0.028564691827581798,0.5062123583250344,0.5084140744518103,0.4932007872148717,0.04174950298210736,-0.004028614792684744,0.4772727272727273,0.5091288471570161,0.02182952182952183,0.9769769769769769,1961.0,1917.0,44.0
"(0, 1)",0.036540336848042095,0.5313033782501423,0.4954081632653061,0.5420620611121655,0.04995196926032661,0.024927797819368862,0.5909090909090909,0.4932150313152401,0.026078234704112337,0.9813084112149533,1960.0,1916.0,44.0
"(1, 0)",0.03253093086222021,0.4487598994641248,0.5160632330443651,0.474907525963864,0.03850050658561297,-0.014875827663822372,0.4318181818181818,0.5179968701095462,0.02014846235418876,0.9754420432220039,1961.0,1917.0,44.0
"(1, 1)",0.031137478011209765,0.5377443537673183,0.5224489795918368,0.511482254697286,0.044897959183673466,0.006810725231388422,0.5,0.5229645093945721,0.023504273504273504,0.978515625,1960.0,1916.0,44.0
"(2, 0)",0.024857568573032937,0.5375705410916678,0.5130035696073432,0.5288566415326978,0.04785643070787638,0.017098972369355325,0.5454545454545454,0.5122587376108503,0.02502606882168926,0.9800399201596807,1961.0,1917.0,44.0
"(2, 1)",0.018100614360083395,0.386814386031505,0.4719387755102041,0.4079284494211425,0.028169014084507043,-0.05460518417807451,0.3409090909090909,0.47494780793319413,0.014691478942213516,0.9691160809371672,1960.0,1916.0,44.0
mean,0.028621936747028367,0.4914008194882988,0.5045461325784776,0.4930729533236713,0.041854230467350644,-0.004112021869078168,0.481060606060606,0.5050853005867365,0.0218796733593332,0.9768998429184635,1960.5,1916.5,44.0
std,0.005904535156758174,0.0560469035192521,0.016764978218020185,0.04396758851376398,0.007181082148622137,0.026070256744136395,0.0802637125015799,0.016347043355306547,0.00376024806586247,0.003971238082346902,0.5,0.5,0.0
