,PRC-AUC,AUROC,Accuracy,Balanced Accuracy,F1-Score,MCC,Sensitivity,Specificity,Precision,Negative Predictive Value,Test Cases,Negative Test Cases,Positive Test Cases
"(0, 0)",0.1281968414195447,0.6075781287048893,0.9755226925038246,0.5544707639778063,0.17241379310344826,0.1916389855548921,0.11363636363636363,0.9953051643192489,0.35714285714285715,0.9799691833590138,1961.0,1917.0,44.0
"(0, 1)",0.1530264104154818,0.7003285727842095,0.975,0.5764139305371039,0.22222222222222218,0.23106653793198204,0.1590909090909091,0.9937369519832986,0.3684210526315789,0.9809376609994848,1960.0,1916.0,44.0
"(1, 0)",0.20047313167471795,0.6278631384265188,0.9770525242223356,0.5663560487504149,0.21052631578947364,0.2422042477409667,0.13636363636363635,0.9963484611371936,0.46153846153846156,0.9804928131416838,1961.0,1917.0,44.0
"(1, 1)",0.11850458557651337,0.6162934143101158,0.9739795918367347,0.5647893338394383,0.19047619047619047,0.1959151552599326,0.13636363636363635,0.9932150313152401,0.3157894736842105,0.9804224626481195,1960.0,1916.0,44.0
"(2, 0)",0.05839594480506305,0.5962856262152036,0.9750127485976543,0.5320043154550197,0.10909090909090909,0.1269294167757987,0.06818181818181818,0.9958268127282212,0.2727272727272727,0.978974358974359,1961.0,1917.0,44.0
"(2, 1)",0.13136062863194026,0.6572167394192446,0.9755102040816327,0.5766748908711331,0.22580645161290322,0.23814769779076114,0.1590909090909091,0.994258872651357,0.3888888888888889,0.9809474768280123,1960.0,1916.0,44.0
mean,0.1316595904205435,0.6342609366433636,0.9753462935403636,0.5617848805718193,0.18842264704919112,0.20431700684238888,0.12878787878787876,0.9947818823557598,0.360751334435545,0.9802906593251121,1960.5,1916.5,44.0
std,0.04231733369583555,0.03514200133918622,0.0009190802822712278,0.015308070789518917,0.03996364470795001,0.0398239009401781,0.03123564867892167,0.001128443868963849,0.058866256615734296,0.0006762953115366668,0.5,0.5,0.0
