,PRC-AUC,AUROC,Accuracy,Balanced Accuracy,F1-Score,MCC,Sensitivity,Specificity,Precision,Negative Predictive Value,Test Cases,Negative Test Cases,Positive Test Cases
"(0, 0)",0.14148038623008163,0.6890856926068194,0.9775624681285059,0.5,0.0,0.0,0.0,1.0,,0.9775624681285059,1961.0,1917.0,44.0
"(0, 1)",0.1311488791323773,0.7572475801859936,0.9775510204081632,0.5,0.0,0.0,0.0,1.0,,0.9775510204081632,1960.0,1916.0,44.0
"(1, 0)",0.21108676080614716,0.7248719590268887,0.9775624681285059,0.5,0.0,0.0,0.0,1.0,,0.9775624681285059,1961.0,1917.0,44.0
"(1, 1)",0.14437748784756016,0.7534577244258873,0.9775510204081632,0.5,0.0,0.0,0.0,1.0,,0.9775510204081632,1960.0,1916.0,44.0
"(2, 0)",0.14169252333884627,0.7108763693270737,0.9780724120346762,0.5113636363636364,0.044444444444444446,0.14909280396098903,0.022727272727272728,1.0,1.0,0.9780612244897959,1961.0,1917.0,44.0
"(2, 1)",0.15948076163675157,0.7027246631239324,0.9775510204081632,0.5,0.0,0.0,0.0,1.0,,0.9775510204081632,1960.0,1916.0,44.0
mean,0.1548777998319607,0.7230439981160992,0.977641734919363,0.5018939393939393,0.007407407407407408,0.02484880066016484,0.003787878787878788,1.0,1.0,0.9776398703285496,1960.5,1916.5,44.0
std,0.02648048019431966,0.02520685850280657,0.0001926726903095516,0.004234977230113234,0.01656346649999844,0.05556360743547022,0.008469954460226477,0.0,0.0,0.00018850484317421516,0.5,0.5,0.0
