,PRC-AUC,AUROC,Accuracy,Balanced Accuracy,F1-Score,MCC,Sensitivity,Specificity,Precision,Negative Predictive Value,Test Cases,Negative Test Cases,Positive Test Cases
"(0, 0)",0.03846770832411031,0.5895338360127091,0.5053544110147884,0.5804583392611562,0.05642023346303503,0.047664344339311646,0.6590909090909091,0.5018257694314032,0.029471544715447155,0.984646878198567,1961.0,1917.0,44.0
"(0, 1)",0.03631986108860723,0.5458578477889543,0.5290816326530612,0.5370800910988802,0.04943357363542739,0.02200416287295683,0.5454545454545454,0.528705636743215,0.025889967637540454,0.9806389157792836,1960.0,1916.0,44.0
"(1, 0)",0.030377163213811564,0.5177123346137431,0.48342682304946455,0.4804204011950491,0.03981042654028436,-0.01160469681587396,0.4772727272727273,0.4835680751173709,0.020771513353115726,0.9757894736842105,1961.0,1917.0,44.0
"(1, 1)",0.059427568850315755,0.603731732776618,0.5459183673469388,0.5789998102106662,0.057203389830508475,0.04696841956114163,0.6136363636363636,0.5443632567849687,0.03,0.9839622641509433,1960.0,1916.0,44.0
"(2, 0)",0.021322340682012525,0.44438516621615215,0.4824069352371239,0.46879594062692653,0.03791469194312796,-0.018494436584547542,0.45454545454545453,0.48304642670839854,0.019782393669634024,0.9747368421052631,1961.0,1917.0,44.0
"(2, 1)",0.020511977784670326,0.456419624217119,0.4801020408163265,0.47871987094325297,0.039585296889726666,-0.012618624614618889,0.4772727272727273,0.4801670146137787,0.02064896755162242,0.975609756097561,1960.0,1916.0,44.0
mean,0.034404436657254615,0.5262734236042159,0.5043817016862838,0.5207457422226552,0.04672793538368498,0.012319861459728285,0.537878787878788,0.5036126965665225,0.024427397821226632,0.9792306883359715,1960.5,1916.5,44.0
std,0.013081136241183717,0.060613187976651293,0.02532398921492374,0.047111623666680584,0.008036777333734386,0.027950474899719187,0.07613542137212795,0.024724870139735438,0.004239782099661981,0.0040590185462439305,0.5,0.5,0.0
