,PRC-AUC,AUROC,Accuracy,Balanced Accuracy,F1-Score,MCC,Sensitivity,Specificity,Precision,Negative Predictive Value,Test Cases,Negative Test Cases,Positive Test Cases
"(0, 0)",0.07929889196330153,0.6595769905629061,0.9648138704742478,0.5934047043201973,0.20689655172413796,0.18891985828470773,0.20454545454545456,0.98226395409494,0.20930232558139536,0.9817518248175182,1961.0,1917.0,44.0
"(0, 1)",0.12739072419843153,0.6494294458151453,0.9734693877551021,0.5978364015942303,0.2571428571428571,0.253360932307381,0.20454545454545456,0.9911273486430062,0.34615384615384615,0.9819027921406411,1960.0,1916.0,44.0
"(1, 0)",0.1457592678242549,0.6300267937591881,0.9724630290668026,0.5862142552283397,0.2285714285714286,0.22326431422597923,0.18181818181818182,0.9906103286384976,0.3076923076923077,0.9813953488372092,1961.0,1917.0,44.0
"(1, 1)",0.0783378703702434,0.5087362402732967,0.9739795918367347,0.5536866578098311,0.16393442622950818,0.17153770433532614,0.11363636363636363,0.9937369519832986,0.29411764705882354,0.979927946474524,1960.0,1916.0,44.0
"(2, 0)",0.1182197346628629,0.6806622563664817,0.974502804691484,0.5983603642054346,0.2647058823529412,0.2649824354014386,0.20454545454545456,0.9921752738654147,0.375,0.9819308208569953,1961.0,1917.0,44.0
"(2, 1)",0.14105274596097234,0.6141404915543747,0.9724489795918367,0.5973144809261719,0.25000000000000006,0.24296794475145508,0.20454545454545456,0.9900835073068893,0.32142857142857145,0.9818840579710145,1960.0,1916.0,44.0
mean,0.11500987249667775,0.6237620363885655,0.9719462772360347,0.5878028106807008,0.22854185767014548,0.2241721982177146,0.18560606060606064,0.989999560755341,0.3089491163191574,0.9814654651829837,1960.5,1916.5,44.0
std,0.027103059931466503,0.055590642145025265,0.0032756941981279143,0.015813619453856186,0.03471057971674564,0.033873980710026765,0.033238501467394405,0.0036558952638803656,0.05172633582873162,0.000711092189817811,0.5,0.5,0.0
