,PRC-AUC,AUROC,Accuracy,Balanced Accuracy,F1-Score,MCC,Sensitivity,Specificity,Precision,Negative Predictive Value,Test Cases,Negative Test Cases,Positive Test Cases
"(0, 0)",0.10340698228920396,0.7149606392564138,0.9709331973482916,0.5632261582965808,0.17391304347826086,0.1669327330739619,0.13636363636363635,0.9900886802295253,0.24,0.9803719008264463,1961.0,1917.0,44.0
"(0, 1)",0.09761745614006276,0.679374644144999,0.9729591836734693,0.5531647371417726,0.15873015873015872,0.16076377258788319,0.11363636363636363,0.9926931106471816,0.2631578947368421,0.9799072642967542,1960.0,1916.0,44.0
"(1, 0)",0.13886654872932114,0.6228185611988428,0.9750127485976543,0.5653127519324702,0.19672131147540983,0.20868574417142127,0.13636363636363635,0.9942618675013041,0.35294117647058826,0.9804526748971193,1961.0,1917.0,44.0
"(1, 1)",0.08890265905033694,0.6798016701461378,0.9744897959183674,0.5428449421142532,0.13793103448275862,0.15073642498077985,0.09090909090909091,0.9947807933194155,0.2857142857142857,0.9794450154162384,1960.0,1916.0,44.0
"(2, 0)",0.11602055829792138,0.6372883767249965,0.9755226925038246,0.5655735761369565,0.19999999999999998,0.21591184338717162,0.13636363636363635,0.9947835159102765,0.375,0.9804627249357326,1961.0,1917.0,44.0
"(2, 1)",0.15399756568562487,0.6726727082937939,0.9744897959183674,0.6094609982918959,0.2857142857142857,0.283464437843418,0.22727272727272727,0.9916492693110647,0.38461538461538464,0.9824198552223371,1960.0,1916.0,44.0
mean,0.11646862836541183,0.6678194332941975,0.9739012356599958,0.5665971939856549,0.19216830564681228,0.19774915934077264,0.14015151515151517,0.9930428728197946,0.31690479025618346,0.980509905932438,1960.5,1916.5,44.0
std,0.023080094946971882,0.03022186951020323,0.0015413253510919574,0.02080051101909986,0.046950260089244925,0.045321755448193585,0.042349772301132384,0.0017477543802610599,0.05632394729145082,0.0009282260760604126,0.5,0.5,0.0
