,PRC-AUC,AUROC,Accuracy,Balanced Accuracy,F1-Score,MCC,Sensitivity,Specificity,Precision,Negative Predictive Value,Test Cases,Negative Test Cases,Positive Test Cases
"(0, 0)",0.025328142124070065,0.513633992507232,0.50790413054564,0.5151455873286859,0.04549950544015825,0.008973194480820052,0.5227272727272727,0.5075639019300991,0.023784901758014478,0.9788732394366197,1961.0,1917.0,44.0
"(0, 1)",0.025910559239539485,0.5144002657050675,0.5091836734693878,0.493594609982919,0.04183266932270917,-0.0037963307993946396,0.4772727272727273,0.5099164926931107,0.021875,0.977,1960.0,1916.0,44.0
"(1, 0)",0.025235330640448972,0.5076824583866837,0.5288118306986231,0.49253094323516855,0.041493775933609964,-0.0044331647570748445,0.45454545454545453,0.5305164319248826,0.021739130434782608,0.9769452449567724,1961.0,1917.0,44.0
"(1, 1)",0.029578801496619362,0.4944249383184665,0.5015306122448979,0.4785775289428734,0.03933136676499508,-0.012694296987226296,0.45454545454545453,0.5026096033402923,0.020554984583761562,0.9756838905775076,1960.0,1916.0,44.0
"(2, 0)",0.04069600660215231,0.4868283776734481,0.5058643549209587,0.502999478351591,0.04343534057255677,0.001777032610074754,0.5,0.5059989567031821,0.022703818369453045,0.9778225806451613,1961.0,1917.0,44.0
"(2, 1)",0.021172331527024826,0.47783023344088066,0.46479591836734696,0.48199373695198333,0.04025617566331198,-0.010696230272869433,0.5,0.4639874739039666,0.020972354623450904,0.9758507135016465,1960.0,1916.0,44.0
mean,0.027986861938309168,0.4991333776719631,0.5030150867078091,0.49414031413220344,0.04197480561622354,-0.003478299287611735,0.48484848484848486,0.5034321434159222,0.021938364961577098,0.9770292781862846,1960.5,1916.5,44.0
std,0.006183920045849755,0.013807237607635851,0.019141808671200324,0.01233108389715453,0.002030998168562889,0.007310999291417472,0.025125945381480302,0.019815078238300098,0.0010713110206922916,0.0010982200154172504,0.5,0.5,0.0
