,PRC-AUC,AUROC,Accuracy,Balanced Accuracy,F1-Score,MCC,Sensitivity,Specificity,Precision,Negative Predictive Value,Test Cases,Negative Test Cases,Positive Test Cases
"(0, 0)",0.08502477889269688,0.6869457485654669,0.9637939826619072,0.5928830559112249,0.20224719101123598,0.18373837732769702,0.20454545454545456,0.9812206572769953,0.2,0.9817327766179541,1961.0,1917.0,44.0
"(0, 1)",0.11970045818815164,0.6693336022015562,0.9744897959183674,0.5650502941734674,0.1935483870967742,0.20204238469748362,0.13636363636363635,0.9937369519832986,0.3333333333333333,0.98043254376931,1960.0,1916.0,44.0
"(1, 0)",0.1652480089712797,0.6983864466258833,0.974502804691484,0.6094631763645848,0.2857142857142857,0.28347076639830393,0.22727272727272727,0.9916536254564423,0.38461538461538464,0.9824289405684754,1961.0,1917.0,44.0
"(1, 1)",0.07858296923413507,0.6053745966976656,0.9729591836734693,0.5531647371417726,0.15873015873015872,0.16076377258788319,0.11363636363636363,0.9926931106471816,0.2631578947368421,0.9799072642967542,1960.0,1916.0,44.0
"(2, 0)",0.1477050625834666,0.6924882629107982,0.972972972972973,0.586475079432826,0.2318840579710145,0.22831564879832703,0.18181818181818182,0.99113197704747,0.32,0.981404958677686,1961.0,1917.0,44.0
"(2, 1)",0.15959479177361133,0.6383504934522679,0.9729591836734693,0.6086781172898083,0.273972602739726,0.26668958566669115,0.22727272727272727,0.9900835073068893,0.3448275862068966,0.9823925427239772,1960.0,1916.0,44.0
mean,0.12597601160722355,0.6651465250756063,0.9719463205986117,0.5859524100522807,0.22434944721053252,0.220836755912731,0.18181818181818185,0.9900866382863796,0.30765569981540947,0.9813831711090261,1960.5,1916.5,44.0
std,0.034416929724819086,0.03325635654756623,0.003709701015988322,0.020934225885054242,0.04477346197335988,0.04362666713779009,0.04351941398892446,0.004128605479495359,0.060119421698395396,0.0009413781375314531,0.5,0.5,0.0
