,PRC-AUC,AUROC,Accuracy,Balanced Accuracy,F1-Score,MCC,Sensitivity,Specificity,Precision,Negative Predictive Value,Test Cases,Negative Test Cases,Positive Test Cases
"(0, 0)",0.17234377073232882,0.7516479347465262,0.9760326364099949,0.532525963863992,0.11320754716981131,0.14253988501741952,0.06818181818181818,0.9968701095461658,0.3333333333333333,0.9789959016393442,1961.0,1917.0,44.0
"(0, 1)",0.1727211326297994,0.7463050389068134,0.9775510204081632,0.5444107041184285,0.15384615384615385,0.20637488532741283,0.09090909090909091,0.9979123173277662,0.5,0.9795081967213115,1960.0,1916.0,44.0
"(1, 0)",0.1827693897600307,0.7663607910086784,0.9780724120346762,0.5335692606819368,0.1224489795918367,0.19716950201257563,0.06818181818181818,0.9989567031820553,0.6,0.9790388548057259,1961.0,1917.0,44.0
"(1, 1)",0.19066924201459523,0.771819842474853,0.9785714285714285,0.5560353008160941,0.1923076923076923,0.26039395253384034,0.11363636363636363,0.9984342379958246,0.625,0.9800204918032787,1960.0,1916.0,44.0
"(2, 0)",0.17383351304127043,0.6906447100109072,0.9775624681285059,0.5333084364774505,0.12000000000000001,0.17863749963927886,0.06818181818181818,0.9984350547730829,0.5,0.9790281329923274,1961.0,1917.0,44.0
"(2, 1)",0.16410124400701667,0.7002277472006072,0.9780612244897959,0.5668770165116721,0.21818181818181817,0.265233706549589,0.13636363636363635,0.9973903966597077,0.5454545454545454,0.9805028219599795,1960.0,1916.0,44.0
mean,0.17607304869750687,0.7378343440580643,0.9776418650070942,0.5444544470782623,0.15333203184955205,0.20839157184668602,0.0909090909090909,0.9979998032474339,0.5172979797979798,0.9795157333203278,1960.5,1916.5,44.0
std,0.008479114792091343,0.031284868349562234,0.0007989049611850052,0.01305053800761332,0.03958034603121283,0.04337247057327329,0.0262431940540739,0.0007010792822565877,0.09458115813919565,0.000572214132860858,0.5,0.5,0.0
