,PRC-AUC,AUROC,Accuracy,Balanced Accuracy,F1-Score,MCC,Sensitivity,Specificity,Precision,Negative Predictive Value,Test Cases,Negative Test Cases,Positive Test Cases
"(0, 0)",0.030382087285694918,0.5363256982975293,0.5007649158592555,0.5003912363067293,0.04301075268817204,0.0002317711902467177,0.5,0.5007824726134585,0.02247191011235955,0.9775967413441955,1961.0,1917.0,44.0
"(0, 1)",0.05455037067548572,0.4048680964129816,0.49489795918367346,0.44187701651167205,0.033203125,-0.034441012419737155,0.38636363636363635,0.49739039665970775,0.017346938775510204,0.9724489795918367,1960.0,1916.0,44.0
"(1, 0)",0.030794884096485012,0.4949969175321288,0.4956654767975523,0.47557736994356714,0.038872691933916424,-0.014468276413220717,0.45454545454545453,0.4966092853416797,0.02030456852791878,0.9754098360655737,1961.0,1917.0,44.0
"(1, 1)",0.0401451552575546,0.49175602581134936,0.48520408163265305,0.45912412222433097,0.03629417382999044,-0.024227842556774317,0.4318181818181818,0.48643006263048016,0.018943170488534396,0.9738766980146291,1960.0,1916.0,44.0
"(2, 0)",0.03738538791374821,0.5507184521269028,0.50790413054564,0.5484540238061365,0.051130776794493606,0.02870531693474171,0.5909090909090909,0.5059989567031821,0.02672147995889003,0.9817813765182186,1961.0,1917.0,44.0
"(2, 1)",0.07260310363815624,0.5785016132093377,0.5239795918367347,0.5677785158474093,0.0547112462006079,0.04019109311478948,0.6136363636363636,0.5219206680584552,0.02863202545068929,0.983284169124877,1960.0,1916.0,44.0
mean,0.04431016481118744,0.5095278005650382,0.5014026926425849,0.4988670474399742,0.04287046107453007,-0.0006681583583257137,0.49621212121212127,0.5015219736678272,0.022403348885650376,0.9773996334432219,1960.5,1916.5,44.0
std,0.01498502696930231,0.05575664406219657,0.012179313287500366,0.04578892635907454,0.007758262141469235,0.02713913841742575,0.08238092110201345,0.01084486964477973,0.004070060709849148,0.003973781265640767,0.5,0.5,0.0
