,PRC-AUC,AUROC,Accuracy,Balanced Accuracy,F1-Score,MCC,Sensitivity,Specificity,Precision,Negative Predictive Value,Test Cases,Negative Test Cases,Positive Test Cases
"(0, 0)",0.025836110470754244,0.467065016360791,0.48750637429882715,0.4714041826717883,0.03827751196172249,-0.01694405097033299,0.45454545454545453,0.48826291079812206,0.01998001998001998,0.975,1961.0,1917.0,44.0
"(0, 1)",0.05613654189573607,0.4708673372556462,0.4903061224489796,0.4728364015942304,0.03849855630413859,-0.016097787506925167,0.45454545454545453,0.4911273486430063,0.020100502512562814,0.9751295336787564,1960.0,1916.0,44.0
"(1, 0)",0.030464198850272965,0.5378669322331294,0.4864864864864865,0.4930881585811163,0.04186489058039961,-0.004096115867607403,0.5,0.48617631716223264,0.021847070506454815,0.9769392033542977,1961.0,1917.0,44.0
"(1, 1)",0.057016306974327156,0.5562369519832985,0.5188775510204081,0.55406623647751,0.05226130653266331,0.03205120665095338,0.5909090909090909,0.517223382045929,0.027339642481598318,0.9821605550049554,1960.0,1916.0,44.0
"(2, 0)",0.02948395506073736,0.5358396168255324,0.46863844977052527,0.48395931142410015,0.04051565377532228,-0.009521355535943753,0.5,0.4679186228482003,0.02111324376199616,0.9760609357997824,1961.0,1917.0,44.0
"(2, 1)",0.039751211647545415,0.5866981400645284,0.48418367346938773,0.5585262858227368,0.05248359887535146,0.03471342279821975,0.6363636363636364,0.48068893528183715,0.02737047898338221,0.9829242262540021,1960.0,1916.0,44.0
mean,0.03978138748322887,0.5257623324538209,0.48933310958243575,0.5056467627619136,0.043983586338266295,0.0033508865947273034,0.5227272727272727,0.4885662527965546,0.02295849303766905,0.9780357423486322,1960.5,1916.5,44.0
std,0.012595318612981887,0.04349096361140981,0.014944601231325847,0.0365555002011049,0.0060543528692007425,0.021674120230787575,0.06818181818181819,0.01484346562838414,0.0031712170892842957,0.0032576932906183973,0.5,0.5,0.0
