,PRC-AUC,AUROC,Accuracy,Balanced Accuracy,F1-Score,MCC,Sensitivity,Specificity,Precision,Negative Predictive Value,Test Cases,Negative Test Cases,Positive Test Cases
"(0, 0)",0.029192002684484068,0.5096030729833547,0.5104538500764916,0.46093564755536587,0.03614457831325301,-0.023151757380700404,0.4090909090909091,0.5127803860198227,0.018907563025210083,0.9742319127849356,1961.0,1917.0,44.0
"(0, 1)",0.025203875809835345,0.4788859366103625,0.4969387755102041,0.4873315619662175,0.04085603112840467,-0.007506797482745445,0.4772727272727273,0.49739039665970775,0.021341463414634148,0.9764344262295082,1960.0,1916.0,44.0
"(1, 0)",0.02129538586701778,0.44361454924835203,0.47628760836308004,0.4656660501730924,0.03748828491096532,-0.020358788115304227,0.45454545454545453,0.4767866458007303,0.019550342130987292,0.9744136460554371,1961.0,1917.0,44.0
"(1, 1)",0.03527185773505925,0.5091454735243879,0.5086734693877552,0.49333364964888976,0.041791044776119404,-0.003950915876095185,0.4772727272727273,0.5093945720250522,0.021852237252861603,0.9769769769769769,1960.0,1916.0,44.0
"(2, 0)",0.018837562713199595,0.4282140655380092,0.47373788883222845,0.4421563048323612,0.033707865168539325,-0.034300752302780145,0.4090909090909091,0.47522170057381324,0.017578125,0.9722518676627535,1961.0,1917.0,44.0
"(2, 1)",0.03780376438463629,0.49638214082368576,0.475,0.48721294363256784,0.04100652376514445,-0.007586511806482925,0.5,0.4744258872651357,0.021379980563654033,0.9763694951664876,1960.0,1916.0,44.0
mean,0.027934074865705386,0.47764087312135867,0.49018193202829324,0.47277269296808244,0.03849905467707102,-0.01614258716068472,0.4545454545454546,0.4909999313907103,0.02010161856455786,0.9751130541460165,1960.5,1916.5,44.0
std,0.006917476935051175,0.03153756328820935,0.01577177011819827,0.018125569801542316,0.002949594588146338,0.010747433155024858,0.03471648253754423,0.016223737998797602,0.0015456274104957348,0.0016457443304936242,0.5,0.5,0.0
