,PRC-AUC,AUROC,Accuracy,Balanced Accuracy,F1-Score,MCC,Sensitivity,Specificity,Precision,Negative Predictive Value,Test Cases,Negative Test Cases,Positive Test Cases
"(0, 0)",0.04274558485253632,0.46226347986911365,0.4961754207037226,0.46473538198890313,0.037037037037037035,-0.020891012284510967,0.4318181818181818,0.49765258215962443,0.019348268839103868,0.9744637385086823,1961.0,1917.0,44.0
"(0, 1)",0.02176451786786096,0.46635984057695956,0.5326530612244897,0.47229075725944203,0.03781512605042017,-0.016463719163179378,0.4090909090909091,0.535490605427975,0.019823788546255508,0.9752851711026616,1960.0,1916.0,44.0
"(1, 0)",0.034171677283476934,0.40019917484706213,0.4467108618052014,0.40612699767629346,0.02864816472694718,-0.055860105877018125,0.36363636363636365,0.44861763171622326,0.014911463187325256,0.9684684684684685,1961.0,1917.0,44.0
"(1, 1)",0.02444520245198481,0.5107230973619282,0.4989795918367347,0.5327861074207629,0.04844961240310077,0.019428189863339697,0.5681818181818182,0.49739039665970775,0.025303643724696356,0.9804526748971193,1960.0,1916.0,44.0
"(2, 0)",0.021448656041392625,0.4206027410252762,0.5186129525752168,0.4318003983496941,0.03080082135523614,-0.04045557902149793,0.3409090909090909,0.5226917057902973,0.016129032258064516,0.9718719689621726,1961.0,1917.0,44.0
"(2, 1)",0.03606881449984001,0.5028112545074968,0.4969387755102041,0.5095369140254318,0.044573643410852716,0.005651325850262343,0.5227272727272727,0.4963465553235908,0.02327935222672065,0.9783950617283951,1960.0,1916.0,44.0
mean,0.03010740883284861,0.46049326469797275,0.49834511060926157,0.4695460927867547,0.037887400830599,-0.018098483438767396,0.43939393939393945,0.49969824617956976,0.019799258130361024,0.9748228472779165,1960.5,1916.5,44.0
std,0.008045894805494844,0.03995420268902809,0.026648966340362096,0.04296502536728231,0.006983045990220369,0.025523045710506936,0.08159340616870463,0.02720222442397246,0.0036508995725167224,0.003955675046004662,0.5,0.5,0.0
