,PRC-AUC,AUROC,Accuracy,Balanced Accuracy,F1-Score,MCC,Sensitivity,Specificity,Precision,Negative Predictive Value,Test Cases,Negative Test Cases,Positive Test Cases
"(0, 0)",0.0933790878898353,0.6618295632380139,0.9678735339112697,0.6171752738654147,0.25882352941176473,0.2425832581959286,0.25,0.9843505477308294,0.2682926829268293,0.9828125,1961.0,1917.0,44.0
"(0, 1)",0.11527996849977534,0.6635687511861833,0.9744897959183674,0.5650502941734674,0.1935483870967742,0.20204238469748362,0.13636363636363635,0.9937369519832986,0.3333333333333333,0.98043254376931,1960.0,1916.0,44.0
"(1, 0)",0.1358102075342421,0.5984670650163608,0.9765425803161653,0.5883008488642292,0.2580645161290322,0.2742581966939138,0.18181818181818182,0.9947835159102765,0.4444444444444444,0.9814719505918682,1961.0,1917.0,44.0
"(1, 1)",0.0968974910442974,0.6697784209527424,0.9698979591836735,0.5515989751375973,0.14492753623188406,0.1362337379921795,0.11363636363636363,0.9895615866388309,0.2,0.9798449612403101,1960.0,1916.0,44.0
"(2, 0)",0.11941241569844449,0.6766669037795798,0.9709331973482916,0.5854317826148812,0.2191780821917808,0.2096448985169437,0.18181818181818182,0.9890453834115805,0.27586206896551724,0.9813664596273292,1961.0,1917.0,44.0
"(2, 1)",0.16154970215681969,0.631073258682862,0.9739795918367347,0.6092000379578667,0.2816901408450704,0.27757418064091155,0.22727272727272727,0.9911273486430062,0.37037037037037035,0.9824107604759441,1960.0,1916.0,44.0
mean,0.12038814547056904,0.650230660475957,0.972286109752417,0.5861262021022428,0.22603869865105106,0.22372277612289349,0.1818181818181818,0.9904342223863037,0.31538381667341575,0.9813898626174603,1960.5,1916.5,44.0
std,0.023239547128613446,0.02720264989270591,0.002967774604370082,0.022869125337818392,0.04633085761401277,0.048531910615877284,0.047310590896957556,0.0034158031050644014,0.07862921472115696,0.0010309053737120406,0.5,0.5,0.0
