,PRC-AUC,AUROC,Accuracy,Balanced Accuracy,F1-Score,MCC,Sensitivity,Specificity,Precision,Negative Predictive Value,Test Cases,Negative Test Cases,Positive Test Cases
"(0, 0)",0.1254912934012353,0.654449423815621,0.9755226925038246,0.5766763882961066,0.22580645161290322,0.2381531803326917,0.1590909090909091,0.9942618675013041,0.3888888888888889,0.9809572825527535,1961.0,1917.0,44.0
"(0, 1)",0.15220011948742826,0.6188496394002657,0.9760204081632653,0.5991412032643766,0.27692307692307694,0.2853052215007993,0.20454545454545456,0.9937369519832986,0.42857142857142855,0.9819494584837545,1960.0,1916.0,44.0
"(1, 0)",0.17658149835111983,0.5955979987670129,0.9770525242223356,0.5774588609095651,0.23728813559322037,0.26334280001352717,0.1590909090909091,0.9958268127282212,0.4666666666666667,0.9809866392600206,1961.0,1917.0,44.0
"(1, 1)",0.16694717644173246,0.6940477320174606,0.9744897959183674,0.5650502941734674,0.1935483870967742,0.20204238469748362,0.13636363636363635,0.9937369519832986,0.3333333333333333,0.98043254376931,1960.0,1916.0,44.0
"(2, 0)",0.08916944138656081,0.6789668990373215,0.9724630290668026,0.5307001944325888,0.09999999999999999,0.10108546708571342,0.06818181818181818,0.9932185706833594,0.1875,0.9789203084832905,1961.0,1917.0,44.0
"(2, 1)",0.1738396749193132,0.6950678496868475,0.9734693877551021,0.5867337255646232,0.23529411764705885,0.23365968691223568,0.18181818181818182,0.9916492693110647,0.3333333333333333,0.981404958677686,1960.0,1916.0,44.0
mean,0.14737153399789832,0.6561632571207549,0.9748363062716162,0.5726267777734546,0.21147669481217227,0.22059812342374177,0.15151515151515152,0.9937384040317578,0.3563822751322751,0.9807751985378026,1960.5,1916.5,44.0
std,0.031162301020029145,0.037709858695562835,0.0015495066796268166,0.02143599232714032,0.05548355412619756,0.05933027732786544,0.04285495643554834,0.0012429923367701093,0.0894560703345966,0.000949682001747973,0.5,0.5,0.0
