,PRC-AUC,AUROC,Accuracy,Balanced Accuracy,F1-Score,MCC,Sensitivity,Specificity,Precision,Negative Predictive Value,Test Cases,Negative Test Cases,Positive Test Cases
"(0, 0)",0.026437941172368896,0.502691231564471,0.5359510453850076,0.5516965428937259,0.052083333333333336,0.030691845953409156,0.5681818181818182,0.5352112676056338,0.027292576419213975,0.9818181818181818,1961.0,1917.0,44.0
"(0, 1)",0.024848608299822383,0.4815548491174796,0.5224489795918368,0.511482254697286,0.044897959183673466,0.006810725231388422,0.5,0.5229645093945721,0.023504273504273504,0.978515625,1960.0,1916.0,44.0
"(1, 0)",0.04882964851825209,0.5192417129036848,0.506374298827129,0.547671551192678,0.05098039215686274,0.028241232746388595,0.5909090909090909,0.504434011476265,0.02663934426229508,0.9817258883248731,1961.0,1917.0,44.0
"(1, 1)",0.023138561839932185,0.49157809831087496,0.4923469387755102,0.5182909470487759,0.046021093000958774,0.01084041331127896,0.5454545454545454,0.4911273486430063,0.024024024024024024,0.9791883454734651,1960.0,1916.0,44.0
"(2, 0)",0.03449189394566678,0.5509318537487552,0.4691483936766956,0.5508370085834875,0.05104831358249772,0.0301988404649426,0.6363636363636364,0.46531038080333853,0.026590693257359924,0.9823788546255506,1961.0,1917.0,44.0
"(2, 1)",0.021573396154305258,0.4383421901689125,0.49081632653061225,0.4508920098690454,0.03481624758220503,-0.02910065617300899,0.4090909090909091,0.49269311064718163,0.01818181818181818,0.9731958762886598,1960.0,1916.0,44.0
mean,0.029886674988391263,0.497389989302363,0.5028476637977985,0.5218117190474997,0.04664122313992184,0.012947066922399789,0.5416666666666666,0.5019567714283328,0.024372121608164116,0.9794704619217884,1960.5,1916.5,44.0
std,0.009416012998498622,0.034504841607959226,0.021920848968967288,0.035480041024803795,0.005931848711754511,0.021041689086859855,0.07236732263084393,0.022728004177998227,0.003103374609441182,0.0031469353662475956,0.5,0.5,0.0
