,PRC-AUC,AUROC,Accuracy,Balanced Accuracy,F1-Score,MCC,Sensitivity,Specificity,Precision,Negative Predictive Value,Test Cases,Negative Test Cases,Positive Test Cases
"(0, 0)",0.033366490647958824,0.5794209702660407,0.4701682814890362,0.56246146915161,0.0528714676390155,0.03710414901808537,0.6590909090909091,0.4658320292123109,0.027540360873694207,0.9834801762114538,1961.0,1917.0,44.0
"(0, 1)",0.020945028305236126,0.457107610552287,0.49081632653061225,0.47309736192825963,0.038535645472061654,-0.01594289551478965,0.45454545454545453,0.49164926931106473,0.02012072434607646,0.9751552795031055,1960.0,1916.0,44.0
"(1, 0)",0.027230771741030845,0.5368710579978185,0.5170831208567057,0.5309432351685872,0.04824120603015076,0.01833927500401966,0.5454545454545454,0.5164319248826291,0.025236593059936908,0.9801980198019802,1961.0,1917.0,44.0
"(1, 1)",0.034974011982631975,0.5713726513569937,0.49948979591836734,0.5774577718732207,0.05582290664100096,0.045903298000096654,0.6590909090909091,0.49582463465553234,0.02914572864321608,0.9844559585492227,1960.0,1916.0,44.0
"(2, 0)",0.06678955670754017,0.649499691753213,0.5211626721060684,0.6107495139185279,0.061938061938061936,0.06562758056984372,0.7045454545454546,0.5169535732916014,0.03239289446185998,0.9870517928286853,1961.0,1917.0,44.0
"(2, 1)",0.033207030674672726,0.5972848263427596,0.5306122448979592,0.5822736762193965,0.05737704918032786,0.0488101875053672,0.6363636363636364,0.5281837160751566,0.030042918454935622,0.9844357976653697,1960.0,1916.0,44.0
mean,0.03608548167651177,0.5652594680448522,0.5048887402997916,0.556163838043267,0.05246438948343645,0.03330693243043716,0.6098484848484848,0.5024791912380492,0.027413203306619876,0.9824628374266363,1960.5,1916.5,44.0
std,0.014533256099397518,0.05896705877578775,0.020444779904938263,0.0441409290405955,0.0074963906138433385,0.02616498555613563,0.0844450636727574,0.02069417762675236,0.00392955511492933,0.003840321068971571,0.5,0.5,0.0
