,PRC-AUC,AUROC,Accuracy,Balanced Accuracy,F1-Score,MCC,Sensitivity,Specificity,Precision,Negative Predictive Value,Test Cases,Negative Test Cases,Positive Test Cases
"(0, 0)",0.13289258915024113,0.6963235642813108,0.969913309535951,0.5849101342059089,0.21333333333333335,0.20163569487307456,0.18181818181818182,0.9880020865936359,0.25806451612903225,0.9813471502590674,1961.0,1917.0,44.0
"(0, 1)",0.13658105161608416,0.6487948377301196,0.9755102040816327,0.5877775669007402,0.25000000000000006,0.258774669139376,0.18181818181818182,0.9937369519832986,0.4,0.9814432989690721,1960.0,1916.0,44.0
"(1, 0)",0.17665280265142502,0.6709050599895671,0.9760326364099949,0.6102456489780433,0.2985074626865672,0.303310918588242,0.22727272727272727,0.9932185706833594,0.43478260869565216,0.9824561403508771,1961.0,1917.0,44.0
"(1, 1)",0.15357843658637998,0.6604016416777377,0.9755102040816327,0.5988802429303474,0.27272727272727276,0.2780836045878536,0.20454545454545456,0.9932150313152401,0.4090909090909091,0.9819401444788441,1960.0,1916.0,44.0
"(2, 0)",0.1365315188535565,0.7096137430644472,0.974502804691484,0.5872575520462845,0.24242424242424246,0.24539752054141864,0.18181818181818182,0.9926969222743871,0.36363636363636365,0.9814337287261475,1961.0,1917.0,44.0
"(2, 1)",0.18932876659112508,0.6214414499905105,0.9744897959183674,0.6205636743215031,0.3055555555555556,0.3010148940094819,0.25,0.9911273486430062,0.39285714285714285,0.9829192546583851,1960.0,1916.0,44.0
mean,0.15426086090813532,0.6679133827889489,0.974326492453177,0.5982724698971378,0.26375797778782856,0.2647028836232411,0.20454545454545456,0.9919994852488213,0.37640525673485,0.9819232862403989,1960.5,1916.5,44.0
std,0.02166075957113709,0.02925916992932563,0.0020513089775427195,0.013232835544848933,0.03220265891046823,0.03505590112762482,0.026243194054073892,0.0019667548933041735,0.05696668482063263,0.0005885232652245774,0.5,0.5,0.0
