,PRC-AUC,AUROC,Accuracy,Balanced Accuracy,F1-Score,MCC,Sensitivity,Specificity,Precision,Negative Predictive Value,Test Cases,Negative Test Cases,Positive Test Cases
"(0, 0)",0.036710534373251676,0.5560297813818941,0.4946455889852116,0.5416725944894959,0.04985618408437201,0.02469151001968069,0.5909090909090909,0.4924360980699009,0.026026026026026026,0.9812889812889813,1961.0,1917.0,44.0
"(0, 1)",0.02532636530885761,0.5170335927120896,0.5096938775510204,0.5160609223761625,0.04568023833167825,0.009518397700909599,0.5227272727272727,0.5093945720250522,0.023883696780893044,0.9789368104312939,1960.0,1916.0,44.0
"(1, 0)",0.02908844575497788,0.47343149807938534,0.48597654258031614,0.4595188978991796,0.036328871892925434,-0.023987034163994968,0.4318181818181818,0.4872196139801774,0.018962075848303395,0.9739311783107404,1961.0,1917.0,44.0
"(1, 1)",0.028971275659856348,0.5254673562345797,0.4923469387755102,0.529393623078383,0.04784688995215311,0.017421312245466124,0.5681818181818182,0.4906054279749478,0.024975024975024976,0.9801876955161627,1960.0,1916.0,44.0
"(2, 0)",0.023435161751277103,0.5124365722957273,0.4941356450790413,0.5303089581258595,0.047984644913627646,0.017958083386851568,0.5681818181818182,0.4924360980699009,0.025050100200400802,0.980269989615784,1961.0,1917.0,44.0
"(2, 1)",0.03363245729356863,0.5265230594040615,0.5377551020408163,0.53041374074777,0.04831932773109243,0.018070623259585583,0.5227272727272727,0.5381002087682673,0.025330396475770924,0.9800380228136882,1960.0,1916.0,44.0
mean,0.02952737335696488,0.5184869766846228,0.5024256158353193,0.5178947894528084,0.04600269281764149,0.010612148741416435,0.5340909090909092,0.5016986698147078,0.024037886717736528,0.9791087796627752,1960.5,1916.5,44.0
std,0.004540831958824999,0.024465902733056762,0.017332072385537425,0.027140224439061503,0.004495037590234091,0.016085627480469815,0.05207472380631638,0.017741629444374282,0.0023563288589958566,0.0024140688030535144,0.5,0.5,0.0
