,PRC-AUC,AUROC,Accuracy,Balanced Accuracy,F1-Score,MCC,Sensitivity,Specificity,Precision,Negative Predictive Value,Test Cases,Negative Test Cases,Positive Test Cases
"(0, 0)",0.02742920583817922,0.525169535732916,0.47373788883222845,0.5198759899464125,0.04621072088724584,0.011794964320089694,0.5681818181818182,0.4715701617110068,0.024084778420038536,0.9794149512459371,1961.0,1917.0,44.0
"(0, 1)",0.04727081134433489,0.5708863161890302,0.48112244897959183,0.5569605238185614,0.0521901211556384,0.03379446168342394,0.6363636363636364,0.47755741127348644,0.027210884353741496,0.9828141783029001,1960.0,1916.0,44.0
"(1, 0)",0.029635340244531534,0.5056551429790866,0.49770525242223357,0.49882629107981225,0.042759961127308066,-0.0006953200800528403,0.5,0.49765258215962443,0.02233502538071066,0.9774590163934426,1961.0,1917.0,44.0
"(1, 1)",0.022320496701338115,0.4661581894097552,0.46938775510204084,0.48434237995824636,0.04059040590405904,-0.00929542503879289,0.5,0.46868475991649267,0.021153846153846155,0.9760869565217392,1960.0,1916.0,44.0
"(2, 0)",0.0310827928867358,0.5262009769052022,0.5094339622641509,0.549236496419595,0.05128205128205128,0.029169691613401532,0.5909090909090909,0.5075639019300991,0.026804123711340205,0.9818365287588294,1961.0,1917.0,44.0
"(2, 1)",0.027768974537152283,0.5164049155437465,0.48775510204081635,0.5159423040425128,0.045627376425855515,0.009450535841376794,0.5454545454545454,0.48643006263048016,0.023809523809523808,0.9789915966386554,1960.0,1916.0,44.0
mean,0.030917936925378642,0.5184125127932894,0.486523734940177,0.5208639975441901,0.046443439463693025,0.012369818056574373,0.5568181818181818,0.48490981327019833,0.024233030304866815,0.9794338713102507,1960.5,1916.5,44.0
std,0.0078005546877884975,0.03097610051477248,0.013770225548330732,0.025666600166860655,0.004182954420814382,0.015221609444272066,0.04865618401009519,0.013983046432912366,0.0021894927168251005,0.002327269271690607,0.5,0.5,0.0
