,PRC-AUC,AUROC,Accuracy,Balanced Accuracy,F1-Score,MCC,Sensitivity,Specificity,Precision,Negative Predictive Value,Test Cases,Negative Test Cases,Positive Test Cases
"(0, 0)",0.20360281762915858,0.7490693318158106,0.9780724120346762,0.5335692606819368,0.1224489795918367,0.19716950201257563,0.06818181818181818,0.9989567031820553,0.6,0.9790388548057259,1961.0,1917.0,44.0
"(0, 1)",0.22491851101704421,0.8014210476371229,0.9785714285714285,0.5227272727272727,0.08695652173913045,0.21090169406915774,0.045454545454545456,1.0,1.0,0.9785495403472931,1960.0,1916.0,44.0
"(1, 0)",0.26251469550583306,0.7631894057950395,0.9775624681285059,0.5,0.0,0.0,0.0,1.0,,0.9775624681285059,1961.0,1917.0,44.0
"(1, 1)",0.15052895660069202,0.7085903397229076,0.9780612244897959,0.5224663123932435,0.08510638297872342,0.17026674729496824,0.045454545454545456,0.9994780793319415,0.6666666666666666,0.9785385794583547,1960.0,1916.0,44.0
"(2, 0)",0.1667203975698413,0.7275098401858965,0.9790922998470168,0.5340909090909091,0.1276595744680851,0.2583681656408579,0.06818181818181818,1.0,1.0,0.9790602655771196,1961.0,1917.0,44.0
"(2, 1)",0.21119972844511475,0.6671332321123552,0.9785714285714285,0.5338299487568798,0.125,0.22209613729127342,0.06818181818181818,0.9994780793319415,0.75,0.9790388548057259,1960.0,1916.0,44.0
mean,0.203247517794614,0.7361521995448553,0.9783218769404755,0.5244472839417069,0.09119524312962927,0.17646704105147215,0.04924242424242423,0.9996521436409899,0.8033333333333333,0.9786314271871208,1960.5,1916.5,44.0
std,0.03687607941826811,0.04233959871639951,0.0004873358990323584,0.012033264614403584,0.04438621865006908,0.0832498309018207,0.024254258475124423,0.00038885437265626707,0.16746475582773962,0.0005281881795045705,0.5,0.5,0.0
