,PRC-AUC,AUROC,Accuracy,Balanced Accuracy,F1-Score,MCC,Sensitivity,Specificity,Precision,Negative Predictive Value,Test Cases,Negative Test Cases,Positive Test Cases
"(0, 0)",0.14640715110378238,0.6305247308768436,0.971443141254462,0.5856926068193674,0.2222222222222222,0.21395172983931043,0.18181818181818182,0.989567031820553,0.2857142857142857,0.9813760993274703,1961.0,1917.0,44.0
"(0, 1)",0.19872730070856356,0.63008872651357,0.9785714285714285,0.622651356993737,0.34375,0.3615851457974525,0.25,0.9953027139874739,0.55,0.9829896907216494,1960.0,1916.0,44.0
"(1, 0)",0.19013966991334783,0.6306017925736236,0.9765425803161653,0.577198036705079,0.23333333333333334,0.25418730215432433,0.1590909090909091,0.9953051643192489,0.4375,0.9809768637532134,1961.0,1917.0,44.0
"(1, 1)",0.11452064822239648,0.6694937369519833,0.9724489795918367,0.5640064528373505,0.1818181818181818,0.18000709337284765,0.13636363636363635,0.9916492693110647,0.2727272727272727,0.9803921568627451,1960.0,1916.0,44.0
"(2, 0)",0.10960859039295989,0.6641354863185849,0.9719530851606323,0.5526449945464029,0.15384615384615383,0.15150046403291886,0.11363636363636363,0.9916536254564423,0.23809523809523808,0.9798969072164948,1961.0,1917.0,44.0
"(2, 1)",0.11832297776509518,0.6984128866957676,0.9714285714285714,0.5967925602581134,0.24324324324324326,0.23359136362684838,0.20454545454545456,0.9890396659707724,0.3,0.9818652849740933,1960.0,1916.0,44.0
mean,0.14628772301769088,0.6538762266550622,0.973731297720516,0.5831643346933417,0.22970218907718906,0.23247051647061703,0.17424242424242423,0.9920862451442592,0.34733946608946614,0.9812495004759444,1960.5,1916.5,44.0
std,0.03607734655384951,0.02577308002604098,0.0027891087156587365,0.022676702045773996,0.059590847548269106,0.06682685113807278,0.044818786235603154,0.00247363769168111,0.11010614767442722,0.0010051830088594837,0.5,0.5,0.0
