,PRC-AUC,AUROC,Accuracy,Balanced Accuracy,F1-Score,MCC,Sensitivity,Specificity,Precision,Negative Predictive Value,Test Cases,Negative Test Cases,Positive Test Cases
"(0, 0)",0.019534863213431695,0.4481908284725187,0.4951555328913819,0.47531654573908094,0.038834951456310676,-0.014622868039792816,0.45454545454545453,0.49608763693270735,0.02028397565922921,0.9753846153846154,1961.0,1917.0,44.0
"(0, 1)",0.022711098957072094,0.4399435376731828,0.5025510204081632,0.46799677358132474,0.03751233958538993,-0.018964837884724906,0.4318181818181818,0.5041753653444676,0.0196078431372549,0.9747729566094854,1960.0,1916.0,44.0
"(1, 0)",0.034426687468611605,0.5537594252382985,0.5277919428862825,0.5142149191444967,0.04536082474226804,0.008434048922321755,0.5,0.5284298382889933,0.023758099352051837,0.978743961352657,1961.0,1917.0,44.0
"(1, 1)",0.02513153731676125,0.5126684380337825,0.5372448979591836,0.5079474283545264,0.044257112750263436,0.004723133143168874,0.4772727272727273,0.5386221294363257,0.023204419889502764,0.9781990521327014,1960.0,1916.0,44.0
"(2, 0)",0.025329084036906237,0.5152819272537582,0.46404895461499235,0.5371259543794755,0.048868778280542986,0.022068157271390203,0.6136363636363636,0.4606155451225874,0.02544769085768143,0.9811111111111112,1961.0,1917.0,44.0
"(2, 1)",0.02349265715382104,0.44122461567659893,0.5229591836734694,0.46733251091288674,0.03707518022657054,-0.019385625256597285,0.4090909090909091,0.5255741127348643,0.019417475728155338,0.9748305905130688,1960.0,1916.0,44.0
mean,0.025104321357767318,0.48517812872468996,0.5082919220722456,0.4949890220186319,0.04198486450689093,-0.0029579986407056963,0.481060606060606,0.5089174379766576,0.021953250770645916,0.9771737145172731,1960.5,1916.5,44.0
std,0.00458805710262985,0.044180482002964976,0.024483385623001456,0.02643717990840365,0.00443431542190227,0.015690984724828685,0.06615245907792795,0.026015095539660516,0.002300419726852289,0.002362019920328545,0.5,0.5,0.0
