,PRC-AUC,AUROC,Accuracy,Balanced Accuracy,F1-Score,MCC,Sensitivity,Specificity,Precision,Negative Predictive Value,Test Cases,Negative Test Cases,Positive Test Cases
"(0, 0)",0.027776187747644933,0.5402736283017973,0.5170831208567057,0.5309432351685872,0.04824120603015076,0.01833927500401966,0.5454545454545454,0.5164319248826291,0.025236593059936908,0.9801980198019802,1961.0,1917.0,44.0
"(0, 1)",0.03596224715887981,0.5081846650218258,0.5010204081632653,0.4894192446384513,0.041176470588235294,-0.0062697222421432,0.4772727272727273,0.5015657620041754,0.02151639344262295,0.9766260162601627,1960.0,1916.0,44.0
"(1, 0)",0.026079522599086136,0.5241973727889221,0.5002549719530852,0.5112332242613933,0.04483430799220273,0.006654642507841365,0.5227272727272727,0.4997391757955138,0.023421588594704685,0.9785495403472931,1961.0,1917.0,44.0
"(1, 1)",0.033503097934355075,0.599995255266654,0.5173469387755102,0.5976940595938508,0.05964214711729623,0.05789878315151354,0.6818181818181818,0.5135699373695198,0.031185031185031187,0.9859719438877755,1960.0,1916.0,44.0
"(2, 0)",0.033725483968856496,0.5108479157774932,0.4956654767975523,0.48668018210271735,0.040737148399612025,-0.00789091968272227,0.4772727272727273,0.49608763693270735,0.02127659574468085,0.9763860369609856,1961.0,1917.0,44.0
"(2, 1)",0.02417309697261747,0.5092522300246727,0.4857142857142857,0.5148984627063959,0.045454545454545456,0.00883285537433659,0.5454545454545454,0.48434237995824636,0.023715415019762844,0.9789029535864979,1960.0,1916.0,44.0
mean,0.030203272730239986,0.5321251778635608,0.5028475337100674,0.5218114014118994,0.046680970930340425,0.012927485685474282,0.5416666666666666,0.501956136157132,0.024391936174456574,0.9794390851407826,1960.5,1916.5,44.0
std,0.004391652710571597,0.03236416877863725,0.011314257828572087,0.03715891356610076,0.006337313514202879,0.022021801366729397,0.06870589828491307,0.010756237210964534,0.003322472281578832,0.00320331630050607,0.5,0.5,0.0
