,PRC-AUC,AUROC,Accuracy,Balanced Accuracy,F1-Score,MCC,Sensitivity,Specificity,Precision,Negative Predictive Value,Test Cases,Negative Test Cases,Positive Test Cases
"(0, 0)",0.14374194725132985,0.7047470005216485,0.9775624681285059,0.5111028121591502,0.04347826086956522,0.10303105974473263,0.022727272727272728,0.9994783515910276,0.5,0.9780500255232262,1961.0,1917.0,44.0
"(0, 1)",0.13010752320496677,0.7261043366862783,0.9780612244897959,0.5113636363636364,0.044444444444444446,0.14909195038962503,0.022727272727272728,1.0,1.0,0.9780500255232262,1960.0,1916.0,44.0
"(1, 0)",0.17419437676721103,0.7462121212121213,0.9775624681285059,0.5111028121591502,0.04347826086956522,0.10303105974473263,0.022727272727272728,0.9994783515910276,0.5,0.9780500255232262,1961.0,1917.0,44.0
"(1, 1)",0.16045908203526926,0.7726679635604479,0.9780612244897959,0.5113636363636364,0.044444444444444446,0.14909195038962503,0.022727272727272728,1.0,1.0,0.9780500255232262,1960.0,1916.0,44.0
"(2, 0)",0.14090189743590803,0.6433881064162754,0.9785823559408465,0.5227272727272727,0.08695652173913045,0.21090287403166305,0.045454545454545456,1.0,1.0,0.9785604900459418,1961.0,1917.0,44.0
"(2, 1)",0.193365461373078,0.7221662080091099,0.9775510204081632,0.5111026760296071,0.04347826086956522,0.1030292200671877,0.022727272727272728,0.9994780793319415,0.5,0.9780388151174668,1960.0,1916.0,44.0
mean,0.15712838134462714,0.7192142894009802,0.9778967935976023,0.5131271409670755,0.05104669887278584,0.13636301906126103,0.026515151515151516,0.9997391304189995,0.75,0.9781332345427188,1960.5,1916.5,44.0
std,0.021556475856922178,0.04000266085370622,0.00038017033467417535,0.004294894242277306,0.016065172821931376,0.03918635507347694,0.008469954460226477,0.00026086959678642117,0.25,0.0001911183126577877,0.5,0.5,0.0
