,PRC-AUC,AUROC,Accuracy,Balanced Accuracy,F1-Score,MCC,Sensitivity,Specificity,Precision,Negative Predictive Value,Test Cases,Negative Test Cases,Positive Test Cases
"(0, 0)",0.02598327366298262,0.4853464219661403,0.4727180010198878,0.48604590505998957,0.04081632653061224,-0.008278829287510255,0.5,0.47209181011997914,0.02127659574468085,0.9762675296655879,1961.0,1917.0,44.0
"(0, 1)",0.03521322090063225,0.5509821598026191,0.511734693877551,0.5393101157714937,0.049652432969215496,0.023296875909020985,0.5681818181818182,0.5104384133611691,0.02596053997923157,0.9809428284854563,1960.0,1916.0,44.0
"(1, 0)",0.026939356360766404,0.5363494095888462,0.517593064762876,0.5201012472139233,0.04637096774193548,0.011914655885748434,0.5227272727272727,0.5174752217005738,0.024261603375527425,0.9792694965449161,1961.0,1917.0,44.0
"(1, 1)",0.018811111685628396,0.4250094894666919,0.49744897959183676,0.45428449421142536,0.03525954946131244,-0.02708903751210446,0.4090909090909091,0.49947807933194155,0.01842374616171955,0.9735503560528993,1960.0,1916.0,44.0
"(2, 0)",0.022688384981007833,0.4407810499359795,0.50790413054564,0.45963152653293504,0.03596403596403597,-0.023921416457776363,0.4090909090909091,0.5101721439749609,0.018808777429467086,0.9741035856573705,1961.0,1917.0,44.0
"(2, 1)",0.02167446543052296,0.3975018978933384,0.4392857142857143,0.4023296640728791,0.028293545534924844,-0.058223039503898066,0.36363636363636365,0.4410229645093946,0.014719411223551058,0.9679266895761741,1960.0,1916.0,44.0
mean,0.02521830217025674,0.47266173810893597,0.49111409734725103,0.47695049214377433,0.039392809700339405,-0.013716798494419953,0.46212121212121215,0.49177977216633656,0.020575112319029587,0.9753434143304007,1960.5,1916.5,44.0
std,0.005219466113611325,0.05669689265095611,0.027303779699820365,0.04512094648888333,0.0071649023486107495,0.026833783273142155,0.07266411398958667,0.026987076119966924,0.0037665783985350184,0.004230476505718975,0.5,0.5,0.0
