,PRC-AUC,AUROC,Accuracy,Balanced Accuracy,F1-Score,MCC,Sensitivity,Specificity,Precision,Negative Predictive Value,Test Cases,Negative Test Cases,Positive Test Cases
"(0, 0)",0.14397747798643307,0.7356191018162849,0.9775624681285059,0.5,0.0,0.0,0.0,1.0,,0.9775624681285059,1961.0,1917.0,44.0
"(0, 1)",0.13330316848491652,0.7403622603909661,0.9775510204081632,0.5,0.0,0.0,0.0,1.0,,0.9775510204081632,1960.0,1916.0,44.0
"(1, 0)",0.14314672044928012,0.6986294873618817,0.9775624681285059,0.5,0.0,0.0,0.0,1.0,,0.9775624681285059,1961.0,1917.0,44.0
"(1, 1)",0.14106243506936167,0.7533213133421903,0.9775510204081632,0.5,0.0,0.0,0.0,1.0,,0.9775510204081632,1960.0,1916.0,44.0
"(2, 0)",0.1291262526607465,0.7110304927206337,0.9775624681285059,0.5,0.0,0.0,0.0,1.0,,0.9775624681285059,1961.0,1917.0,44.0
"(2, 1)",0.17886540661794562,0.7293485481115961,0.9775510204081632,0.5,0.0,0.0,0.0,1.0,,0.9775510204081632,1960.0,1916.0,44.0
mean,0.14491357687811393,0.7280518672905921,0.9775567442683345,0.5,0.0,0.0,0.0,1.0,,0.9775567442683345,1960.5,1916.5,44.0
std,0.016101745700854205,0.018277667313231258,5.7238601713360815e-06,0.0,0.0,0.0,0.0,0.0,,5.7238601713360815e-06,0.5,0.5,0.0
