,PRC-AUC,AUROC,Accuracy,Balanced Accuracy,F1-Score,MCC,Sensitivity,Specificity,Precision,Negative Predictive Value,Test Cases,Negative Test Cases,Positive Test Cases
"(0, 0)",0.02546198669346212,0.4744510836060132,0.5084140744518103,0.4820979750557215,0.0398406374501992,-0.010607594098342792,0.45454545454545453,0.5096504955659885,0.020833333333333332,0.9760239760239761,1961.0,1917.0,44.0
"(0, 1)",0.02940241074131858,0.5191212753843233,0.5020408163265306,0.512146517365724,0.04500978473581213,0.007197483706448697,0.5227272727272727,0.5015657620041754,0.023517382413087935,0.9786150712830958,1960.0,1916.0,44.0
"(1, 0)",0.018545899466716708,0.39885948688765593,0.47628760836308004,0.44346042585479206,0.03386641580432738,-0.03352026011101118,0.4090909090909091,0.477829942618675,0.017664376840039256,0.9723991507430998,1961.0,1917.0,44.0
"(1, 1)",0.026590392329554874,0.5123481685329284,0.4913265306122449,0.5177690263807174,0.04593301435406699,0.010531527741609464,0.5454545454545454,0.4900835073068894,0.023976023976023976,0.9791449426485923,1960.0,1916.0,44.0
"(2, 0)",0.022533040804861654,0.46426708398539385,0.5104538500764916,0.4720384597145161,0.03807615230460922,-0.016570650555320855,0.4318181818181818,0.5122587376108503,0.019916142557651992,0.9751737835153923,1961.0,1917.0,44.0
"(2, 1)",0.031238419810570336,0.5412910419434428,0.503061224489796,0.5126684380337825,0.04509803921568627,0.007506797482745445,0.5227272727272727,0.5026096033402923,0.0235655737704918,0.9786585365853658,1960.0,1916.0,44.0
mean,0.02562869164108071,0.48505635672329284,0.4985973507199923,0.4900301404008756,0.041304007310783535,-0.005910449305645204,0.48106060606060613,0.49899967474114515,0.021578805481771383,0.976669243466587,1960.5,1916.5,44.0
std,0.004211327261522457,0.04662289771019013,0.011685587243157622,0.026852779431114485,0.004424052390676434,0.015917410494213698,0.05152072162399787,0.011807587395476998,0.002312823439558791,0.0024069026378661152,0.5,0.5,0.0
