,PRC-AUC,AUROC,Accuracy,Balanced Accuracy,F1-Score,MCC,Sensitivity,Specificity,Precision,Negative Predictive Value,Test Cases,Negative Test Cases,Positive Test Cases
"(0, 0)",0.14851757319813758,0.622356191018163,0.9770525242223356,0.5885616730687153,0.26229508196721313,0.28297014139780663,0.18181818181818182,0.9953051643192489,0.47058823529411764,0.9814814814814815,1961.0,1917.0,44.0
"(0, 1)",0.11378488592118857,0.6631120706016322,0.975,0.5653112545074968,0.19672131147540983,0.20868020328552933,0.13636363636363635,0.994258872651357,0.35294117647058826,0.9804426145136387,1960.0,1916.0,44.0
"(1, 0)",0.1668204302378061,0.6712133067766871,0.9775624681285059,0.5555140607957509,0.18518518518518517,0.23085631143681326,0.11363636363636363,0.9973917579551382,0.5,0.9800102511532548,1961.0,1917.0,44.0
"(1, 1)",0.10497923416262249,0.6375676124501802,0.9739795918367347,0.5536866578098311,0.16393442622950818,0.17153770433532614,0.11363636363636363,0.9937369519832986,0.29411764705882354,0.979927946474524,1960.0,1916.0,44.0
"(2, 0)",0.06957464280018505,0.4894781144781145,0.9760326364099949,0.532525963863992,0.11320754716981131,0.14253988501741952,0.06818181818181818,0.9968701095461658,0.3333333333333333,0.9789959016393442,1961.0,1917.0,44.0
"(2, 1)",0.10798257804836547,0.6520034636553425,0.9739795918367347,0.5536866578098311,0.16393442622950818,0.17153770433532614,0.11363636363636363,0.9937369519832986,0.29411764705882354,0.979927946474524,1960.0,1916.0,44.0
mean,0.11860989072805088,0.6226217931633533,0.9756011354057176,0.5582143779759362,0.18087966304277261,0.20135365830137017,0.1212121212121212,0.9952166347397511,0.3741830065359477,0.9801310236227945,1960.5,1916.5,44.0
std,0.031478025071688696,0.06166382996492022,0.0013999833053411359,0.016730764119917335,0.04481771069689406,0.046228377407123246,0.03387981784090591,0.0014588355951157953,0.08171568464084958,0.0007423379592383235,0.5,0.5,0.0
