,PRC-AUC,AUROC,Accuracy,Balanced Accuracy,F1-Score,MCC,Sensitivity,Specificity,Precision,Negative Predictive Value,Test Cases,Negative Test Cases,Positive Test Cases
"(0, 0)",0.035089343302222235,0.5962085645184236,0.49260581336053033,0.5628349219898515,0.05328258801141769,0.037237416978249116,0.6363636363636364,0.48930620761606675,0.027805362462760674,0.9832285115303984,1961.0,1917.0,44.0
"(0, 1)",0.025379930403687072,0.495622983488328,0.49387755102040815,0.5190738280508636,0.046153846153846156,0.011303781739689728,0.5454545454545454,0.49269311064718163,0.024096385542168676,0.979253112033195,1960.0,1916.0,44.0
"(1, 0)",0.022478984948499783,0.4920211504718547,0.50790413054564,0.5151455873286859,0.04549950544015825,0.008973194480820052,0.5227272727272727,0.5075639019300991,0.023784901758014478,0.9788732394366197,1961.0,1917.0,44.0
"(1, 1)",0.0208082274804272,0.43677642816473716,0.45051020408163267,0.4413788195103435,0.034080717488789235,-0.034886952201572494,0.4318181818181818,0.4509394572025052,0.017740429505135387,0.9718785151856018,1960.0,1916.0,44.0
"(2, 0)",0.033834380046236075,0.6065822544695784,0.4788373278939317,0.566895480627875,0.053703703703703705,0.03969295434742039,0.6590909090909091,0.4747000521648409,0.027992277992277992,0.9837837837837838,1961.0,1917.0,44.0
"(2, 1)",0.03960360895651751,0.490890111975707,0.46938775510204084,0.5176504080470677,0.04587155963302752,0.010482621289603162,0.5681818181818182,0.4671189979123173,0.02390057361376673,0.9792122538293216,1960.0,1916.0,44.0
mean,0.029532412522931647,0.5196835821814382,0.4821871303340306,0.5204965075924479,0.04643198673849042,0.012133836105701658,0.5606060606060607,0.4803869545788351,0.024219988479020658,0.97937156929982,1960.5,1916.5,44.0
std,0.00699905654136715,0.06117493334462123,0.01864158358452011,0.041319428939372495,0.006501582110001131,0.02454266509578584,0.07499617376220957,0.018462194046906993,0.003400401036841284,0.0038896710695729276,0.5,0.5,0.0
