,PRC-AUC,AUROC,Accuracy,Balanced Accuracy,F1-Score,MCC,Sensitivity,Specificity,Precision,Negative Predictive Value,Test Cases,Negative Test Cases,Positive Test Cases
"(0, 0)",0.031857278873017016,0.5457153696590317,0.5150433452320244,0.5410027505097927,0.04995004995004995,0.024297274249403686,0.5681818181818182,0.5138236828377674,0.02612330198537095,0.9810756972111554,1961.0,1917.0,44.0
"(0, 1)",0.02813119745260433,0.5536747959764661,0.46938775510204084,0.5842664642247106,0.056261343012704176,0.0500913521667243,0.7045454545454546,0.4639874739039666,0.02930056710775047,0.9855875831485588,1960.0,1916.0,44.0
"(1, 0)",0.021965164848440882,0.45907431118698727,0.4910759816420194,0.4732299521031915,0.038535645472061654,-0.01586025294535552,0.45454545454545453,0.4919144496609285,0.02012072434607646,0.9751809720785936,1961.0,1917.0,44.0
"(1, 1)",0.02889762224635701,0.5201769785538052,0.5255102040816326,0.5352533687606756,0.049079754601226995,0.020912578858310243,0.5454545454545454,0.5250521920668059,0.02569593147751606,0.9805068226120858,1960.0,1916.0,44.0
"(2, 0)",0.02458565336208896,0.4843624033764879,0.4798572157062723,0.5008002560819462,0.04315196998123827,0.0004745020901224465,0.5227272727272727,0.4788732394366197,0.022504892367906065,0.9776357827476039,1961.0,1917.0,44.0
"(2, 1)",0.027001937646835804,0.531445720250522,0.498469387755102,0.5325251470867338,0.0484027105517909,0.019273722187601098,0.5681818181818182,0.4968684759916493,0.025278058645096056,0.98043254376931,1960.0,1916.0,44.0
mean,0.027073142404890668,0.51574159650055,0.49655731491984856,0.5278463231278417,0.04756357892817866,0.016531529434467708,0.5606060606060607,0.4950865856496229,0.024837245988286013,0.9800699002612179,1960.5,1916.5,44.0
std,0.0031522551581999406,0.033663733706751436,0.01928204017120557,0.03451453159671941,0.005557504694110843,0.020495273448527744,0.07499617376220961,0.020380878725334634,0.0028922967178018556,0.003204304663244642,0.5,0.5,0.0
