,PRC-AUC,AUROC,Accuracy,Balanced Accuracy,F1-Score,MCC,Sensitivity,Specificity,Precision,Negative Predictive Value,Test Cases,Negative Test Cases,Positive Test Cases
"(0, 0)",0.028374102203318905,0.546391141461564,0.4987251402345742,0.5548620002845355,0.05207328833172613,0.03250324530363442,0.6136363636363636,0.49608763693270735,0.027190332326283987,0.9824380165289256,1961.0,1917.0,44.0
"(0, 1)",0.04263461788343897,0.5732586828620232,0.5076530612244898,0.548325109128867,0.051130776794493606,0.028635972273510484,0.5909090909090909,0.505741127348643,0.02672147995889003,0.9817629179331308,1960.0,1916.0,44.0
"(1, 0)",0.03880324486292959,0.5499952577417366,0.531871494135645,0.5385071370986864,0.04968944099378882,0.022852587855872724,0.5454545454545454,0.5315597287428273,0.026030368763557483,0.9807507218479307,1961.0,1917.0,44.0
"(1, 1)",0.03047855995289448,0.5857136078952363,0.5357142857142857,0.5737806035300816,0.056016597510373446,0.04380116950097862,0.6136363636363636,0.5339248434237995,0.029347826086956522,0.9836538461538461,1960.0,1916.0,44.0
"(2, 0)",0.021198601238549015,0.46892635272916966,0.4752677205507394,0.4984528382415706,0.042790697674418614,-0.0009177667209570586,0.5227272727272727,0.47417840375586856,0.02230843840931135,0.9774193548387097,1961.0,1917.0,44.0
"(2, 1)",0.023775500007560728,0.4517697855380528,0.48775510204081635,0.49373695198329853,0.04198473282442749,-0.0037123082032583373,0.5,0.48747390396659707,0.021912350597609563,0.9769874476987448,1960.0,1916.0,44.0
mean,0.030877437691448618,0.5293424713712971,0.5061644673167585,0.5346107733778399,0.048947589021538014,0.020527150001630145,0.5643939393939394,0.5048276073617405,0.02558513269043482,0.9805020508335479,1960.5,1916.5,44.0
std,0.00765498629816625,0.05081201035938155,0.02192835373452303,0.02922817701417159,0.005024045645286397,0.017338316380658497,0.04433598451030162,0.021905105055869196,0.0026598903942273875,0.0024896067233834665,0.5,0.5,0.0
