,PRC-AUC,AUROC,Accuracy,Balanced Accuracy,F1-Score,MCC,Sensitivity,Specificity,Precision,Negative Predictive Value,Test Cases,Negative Test Cases,Positive Test Cases
"(0, 0)",0.023203810513889037,0.4838051880305402,0.47679755226925036,0.4659268743775786,0.037523452157598496,-0.020203244548324614,0.45454545454545453,0.47730829420970267,0.019569471624266144,0.9744408945686901,1961.0,1917.0,44.0
"(0, 1)",0.023847893032254222,0.49556367432150317,0.488265306122449,0.47179256025811345,0.03835091083413231,-0.01671757642945614,0.45454545454545453,0.4890396659707724,0.02002002002002002,0.9750260145681582,1960.0,1916.0,44.0
"(1, 0)",0.02815368089704949,0.5310499359795134,0.517593064762876,0.4978956228956229,0.04251012145748988,-0.001247511290219293,0.4772727272727273,0.5185185185185185,0.022245762711864406,0.9773844641101278,1961.0,1917.0,44.0
"(1, 1)",0.024315013830683394,0.47519690643385837,0.5214285714285715,0.49985765799962045,0.04285714285714286,-8.443047807506309e-05,0.4772727272727273,0.5224425887265136,0.022435897435897436,0.9775390625,1960.0,1916.0,44.0
"(2, 0)",0.0312722139107143,0.5093778157158438,0.47679755226925036,0.5325437473324798,0.048237476808905375,0.019307889884635214,0.5909090909090909,0.47417840375586856,0.025145067698259187,0.9805825242718447,1961.0,1917.0,44.0
"(2, 1)",0.02386126417293302,0.4683170430821787,0.5045918367346939,0.46904061491744165,0.03766105054509415,-0.018347259996975847,0.4318181818181818,0.5062630480167014,0.019689119170984457,0.9748743718592965,1960.0,1916.0,44.0
mean,0.02577564605958724,0.4938850939272396,0.4975789805978485,0.4895095129634761,0.04119002577672718,-0.006215355476402624,0.481060606060606,0.4979584198663462,0.021517556443548608,0.9766412219796864,1960.5,1916.5,44.0
std,0.0029438122153311818,0.02132543717417952,0.01811549409548279,0.023517239478963572,0.003832894901689123,0.013945396874264692,0.0515207216239979,0.018985169900808882,0.0019963844449867357,0.002139489240773419,0.5,0.5,0.0
