,PRC-AUC,AUROC,Accuracy,Balanced Accuracy,F1-Score,MCC,Sensitivity,Specificity,Precision,Negative Predictive Value,Test Cases,Negative Test Cases,Positive Test Cases
"(0, 0)",0.05614635255638664,0.5395030113339973,0.5390107088220296,0.5310558638023426,0.04842105263157895,0.01845103255445807,0.5227272727272727,0.5393844548774126,0.025386313465783666,0.9800947867298578,1961.0,1917.0,44.0
"(0, 1)",0.04995901885897841,0.47966881761245017,0.49081632653061225,0.49530271398747394,0.04222648752399232,-0.0027838657270518896,0.5,0.4906054279749478,0.022044088176352707,0.9771309771309772,1960.0,1916.0,44.0
"(1, 0)",0.04807567736931368,0.4739294351970408,0.4895461499235084,0.472447479489733,0.03842459173871277,-0.016324603006673613,0.45454545454545453,0.4903495044340115,0.020060180541624874,0.975103734439834,1961.0,1917.0,44.0
"(1, 1)",0.03997616290085467,0.3942280318846081,0.49642857142857144,0.4315572214841526,0.03140333660451423,-0.04055657718267711,0.36363636363636365,0.49947807933194155,0.01641025641025641,0.9715736040609138,1960.0,1916.0,44.0
"(2, 0)",0.04129986800584534,0.5740859297197325,0.534931157572667,0.5400720823256034,0.05,0.023790491760697845,0.5454545454545454,0.5346896191966615,0.026200873362445413,0.9808612440191388,1961.0,1917.0,44.0
"(2, 1)",0.04272550101403891,0.5873979882330613,0.5306122448979592,0.5600683241601823,0.05349794238683127,0.035643945036182886,0.5909090909090909,0.5292275574112735,0.028017241379310345,0.9825581395348837,1960.0,1916.0,44.0
mean,0.04636376345090295,0.5081355356634817,0.5135575265292247,0.5050839475415813,0.04399556848093825,0.00303673723915603,0.49621212121212116,0.5139557738710413,0.023019825555962232,0.9778870809859344,1960.5,1916.5,44.0
std,0.005645602886982349,0.06654727662385503,0.021535511363665643,0.04375877569798719,0.007512910561231091,0.025950808607864435,0.07236732263084393,0.020903890314080183,0.003960039171158079,0.0037353513954620676,0.5,0.5,0.0
