,PRC-AUC,AUROC,Accuracy,Balanced Accuracy,F1-Score,MCC,Sensitivity,Specificity,Precision,Negative Predictive Value,Test Cases,Negative Test Cases,Positive Test Cases
"(0, 0)",0.03128698310181019,0.5328638497652582,0.4864864864864865,0.526396595058567,0.04730368968779564,0.015646111076153872,0.5681818181818182,0.4846113719353156,0.024679170779861797,0.979957805907173,1961.0,1917.0,44.0
"(0, 1)",0.019678570439339772,0.41810590244828244,0.45918367346938777,0.4569178212184475,0.03636363636363637,-0.025605636184484904,0.45454545454545453,0.4592901878914405,0.01893939393939394,0.9734513274336283,1960.0,1916.0,44.0
"(1, 0)",0.0281717247355443,0.5362782757148955,0.5405405405405406,0.5540439607341017,0.05257623554153523,0.03210632600339914,0.5681818181818182,0.539906103286385,0.027563395810363836,0.9819734345351043,1961.0,1917.0,44.0
"(1, 1)",0.023626317538245054,0.4967735813247296,0.5265306122448979,0.5357752894287341,0.049180327868852465,0.021224268384686776,0.5454545454545454,0.5260960334029228,0.02575107296137339,0.980544747081712,1960.0,1916.0,44.0
"(2, 0)",0.04384645353737733,0.5831673542941148,0.4625191228964814,0.5474462939251672,0.05045045045045046,0.028214968209680325,0.6363636363636364,0.458528951486698,0.02626641651031895,0.982122905027933,1961.0,1917.0,44.0
"(2, 1)",0.04772034826540408,0.5962113304232302,0.4954081632653061,0.5642674131713797,0.05358851674641148,0.038090665757036096,0.6363636363636364,0.4921711899791232,0.027972027972027972,0.9833159541188738,1960.0,1916.0,44.0
mean,0.032388399602953456,0.5272333823284184,0.4951114331505167,0.5308078955893996,0.04824380944311361,0.01827945054107855,0.5681818181818181,0.49343397299698083,0.025195246328889986,0.9802276956840709,1960.5,1916.5,44.0
std,0.010195284485776977,0.058930305086225515,0.030217293531844096,0.03521403130354094,0.005702404184580017,0.020912071914352875,0.06154574548966637,0.030795185181038902,0.0030049132032584427,0.003221523746594361,0.5,0.5,0.0
