,PRC-AUC,AUROC,Accuracy,Balanced Accuracy,F1-Score,MCC,Sensitivity,Specificity,Precision,Negative Predictive Value,Test Cases,Negative Test Cases,Positive Test Cases
"(0, 0)",0.024666443371308126,0.5062834921989852,0.5109637939826619,0.5056077203964529,0.043868394815553345,0.0033228487800760344,0.5,0.5112154407929056,0.022940563086548488,0.9780439121756487,1961.0,1917.0,44.0
"(0, 1)",0.021372460277762316,0.4746394002657051,0.5056122448979592,0.4806652116151072,0.03964321110009911,-0.011458250496195643,0.45454545454545453,0.5067849686847599,0.02072538860103627,0.9758793969849247,1960.0,1916.0,44.0
"(1, 0)",0.01940116022220275,0.43862332242613933,0.47373788883222845,0.4865675534689619,0.040892193308550186,-0.007968467491318802,0.5,0.4731351069379238,0.02131782945736434,0.976318622174381,1961.0,1917.0,44.0
"(1, 1)",0.02560302596455903,0.5284565382425508,0.5219387755102041,0.48901594230404255,0.04094165813715456,-0.0065161466236128805,0.45454545454545453,0.5234864300626305,0.021436227224008574,0.9766309639727361,1960.0,1916.0,44.0
"(2, 0)",0.0322161215070175,0.4843861146678048,0.5400305966343703,0.45385782709726374,0.03426124197002142,-0.027452107687068468,0.36363636363636365,0.5440792905581638,0.017977528089887642,0.9738562091503268,1961.0,1917.0,44.0
"(2, 1)",0.020829346772203116,0.4374288289998102,0.47091836734693876,0.48512526096033404,0.04070305272895467,-0.008829034479296905,0.5,0.4702505219206681,0.021215043394406944,0.9761646803900325,1960.0,1916.0,44.0
mean,0.02401475968584214,0.47830294946683255,0.5038669445340604,0.4834732526403604,0.04005162534338888,-0.00981685966623611,0.46212121212121215,0.5048252931595086,0.020935429975542045,0.9761489641413416,1960.5,1916.5,44.0
std,0.004254870125770692,0.03315088298553106,0.02476954073608248,0.015372694543457775,0.0028921197971106967,0.009143623766401586,0.048508516950248846,0.026247131164530615,0.0014882355687634182,0.001237037768183762,0.5,0.5,0.0
