,PRC-AUC,AUROC,Accuracy,Balanced Accuracy,F1-Score,MCC,Sensitivity,Specificity,Precision,Negative Predictive Value,Test Cases,Negative Test Cases,Positive Test Cases
"(0, 0)",0.16162471012717142,0.6140631668800682,0.974502804691484,0.5761547398871343,0.21875,0.22451045183809318,0.1590909090909091,0.9932185706833594,0.35,0.9809376609994848,1961.0,1917.0,44.0
"(0, 1)",0.13286662273144276,0.6511909280698425,0.976530612244898,0.5771968115391916,0.23333333333333334,0.2541823131940361,0.1590909090909091,0.9953027139874739,0.4375,0.9809670781893004,1960.0,1916.0,44.0
"(1, 0)",0.11606541052309627,0.5519870062123583,0.9775624681285059,0.566616872954901,0.21428571428571427,0.2530201392971691,0.13636363636363635,0.9968701095461658,0.5,0.9805028219599795,1961.0,1917.0,44.0
"(1, 1)",0.10592361141392657,0.651001138736003,0.9755102040816327,0.5655722148415259,0.19999999999999998,0.215906549990263,0.13636363636363635,0.9947807933194155,0.375,0.9804526748971193,1960.0,1916.0,44.0
"(2, 0)",0.10366888360876514,0.6442950633091479,0.9739928607853137,0.5314826670460473,0.10526315789473682,0.11491395030840397,0.06818181818181818,0.9947835159102765,0.23076923076923078,0.978952772073922,1961.0,1917.0,44.0
"(2, 1)",0.10734744332421108,0.6026641677737711,0.9734693877551021,0.5534256974758018,0.16129032258064516,0.1659370716042061,0.11363636363636363,0.9932150313152401,0.2777777777777778,0.9799176107106076,1960.0,1916.0,44.0
mean,0.12124944695476887,0.6192002451635318,0.9752613896144894,0.5617415006241003,0.1888204213490716,0.2047450793720286,0.12878787878787876,0.994695122460322,0.3618411680911681,0.9802884364717356,1960.5,1916.5,44.0
std,0.02053135013633074,0.03531265458165442,0.0014354839016964681,0.0156514180391676,0.043570566802369544,0.049775266765708516,0.03123564867892167,0.0012573625924495121,0.09071199492854405,0.0006923984395918776,0.5,0.5,0.0
