,PRC-AUC,AUROC,Accuracy,Balanced Accuracy,F1-Score,MCC,Sensitivity,Specificity,Precision,Negative Predictive Value,Test Cases,Negative Test Cases,Positive Test Cases
"(0, 0)",0.11350924127758222,0.7433311993171148,0.9734829168791433,0.5312218428415612,0.10344827586206896,0.10984465523099539,0.06818181818181818,0.9942618675013041,0.21428571428571427,0.9789419619928095,1961.0,1917.0,44.0
"(0, 1)",0.1868075182078585,0.754537151262099,0.9770408163265306,0.5330470677547922,0.1176470588235294,0.1641295865484273,0.06818181818181818,0.9979123173277662,0.42857142857142855,0.9790066564260113,1960.0,1916.0,44.0
"(1, 0)",0.19214892262520697,0.7614644093517332,0.9770525242223356,0.5219448001138142,0.0816326530612245,0.12889307724714022,0.045454545454545456,0.9984350547730829,0.4,0.9785276073619632,1961.0,1917.0,44.0
"(1, 1)",0.1311050930661241,0.7495551812488138,0.9770408163265306,0.5330470677547922,0.1176470588235294,0.1641295865484273,0.06818181818181818,0.9979123173277662,0.42857142857142855,0.9790066564260113,1960.0,1916.0,44.0
"(2, 0)",0.16727175591409085,0.7073256034523641,0.9755226925038246,0.5322651396595058,0.11111111111111109,0.13417521656706616,0.06818181818181818,0.9963484611371936,0.3,0.9789851358277806,1961.0,1917.0,44.0
"(2, 1)",0.15907101406844276,0.6719906528753083,0.9770408163265306,0.5441497437843993,0.1509433962264151,0.1934783541858833,0.09090909090909091,0.9973903966597077,0.4444444444444444,0.9794976934905176,1960.0,1916.0,44.0
mean,0.15831892419321758,0.7313673662512388,0.9761967637641492,0.5326126103181442,0.1137382589846464,0.14910841272132327,0.06818181818181818,0.9970434024544702,0.3693121693121693,0.9789942852541822,1960.5,1916.5,44.0
std,0.02824089205819543,0.03167596698513826,0.001334724511227866,0.006446447338584309,0.02064919393044258,0.02766847128601794,0.01312159702703695,0.001401606661334393,0.0841103440998959,0.0002811688801430315,0.5,0.5,0.0
