,PRC-AUC,AUROC,Accuracy,Balanced Accuracy,F1-Score,MCC,Sensitivity,Specificity,Precision,Negative Predictive Value,Test Cases,Negative Test Cases,Positive Test Cases
"(0, 0)",0.018578406333146905,0.4047280314885948,0.4757776644569097,0.4320967894911557,0.032015065913371,-0.04025575381268256,0.38636363636363635,0.477829942618675,0.01669941060903733,0.9713679745493107,1961.0,1917.0,44.0
"(0, 1)",0.034987638667883236,0.5706728031884608,0.5091836734693878,0.5380053141013476,0.04940711462450593,0.022521893357461784,0.5681818181818182,0.5078288100208769,0.025826446280991736,0.9808467741935484,1960.0,1916.0,44.0
"(1, 0)",0.03096725891816422,0.5622065727699531,0.5441101478837328,0.511458481528904,0.04487179487179487,0.006815899521851689,0.4772727272727273,0.5456442357850808,0.023542600896860985,0.9784845650140318,1961.0,1917.0,44.0
"(1, 1)",0.021294242651300317,0.43943347883848927,0.5301020408163265,0.48208863161890303,0.03962460896767466,-0.010636877558408057,0.4318181818181818,0.5323590814196242,0.020765027322404372,0.9760765550239234,1960.0,1916.0,44.0
"(2, 0)",0.035275270045391424,0.5841750841750842,0.47373788883222845,0.553184426423863,0.051470588235294115,0.0315730802211382,0.6363636363636364,0.4700052164840897,0.02681992337164751,0.9825517993456925,1961.0,1917.0,44.0
"(2, 1)",0.021367420888524634,0.48271730878724617,0.5025510204081632,0.5124074776997533,0.045053868756121454,0.007352136283773032,0.5227272727272727,0.5020876826722338,0.02354145342886387,0.9786368260427264,1960.0,1916.0,44.0
mean,0.027078372917401786,0.5073222132079714,0.5059104059777914,0.5048735201439878,0.04374050689479367,0.002895063002189015,0.5037878787878788,0.5059591615000968,0.02286581031830097,0.9779940823615388,1960.5,1916.5,44.0
std,0.006870099580917373,0.06912766167244999,0.025850558344596535,0.03947021100130272,0.0064458761301855435,0.0234093500186801,0.08341937706645926,0.02700087635541052,0.0033603742106238974,0.003585771495274368,0.5,0.5,0.0
