,PRC-AUC,AUROC,Accuracy,Balanced Accuracy,F1-Score,MCC,Sensitivity,Specificity,Precision,Negative Predictive Value,Test Cases,Negative Test Cases,Positive Test Cases
"(0, 0)",0.03213303785568051,0.5113221416038317,0.531871494135645,0.516301512780386,0.04573804573804574,0.00967680087311063,0.5,0.532603025560772,0.023965141612200435,0.9789069990412272,1961.0,1917.0,44.0
"(0, 1)",0.022886009462803798,0.47029796925412787,0.503061224489796,0.5015657620041754,0.04322200392927309,0.000927816091388579,0.5,0.5031315240083507,0.022587268993839837,0.9776876267748479,1960.0,1916.0,44.0
"(1, 0)",0.027761310811720948,0.5055721534594775,0.49668536460989293,0.4649962061933893,0.037073170731707315,-0.020736476588155858,0.4318181818181818,0.4981742305685968,0.019367991845056064,0.9744897959183674,1961.0,1917.0,44.0
"(1, 1)",0.03303534357993839,0.518267223382046,0.5336734693877551,0.517223382045929,0.04592901878914406,0.010229009484209538,0.5,0.534446764091858,0.024070021881838075,0.9789674952198852,1960.0,1916.0,44.0
"(2, 0)",0.020057611250246594,0.4105965760895338,0.4864864864864865,0.40426566130791486,0.027053140096618356,-0.056716893758299386,0.3181818181818182,0.4903495044340115,0.014127144298688193,0.9690721649484536,1961.0,1917.0,44.0
"(2, 1)",0.024174769089362787,0.4698472195862593,0.5352040816326531,0.5069035870184095,0.04407135362014691,0.004101527144067439,0.4772727272727273,0.5365344467640919,0.0231023102310231,0.978116079923882,1960.0,1916.0,44.0
mean,0.02667468034162551,0.480983880562546,0.5144970201237048,0.4852093518917007,0.040514455484155915,-0.008753036125613177,0.4545454545454546,0.5158732492379469,0.021203313143774286,0.9762066936377772,1960.5,1916.5,44.0
std,0.004757829617558639,0.0367596414745578,0.01971046016065505,0.04018757040281847,0.006703670469314058,0.023815506601660694,0.06560798513518475,0.019056120300993185,0.003531001014913154,0.0035261364832586757,0.5,0.5,0.0
