,PRC-AUC,AUROC,Accuracy,Balanced Accuracy,F1-Score,MCC,Sensitivity,Specificity,Precision,Negative Predictive Value,Test Cases,Negative Test Cases,Positive Test Cases
"(0, 0)",0.04805618500437438,0.5535163845022999,0.5390107088220296,0.5199530516431925,0.046413502109704644,0.011856459115487702,0.5,0.539906103286385,0.024336283185840708,0.97918637653737,1961.0,1917.0,44.0
"(0, 1)",0.03033603717923452,0.5744685898652495,0.5158163265306123,0.5525004744733346,0.05194805194805195,0.03111794287762134,0.5909090909090909,0.5140918580375783,0.027168234064785787,0.9820538384845464,1960.0,1916.0,44.0
"(1, 0)",0.05054632171425762,0.5116126049224641,0.5084140744518103,0.5043035993740219,0.04365079365079365,0.0025498411753108957,0.5,0.5086071987480438,0.022821576763485476,0.9779338014042126,1961.0,1917.0,44.0
"(1, 1)",0.02924195035815192,0.4572025052192067,0.511734693877551,0.45048870753463655,0.034308779011099896,-0.02935476700210448,0.38636363636363635,0.5146137787056367,0.01795142555438226,0.9733464955577492,1960.0,1916.0,44.0
"(2, 0)",0.03251416076263392,0.4710366576563759,0.4895461499235084,0.4613446673305828,0.03657362848893167,-0.022902173579878286,0.4318181818181818,0.4908711528429838,0.019095477386934675,0.974120082815735,1961.0,1917.0,44.0
"(2, 1)",0.06068376845709363,0.6055110077813627,0.5316326530612245,0.5605902448282407,0.053608247422680416,0.03595762765355123,0.5909090909090909,0.5302713987473904,0.028077753779697623,0.9825918762088974,1960.0,1916.0,44.0
mean,0.04189640391262433,0.5288912916578264,0.5160257677777894,0.5081967908640015,0.044417167105210376,0.004870821706664734,0.49999999999999994,0.516393581728003,0.023241791789187755,0.9782054118347517,1960.5,1916.5,44.0
std,0.01188509436155489,0.053757573110091814,0.016069886957227067,0.041606492618909835,0.007181729985715369,0.024671904209798704,0.07537783614444092,0.015630740236810717,0.0037717782592815627,0.00354463213744388,0.5,0.5,0.0
