,PRC-AUC,AUROC,Accuracy,Balanced Accuracy,F1-Score,MCC,Sensitivity,Specificity,Precision,Negative Predictive Value,Test Cases,Negative Test Cases,Positive Test Cases
"(0, 0)",0.10153138305513043,0.727699530516432,0.9724630290668026,0.5307001944325888,0.09999999999999999,0.10108546708571342,0.06818181818181818,0.9932185706833594,0.1875,0.9789203084832905,1961.0,1917.0,44.0
"(0, 1)",0.17744591477944915,0.760325725944202,0.9770408163265306,0.521944391725185,0.0816326530612245,0.1288900079327219,0.045454545454545456,0.9984342379958246,0.4,0.9785166240409208,1960.0,1916.0,44.0
"(1, 0)",0.19209068016074232,0.7957212974818609,0.9785823559408465,0.5671385213638735,0.22222222222222218,0.2791968588716868,0.13636363636363635,0.9979134063641106,0.6,0.9805228088159919,1961.0,1917.0,44.0
"(1, 1)",0.13811851734061575,0.7536890301765041,0.976530612244898,0.5327861074207629,0.11538461538461538,0.1523558181209853,0.06818181818181818,0.9973903966597077,0.375,0.9789959016393442,1960.0,1916.0,44.0
"(2, 0)",0.16380930238126584,0.7414342960117608,0.9765425803161653,0.5327867880684782,0.11538461538461538,0.15235971396054937,0.06818181818181818,0.9973917579551382,0.375,0.9790066564260113,1961.0,1917.0,44.0
"(2, 1)",0.16943053627322885,0.6930157525147086,0.9780612244897959,0.5557743404820649,0.18867924528301888,0.24442106968888322,0.11363636363636363,0.9979123173277662,0.5555555555555556,0.9800102511532548,1960.0,1916.0,44.0
mean,0.15707105566507207,0.745314272107578,0.9765367697308398,0.5401883905821588,0.13721722522261606,0.17638482261009,0.08333333333333333,0.9970434478309844,0.41550925925925924,0.9793287584264688,1960.5,1916.5,44.0
std,0.02967469083248004,0.031349686371420174,0.001973063730203462,0.01582023103324713,0.0505012891649196,0.0636128852026146,0.031235648678921667,0.00174725680049127,0.1348830098811386,0.0006989427283509301,0.5,0.5,0.0
