,PRC-AUC,AUROC,Accuracy,Balanced Accuracy,F1-Score,MCC,Sensitivity,Specificity,Precision,Negative Predictive Value,Test Cases,Negative Test Cases,Positive Test Cases
"(0, 0)",0.02134925232298792,0.46340162185232614,0.4941356450790413,0.4858977094892588,0.04061895551257254,-0.008354680285714983,0.4772727272727273,0.4945226917057903,0.021212121212121213,0.976313079299691,1961.0,1917.0,44.0
"(0, 1)",0.026569189342444684,0.4726228885936611,0.4683673469387755,0.5060258113494022,0.044036697247706424,0.003578744364998929,0.5454545454545454,0.46659707724425886,0.022944550669216062,0.9781181619256017,1960.0,1916.0,44.0
"(1, 0)",0.03007780786412113,0.5885735287143737,0.5441101478837328,0.566972542324655,0.054968287526427066,0.0398027360759091,0.5909090909090909,0.543035993740219,0.028824833702882482,0.9830028328611898,1961.0,1917.0,44.0
"(1, 1)",0.025555217040184992,0.4959551148225469,0.45714285714285713,0.46697665591193777,0.037974683544303806,-0.01963698051915767,0.4772727272727273,0.45668058455114824,0.01977401129943503,0.9743875278396437,1960.0,1916.0,44.0
"(2, 0)",0.021375212400209686,0.47928818703466597,0.5017848036715962,0.523118509034002,0.04682926829268293,0.013695556087012338,0.5454545454545454,0.5007824726134585,0.024464831804281346,0.9795918367346939,1961.0,1917.0,44.0
"(2, 1)",0.03160744103171575,0.5235101537293605,0.5280612244897959,0.5032501423420004,0.043433298862461216,0.0019291510744237257,0.4772727272727273,0.5292275574112735,0.02275189599133261,0.9778206364513018,1960.0,1916.0,44.0
mean,0.026089020000277362,0.5038919157911557,0.4989336708676331,0.5087068950752094,0.04464353183102566,0.005169087799578572,0.5189393939393939,0.49847439621102474,0.02332870744654479,0.9782056791853536,1960.5,1916.5,44.0
std,0.003906496453035276,0.04250765239057248,0.03055391610370852,0.031361378674914925,0.005383333665329521,0.018634421399061102,0.0443359845103016,0.03086346880728278,0.002860485746987354,0.002684841626146666,0.5,0.5,0.0
