,PRC-AUC,AUROC,Accuracy,Balanced Accuracy,F1-Score,MCC,Sensitivity,Specificity,Precision,Negative Predictive Value,Test Cases,Negative Test Cases,Positive Test Cases
"(0, 0)",0.09852078095865816,0.5892552283397354,0.9750127485976543,0.5320043154550197,0.10909090909090909,0.1269294167757987,0.06818181818181818,0.9958268127282212,0.2727272727272727,0.978974358974359,1961.0,1917.0,44.0
"(0, 1)",0.09985915521168809,0.6313401499335738,0.976530612244898,0.5549914594799772,0.17857142857142858,0.20886430876996653,0.11363636363636363,0.9963465553235908,0.4166666666666667,0.9799794661190965,1960.0,1916.0,44.0
"(1, 0)",0.1414202923944961,0.682565087494665,0.9765425803161653,0.5549924123867785,0.17857142857142858,0.2088688229453495,0.11363636363636363,0.9963484611371936,0.4166666666666667,0.9799897383273474,1961.0,1917.0,44.0
"(1, 1)",0.10504529949612193,0.6431011577149364,0.9770408163265306,0.5552524198140064,0.18181818181818182,0.21913065007236351,0.11363636363636363,0.9968684759916493,0.45454545454545453,0.9799897383273474,1960.0,1916.0,44.0
"(2, 0)",0.14267053315417455,0.6759318537487552,0.9775624681285059,0.566616872954901,0.21428571428571427,0.2530201392971691,0.13636363636363635,0.9968701095461658,0.5,0.9805028219599795,1961.0,1917.0,44.0
"(2, 1)",0.13925006488353284,0.6538005314101347,0.9770408163265306,0.5885604479028279,0.26229508196721313,0.2829652011859357,0.18181818181818182,0.9953027139874739,0.47058823529411764,0.9814719505918682,1960.0,1916.0,44.0
mean,0.12112768768311195,0.6459990014403001,0.976621673656714,0.5587363213322518,0.18743879071747924,0.21662975650776387,0.12121212121212122,0.9962605214523824,0.42186571598336303,0.9801513457166663,1960.5,1916.5,44.0
std,0.020109576770327237,0.030922088593664146,0.0007999628300101951,0.016863966378389973,0.04591924735767485,0.04812759233743559,0.03387981784090591,0.0005570517597592835,0.07285047588921542,0.0007454983870107089,0.5,0.5,0.0
