,PRC-AUC,AUROC,Accuracy,Balanced Accuracy,F1-Score,MCC,Sensitivity,Specificity,Precision,Negative Predictive Value,Test Cases,Negative Test Cases,Positive Test Cases
"(0, 0)",0.025235176797065002,0.4900768245838668,0.4849566547679755,0.503408498126808,0.043560606060606064,0.002020259173849703,0.5227272727272727,0.4840897235263432,0.022727272727272728,0.9778714436248683,1961.0,1917.0,44.0
"(0, 1)",0.02762661635703468,0.5362379009299677,0.5142857142857142,0.5295122414120326,0.048,0.017492846230505194,0.5454545454545454,0.5135699373695198,0.02510460251046025,0.9800796812749004,1960.0,1916.0,44.0
"(1, 0)",0.03299885507096237,0.4291388058993693,0.5073941866394697,0.4371650780101484,0.03206412825651302,-0.037237416978249116,0.36363636363636365,0.5106937923839332,0.016771488469601678,0.9721946375372393,1961.0,1917.0,44.0
"(1, 1)",0.026122892081996904,0.5095131903587018,0.5158163265306123,0.5080897703549061,0.04431017119838872,0.004796026738640422,0.5,0.5161795407098121,0.023182297154899896,0.9782393669634025,1960.0,1916.0,44.0
"(2, 0)",0.05217614016158176,0.5355550813297292,0.52371239163692,0.4899227011903068,0.041067761806981525,-0.0059777909027854395,0.45454545454545453,0.5252999478351591,0.021505376344086023,0.976721629485936,1961.0,1917.0,44.0
"(2, 1)",0.05097767043392262,0.6020354906054279,0.5255102040816326,0.5685613968494971,0.054878048780487805,0.04066022062227039,0.6136363636363636,0.5234864300626305,0.02872340425531915,0.9833333333333333,1960.0,1916.0,44.0
mean,0.035856225150427225,0.5170928822845106,0.5119459129903874,0.5061099476572831,0.04398011935049619,0.0036256908140385254,0.5,0.5122198953145664,0.023002406910273287,0.9780733487032801,1960.5,1916.5,44.0
std,0.011390297031844068,0.05235435336406913,0.013490941749874107,0.03973766136700807,0.006900264513446533,0.023557808096674585,0.07762841489363331,0.013596320209079046,0.003612998325782316,0.003370151486110393,0.5,0.5,0.0
