,PRC-AUC,AUROC,Accuracy,Balanced Accuracy,F1-Score,MCC,Sensitivity,Specificity,Precision,Negative Predictive Value,Test Cases,Negative Test Cases,Positive Test Cases
"(0, 0)",0.027862541706602593,0.49697088253426286,0.49668536460989293,0.5427158913074406,0.05004812319538017,0.025307937864837128,0.5909090909090909,0.4945226917057903,0.02613065326633166,0.9813664596273292,1961.0,1917.0,44.0
"(0, 1)",0.04434660259995038,0.5383255836022016,0.4933673469387755,0.5188128677168343,0.04610951008645533,0.011149319611257478,0.5454545454545454,0.4921711899791232,0.024072216649949848,0.9792315680166147,1960.0,1916.0,44.0
"(1, 0)",0.02335738641472191,0.4414686773841704,0.4716981132075472,0.4744214444918671,0.03896103896103895,-0.015175509080546622,0.4772727272727273,0.4715701617110068,0.020309477756286266,0.9751887810140237,1961.0,1917.0,44.0
"(1, 1)",0.02607631504159403,0.456407762383754,0.47091836734693876,0.4740225849307269,0.038924930491195546,-0.015417323264639184,0.4772727272727273,0.4707724425887265,0.020289855072463767,0.9751351351351352,1960.0,1916.0,44.0
"(2, 0)",0.025551914971508286,0.502406696068668,0.479347271800102,0.5227450561957605,0.04668534080298786,0.013489496649584884,0.5681818181818182,0.47730829420970267,0.024342745861733205,0.9796573875802997,1961.0,1917.0,44.0
"(2, 1)",0.01915937608947204,0.44225659517935095,0.48214285714285715,0.46866103624976274,0.03791469194312796,-0.018579329389278587,0.45454545454545453,0.482776617954071,0.019782393669634024,0.9747102212855637,1960.0,1916.0,44.0
mean,0.02772568947064154,0.479639366192068,0.482359886841019,0.5002298134820654,0.04310727258003097,0.00012909873186918325,0.5189393939393939,0.48152023302473673,0.022487890379399796,0.9775482587764944,1960.5,1916.5,44.0
std,0.007918154350389539,0.035723440834892116,0.009832668574109296,0.028887169303896478,0.004683971636687403,0.01712623222225492,0.0515207216239979,0.009276715168219572,0.0024534619505213666,0.0026237813001544017,0.5,0.5,0.0
