,PRC-AUC,AUROC,Accuracy,Balanced Accuracy,F1-Score,MCC,Sensitivity,Specificity,Precision,Negative Predictive Value,Test Cases,Negative Test Cases,Positive Test Cases
"(0, 0)",0.15088781492175846,0.6389244558258642,0.9780724120346762,0.5779805093185375,0.2456140350877193,0.28463434688515427,0.1590909090909091,0.9968701095461658,0.5384615384615384,0.981006160164271,1961.0,1917.0,44.0
"(0, 1)",0.17386502092328704,0.6552595369140254,0.975,0.587516606566711,0.24615384615384614,0.251852347957992,0.18181818181818182,0.9932150313152401,0.38095238095238093,0.9814337287261475,1960.0,1916.0,44.0
"(1, 0)",0.1481955346752024,0.6089237444871248,0.9770525242223356,0.5996644852278655,0.28571428571428575,0.3013744321102564,0.20454545454545456,0.9947835159102765,0.47368421052631576,0.981977342945417,1961.0,1917.0,44.0
"(1, 1)",0.165599956354845,0.6863434712469159,0.975,0.5764139305371039,0.22222222222222218,0.23106653793198204,0.1590909090909091,0.9937369519832986,0.3684210526315789,0.9809376609994848,1960.0,1916.0,44.0
"(2, 0)",0.1323468001169091,0.7075745720111917,0.9724630290668026,0.5751114430691896,0.20588235294117646,0.20234993304234491,0.1590909090909091,0.99113197704747,0.2916666666666667,0.980898296334538,1961.0,1917.0,44.0
"(2, 1)",0.09658198779767821,0.6249584835832226,0.9709183673469388,0.57432624786487,0.19718309859154928,0.18892893937605384,0.1590909090909091,0.9895615866388309,0.25925925925925924,0.9808587687532333,1960.0,1916.0,44.0
mean,0.14457951913161338,0.6536640440113907,0.9747510554451254,0.5818355370973796,0.23379497345179986,0.24336775621729723,0.17045454545454544,0.9932165287402137,0.38540751808295665,0.9811853263205151,1960.5,1916.5,44.0
std,0.02518522049760593,0.034204762466058275,0.002462271230527868,0.009092156545638863,0.029556497519730413,0.04069615219095169,0.017358241268772126,0.002372723527059464,0.09680515332931346,0.00040238016220742754,0.5,0.5,0.0
