,PRC-AUC,AUROC,Accuracy,Balanced Accuracy,F1-Score,MCC,Sensitivity,Specificity,Precision,Negative Predictive Value,Test Cases,Negative Test Cases,Positive Test Cases
"(0, 0)",0.023898237782068434,0.5100298762270593,0.5216726160122387,0.4666737800540618,0.036960985626283374,-0.019768906150270434,0.4090909090909091,0.5242566510172144,0.01935483870967742,0.9747817652764307,1961.0,1917.0,44.0
"(0, 1)",0.02631260952902122,0.5014708673372557,0.4903061224489796,0.4950417536534447,0.04218600191754555,-0.0029385815590885897,0.5,0.4900835073068894,0.022022022022022022,0.9771071800208116,1960.0,1916.0,44.0
"(1, 0)",0.030342821796750706,0.5146180110968844,0.4722080571137175,0.4857850808555034,0.04077849860982391,-0.008434048922321755,0.5,0.4715701617110068,0.021256038647342997,0.9762419006479481,1961.0,1917.0,44.0
"(1, 1)",0.02642878062579988,0.5191331372176884,0.5163265306122449,0.5194534067185423,0.04627766599597586,0.011532600915248435,0.5227272727272727,0.5161795407098121,0.024210526315789474,0.9792079207920792,1960.0,1916.0,44.0
"(2, 0)",0.049691484824088486,0.4326599326599327,0.5002549719530852,0.44461635130649213,0.03353057199211046,-0.03281151321261865,0.38636363636363635,0.5028690662493479,0.01752577319587629,0.9727547931382442,1961.0,1917.0,44.0
"(2, 1)",0.022048034167385135,0.45191212753843235,0.4658163265306122,0.46031030556082747,0.03679852805887764,-0.02356703895227071,0.45454545454545453,0.4660751565762004,0.019175455417066157,0.9738276990185387,1960.0,1916.0,44.0
mean,0.029786994787518978,0.4883039920128754,0.49443077077847963,0.4786467796914787,0.03942204203343613,-0.012664581313553617,0.46212121212121215,0.49517234726174514,0.020590775717962393,0.9756535431490089,1960.5,1916.5,44.0
std,0.009259369966955533,0.03343868415051888,0.020756974313238474,0.024571597370321246,0.004165894703063396,0.014567257704901916,0.0502518907629606,0.02150985954288407,0.0021801585355784533,0.0021443445076129207,0.5,0.5,0.0
