,PRC-AUC,AUROC,Accuracy,Balanced Accuracy,F1-Score,MCC,Sensitivity,Specificity,Precision,Negative Predictive Value,Test Cases,Negative Test Cases,Positive Test Cases
"(0, 0)",0.024632653862439013,0.4939654763598425,0.47628760836308004,0.47676886233224264,0.03928905519176801,-0.013776471932369286,0.4772727272727273,0.476264997391758,0.02048780487804878,0.9754273504273504,1961.0,1917.0,44.0
"(0, 1)",0.04278306510961279,0.4122936040994496,0.47959183673469385,0.43404820649079523,0.03225806451612903,-0.03909832993218371,0.38636363636363635,0.48173277661795405,0.016831683168316833,0.9715789473684211,1960.0,1916.0,44.0
"(1, 0)",0.029893087515527272,0.5405937307345758,0.5048444671086181,0.5135806421017688,0.04523107177974435,0.008045495607718774,0.5227272727272727,0.504434011476265,0.023638232271325797,0.978744939271255,1961.0,1917.0,44.0
"(1, 1)",0.04953091404265919,0.5977177832605808,0.5142857142857142,0.5406149174416398,0.0499001996007984,0.024072602564451887,0.5681818181818182,0.5130480167014614,0.026096033402922755,0.9810379241516967,1960.0,1916.0,44.0
"(2, 0)",0.019929135480373138,0.42682695499596907,0.4752677205507394,0.4429387774458197,0.033802816901408454,-0.033832311035200915,0.4090909090909091,0.4767866458007303,0.01762977473065622,0.9723404255319149,1961.0,1917.0,44.0
"(2, 1)",0.041295735823129454,0.6287957866767888,0.5153061224489796,0.5966502182577339,0.05940594059405941,0.05727632833091097,0.6818181818181818,0.511482254697286,0.031055900621118012,0.9859154929577465,1960.0,1916.0,44.0
mean,0.034677431972290146,0.5166988893545345,0.4942639115819709,0.500766937345,0.04331452476398461,0.0004478856005546196,0.5075757575757576,0.4939581171142425,0.022623238178731398,0.9775075132847307,1960.5,1916.5,44.0
std,0.010578507555449916,0.08082385708496566,0.017582509815004563,0.05674070971593057,0.00944192983353586,0.033632053719071124,0.09964353362095382,0.01601368628079809,0.0049537389510683535,0.005014361264177712,0.5,0.5,0.0
