,PRC-AUC,AUROC,Accuracy,Balanced Accuracy,F1-Score,MCC,Sensitivity,Specificity,Precision,Negative Predictive Value,Test Cases,Negative Test Cases,Positive Test Cases
"(0, 0)",0.1528527683943847,0.7073848816806563,0.9775624681285059,0.5222056243183004,0.08333333333333334,0.14578235776159854,0.045454545454545456,0.9989567031820553,0.5,0.9785385794583547,1961.0,1917.0,44.0
"(0, 1)",0.1500322684657393,0.7346389257923704,0.9780612244897959,0.5446716644524577,0.1568627450980392,0.22186361196747206,0.09090909090909091,0.9984342379958246,0.5714285714285714,0.9795186891961085,1960.0,1916.0,44.0
"(1, 0)",0.20613626039928643,0.7757089676103761,0.9780724120346762,0.5335692606819368,0.1224489795918367,0.19716950201257563,0.06818181818181818,0.9989567031820553,0.6,0.9790388548057259,1961.0,1917.0,44.0
"(1, 1)",0.14803210768216857,0.7144560163218827,0.9760204081632653,0.5214224710571266,0.0784313725490196,0.10639556112938252,0.045454545454545456,0.9973903966597077,0.2857142857142857,0.978494623655914,1960.0,1916.0,44.0
"(2, 0)",0.16789079037179022,0.7038756105657514,0.9780724120346762,0.5335692606819368,0.1224489795918367,0.19716950201257563,0.06818181818181818,0.9989567031820553,0.6,0.9790388548057259,1961.0,1917.0,44.0
"(2, 1)",0.21167170065176427,0.7057257069652685,0.9775510204081632,0.5444107041184285,0.15384615384615385,0.20637488532741283,0.09090909090909091,0.9979123173277662,0.5,0.9795081967213115,1960.0,1916.0,44.0
mean,0.1727693159941889,0.7236316848227174,0.9775566575431806,0.5333081642183645,0.11956192733503657,0.17912590336850287,0.06818181818181818,0.9984345102549108,0.5095238095238095,0.9790229664405233,1960.5,1916.5,44.0
std,0.026382191584810123,0.025469853926299107,0.0007241916058723329,0.009283210352431456,0.030516833865554458,0.04004509202970125,0.018556740475630138,0.0006028978750518177,0.10837911120705754,0.00040732280455014856,0.5,0.5,0.0
