,PRC-AUC,AUROC,Accuracy,Balanced Accuracy,F1-Score,MCC,Sensitivity,Specificity,Precision,Negative Predictive Value,Test Cases,Negative Test Cases,Positive Test Cases
"(0, 0)",0.02530510201901769,0.4740242803623086,0.50790413054564,0.49293996301038556,0.04170804369414101,-0.004183077902159244,0.4772727272727273,0.5086071987480438,0.021806853582554516,0.9769539078156313,1961.0,1917.0,44.0
"(0, 1)",0.03306884595545291,0.551349876636933,0.4923469387755102,0.5515989751375973,0.05147759771210676,0.03058513806769355,0.6136363636363636,0.48956158663883087,0.026865671641791045,0.9821989528795811,1960.0,1916.0,44.0
"(1, 0)",0.03824626330564962,0.506971119647176,0.5135135135135135,0.5402202778963343,0.04980079681274901,0.023831962237501933,0.5681818181818182,0.5122587376108503,0.026041666666666668,0.981018981018981,1961.0,1917.0,44.0
"(1, 1)",0.032705059362040545,0.5474947807933195,0.5096938775510204,0.5271635984057697,0.04757185332011892,0.016097787506925167,0.5454545454545454,0.5088726513569938,0.024870466321243522,0.9798994974874372,1960.0,1916.0,44.0
"(2, 0)",0.024981894067433334,0.48623559539052497,0.4890362060173381,0.5054950917626974,0.04389312977099237,0.0032562632975563417,0.5227272727272727,0.48826291079812206,0.022908366533864542,0.9780564263322884,1961.0,1917.0,44.0
"(2, 1)",0.040727004098741304,0.5687749098500665,0.48775510204081635,0.52704498007212,0.04743833017077799,0.016033128101686847,0.5681818181818182,0.4859081419624217,0.024752475247524754,0.98,1960.0,1916.0,44.0
mean,0.032505694801389234,0.5224750937800549,0.500041628073973,0.5240771477141507,0.046981625246814346,0.014270200218200765,0.5492424242424243,0.4989118711858771,0.02454091666560751,0.9796879609223197,1960.5,1916.5,44.0
std,0.005907016345937224,0.03536610092934917,0.010549588004500563,0.019795634696573194,0.0033183307045812683,0.011732311223327754,0.042349772301132384,0.011115158670997853,0.0017296636064491964,0.0017490836991689062,0.5,0.5,0.0
