,PRC-AUC,AUROC,Accuracy,Balanced Accuracy,F1-Score,MCC,Sensitivity,Specificity,Precision,Negative Predictive Value,Test Cases,Negative Test Cases,Positive Test Cases
"(0, 0)",0.08328904565844852,0.6403234220135627,0.972972972972973,0.5420638307962251,0.13114754098360656,0.1344013469450359,0.09090909090909091,0.9932185706833594,0.23529411764705882,0.9794238683127572,1961.0,1917.0,44.0
"(0, 1)",0.1375992283229747,0.6640906718542419,0.9755102040816327,0.5433668627823116,0.14285714285714288,0.16471266455198397,0.09090909090909091,0.9958246346555324,0.3333333333333333,0.9794661190965093,1960.0,1916.0,44.0
"(1, 0)",0.12206435195460487,0.6596125574998815,0.9734829168791433,0.5312218428415612,0.10344827586206896,0.10984465523099539,0.06818181818181818,0.9942618675013041,0.21428571428571427,0.9789419619928095,1961.0,1917.0,44.0
"(1, 1)",0.10685987002882157,0.655585737331562,0.9760204081632653,0.5436278231163408,0.14545454545454545,0.17302759359513806,0.09090909090909091,0.9963465553235908,0.36363636363636365,0.9794766546947152,1960.0,1916.0,44.0
"(2, 0)",0.10358737678842965,0.6667378005406174,0.9750127485976543,0.5320043154550197,0.10909090909090909,0.1269294167757987,0.06818181818181818,0.9958268127282212,0.2727272727272727,0.978974358974359,1961.0,1917.0,44.0
"(2, 1)",0.1402778760959858,0.6626553900170811,0.9755102040816327,0.5766748908711331,0.22580645161290322,0.23814769779076114,0.1590909090909091,0.994258872651357,0.3888888888888889,0.9809474768280123,1960.0,1916.0,44.0
mean,0.1156129581415442,0.6581675965428243,0.9747515757960502,0.5448265943104319,0.14296747764352938,0.1578438958149522,0.09469696969696971,0.994956218923894,0.30136094841977196,0.9795384066498604,1960.5,1916.5,44.0
std,0.01999767158498577,0.008716268140294149,0.0011256186454173711,0.015138333363459947,0.04024424057623863,0.041903879061549944,0.030538855107191478,0.0011130252983886394,0.06497231591447188,0.0006685223258700578,0.5,0.5,0.0
