,PRC-AUC,AUROC,Accuracy,Balanced Accuracy,F1-Score,MCC,Sensitivity,Specificity,Precision,Negative Predictive Value,Test Cases,Negative Test Cases,Positive Test Cases
"(0, 0)",0.03371494209912763,0.4897448665054299,0.4849566547679755,0.503408498126808,0.043560606060606064,0.002020259173849703,0.5227272727272727,0.4840897235263432,0.022727272727272728,0.9778714436248683,1961.0,1917.0,44.0
"(0, 1)",0.02063423918607659,0.4763237806035301,0.5015306122448979,0.48968020497248055,0.04121687929342492,-0.006115116490282338,0.4772727272727273,0.5020876826722338,0.021538461538461538,0.9766497461928934,1960.0,1916.0,44.0
"(1, 0)",0.03137326817816056,0.5045525679328496,0.5017848036715962,0.5120156968748517,0.044965786901270774,0.0071181848883348,0.5227272727272727,0.5013041210224308,0.02349336057201226,0.9786150712830958,1961.0,1917.0,44.0
"(1, 1)",0.030752443081198545,0.5257283165686089,0.4933673469387755,0.5188128677168343,0.04610951008645533,0.011149319611257478,0.5454545454545454,0.4921711899791232,0.024072216649949848,0.9792315680166147,1960.0,1916.0,44.0
"(2, 0)",0.026906293303314607,0.5029994783515911,0.4727180010198878,0.48604590505998957,0.04081632653061224,-0.008278829287510255,0.5,0.47209181011997914,0.02127659574468085,0.9762675296655879,1961.0,1917.0,44.0
"(2, 1)",0.03925065985776303,0.612141772632378,0.5091836734693878,0.5602106661605617,0.053149606299212594,0.035679266188969716,0.6136363636363636,0.5067849686847599,0.027777777777777776,0.9827935222672065,1960.0,1916.0,44.0
mean,0.030438640950940152,0.5185817970990646,0.49392351535208673,0.5116956398185876,0.04496978586193032,0.006928847347436518,0.5303030303030304,0.4930882493341451,0.023480947501692506,0.9785714801750444,1960.5,1916.5,44.0
std,0.00574400557290207,0.04446249021191494,0.012130731999595409,0.02454835409454347,0.004113590676589426,0.014548467717073403,0.04285495643554833,0.011963523681194839,0.002160746312545165,0.0021507578583311784,0.5,0.5,0.0
