,PRC-AUC,AUROC,Accuracy,Balanced Accuracy,F1-Score,MCC,Sensitivity,Specificity,Precision,Negative Predictive Value,Test Cases,Negative Test Cases,Positive Test Cases
"(0, 0)",0.027052001447018796,0.46772893251766495,0.49056603773584906,0.4396606914212548,0.03291384317521781,-0.03574673999070846,0.38636363636363635,0.49295774647887325,0.017189079878665317,0.9722222222222222,1961.0,1917.0,44.0
"(0, 1)",0.03823745094480799,0.6018338394382236,0.5255102040816326,0.5907667489087114,0.05870445344129555,0.053820535589002585,0.6590909090909091,0.5224425887265136,0.03072033898305085,0.985236220472441,1960.0,1916.0,44.0
"(1, 0)",0.03290723896674627,0.5593730734575805,0.4844467108618052,0.5364561103997724,0.04891815616180621,0.021613503845955,0.5909090909090909,0.48200312989045385,0.02551521099116781,0.9808917197452229,1961.0,1917.0,44.0
"(1, 1)",0.03285620058198021,0.4912696906433858,0.5275510204081633,0.4696811539191498,0.037422037422037424,-0.018001618532898007,0.4090909090909091,0.5302713987473904,0.0196078431372549,0.9750479846449136,1960.0,1916.0,44.0
"(2, 0)",0.03724332498911443,0.49491392801251954,0.4798572157062723,0.46749181960449565,0.03773584905660377,-0.0192706912454121,0.45454545454545453,0.48043818466353677,0.01968503937007874,0.9746031746031746,1961.0,1917.0,44.0
"(2, 1)",0.027006352503123054,0.5381239324349971,0.4846938775510204,0.5254792180679446,0.04716981132075472,0.015108012342548034,0.5681818181818182,0.482776617954071,0.024606299212598427,0.9798728813559322,1960.0,1916.0,44.0
mean,0.03255042823879846,0.5255405660840619,0.4987708443907904,0.5049226237202215,0.043810691762952575,0.002920500334747842,0.5113636363636364,0.49848161107680644,0.022887301928802676,0.9779790338406511,1960.5,1916.5,44.0
std,0.00438854172318271,0.045786300829041296,0.019881640975584234,0.05113429097420501,0.008714489285657483,0.03031533422252538,0.10057513672236176,0.0202442770435338,0.004558808272420173,0.004432183630138841,0.5,0.5,0.0
