,PRC-AUC,AUROC,Accuracy,Balanced Accuracy,F1-Score,MCC,Sensitivity,Specificity,Precision,Negative Predictive Value,Test Cases,Negative Test Cases,Positive Test Cases
"(0, 0)",0.1732969512061654,0.6770107175036753,0.9780724120346762,0.5113636363636364,0.044444444444444446,0.14909280396098903,0.022727272727272728,1.0,1.0,0.9780612244897959,1961.0,1917.0,44.0
"(0, 1)",0.16821711130277478,0.7575619187701651,0.9770408163265306,0.4997390396659708,0.0,-0.0034238234953776103,0.0,0.9994780793319415,0.0,0.9775395610005104,1960.0,1916.0,44.0
"(1, 0)",0.21864656402722865,0.7008346374543557,0.9775624681285059,0.5,0.0,0.0,0.0,1.0,,0.9775624681285059,1961.0,1917.0,44.0
"(1, 1)",0.13562646327775263,0.7601300056936799,0.9775510204081632,0.5,0.0,0.0,0.0,1.0,,0.9775510204081632,1960.0,1916.0,44.0
"(2, 0)",0.16167205648772043,0.720319391094039,0.9780724120346762,0.5113636363636364,0.044444444444444446,0.14909280396098903,0.022727272727272728,1.0,1.0,0.9780612244897959,1961.0,1917.0,44.0
"(2, 1)",0.19996607824967771,0.681942731068514,0.9780612244897959,0.5113636363636364,0.044444444444444446,0.14909195038962503,0.022727272727272728,1.0,1.0,0.9780500255232262,1960.0,1916.0,44.0
mean,0.17623753742521994,0.7162999002640715,0.9777267255703913,0.5056383247928132,0.022222222222222223,0.07397562246937091,0.011363636363636362,0.9999130132219903,0.75,0.9778042540066663,1960.5,1916.5,44.0
std,0.026758039439381223,0.03317382987282183,0.0003827993583076175,0.0057259723438511986,0.022222222222222223,0.075125566338214,0.011363636363636364,0.0001945083487734666,0.4330127018922193,0.0002533513208137231,0.5,0.5,0.0
