,PRC-AUC,AUROC,Accuracy,Balanced Accuracy,F1-Score,MCC,Sensitivity,Specificity,Precision,Negative Predictive Value,Test Cases,Negative Test Cases,Positive Test Cases
"(0, 0)",0.028379858046482825,0.4843979703134633,0.5135135135135135,0.48470621710058326,0.04024144869215292,-0.009064522490146781,0.45454545454545453,0.514866979655712,0.021052631578947368,0.9762611275964391,1961.0,1917.0,44.0
"(0, 1)",0.0201773317644167,0.4275479218067944,0.5209183673469387,0.43298064148794835,0.030959752321981424,-0.03977528604804173,0.3409090909090909,0.5250521920668059,0.016216216216216217,0.9719806763285024,1960.0,1916.0,44.0
"(1, 0)",0.0239648688970761,0.44503722672736756,0.5181030086690463,0.47595082278180867,0.038657171922685654,-0.014259666515753819,0.4318181818181818,0.5200834637454356,0.02023429179978701,0.9755381604696673,1961.0,1917.0,44.0
"(1, 1)",0.021178851530387274,0.48242076295312203,0.5142857142857142,0.5184095653824254,0.04609218436873747,0.010912504712466005,0.5227272727272727,0.5140918580375783,0.02410901467505241,0.9791252485089463,1960.0,1916.0,44.0
"(2, 0)",0.022324658149090515,0.4902190923317684,0.5369709331973483,0.5189097548252477,0.046218487394957986,0.011233010853914049,0.5,0.5378195096504955,0.024229074889867842,0.9791073124406457,1961.0,1917.0,44.0
"(2, 1)",0.032378292257757055,0.47022679825393815,0.46479591836734696,0.4708910609223762,0.0384967919340055,-0.017289074027040562,0.4772727272727273,0.46450939457202506,0.02005730659025788,0.9748083242059146,1960.0,1916.0,44.0
mean,0.024733976774201746,0.4666416287310757,0.5114312425633181,0.483641343750065,0.04011097277242016,-0.009707172252433808,0.4545454545454546,0.5127372329546753,0.020983089291688118,0.9761368082583527,1960.5,1916.5,44.0
std,0.004311347080129825,0.022833042871231085,0.02226406342554006,0.029557978587677836,0.005189052633708555,0.017542221691033217,0.05868156585162753,0.022974772955711976,0.0027219330859848006,0.0024888687924775697,0.5,0.5,0.0
