,PRC-AUC,AUROC,Accuracy,Balanced Accuracy,F1-Score,MCC,Sensitivity,Specificity,Precision,Negative Predictive Value,Test Cases,Negative Test Cases,Positive Test Cases
"(0, 0)",0.18445540151820441,0.7032472613458529,0.9780724120346762,0.5557748850002371,0.18867924528301888,0.24442459962254423,0.11363636363636363,0.9979134063641106,0.5555555555555556,0.9800204918032787,1961.0,1917.0,44.0
"(0, 1)",0.18737383169038133,0.7208554754222812,0.9780612244897959,0.5335689884228506,0.1224489795918367,0.1971668769997854,0.06818181818181818,0.9989561586638831,0.6,0.9790281329923274,1960.0,1916.0,44.0
"(1, 0)",0.21036665042903743,0.7441788779816948,0.9780724120346762,0.5113636363636364,0.044444444444444446,0.14909280396098903,0.022727272727272728,1.0,1.0,0.9780612244897959,1961.0,1917.0,44.0
"(1, 1)",0.170832697050366,0.68501494591004,0.976530612244898,0.5216834313911558,0.08,0.11629048761793549,0.045454545454545456,0.9979123173277662,0.3333333333333333,0.9785056294779939,1960.0,1916.0,44.0
"(2, 0)",0.14458827601742816,0.7148420827998292,0.9770525242223356,0.5330476122729644,0.1176470588235294,0.1641331019641403,0.06818181818181818,0.9979134063641106,0.42857142857142855,0.9790174002047083,1961.0,1917.0,44.0
"(2, 1)",0.1744428507163008,0.6506986619851964,0.9780612244897959,0.5335689884228506,0.1224489795918367,0.1971668769997854,0.06818181818181818,0.9989561586638831,0.6,0.9790281329923274,1960.0,1916.0,44.0
mean,0.1786766179036197,0.7031395509074824,0.9776417349193629,0.5315012569789491,0.11261145128911103,0.17804579119419664,0.06439393939393939,0.998608574563959,0.5862433862433862,0.9789435019934052,1960.5,1916.5,44.0
std,0.019810607262597438,0.029477645031506534,0.0006197676174603408,0.013552765535601839,0.04418798503721917,0.04078997827136634,0.027576173823032263,0.0007777088088538941,0.20870182411071359,0.0005985870503791699,0.5,0.5,0.0
