,PRC-AUC,AUROC,Accuracy,Balanced Accuracy,F1-Score,MCC,Sensitivity,Specificity,Precision,Negative Predictive Value,Test Cases,Negative Test Cases,Positive Test Cases
"(0, 0)",0.17753444206354368,0.6635308483900033,0.9785823559408465,0.5338300848864229,0.125,0.22209821562878881,0.06818181818181818,0.9994783515910276,0.75,0.9790495656617272,1961.0,1917.0,44.0
"(0, 1)",0.15720004680127153,0.7422898083127729,0.9780612244897959,0.5224663123932435,0.08510638297872342,0.17026674729496824,0.045454545454545456,0.9994780793319415,0.6666666666666666,0.9785385794583547,1960.0,1916.0,44.0
"(1, 0)",0.2166284992381238,0.7539360743586095,0.9785823559408465,0.5338300848864229,0.125,0.22209821562878881,0.06818181818181818,0.9994783515910276,0.75,0.9790495656617272,1961.0,1917.0,44.0
"(1, 1)",0.18216570885103722,0.7273379673562346,0.9785714285714285,0.544932624786487,0.16,0.24097831898071095,0.09090909090909091,0.9989561586638831,0.6666666666666666,0.9795291709314228,1960.0,1916.0,44.0
"(2, 0)",0.13569318597959912,0.6572769953051643,0.9780724120346762,0.5335692606819368,0.1224489795918367,0.19716950201257563,0.06818181818181818,0.9989567031820553,0.6,0.9790388548057259,1961.0,1917.0,44.0
"(2, 1)",0.18072554790689127,0.6607100493452267,0.9785714285714285,0.5338299487568798,0.125,0.22209613729127342,0.06818181818181818,0.9994780793319415,0.75,0.9790388548057259,1960.0,1916.0,44.0
mean,0.1749912384734111,0.7008469571780019,0.9784068675915036,0.5337430527318988,0.12375922709509335,0.212451189472851,0.06818181818181818,0.9993042872819795,0.6972222222222223,0.9790407652207805,1960.5,1916.5,44.0
std,0.024783556811217567,0.04110868281461,0.00024051425009367536,0.0064861943030037035,0.021655527699850106,0.022752324046778433,0.01312159702703695,0.0002459716656739907,0.057265355911356404,0.0002860340518960087,0.5,0.5,0.0
