,PRC-AUC,AUROC,Accuracy,Balanced Accuracy,F1-Score,MCC,Sensitivity,Specificity,Precision,Negative Predictive Value,Test Cases,Negative Test Cases,Positive Test Cases
"(0, 0)",0.11285381445217715,0.6381894057950395,0.9765425803161653,0.5327867880684782,0.11538461538461538,0.15235971396054937,0.06818181818181818,0.9973917579551382,0.375,0.9790066564260113,1961.0,1917.0,44.0
"(0, 1)",0.09650964383703266,0.6159494211425318,0.976530612244898,0.5438887834503701,0.14814814814814814,0.18251153740355455,0.09090909090909091,0.9968684759916493,0.4,0.9794871794871794,1960.0,1916.0,44.0
"(1, 0)",0.12117687266578075,0.5800374638402807,0.9770525242223356,0.5441504244321146,0.1509433962264151,0.19348224231998187,0.09090909090909091,0.9973917579551382,0.4444444444444444,0.9795081967213115,1961.0,1917.0,44.0
"(1, 1)",0.08543130447751326,0.5990759631808693,0.9760204081632653,0.5436278231163408,0.14545454545454545,0.17302759359513806,0.09090909090909091,0.9963465553235908,0.36363636363636365,0.9794766546947152,1960.0,1916.0,44.0
"(2, 0)",0.09144789193947386,0.5652653293498363,0.9765425803161653,0.5327867880684782,0.11538461538461538,0.15235971396054937,0.06818181818181818,0.9973917579551382,0.375,0.9790066564260113,1961.0,1917.0,44.0
"(2, 1)",0.13408217410455325,0.662210571265895,0.9755102040816327,0.5655722148415259,0.19999999999999998,0.215906549990263,0.13636363636363635,0.9947807933194155,0.375,0.9804526748971193,1960.0,1916.0,44.0
mean,0.1069169502460885,0.610121359095742,0.9763664848907436,0.5438021369962179,0.14588588676638992,0.17827455853833937,0.0909090909090909,0.9966951830833451,0.3888468013468014,0.9794896697753913,1960.5,1916.5,44.0
std,0.017251946252407745,0.03310129027310422,0.00048521350557177,0.010929862079529472,0.028342766998225584,0.02249474529989013,0.022727272727272724,0.0009373819544542782,0.027160816293500853,0.0004820963765020628,0.5,0.5,0.0
