,PRC-AUC,AUROC,Accuracy,Balanced Accuracy,F1-Score,MCC,Sensitivity,Specificity,Precision,Negative Predictive Value,Test Cases,Negative Test Cases,Positive Test Cases
"(0, 0)",0.10000631750229154,0.630945606297719,0.9734829168791433,0.5423246550007114,0.13333333333333333,0.13936092585286616,0.09090909090909091,0.9937402190923318,0.25,0.9794344473007712,1961.0,1917.0,44.0
"(0, 1)",0.12344548511418157,0.6410787151262098,0.9755102040816327,0.5655722148415259,0.19999999999999998,0.215906549990263,0.13636363636363635,0.9947807933194155,0.375,0.9804526748971193,1960.0,1916.0,44.0
"(1, 0)",0.10151235475598978,0.5841158059467919,0.9760326364099949,0.5547315881822924,0.17543859649122806,0.1997741485967791,0.11363636363636363,0.9958268127282212,0.38461538461538464,0.9799794661190965,1961.0,1917.0,44.0
"(1, 1)",0.13095762813068923,0.6757805086354147,0.9729591836734693,0.5420620611121655,0.13114754098360656,0.13439520538512295,0.09090909090909091,0.9932150313152401,0.23529411764705882,0.9794132784354092,1960.0,1916.0,44.0
"(2, 0)",0.11675413219981189,0.7103606487409304,0.9724630290668026,0.5307001944325888,0.09999999999999999,0.10108546708571342,0.06818181818181818,0.9932185706833594,0.1875,0.9789203084832905,1961.0,1917.0,44.0
"(2, 1)",0.14044720806090766,0.6502063959005504,0.9734693877551021,0.5867337255646232,0.23529411764705885,0.23365968691223568,0.18181818181818182,0.9916492693110647,0.3333333333333333,0.981404958677686,1960.0,1916.0,44.0
mean,0.11885385429397861,0.6487479467746027,0.9739862263110242,0.5536874065223178,0.16253559807587115,0.17069699730383006,0.11363636363636363,0.9937384494082723,0.29429047259929614,0.9799341889855621,1960.5,1916.5,44.0
std,0.014686861610499724,0.03890600979009262,0.001316921374503561,0.018380564391382213,0.04584858116790112,0.04830324225477627,0.037113480951260276,0.0013138150037382054,0.07421071734926714,0.0008147683077864639,0.5,0.5,0.0
