,PRC-AUC,AUROC,Accuracy,Balanced Accuracy,F1-Score,MCC,Sensitivity,Specificity,Precision,Negative Predictive Value,Test Cases,Negative Test Cases,Positive Test Cases
"(0, 0)",0.03793098859423001,0.5687627448190828,0.5196328403875574,0.5433501683501684,0.05040322580645162,0.02569503936669959,0.5681818181818182,0.5185185185185185,0.026371308016877638,0.981243830207305,1961.0,1917.0,44.0
"(0, 1)",0.025125119535404274,0.5024791231732777,0.49183673469387756,0.5069273106851395,0.04414587332053743,0.004105498951005817,0.5227272727272727,0.4911273486430063,0.023046092184368736,0.9781704781704782,1960.0,1916.0,44.0
"(1, 0)",0.03336023503139369,0.541364347702376,0.48291687914329423,0.5134680134680134,0.04519774011299434,0.007984379979259255,0.5454545454545454,0.48148148148148145,0.023575638506876228,0.9787910922587487,1961.0,1917.0,44.0
"(1, 1)",0.02500948140021606,0.4972599164926931,0.49744897959183676,0.4764898462706396,0.03902439024390244,-0.013931045337614132,0.45454545454545453,0.49843423799582465,0.020387359836901122,0.975485188968335,1960.0,1916.0,44.0
"(2, 0)",0.04453188483029473,0.5715725328401385,0.5109637939826619,0.5500189690330535,0.05143422354104847,0.029634369874426462,0.5909090909090909,0.5091288471570161,0.02688728024819028,0.9818913480885312,1961.0,1917.0,44.0
"(2, 1)",0.027827805665947804,0.49818513949516036,0.49387755102040815,0.46356044790282785,0.036893203883495145,-0.0215928108541342,0.4318181818181818,0.4953027139874739,0.019269776876267748,0.9743326488706365,1960.0,1916.0,44.0
mean,0.03229758584291443,0.5299373007537881,0.4994461298032727,0.5089691259516403,0.04451644281807158,0.005315905329940464,0.5189393939393939,0.4989988579638868,0.023256242611580293,0.9783190977606725,1960.5,1916.5,44.0
std,0.007154045425484476,0.03214925546701621,0.012290081178889413,0.03164492150573003,0.0053445892447584005,0.018751918920118557,0.057819460312400574,0.012016885640899266,0.0028034693141243015,0.0027532620856671,0.5,0.5,0.0
