,PRC-AUC,AUROC,Accuracy,Balanced Accuracy,F1-Score,MCC,Sensitivity,Specificity,Precision,Negative Predictive Value,Test Cases,Negative Test Cases,Positive Test Cases
"(0, 0)",0.022623337435318594,0.48469436145492484,0.5099439061703213,0.5161888841466307,0.04568023833167825,0.00959192758253308,0.5227272727272727,0.5096504955659885,0.023883696780893044,0.9789579158316634,1961.0,1917.0,44.0
"(0, 1)",0.024381581051956227,0.46297921806794456,0.5056122448979592,0.4695625355855001,0.03773584905660377,-0.01803855871531317,0.4318181818181818,0.5073068893528184,0.01973001038421599,0.9749247743229689,1960.0,1916.0,44.0
"(1, 0)",0.03252570447200998,0.6067363778631384,0.5089240183579806,0.560078484374259,0.05309734513274336,0.035591924043749355,0.6136363636363636,0.5065206051121544,0.02774922918807811,0.9827935222672065,1961.0,1917.0,44.0
"(1, 1)",0.022565040752026713,0.4573804327196812,0.4658163265306122,0.4381049535016132,0.03324099722991689,-0.03674281202371463,0.4090909090909091,0.4671189979123173,0.017324350336862367,0.9717698154180239,1960.0,1916.0,44.0
"(2, 0)",0.02503906097291636,0.5190520225731493,0.4747577766445691,0.5203976383553849,0.046296296296296294,0.012103097555115069,0.5681818181818182,0.4726134585289515,0.02413127413127413,0.9794594594594594,1961.0,1917.0,44.0
"(2, 1)",0.030672462274592263,0.5299985765799962,0.5239795918367347,0.5122651356993737,0.04503582395087002,0.007276129167187601,0.5,0.5245302713987474,0.023579849946409433,0.9785783836416748,1960.0,1916.0,44.0
mean,0.02630119782647002,0.5101401648764724,0.4981723107396962,0.5027662719437936,0.04351442499968477,0.0016302846015928847,0.5075757575757577,0.49795678631182966,0.02273306846128885,0.9777473118234994,1960.5,1916.5,44.0
std,0.0038862123933120917,0.05076061340458596,0.020698986185409336,0.03905023243004136,0.006396767756919522,0.02315777056991705,0.07146955403073185,0.020804285702673727,0.003352372829050895,0.003517790808173607,0.5,0.5,0.0
