,PRC-AUC,AUROC,Accuracy,Balanced Accuracy,F1-Score,MCC,Sensitivity,Specificity,Precision,Negative Predictive Value,Test Cases,Negative Test Cases,Positive Test Cases
"(0, 0)",0.167211974174277,0.7513100488452602,0.9780724120346762,0.5113636363636364,0.044444444444444446,0.14909280396098903,0.022727272727272728,1.0,1.0,0.9780612244897959,1961.0,1917.0,44.0
"(0, 1)",0.14721035993153292,0.7817363351679635,0.9775510204081632,0.5111026760296071,0.04347826086956522,0.1030292200671877,0.022727272727272728,0.9994780793319415,0.5,0.9780388151174668,1960.0,1916.0,44.0
"(1, 0)",0.13954142704880884,0.7211374306444729,0.9775624681285059,0.5,0.0,0.0,0.0,1.0,,0.9775624681285059,1961.0,1917.0,44.0
"(1, 1)",0.14986607898130386,0.7221365534256974,0.9785714285714285,0.5227272727272727,0.08695652173913045,0.21090169406915774,0.045454545454545456,1.0,1.0,0.9785495403472931,1960.0,1916.0,44.0
"(2, 0)",0.13486355206611625,0.7319319960165032,0.9780724120346762,0.5113636363636364,0.044444444444444446,0.14909280396098903,0.022727272727272728,1.0,1.0,0.9780612244897959,1961.0,1917.0,44.0
"(2, 1)",0.21737859350053534,0.7595309831087493,0.9770408163265306,0.4997390396659708,0.0,-0.0034238234953776103,0.0,0.9994780793319415,0.0,0.9775395610005104,1960.0,1916.0,44.0
mean,0.15934533095042902,0.7446305578681077,0.9778117595839969,0.5093827101916871,0.03655394524959743,0.10144878309382431,0.01893939393939394,0.9998260264439806,0.7,0.9779688055955612,1960.5,1916.5,44.0
std,0.02786398357626289,0.021842762786151076,0.0004894658694917089,0.00785195729841667,0.029959048842536855,0.07938562228642122,0.015617824339460835,0.00024603576241702917,0.4,0.00034365625959742913,0.5,0.5,0.0
