,PRC-AUC,AUROC,Accuracy,Balanced Accuracy,F1-Score,MCC,Sensitivity,Specificity,Precision,Negative Predictive Value,Test Cases,Negative Test Cases,Positive Test Cases
"(0, 0)",0.030826716853476235,0.5342983828899323,0.5293217746047935,0.5483058282354057,0.0513874614594039,0.028656240770854772,0.5681818181818182,0.5284298382889933,0.02691065662002153,0.9815891472868217,1961.0,1917.0,44.0
"(0, 1)",0.06014408022184404,0.5371987094325299,0.511734693877551,0.5060020876826723,0.04395604395604396,0.0035575415942332572,0.5,0.5120041753653445,0.022988505747126436,0.9780658025922233,1960.0,1916.0,44.0
"(1, 0)",0.04914682044190784,0.5937900128040974,0.49770525242223357,0.5210319153981126,0.046466602129719266,0.012459910942826762,0.5454545454545454,0.4966092853416797,0.024266936299292215,0.9794238683127572,1961.0,1917.0,44.0
"(1, 1)",0.02803306716091928,0.49690406149174415,0.5102040816326531,0.5052192066805845,0.04382470119521912,0.003093306577284521,0.5,0.5104384133611691,0.022916666666666665,0.978,1960.0,1916.0,44.0
"(2, 0)",0.02260746941647141,0.46819130269834497,0.4854665986741458,0.4703608858538436,0.038131553860819824,-0.017563886931141987,0.45454545454545453,0.48617631716223264,0.01990049751243781,0.9748953974895398,1961.0,1917.0,44.0
"(2, 1)",0.023112777868982602,0.5035466881761246,0.5285714285714286,0.536819130764851,0.04938271604938271,0.02184810533023532,0.5454545454545454,0.5281837160751566,0.02586206896551724,0.9806201550387597,1960.0,1916.0,44.0
mean,0.0356451553272669,0.5223215262487956,0.5105006382971343,0.5146231757692449,0.0455248464417648,0.008675203047382108,0.5189393939393939,0.510306957599096,0.023807555301843652,0.9787657284533503,1960.5,1916.5,44.0
std,0.014087200195576284,0.03958354752070361,0.01566750624494736,0.025133515279820155,0.004284715603480116,0.014904859983504796,0.03806771068606398,0.015388465160848474,0.0022653520840788537,0.0021563641463193295,0.5,0.5,0.0
