,PRC-AUC,AUROC,Accuracy,Balanced Accuracy,F1-Score,MCC,Sensitivity,Specificity,Precision,Negative Predictive Value,Test Cases,Negative Test Cases,Positive Test Cases
"(0, 0)",0.10989951833749276,0.7192523829847774,0.9734829168791433,0.5312218428415612,0.10344827586206896,0.10984465523099539,0.06818181818181818,0.9942618675013041,0.21428571428571427,0.9789419619928095,1961.0,1917.0,44.0
"(0, 1)",0.16975453163944498,0.7537246156765989,0.9775510204081632,0.5333080280888214,0.12000000000000001,0.17863440329932323,0.06818181818181818,0.9984342379958246,0.5,0.9790174002047083,1960.0,1916.0,44.0
"(1, 0)",0.20225130153171877,0.7913347085882296,0.9775624681285059,0.5222056243183004,0.08333333333333334,0.14578235776159854,0.045454545454545456,0.9989567031820553,0.5,0.9785385794583547,1961.0,1917.0,44.0
"(1, 1)",0.13021583061240816,0.716377633327007,0.9760204081632653,0.5214224710571266,0.0784313725490196,0.10639556112938252,0.045454545454545456,0.9973903966597077,0.2857142857142857,0.978494623655914,1960.0,1916.0,44.0
"(2, 0)",0.15301559928023292,0.7172724901598141,0.9765425803161653,0.5438896002276283,0.14814814814814814,0.18251576400193972,0.09090909090909091,0.9968701095461658,0.4,0.9794976934905176,1961.0,1917.0,44.0
"(2, 1)",0.1596153024345916,0.6812013664832036,0.9775510204081632,0.5555133801480356,0.18518518518518517,0.23085243109422576,0.11363636363636363,0.9973903966597077,0.5,0.98,1960.0,1916.0,44.0
mean,0.1541253473059815,0.7298605328699383,0.9764517357172343,0.5345934911135789,0.11975771917962585,0.15900419541957753,0.07196969696969698,0.9972172852574611,0.39999999999999997,0.979081709800384,1960.5,1916.5,44.0
std,0.029209983902575235,0.03456651425209367,0.0014525128597389486,0.012000103070373658,0.03738856602483899,0.043702505024790825,0.024254258475124427,0.0014956330257846998,0.1136889179648888,0.0005290912341690832,0.5,0.5,0.0
