,PRC-AUC,AUROC,Accuracy,Balanced Accuracy,F1-Score,MCC,Sensitivity,Specificity,Precision,Negative Predictive Value,Test Cases,Negative Test Cases,Positive Test Cases
"(0, 0)",0.15868715431560634,0.6304298857115758,0.9719530851606323,0.6081590553421539,0.26666666666666666,0.256844798146755,0.22727272727272727,0.9890453834115805,0.3225806451612903,0.9823834196891191,1961.0,1917.0,44.0
"(0, 1)",0.1931725611936422,0.6833839438223572,0.976530612244898,0.6105048396280129,0.30303030303030304,0.3107757749928556,0.22727272727272727,0.9937369519832986,0.45454545454545453,0.9824561403508771,1960.0,1916.0,44.0
"(1, 0)",0.17596951429538804,0.653524683454261,0.9765425803161653,0.5883008488642292,0.2580645161290322,0.2742581966939138,0.18181818181818182,0.9947835159102765,0.4444444444444444,0.9814719505918682,1961.0,1917.0,44.0
"(1, 1)",0.11104589716714125,0.7253511102676029,0.9734693877551021,0.5423230214461947,0.13333333333333333,0.13935502358271679,0.09090909090909091,0.9937369519832986,0.25,0.9794238683127572,1960.0,1916.0,44.0
"(2, 0)",0.08523030629715203,0.6237255180917153,0.9734829168791433,0.5423246550007114,0.13333333333333333,0.13936092585286616,0.09090909090909091,0.9937402190923318,0.25,0.9794344473007712,1961.0,1917.0,44.0
"(2, 1)",0.12327435480279297,0.6661071835262857,0.9719387755102041,0.5859508445625355,0.22535211267605634,0.2184773531310064,0.18181818181818182,0.9900835073068893,0.2962962962962963,0.9813760993274703,1960.0,1916.0,44.0
mean,0.14122996467862048,0.6637537208122996,0.9739862263110242,0.5795938774739728,0.21996337752812078,0.2231786787333523,0.16666666666666666,0.9925210882812792,0.3363111400745809,0.9810909875954771,1960.5,1916.5,44.0
std,0.03781328405624913,0.03416257951329107,0.001908533720617272,0.027886050879994802,0.06528345333020946,0.06517885565593554,0.056691778587483956,0.002144132813930416,0.08402490171317792,0.0012439089407584238,0.5,0.5,0.0
