,PRC-AUC,AUROC,Accuracy,Balanced Accuracy,F1-Score,MCC,Sensitivity,Specificity,Precision,Negative Predictive Value,Test Cases,Negative Test Cases,Positive Test Cases
"(0, 0)",0.04626781166808966,0.5019917484706218,0.4798572157062723,0.5119030682410963,0.0449438202247191,0.007058404450090441,0.5454545454545454,0.47835159102764735,0.0234375,0.9786552828175027,1961.0,1917.0,44.0
"(0, 1)",0.02764373010612602,0.5443513949516037,0.5,0.5222053520592143,0.04669260700389105,0.013157982104587521,0.5454545454545454,0.4989561586638831,0.024390243902439025,0.9795081967213115,1960.0,1916.0,44.0
"(1, 0)",0.023885428729013756,0.5023474178403756,0.5267720550739419,0.49148764641722387,0.04132231404958678,-0.005051166466968276,0.45454545454545453,0.5284298382889933,0.021645021645021644,0.9768563162970106,1961.0,1917.0,44.0
"(1, 1)",0.027048982080286242,0.5364632757639021,0.525,0.501684380337825,0.043165467625899276,0.0009994407659331044,0.4772727272727273,0.5260960334029228,0.022604951560818085,0.9776915615906887,1960.0,1916.0,44.0
"(2, 0)",0.024403356998794846,0.49371650780101484,0.5053544110147884,0.4694302176696543,0.037698412698412696,-0.01811230157173318,0.4318181818181818,0.5070422535211268,0.01970954356846473,0.9749247743229689,1961.0,1917.0,44.0
"(2, 1)",0.019433462947678046,0.4179754222812678,0.49795918367346936,0.4545454545454546,0.03529411764705882,-0.026934501829476168,0.4090909090909091,0.5,0.018442622950819672,0.9735772357723578,1960.0,1916.0,44.0
mean,0.028113795421664756,0.49947429451813097,0.505823810911412,0.49187601987841134,0.04151945654159462,-0.004813690424594425,0.47727272727272724,0.5064793124840956,0.02170498060459386,0.9768688945869733,1960.5,1916.5,44.0
std,0.008543201046882129,0.040971432268317724,0.01621115202254533,0.023504222919774612,0.003970541323191065,0.013928148327348988,0.05248638810814778,0.017110943249523475,0.0020676295469042043,0.0020594764396008264,0.5,0.5,0.0
