,PRC-AUC,AUROC,Accuracy,Balanced Accuracy,F1-Score,MCC,Sensitivity,Specificity,Precision,Negative Predictive Value,Test Cases,Negative Test Cases,Positive Test Cases
"(0, 0)",0.0204793727460192,0.4462109356475554,0.4716981132075472,0.4744214444918671,0.03896103896103895,-0.015175509080546622,0.4772727272727273,0.4715701617110068,0.020309477756286266,0.9751887810140237,1961.0,1917.0,44.0
"(0, 1)",0.11617687138217722,0.560459764661226,0.47653061224489796,0.5324065287530841,0.048237476808905375,0.01923184000577564,0.5909090909090909,0.47390396659707723,0.025145067698259187,0.980561555075594,1960.0,1916.0,44.0
"(1, 0)",0.04345753477094407,0.5997296912789871,0.5150433452320244,0.5743111869872433,0.055610724925521354,0.04402944129426389,0.6363636363636364,0.5122587376108503,0.029075804776739357,0.9839679358717435,1961.0,1917.0,44.0
"(1, 1)",0.034425288826027356,0.5552642816473714,0.4989795918367347,0.5216834313911558,0.04660194174757282,0.01284884708377517,0.5454545454545454,0.4979123173277662,0.02434077079107505,0.9794661190965093,1960.0,1916.0,44.0
"(2, 0)",0.0273457138973352,0.48100725565514296,0.5048444671086181,0.46916939346516806,0.03766105054509415,-0.018266533311821154,0.4318181818181818,0.5065206051121544,0.019689119170984457,0.9748995983935743,1961.0,1917.0,44.0
"(2, 1)",0.04484566509899668,0.46659707724425886,0.5377551020408163,0.4749003605997343,0.038216560509554146,-0.01492523375665863,0.4090909090909091,0.5407098121085595,0.0200445434298441,0.975517890772128,1960.0,1916.0,44.0
mean,0.04778840778691662,0.5182115010224235,0.5008085386117731,0.5078153909480421,0.044214798916281134,0.004623808705798049,0.5151515151515151,0.5004792667445691,0.023100797270531406,0.9782669800372621,1960.5,1916.5,44.0
std,0.0317454937096565,0.05632543194810113,0.0224504885238616,0.038537439586631556,0.006560995774232113,0.022847302970535582,0.08264175844420994,0.02360198665552174,0.0034202580369718447,0.003355988842483475,0.5,0.5,0.0
