,PRC-AUC,AUROC,Accuracy,Balanced Accuracy,F1-Score,MCC,Sensitivity,Specificity,Precision,Negative Predictive Value,Test Cases,Negative Test Cases,Positive Test Cases
"(0, 0)",0.024915512179242896,0.48813249869587894,0.4992350841407445,0.5107115758524209,0.04474708171206226,0.006345647257138152,0.5227272727272727,0.4986958789775691,0.023373983739837397,0.9785056294779939,1961.0,1917.0,44.0
"(0, 1)",0.02370971709165573,0.45086828620231545,0.4943877551020408,0.4860267602960714,0.04065827686350436,-0.008280249721733805,0.4772727272727273,0.49478079331941544,0.021233569261880688,0.976313079299691,1960.0,1916.0,44.0
"(1, 0)",0.02749523523915714,0.5148314127187367,0.5022947475777665,0.5233793332384882,0.046875,0.01385007005312222,0.5454545454545454,0.5013041210224308,0.024489795918367346,0.9796126401630989,1961.0,1917.0,44.0
"(1, 1)",0.018472358644344312,0.4055442209147846,0.4443877551020408,0.44934997153159995,0.0354295837023915,-0.030186647576243408,0.45454545454545453,0.4441544885177453,0.018433179723502304,0.9725714285714285,1960.0,1916.0,44.0
"(2, 0)",0.02256541467102323,0.45206762460283584,0.44977052524222333,0.47430881585811163,0.039180765805877114,-0.015297008126118816,0.5,0.44861763171622326,0.020389249304911955,0.9750566893424036,1961.0,1917.0,44.0
"(2, 1)",0.036206586686961605,0.5236169102296451,0.5183673469387755,0.5649079521730879,0.05410821643286574,0.03847501661508633,0.6136363636363636,0.5161795407098121,0.02830188679245283,0.9831013916500994,1960.0,1916.0,44.0
mean,0.025560804085397487,0.47251015889403275,0.4847405356839319,0.5014474014916299,0.0434998207527835,0.0008178047502084458,0.5189393939393939,0.483955409043866,0.022703610790158753,0.977526809750786,1960.5,1916.5,44.0
std,0.005479295153963427,0.04086104658790008,0.02766864078951115,0.03715399768315667,0.0060186223107283904,0.0220688333796025,0.05152072162399789,0.027406552284395373,0.003181572569136123,0.0033792301636123515,0.5,0.5,0.0
