,PRC-AUC,AUROC,Accuracy,Balanced Accuracy,F1-Score,MCC,Sensitivity,Specificity,Precision,Negative Predictive Value,Test Cases,Negative Test Cases,Positive Test Cases
"(0, 0)",0.03042433630247928,0.5446720728410869,0.4854665986741458,0.5480805709678949,0.05079962370649106,0.02850522434057577,0.6136363636363636,0.4825247782994262,0.02649656526005888,0.9819532908704883,1961.0,1917.0,44.0
"(0, 1)",0.02279045125814769,0.3934925982159803,0.45918367346938777,0.44581514518884036,0.03460837887067396,-0.03219938641974067,0.4318181818181818,0.45981210855949894,0.018026565464895637,0.9724061810154525,1960.0,1916.0,44.0
"(1, 0)",0.01867233715262587,0.4160383174467681,0.48801631820499747,0.4161509460805235,0.02901353965183753,-0.04967505365339993,0.3409090909090909,0.49139280125195617,0.015151515151515152,0.9701338825952626,1961.0,1917.0,44.0
"(1, 1)",0.02471807199508523,0.4635723097361928,0.48673469387755103,0.47100967925602577,0.03824091778202677,-0.01718266374635526,0.45454545454545453,0.48747390396659707,0.01996007984031936,0.9749478079331941,1960.0,1916.0,44.0
"(2, 0)",0.018112414197462092,0.40521411296059184,0.4747577766445691,0.4315751410821833,0.03195488721804511,-0.040568262098140094,0.38636363636363635,0.4767866458007303,0.016666666666666666,0.971307120085016,1961.0,1917.0,44.0
"(2, 1)",0.023963167287377796,0.41357468210286585,0.4923469387755102,0.42946953881191874,0.0311587147030185,-0.04179331007965052,0.36363636363636365,0.4953027139874739,0.01627670396744659,0.9713408393039918,1960.0,1916.0,44.0
mean,0.02311346303219633,0.43942734888391427,0.48108433327436023,0.45701683689789774,0.035962676988682156,-0.025485575276118454,0.4318181818181818,0.48221549197761376,0.018763016058483715,0.9736815203005676,1960.5,1916.5,44.0
std,0.0041146903559270784,0.05188992364918491,0.011148196725752372,0.044139996502208775,0.00724097639164349,0.026164800029657577,0.08995713702301453,0.011652102095890723,0.0037727636160469653,0.003986528569686329,0.5,0.5,0.0
