,PRC-AUC,AUROC,Accuracy,Balanced Accuracy,F1-Score,MCC,Sensitivity,Specificity,Precision,Negative Predictive Value,Test Cases,Negative Test Cases,Positive Test Cases
"(0, 0)",0.026296248612296978,0.5322355005453597,0.4788373278939317,0.511381419832124,0.044859813084112146,0.0067496981003647,0.5454545454545454,0.47730829420970267,0.023391812865497075,0.9786096256684492,1961.0,1917.0,44.0
"(0, 1)",0.02823528424679318,0.49532643765420387,0.4846938775510204,0.5032738660087304,0.043560606060606064,0.00194097777334148,0.5227272727272727,0.4838204592901879,0.022727272727272728,0.9778481012658228,1960.0,1916.0,44.0
"(1, 0)",0.024248622211992615,0.45391710532555607,0.5226925038245793,0.4671954284630341,0.03703703703703704,-0.019461558285619525,0.4090909090909091,0.5252999478351591,0.01939655172413793,0.9748305905130688,1961.0,1917.0,44.0
"(1, 1)",0.06308525770429627,0.5474354716264946,0.49744897959183676,0.48759252230024674,0.040895813047711775,-0.007352136283773032,0.4772727272727273,0.4979123173277662,0.021363173957273652,0.9764585465711362,1960.0,1916.0,44.0
"(2, 0)",0.027535261929008317,0.4909422867169347,0.4727180010198878,0.46384028074168915,0.037243947858472994,-0.02144860184956664,0.45454545454545453,0.4731351069379238,0.019417475728155338,0.9742212674543501,1961.0,1917.0,44.0
"(2, 1)",0.027615782706305617,0.49979834883279556,0.4857142857142857,0.5148984627063959,0.045454545454545456,0.00883285537433659,0.5454545454545454,0.48434237995824636,0.023715415019762844,0.9789029535864979,1960.0,1916.0,44.0
mean,0.032836076235115495,0.503275858450224,0.4903508292659236,0.4913636633420368,0.041508627090414245,-0.005123127528486072,0.49242424242424243,0.49030308425983105,0.021668617003683263,0.9768118475098874,1960.5,1916.5,44.0
std,0.013589481687721049,0.030145265443653077,0.016295928100373717,0.020216791516243872,0.0034051305555636855,0.011991074592718257,0.05025189076296058,0.017434827807354874,0.0017608118946189364,0.0017999934556659966,0.5,0.5,0.0
