,PRC-AUC,AUROC,Accuracy,Balanced Accuracy,F1-Score,MCC,Sensitivity,Specificity,Precision,Negative Predictive Value,Test Cases,Negative Test Cases,Positive Test Cases
"(0, 0)",0.13567742081434428,0.6331151894532175,0.9755226925038246,0.5544707639778063,0.17241379310344826,0.1916389855548921,0.11363636363636363,0.9953051643192489,0.35714285714285715,0.9799691833590138,1961.0,1917.0,44.0
"(0, 1)",0.17135640422635645,0.693721531599924,0.9780612244897959,0.5668770165116721,0.21818181818181817,0.265233706549589,0.13636363636363635,0.9973903966597077,0.5454545454545454,0.9805028219599795,1960.0,1916.0,44.0
"(1, 0)",0.18673063487406155,0.5601199791340638,0.9775624681285059,0.566616872954901,0.21428571428571427,0.2530201392971691,0.13636363636363635,0.9968701095461658,0.5,0.9805028219599795,1961.0,1917.0,44.0
"(1, 1)",0.10407612146676778,0.6142887644714368,0.9775510204081632,0.5555133801480356,0.18518518518518517,0.23085243109422576,0.11363636363636363,0.9973903966597077,0.5,0.98,1960.0,1916.0,44.0
"(2, 0)",0.09326089990986659,0.6043118983259829,0.974502804691484,0.5428463034096837,0.13793103448275862,0.15074182039294376,0.09090909090909091,0.9947835159102765,0.2857142857142857,0.9794555726759117,1961.0,1917.0,44.0
"(2, 1)",0.14443936219619208,0.632093376352249,0.9760204081632653,0.5436278231163408,0.14545454545454545,0.17302759359513806,0.09090909090909091,0.9963465553235908,0.36363636363636365,0.9794766546947152,1960.0,1916.0,44.0
mean,0.13925680724793146,0.622941789889479,0.9765367697308398,0.5549920266864066,0.17890868178224503,0.2107524460806596,0.11363636363636365,0.9963476897364495,0.4253246753246753,0.9799845091082666,1960.5,1916.5,44.0
std,0.03335946508006969,0.039928162669992835,0.0012804113677298086,0.009605530306831483,0.030751256237107595,0.04192958202635591,0.01855674047563013,0.0009984069147139741,0.09445392434484247,0.00042337161093110033,0.5,0.5,0.0
