,PRC-AUC,AUROC,Accuracy,Balanced Accuracy,F1-Score,MCC,Sensitivity,Specificity,Precision,Negative Predictive Value,Test Cases,Negative Test Cases,Positive Test Cases
"(0, 0)",0.019832973580767202,0.45615782235500546,0.5048444671086181,0.524683454260919,0.047105004906771344,0.014622868039792816,0.5454545454545454,0.5039123630672926,0.024615384615384615,0.9797160243407708,1961.0,1917.0,44.0
"(0, 1)",0.026637175138913543,0.49758018599354714,0.4719387755102041,0.5078525336876067,0.0443213296398892,0.004661506623169621,0.5454545454545454,0.4702505219206681,0.023099133782483156,0.9782844733984799,1960.0,1916.0,44.0
"(1, 0)",0.03344687528738589,0.5390287855076588,0.5028046914839368,0.5236401574429743,0.0469208211143695,0.014004598586422883,0.5454545454545454,0.5018257694314032,0.024514811031664963,0.9796334012219959,1961.0,1917.0,44.0
"(1, 1)",0.026716921503667952,0.5480167014613779,0.5137755102040816,0.5403539571076106,0.049850448654037885,0.02391739477767383,0.5681818181818182,0.5125260960334029,0.026068821689259645,0.981018981018981,1960.0,1916.0,44.0
"(2, 0)",0.02524621561417957,0.47353819889031157,0.5038245792962774,0.4686477450561958,0.037586547972304644,-0.018575039377321825,0.4318181818181818,0.5054773082942097,0.01964839710444674,0.9748490945674044,1961.0,1917.0,44.0
"(2, 1)",0.03002488440593735,0.5202125640539002,0.5188775510204081,0.49855285632947427,0.04263959390862944,-0.0008581907555807222,0.4772727272727273,0.5198329853862212,0.022316684378320937,0.9774288518155054,1960.0,1916.0,44.0
mean,0.02698417425514191,0.5057557097103001,0.5026775957705877,0.5106217839807968,0.044737291032667,0.006295522982359434,0.5189393939393939,0.5023041740221996,0.023377205433593343,0.978488471060523,1960.5,1916.5,44.0
std,0.004190553396152359,0.03333378480336247,0.014924836022514286,0.022972296514836954,0.003920559842847842,0.013611853839812508,0.04806279371382394,0.01555671052713293,0.002048498334475468,0.001984552931583806,0.5,0.5,0.0
