,PRC-AUC,AUROC,Accuracy,Balanced Accuracy,F1-Score,MCC,Sensitivity,Specificity,Precision,Negative Predictive Value,Test Cases,Negative Test Cases,Positive Test Cases
"(0, 0)",0.18108925651298916,0.7183987764973682,0.9780724120346762,0.5224664485227866,0.08510638297872342,0.17026870940338226,0.045454545454545456,0.9994783515910276,0.6666666666666666,0.9785495403472931,1961.0,1917.0,44.0
"(0, 1)",0.15128919361646326,0.7480487284114633,0.9775510204081632,0.5222053520592143,0.08333333333333334,0.1457797927802468,0.045454545454545456,0.9989561586638831,0.5,0.9785276073619632,1960.0,1916.0,44.0
"(1, 0)",0.15846548549737818,0.7349788969507278,0.9775624681285059,0.5111028121591502,0.04347826086956522,0.10303105974473263,0.022727272727272728,0.9994783515910276,0.5,0.9780500255232262,1961.0,1917.0,44.0
"(1, 1)",0.17814241020082772,0.7099959669766559,0.9780612244897959,0.5224663123932435,0.08510638297872342,0.17026674729496824,0.045454545454545456,0.9994780793319415,0.6666666666666666,0.9785385794583547,1960.0,1916.0,44.0
"(2, 0)",0.16037673391978144,0.6856594110115237,0.9785823559408465,0.5227272727272727,0.08695652173913045,0.21090287403166305,0.045454545454545456,1.0,1.0,0.9785604900459418,1961.0,1917.0,44.0
"(2, 1)",0.19405407161094346,0.6495124786486999,0.9790816326530613,0.5451935851205162,0.163265306122449,0.2654437460668489,0.09090909090909091,0.9994780793319415,0.8,0.979539641943734,1960.0,1916.0,44.0
mean,0.17056952522639723,0.7077657097494064,0.9781518522758416,0.5243602971636973,0.09120769800365414,0.177615488220307,0.049242424242424254,0.9994781700849703,0.6888888888888888,0.9786276474467521,1960.5,1916.5,44.0
std,0.014953646218881825,0.032566451765349294,0.0005435564535712735,0.010200254849236298,0.035648581705305125,0.05083663468711256,0.02039835154217615,0.0003013310655316137,0.17391639824998364,0.000446081646049666,0.5,0.5,0.0
