,PRC-AUC,AUROC,Accuracy,Balanced Accuracy,F1-Score,MCC,Sensitivity,Specificity,Precision,Negative Predictive Value,Test Cases,Negative Test Cases,Positive Test Cases
"(0, 0)",0.08164980497529833,0.6573718404704321,0.969913309535951,0.5516016977284582,0.14492753623188406,0.1362412752117793,0.11363636363636363,0.989567031820553,0.2,0.9798553719008265,1961.0,1917.0,44.0
"(0, 1)",0.13394907026519148,0.6779452932245208,0.9744897959183674,0.5539476181438603,0.16666666666666666,0.1776307867864899,0.11363636363636363,0.994258872651357,0.3125,0.9799382716049383,1960.0,1916.0,44.0
"(1, 0)",0.1292144121370588,0.7043854033290653,0.9760326364099949,0.5769372125005928,0.22950819672131148,0.24582794278461395,0.1590909090909091,0.9947835159102765,0.4117647058823529,0.9809670781893004,1961.0,1917.0,44.0
"(1, 1)",0.10114080492272647,0.6878914405010439,0.9744897959183674,0.5428449421142532,0.13793103448275862,0.15073642498077985,0.09090909090909091,0.9947807933194155,0.2857142857142857,0.9794450154162384,1960.0,1916.0,44.0
"(2, 0)",0.08931550344131216,0.6077678190354247,0.9750127485976543,0.5431071276141699,0.14035087719298245,0.15734404945259153,0.09090909090909091,0.9953051643192489,0.3076923076923077,0.9794661190965093,1961.0,1917.0,44.0
"(2, 1)",0.16712650418505315,0.6466300531410135,0.9714285714285714,0.5856898842285063,0.2222222222222222,0.21394447012244167,0.18181818181818182,0.9895615866388309,0.2857142857142857,0.9813664596273292,1960.0,1916.0,44.0
mean,0.11706601665444007,0.6636653082835834,0.9735611429681511,0.5590214137216402,0.17360108891963755,0.18028749155644938,0.125,0.9930428274432802,0.30056426416720533,0.9801730526391904,1960.5,1916.5,44.0
std,0.02948639467568604,0.03136687890057495,0.002152315863632907,0.016471801601641863,0.03816151531209784,0.038242945491580575,0.03409090909090909,0.0024781595510826116,0.06206585746823794,0.0007349073899602562,0.5,0.5,0.0
