,PRC-AUC,AUROC,Accuracy,Balanced Accuracy,F1-Score,MCC,Sensitivity,Specificity,Precision,Negative Predictive Value,Test Cases,Negative Test Cases,Positive Test Cases
"(0, 0)",0.029287681471378516,0.4933489827856025,0.5124936257011729,0.5063901930099113,0.044000000000000004,0.0037867740223542124,0.5,0.5127803860198227,0.02301255230125523,0.9781094527363184,1961.0,1917.0,44.0
"(0, 1)",0.029784746746732066,0.573994116530651,0.5275510204081633,0.5585025621560069,0.053169734151329244,0.034704185373212015,0.5909090909090909,0.5260960334029228,0.027837259100642397,0.9824561403508771,1960.0,1916.0,44.0
"(1, 0)",0.026147885920087332,0.53531796841656,0.5216726160122387,0.5554962773272633,0.052525252525252523,0.03289672412339372,0.5909090909090909,0.5200834637454356,0.02748414376321353,0.9822660098522168,1961.0,1917.0,44.0
"(1, 1)",0.02754855572565975,0.5049345226798254,0.488265306122449,0.49399791231732776,0.04202483285577841,-0.0035575415942332572,0.5,0.4879958246346555,0.02193419740777667,0.9770114942528736,1960.0,1916.0,44.0
"(2, 0)",0.02665196741676755,0.47069284393228056,0.5022947475777665,0.4900708967610376,0.041257367387033395,-0.005882194245019939,0.4772727272727273,0.5028690662493479,0.021560574948665298,0.9766970618034447,1961.0,1917.0,44.0
"(2, 1)",0.03233910602120062,0.5067019358512052,0.511734693877551,0.4948994116530651,0.042042042042042045,-0.0030233584756570635,0.4772727272727273,0.5125260960334029,0.02198952879581152,0.9771144278606965,1960.0,1916.0,44.0
mean,0.02862665721697097,0.514165061699354,0.5106686682832235,0.5165595422041019,0.04583653816023927,0.009820764867341614,0.5227272727272728,0.5103918116809312,0.02396970938622744,0.9789424311427379,1960.5,1916.5,44.0
std,0.0021121241410300895,0.03289124813062206,0.012797139935200041,0.02903600828802811,0.005029639463615318,0.017217370445235525,0.0490965204424838,0.012308419146447792,0.0026487007000996323,0.002456215843007827,0.5,0.5,0.0
