,PRC-AUC,AUROC,Accuracy,Balanced Accuracy,F1-Score,MCC,Sensitivity,Specificity,Precision,Negative Predictive Value,Test Cases,Negative Test Cases,Positive Test Cases
"(0, 0)",0.033031820267541034,0.5639374970360886,0.5272819989801122,0.5361597192583107,0.04923076923076923,0.02144860184956664,0.5454545454545454,0.5268648930620762,0.02577873254564984,0.9805825242718447,1961.0,1917.0,44.0
"(0, 1)",0.039821989368190334,0.5705304611880813,0.4897959183673469,0.5502941734674511,0.05123339658444022,0.02981599261015449,0.6136363636363636,0.4869519832985386,0.026732673267326732,0.9821052631578947,1960.0,1916.0,44.0
"(1, 0)",0.03639469776607117,0.604211125337886,0.5339112697603263,0.5728588703940817,0.05578512396694215,0.04323390462779044,0.6136363636363636,0.5320813771517997,0.02922077922077922,0.9836065573770492,1961.0,1917.0,44.0
"(1, 1)",0.02291036971190162,0.5076746061871322,0.48622448979591837,0.5040567470108179,0.04368471035137701,0.002404895277451965,0.5227272727272727,0.48538622129436326,0.022794846382556987,0.9779179810725552,1960.0,1916.0,44.0
"(2, 0)",0.023354126006981203,0.516301512780386,0.5043345232024478,0.5022170057381325,0.043307086614173235,0.0013134178953261581,0.5,0.504434011476265,0.02263374485596708,0.9777553083923155,1961.0,1917.0,44.0
"(2, 1)",0.05508272693124341,0.5869235148984626,0.5076530612244898,0.548325109128867,0.051130776794493606,0.028635972273510484,0.5909090909090909,0.505741127348643,0.02672147995889003,0.9817629179331308,1960.0,1916.0,44.0
mean,0.03509928834198813,0.5582631195713395,0.5082002102217735,0.5356519374996102,0.049061977257032575,0.02114213075563336,0.5643939393939394,0.506909935605281,0.025647042705194984,0.9806217587007984,1960.5,1916.5,44.0
std,0.010909573840552654,0.03520250430269267,0.017616594448926742,0.025415771923907288,0.004401854751521091,0.015076448435543687,0.04433598451030162,0.017799289534894135,0.0023215272206564314,0.0021579520839565903,0.5,0.5,0.0
