,PRC-AUC,AUROC,Accuracy,Balanced Accuracy,F1-Score,MCC,Sensitivity,Specificity,Precision,Negative Predictive Value,Test Cases,Negative Test Cases,Positive Test Cases
"(0, 0)",0.23329968991393174,0.7080310143690427,0.9790922998470168,0.5340909090909091,0.1276595744680851,0.2583681656408579,0.06818181818181818,1.0,1.0,0.9790602655771196,1961.0,1917.0,44.0
"(0, 1)",0.2097961850517213,0.7362224805465933,0.9785714285714285,0.5227272727272727,0.08695652173913045,0.21090169406915774,0.045454545454545456,1.0,1.0,0.9785495403472931,1960.0,1916.0,44.0
"(1, 0)",0.2431451395816217,0.7632309005548441,0.9780724120346762,0.5113636363636364,0.044444444444444446,0.14909280396098903,0.022727272727272728,1.0,1.0,0.9780612244897959,1961.0,1917.0,44.0
"(1, 1)",0.17014830035174602,0.7724900360599734,0.9780612244897959,0.5224663123932435,0.08510638297872342,0.17026674729496824,0.045454545454545456,0.9994780793319415,0.6666666666666666,0.9785385794583547,1960.0,1916.0,44.0
"(2, 0)",0.16460743149222132,0.6959204723289231,0.9785823559408465,0.5338300848864229,0.125,0.22209821562878881,0.06818181818181818,0.9994783515910276,0.75,0.9790495656617272,1961.0,1917.0,44.0
"(2, 1)",0.18866686484177458,0.6578750711710003,0.9780612244897959,0.5335689884228506,0.1224489795918367,0.1971668769997854,0.06818181818181818,0.9989561586638831,0.6,0.9790281329923274,1960.0,1916.0,44.0
mean,0.20161060187216948,0.7222949958383961,0.9784068242289267,0.5263412006473891,0.09860265053703669,0.2013157505990912,0.05303030303030303,0.9996520982644753,0.8361111111111109,0.978714551421103,1960.5,1916.5,44.0
std,0.029785262740398315,0.039661628265364346,0.0003826427118287524,0.008374414905932064,0.029890536789941392,0.035325319392065055,0.016939908920452953,0.0003889964172564351,0.1695354946629681,0.00036858221295193945,0.5,0.5,0.0
