,PRC-AUC,AUROC,Accuracy,Balanced Accuracy,F1-Score,MCC,Sensitivity,Specificity,Precision,Negative Predictive Value,Test Cases,Negative Test Cases,Positive Test Cases
"(0, 0)",0.17254008279953825,0.7519561815336463,0.9775624681285059,0.5333084364774505,0.12000000000000001,0.17863749963927886,0.06818181818181818,0.9984350547730829,0.5,0.9790281329923274,1961.0,1917.0,44.0
"(0, 1)",0.14198431275459622,0.7412934143101158,0.9775510204081632,0.5333080280888214,0.12000000000000001,0.17863440329932323,0.06818181818181818,0.9984342379958246,0.5,0.9790174002047083,1960.0,1916.0,44.0
"(1, 0)",0.18668866540357834,0.7209655237824251,0.9770525242223356,0.5108419879546641,0.04255319148936171,0.08216925316590665,0.022727272727272728,0.9989567031820553,0.3333333333333333,0.9780388151174668,1961.0,1917.0,44.0
"(1, 1)",0.17033692017336513,0.700002372366673,0.9780612244897959,0.5335689884228506,0.1224489795918367,0.1971668769997854,0.06818181818181818,0.9989561586638831,0.6,0.9790281329923274,1960.0,1916.0,44.0
"(2, 0)",0.16055564376657713,0.715938730023237,0.9775624681285059,0.5222056243183004,0.08333333333333334,0.14578235776159854,0.045454545454545456,0.9989567031820553,0.5,0.9785385794583547,1961.0,1917.0,44.0
"(2, 1)",0.2108902573038079,0.669256500284684,0.9770408163265306,0.5663550958436137,0.21052631578947364,0.24219976374457367,0.13636363636363635,0.9963465553235908,0.46153846153846156,0.980482794042116,1960.0,1916.0,44.0
mean,0.17383264703357715,0.7165687870501302,0.9774717536173062,0.5332646935176167,0.11647697003400091,0.17076502576841104,0.06818181818181818,0.9983475688534154,0.4824786324786325,0.9790223091345501,1960.5,1916.5,44.0
std,0.02138157200312177,0.027068437098299376,0.00034920805950021036,0.016931980830839143,0.05077563967024721,0.048985077846066954,0.03471648253754424,0.0009248145121218696,0.0789673749085587,0.0007454711014664505,0.5,0.5,0.0
