,PRC-AUC,AUROC,Accuracy,Balanced Accuracy,F1-Score,MCC,Sensitivity,Specificity,Precision,Negative Predictive Value,Test Cases,Negative Test Cases,Positive Test Cases
"(0, 0)",0.02239505687835503,0.44694598567838006,0.4941356450790413,0.441486460852658,0.033138401559454196,-0.034663839680687134,0.38636363636363635,0.4966092853416797,0.017311608961303463,0.9724208375893769,1961.0,1917.0,44.0
"(0, 1)",0.021391070432753283,0.4576888403871703,0.498469387755102,0.46590909090909094,0.037218413320274236,-0.020200802752928963,0.4318181818181818,0.5,0.019447287615148412,0.9745676500508647,1960.0,1916.0,44.0
"(1, 0)",0.03237596122431445,0.5946910418741405,0.4982151963284039,0.5879096125574998,0.057471264367816084,0.05208852534770481,0.6818181818181818,0.49400104329681793,0.03,0.9854318418314256,1961.0,1917.0,44.0
"(1, 1)",0.020694426445500732,0.424345226798254,0.5096938775510204,0.4716502182577339,0.038038038038038034,-0.016804248271675308,0.4318181818181818,0.511482254697286,0.019895287958115182,0.9751243781094527,1960.0,1916.0,44.0
"(2, 0)",0.03387812845191207,0.4961706264523166,0.4701682814890362,0.4847417840375587,0.04062788550323176,-0.009055197219984051,0.5,0.4694835680751174,0.021174205967276226,0.9761388286334056,1961.0,1917.0,44.0
"(2, 1)",0.026548445286946002,0.5181130195483014,0.5183673469387755,0.5204972480546592,0.04646464646464646,0.012153044761907313,0.5227272727272727,0.5182672233820459,0.024312896405919663,0.9792899408284024,1960.0,1916.0,44.0
mean,0.026213848119963596,0.4896591234564271,0.4981749558568966,0.49536573577820003,0.042159774875576796,-0.0027470863026105544,0.4924242424242424,0.4983072291321578,0.022023547817960492,0.9771622461738213,1960.5,1916.5,44.0
std,0.005246127984355506,0.056267432847706855,0.0149510109175745,0.04768285218318708,0.00793842196750958,0.0282538069437834,0.09612558742764786,0.015422266524971922,0.00414236772875477,0.004229390637730009,0.5,0.5,0.0
