,PRC-AUC,AUROC,Accuracy,Balanced Accuracy,F1-Score,MCC,Sensitivity,Specificity,Precision,Negative Predictive Value,Test Cases,Negative Test Cases,Positive Test Cases
"(0, 0)",0.12779864544078362,0.6957959880495093,0.971443141254462,0.5967954189785175,0.24324324324324326,0.23359870459887289,0.20454545454545456,0.9890453834115805,0.3,0.981874676333506,1961.0,1917.0,44.0
"(0, 1)",0.09961625919650582,0.6550519548301386,0.9744897959183674,0.5539476181438603,0.16666666666666666,0.1776307867864899,0.11363636363636363,0.994258872651357,0.3125,0.9799382716049383,1960.0,1916.0,44.0
"(1, 0)",0.15068919120782645,0.5929304784938587,0.9760326364099949,0.5769372125005928,0.22950819672131148,0.24582794278461395,0.1590909090909091,0.9947835159102765,0.4117647058823529,0.9809670781893004,1961.0,1917.0,44.0
"(1, 1)",0.09962421769812171,0.6688413361169102,0.9744897959183674,0.5428449421142532,0.13793103448275862,0.15073642498077985,0.09090909090909091,0.9947807933194155,0.2857142857142857,0.9794450154162384,1960.0,1916.0,44.0
"(2, 0)",0.10711913242718772,0.5611217811922038,0.9750127485976543,0.5653127519324702,0.19672131147540983,0.20868574417142127,0.13636363636363635,0.9942618675013041,0.35294117647058826,0.9804526748971193,1961.0,1917.0,44.0
"(2, 1)",0.2132630413161462,0.6941722812677926,0.975,0.6208246346555324,0.30985915492957744,0.30712259439586415,0.25,0.9916492693110647,0.4074074074074074,0.9829280910501811,1960.0,1916.0,44.0
mean,0.13301841454776195,0.6446523033250688,0.9744113530164742,0.576110429720871,0.21398826791982792,0.22060036628634036,0.1590909090909091,0.993129950350833,0.3450545959124391,0.9809343012485473,1960.5,1916.5,44.0
std,0.040167050431500866,0.05068474795756597,0.0014235711784245106,0.026275099751218653,0.05569280808645822,0.0502672800291632,0.05410173051926402,0.0021170485345251484,0.050018831068398065,0.001176335318195797,0.5,0.5,0.0
