,PRC-AUC,AUROC,Accuracy,Balanced Accuracy,F1-Score,MCC,Sensitivity,Specificity,Precision,Negative Predictive Value,Test Cases,Negative Test Cases,Positive Test Cases
"(0, 0)",0.018349227877209894,0.41127234789206624,0.4941356450790413,0.45258927301180824,0.03501945525291829,-0.02808660031133976,0.4090909090909091,0.49608763693270735,0.018292682926829267,0.9733879222108496,1961.0,1917.0,44.0
"(0, 1)",0.01989776414835419,0.4421854241791611,0.45816326530612245,0.4452932245207819,0.034545454545454546,-0.0325146459479197,0.4318181818181818,0.45876826722338204,0.017992424242424244,0.9723451327433629,1960.0,1916.0,44.0
"(1, 0)",0.027825753071326648,0.5044340114762651,0.5135135135135135,0.49580902925973347,0.042168674698795185,-0.0024838076582936546,0.4772727272727273,0.5143453312467396,0.022058823529411766,0.977205153617443,1961.0,1917.0,44.0
"(1, 1)",0.0461360761457606,0.6118808122983488,0.5081632653061224,0.6040994496109319,0.06042884990253412,0.061684684577923594,0.7045454545454546,0.5036534446764092,0.031568228105906315,0.9867075664621677,1960.0,1916.0,44.0
"(2, 0)",0.025288289817169643,0.4634371887893014,0.5130035696073432,0.4844453928960971,0.040201005025125636,-0.009218823297039769,0.45454545454545453,0.5143453312467396,0.02103049421661409,0.9762376237623762,1961.0,1917.0,44.0
"(2, 1)",0.02684216962611052,0.48791279180110086,0.4897959183673469,0.48367811728980836,0.04030710172744722,-0.009673230405109597,0.4772727272727273,0.4900835073068894,0.021042084168336674,0.9760914760914761,1960.0,1916.0,44.0
mean,0.02738988011432192,0.48685376273937386,0.4961291961965817,0.49431908109819345,0.0421117568587125,-0.003382070506963148,0.4924242424242425,0.4962139197721445,0.021997456198253728,0.9769958124812792,1960.5,1916.5,44.0
std,0.009075532252157117,0.06350603184637495,0.01922357211175229,0.052296559131354864,0.008660028509306994,0.03100310902177609,0.09790036351000066,0.01894121385619054,0.004531681402581279,0.0046619087250487625,0.5,0.5,0.0
