,PRC-AUC,AUROC,Accuracy,Balanced Accuracy,F1-Score,MCC,Sensitivity,Specificity,Precision,Negative Predictive Value,Test Cases,Negative Test Cases,Positive Test Cases
"(0, 0)",0.021969735524924924,0.4741665481102101,0.48087710351861296,0.4791162801726182,0.03962264150943397,-0.01237976755244107,0.4772727272727273,0.4809598330725091,0.02066929133858268,0.9756613756613757,1961.0,1917.0,44.0
"(0, 1)",0.018914318031482424,0.41988517745302717,0.4688775510204082,0.42856803947618144,0.03162790697674419,-0.042384734453867284,0.38636363636363635,0.4707724425887265,0.016488845780795344,0.9709364908503767,1960.0,1916.0,44.0
"(1, 0)",0.029933828000033785,0.5295916915635225,0.5099439061703213,0.5161888841466307,0.04568023833167825,0.00959192758253308,0.5227272727272727,0.5096504955659885,0.023883696780893044,0.9789579158316634,1961.0,1917.0,44.0
"(1, 1)",0.023772613421089613,0.5227272727272727,0.5168367346938776,0.5419197191117859,0.05015045135406219,0.024849134376960912,0.5681818181818182,0.5156576200417536,0.026232948583420776,0.9811320754716981,1960.0,1916.0,44.0
"(2, 0)",0.053269518268240175,0.5756627305923081,0.4956654767975523,0.5421942428984683,0.04995196926032661,0.024999682487414538,0.5909090909090909,0.4934793948878456,0.026078234704112337,0.9813278008298755,1961.0,1917.0,44.0
"(2, 1)",0.027578337915455893,0.5120990700322642,0.5,0.5111026760296071,0.04483430799220273,0.006578949950425761,0.5227272727272727,0.49947807933194155,0.023421588594704685,0.9785276073619632,1960.0,1916.0,44.0
mean,0.0292397251935378,0.5056887484131007,0.49536679536679534,0.503181640305882,0.043644585904074655,0.0018758653985043222,0.5113636363636364,0.49499964424812753,0.022795767630418146,0.9777572110011588,1960.5,1916.5,44.0
std,0.01132864389930216,0.04857127805052763,0.01636376834022337,0.03958300160634253,0.006432279257323742,0.02347467569663122,0.06658483269411723,0.015534051549406912,0.003377948325693965,0.0035844286785332593,0.5,0.5,0.0
