,PRC-AUC,AUROC,Accuracy,Balanced Accuracy,F1-Score,MCC,Sensitivity,Specificity,Precision,Negative Predictive Value,Test Cases,Negative Test Cases,Positive Test Cases
"(0, 0)",0.1662606048294373,0.7184580547256603,0.974502804691484,0.5872575520462845,0.24242424242424246,0.24539752054141864,0.18181818181818182,0.9926969222743871,0.36363636363636365,0.9814337287261475,1961.0,1917.0,44.0
"(0, 1)",0.18308121561065496,0.6926005883469349,0.9755102040816327,0.6099829189599544,0.29411764705882354,0.29629275397295535,0.22727272727272727,0.9926931106471816,0.4166666666666667,0.9824380165289256,1960.0,1916.0,44.0
"(1, 0)",0.17464874478339634,0.6015258215962441,0.9785823559408465,0.5671385213638735,0.22222222222222218,0.2791968588716868,0.13636363636363635,0.9979134063641106,0.6,0.9805228088159919,1961.0,1917.0,44.0
"(1, 1)",0.17766863100989772,0.7760604479028279,0.9739795918367347,0.5758920098690453,0.21538461538461537,0.2183994744151847,0.1590909090909091,0.9926931106471816,0.3333333333333333,0.9809179989685405,1960.0,1916.0,44.0
"(2, 0)",0.1212054498338837,0.651040925688813,0.9704232534421213,0.5518625219329445,0.14705882352941177,0.13971743068325118,0.11363636363636363,0.9900886802295253,0.20833333333333334,0.9798657718120806,1961.0,1917.0,44.0
"(2, 1)",0.11412078112133349,0.6446847124691593,0.9714285714285714,0.5856898842285063,0.2222222222222222,0.21394447012244167,0.18181818181818182,0.9895615866388309,0.2857142857142857,0.9813664596273292,1960.0,1916.0,44.0
mean,0.15616423786476727,0.6807284251216066,0.9740711302368984,0.5796372347334348,0.22390496214025624,0.23215808476782307,0.16666666666666666,0.9926078028002029,0.3679473304473304,0.9810907974131693,1960.5,1916.5,44.0
std,0.027749910969671922,0.05643021800833205,0.0026741645162974576,0.01806120875136986,0.04331353410734305,0.05093704344207479,0.03633205699479333,0.002701769103860248,0.12225494544870856,0.000802262317855806,0.5,0.5,0.0
