,PRC-AUC,AUROC,Accuracy,Balanced Accuracy,F1-Score,MCC,Sensitivity,Specificity,Precision,Negative Predictive Value,Test Cases,Negative Test Cases,Positive Test Cases
"(0, 0)",0.04233830658196212,0.43008725755204635,0.4716981132075472,0.44111300801441644,0.033582089552238806,-0.034926042792011024,0.4090909090909091,0.4731351069379238,0.017509727626459144,0.9721329046087889,1961.0,1917.0,44.0
"(0, 1)",0.028420687104185667,0.5106993736951984,0.503061224489796,0.5126684380337825,0.04509803921568627,0.007506797482745445,0.5227272727272727,0.5026096033402923,0.0235655737704918,0.9786585365853658,1960.0,1916.0,44.0
"(1, 0)",0.024436248489570413,0.44777588087447245,0.5170831208567057,0.45322355005453596,0.034658511722731905,-0.027737982826525735,0.38636363636363635,0.5200834637454356,0.01814300960512273,0.9736328125,1961.0,1917.0,44.0
"(1, 1)",0.02574917121686152,0.480427974947808,0.5025510204081632,0.5013048016701461,0.04317958783120707,0.0007731756481966173,0.5,0.5026096033402923,0.022564102564102566,0.9776649746192894,1960.0,1916.0,44.0
"(2, 0)",0.04111879659214014,0.5356380708493385,0.5272819989801122,0.4695428463034097,0.03738317757009346,-0.018078612248218405,0.4090909090909091,0.5299947835159102,0.01958650707290533,0.9750479846449136,1961.0,1917.0,44.0
"(2, 1)",0.018511129261964472,0.39858132472955016,0.4887755102040816,0.4054374644144999,0.027184466019417475,-0.056034468792043574,0.3181818181818182,0.49269311064718163,0.014198782961460446,0.9691991786447639,1960.0,1916.0,44.0
mean,0.030095723207780718,0.46720164710806894,0.5017418313577343,0.4638816847484651,0.0368476453185625,-0.021416188921309448,0.4242424242424243,0.503520945254506,0.01926128393342367,0.9743893986005202,1960.5,1916.5,44.0
std,0.008749473561729018,0.04692923575284725,0.018077616893893124,0.036194891656664376,0.006017785926794444,0.021451313058383215,0.06901843620563863,0.018336590885020154,0.0031487747633017153,0.003214323252194985,0.5,0.5,0.0
