,PRC-AUC,AUROC,Accuracy,Balanced Accuracy,F1-Score,MCC,Sensitivity,Specificity,Precision,Negative Predictive Value,Test Cases,Negative Test Cases,Positive Test Cases
"(0, 0)",0.026804786873042864,0.5165741926305307,0.4890362060173381,0.5054950917626974,0.04389312977099237,0.0032562632975563417,0.5227272727272727,0.48826291079812206,0.022908366533864542,0.9780564263322884,1961.0,1917.0,44.0
"(0, 1)",0.029490423358547797,0.5123600303662934,0.5214285714285715,0.4776523059404062,0.03893442622950819,-0.013258130516163754,0.4318181818181818,0.5234864300626305,0.0203862660944206,0.97568093385214,1960.0,1916.0,44.0
"(1, 0)",0.026289769616001702,0.5285128278086024,0.5313615502294747,0.5160406885758999,0.04569055036344756,0.009521355535943753,0.5,0.5320813771517997,0.023939064200217627,0.9788867562380038,1961.0,1917.0,44.0
"(1, 1)",0.022358288332872428,0.44104668817612447,0.49489795918367346,0.4862877206301006,0.04069767441860465,-0.00812553816281501,0.4772727272727273,0.4953027139874739,0.02125506072874494,0.9763374485596708,1960.0,1916.0,44.0
"(2, 0)",0.0254840446641078,0.474190259401527,0.4890362060173381,0.48328946744439705,0.040229885057471264,-0.00990138590392312,0.4772727272727273,0.48930620761606675,0.021,0.9760665972944849,1961.0,1917.0,44.0
"(2, 1)",0.023007546745359438,0.4766440501043841,0.5142857142857142,0.5073068893528183,0.04417670682730924,0.004331495593964364,0.5,0.5146137787056367,0.023109243697478993,0.9781746031746031,1960.0,1916.0,44.0
mean,0.025572476598322003,0.4915546747479103,0.5066743678603517,0.4960120272843866,0.04227039544455555,-0.0023626566925729043,0.48484848484848486,0.5071755697202882,0.022099666875787783,0.9772004609085317,1960.5,1916.5,44.0
std,0.002390993387197033,0.030275541641896452,0.016562857032058766,0.014213577609643627,0.0024403064739373912,0.008429791161322225,0.028345889293741974,0.01712521452227118,0.0012854954966799348,0.0012154986208730244,0.5,0.5,0.0
