,PRC-AUC,AUROC,Accuracy,Balanced Accuracy,F1-Score,MCC,Sensitivity,Specificity,Precision,Negative Predictive Value,Test Cases,Negative Test Cases,Positive Test Cases
"(0, 0)",0.10140399190021226,0.7186062502963911,0.9724630290668026,0.5195973822734387,0.06896551724137931,0.06894749006904705,0.045454545454545456,0.9937402190923318,0.14285714285714285,0.9784283513097073,1961.0,1917.0,44.0
"(0, 1)",0.16283634549248777,0.7342118997912317,0.9775510204081632,0.5333080280888214,0.12000000000000001,0.17863440329932323,0.06818181818181818,0.9984342379958246,0.5,0.9790174002047083,1960.0,1916.0,44.0
"(1, 0)",0.20320892425379014,0.7734504671124389,0.9785823559408465,0.5560357092047232,0.1923076923076923,0.2603971028871946,0.11363636363636363,0.9984350547730829,0.625,0.9800307219662059,1961.0,1917.0,44.0
"(1, 1)",0.13923605377886938,0.7634157335357753,0.9755102040816327,0.5211615107230974,0.07692307692307693,0.09833675091455782,0.045454545454545456,0.9968684759916493,0.25,0.9784836065573771,1960.0,1916.0,44.0
"(2, 0)",0.1498913755168122,0.7381858491013421,0.9765425803161653,0.5438896002276283,0.14814814814814814,0.18251576400193972,0.09090909090909091,0.9968701095461658,0.4,0.9794976934905176,1961.0,1917.0,44.0
"(2, 1)",0.15299663384592957,0.6888107325868287,0.9775510204081632,0.5444107041184285,0.15384615384615385,0.20637488532741283,0.09090909090909091,0.9979123173277662,0.5,0.9795081967213115,1960.0,1916.0,44.0
mean,0.1515955541313502,0.7361134887373346,0.9763667017036289,0.5364004891060229,0.1266984314110751,0.16586773274991254,0.07575757575757576,0.9970434024544702,0.40297619047619043,0.9791609950416378,1960.5,1916.5,44.0
std,0.03018584873496912,0.027962556453459672,0.001988195446674337,0.013101694386519567,0.043507103966312875,0.06451194075381018,0.0251259453814803,0.0016123369560672644,0.1628876416025724,0.0005782994104706034,0.5,0.5,0.0
