,PRC-AUC,AUROC,Accuracy,Balanced Accuracy,F1-Score,MCC,Sensitivity,Specificity,Precision,Negative Predictive Value,Test Cases,Negative Test Cases,Positive Test Cases
"(0, 0)",0.04959876362985565,0.5707782045810215,0.5043345232024478,0.5466282543747333,0.05078125,0.027622883123189498,0.5909090909090909,0.5023474178403756,0.026530612244897958,0.981651376146789,1961.0,1917.0,44.0
"(0, 1)",0.03384485229761663,0.502052097172139,0.49948979591836734,0.4997390396659708,0.042926829268292686,-0.00015463319749117605,0.5,0.49947807933194155,0.022426095820591234,0.9775280898876404,1960.0,1916.0,44.0
"(1, 0)",0.01954191104422833,0.4569521506141224,0.4747577766445691,0.45378076540048373,0.03558052434456929,-0.027407559510635046,0.4318181818181818,0.4757433489827856,0.0185546875,0.9733191035218783,1961.0,1917.0,44.0
"(1, 1)",0.03208362720775791,0.5346958625925222,0.5326530612244897,0.550009489466692,0.05175983436853003,0.02968536341118621,0.5681818181818182,0.5318371607515657,0.027114967462039046,0.9816955684007708,1960.0,1916.0,44.0
"(2, 0)",0.021700768319939688,0.46495471143358463,0.5007649158592555,0.4670827998292787,0.03736479842674533,-0.019500932828311807,0.4318181818181818,0.5023474178403756,0.019527235354573486,0.9746963562753036,1961.0,1917.0,44.0
"(2, 1)",0.037879063718595014,0.4758730309356614,0.5408163265306123,0.47646612260390964,0.038461538461538464,-0.014001659735333601,0.4090909090909091,0.5438413361169102,0.020179372197309416,0.9756554307116105,1960.0,1916.0,44.0
mean,0.032441497702998874,0.5008843428881752,0.5088027332299571,0.4989510785568447,0.0428124624782793,-0.0006260897895659874,0.4886363636363636,0.5092657934773257,0.022388828429901853,0.9774243208239989,1960.5,1916.5,44.0
std,0.01006478164455715,0.04057149261319844,0.022075890245060653,0.037510471705078915,0.006383293698646427,0.022246436525944054,0.07035672583714664,0.022435894772438226,0.0033482134694620014,0.003254378908712852,0.5,0.5,0.0
