,PRC-AUC,AUROC,Accuracy,Balanced Accuracy,F1-Score,MCC,Sensitivity,Specificity,Precision,Negative Predictive Value,Test Cases,Negative Test Cases,Positive Test Cases
"(0, 0)",0.022336673848913503,0.4704912979560867,0.4992350841407445,0.46630032721582015,0.03725490196078431,-0.019964114419698975,0.4318181818181818,0.5007824726134585,0.0194672131147541,0.9746192893401016,1961.0,1917.0,44.0
"(0, 1)",0.043165690162257034,0.3995184095653824,0.475,0.4316995634845322,0.031984948259642515,-0.040503789923227854,0.38636363636363635,0.477035490605428,0.016683022571148183,0.971307120085016,1960.0,1916.0,44.0
"(1, 0)",0.054386399323914036,0.6110755441741358,0.5094339622641509,0.5714421207378954,0.0550098231827112,0.04232370450207779,0.6363636363636364,0.5065206051121544,0.028747433264887063,0.983789260385005,1961.0,1917.0,44.0
"(1, 1)",0.022264440909480633,0.4804872841146327,0.4642857142857143,0.470630100588347,0.038461538461538464,-0.017445301713982432,0.4772727272727273,0.4639874739039666,0.020038167938931296,0.9747807017543859,1960.0,1916.0,44.0
"(2, 0)",0.02034130989445526,0.42575994688670743,0.45486996430392657,0.4769170579029734,0.039532794249775384,-0.013730529093683639,0.5,0.4538341158059468,0.0205799812909261,0.9753363228699552,1961.0,1917.0,44.0
"(2, 1)",0.020310948150741946,0.45475896754602396,0.4760204081632653,0.4433241601821978,0.03386641580432738,-0.03361012647675976,0.4090909090909091,0.47755741127348644,0.017664376840039256,0.9723698193411264,1960.0,1916.0,44.0
mean,0.030467577048293736,0.4736819083738282,0.4798075221929669,0.4767188883519609,0.03935173698646321,-0.013821692854212477,0.47348484848484845,0.4799529282190735,0.020530032503447666,0.9753670856292649,1960.5,1916.5,44.0
std,0.013369452507431523,0.06719166730343738,0.018953534986975013,0.04520342401935201,0.007469448219438329,0.02679144841243824,0.08238092110201342,0.018668375273881294,0.00391388881120216,0.004027073890657481,0.5,0.5,0.0
