,PRC-AUC,AUROC,Accuracy,Balanced Accuracy,F1-Score,MCC,Sensitivity,Specificity,Precision,Negative Predictive Value,Test Cases,Negative Test Cases,Positive Test Cases
"(0, 0)",0.1485711426312445,0.674930051690615,0.9770525242223356,0.5219448001138142,0.0816326530612245,0.12889307724714022,0.045454545454545456,0.9984350547730829,0.4,0.9785276073619632,1961.0,1917.0,44.0
"(0, 1)",0.1711262537507652,0.7323258682862024,0.9775510204081632,0.5111026760296071,0.04347826086956522,0.1030292200671877,0.022727272727272728,0.9994780793319415,0.5,0.9780388151174668,1960.0,1916.0,44.0
"(1, 0)",0.181604455081991,0.7104139991463936,0.9775624681285059,0.5111028121591502,0.04347826086956522,0.10303105974473263,0.022727272727272728,0.9994783515910276,0.5,0.9780500255232262,1961.0,1917.0,44.0
"(1, 1)",0.1604074105511984,0.6781884608085025,0.9790816326530613,0.5340909090909091,0.1276595744680851,0.25836675381506796,0.06818181818181818,1.0,1.0,0.9790495656617272,1960.0,1916.0,44.0
"(2, 0)",0.12378834680389039,0.6209868639446104,0.9780724120346762,0.5224664485227866,0.08510638297872342,0.17026870940338226,0.045454545454545456,0.9994783515910276,0.6666666666666666,0.9785495403472931,1961.0,1917.0,44.0
"(2, 1)",0.15027028476086335,0.66047874359461,0.9775510204081632,0.5111026760296071,0.04347826086956522,0.1030292200671877,0.022727272727272728,0.9994780793319415,0.5,0.9780388151174668,1960.0,1916.0,44.0
mean,0.1559613155966588,0.6795539979118224,0.9778118463091509,0.5186350536576457,0.07080556551945479,0.14443634005744974,0.03787878787878788,0.9993913194365036,0.5944444444444444,0.9783757281881905,1960.5,1916.5,44.0
std,0.018391194095726097,0.035483400010063254,0.0006396707051625884,0.008512006841760776,0.0310764173086684,0.056321310225863445,0.016939908920452953,0.0004681769404901581,0.1975935471530971,0.0003742632654593737,0.5,0.5,0.0
