,PRC-AUC,AUROC,Accuracy,Balanced Accuracy,F1-Score,MCC,Sensitivity,Specificity,Precision,Negative Predictive Value,Test Cases,Negative Test Cases,Positive Test Cases
"(0, 0)",0.11589188580100293,0.7405273391188885,0.9739928607853137,0.5425854792051975,0.13559322033898305,0.14478110318337636,0.09090909090909091,0.9942618675013041,0.26666666666666666,0.9794450154162384,1961.0,1917.0,44.0
"(0, 1)",0.16745450937907544,0.7795359650787628,0.9775510204081632,0.5333080280888214,0.12000000000000001,0.17863440329932323,0.06818181818181818,0.9984342379958246,0.5,0.9790174002047083,1960.0,1916.0,44.0
"(1, 0)",0.17998617920909135,0.7149724949020724,0.9770525242223356,0.5330476122729644,0.1176470588235294,0.1641331019641403,0.06818181818181818,0.9979134063641106,0.42857142857142855,0.9790174002047083,1961.0,1917.0,44.0
"(1, 1)",0.13173935247765656,0.7595250521920668,0.975,0.5320032264186753,0.10909090909090909,0.12692453711791257,0.06818181818181818,0.9958246346555324,0.2727272727272727,0.9789635710620831,1960.0,1916.0,44.0
"(2, 0)",0.14499283583923075,0.722832787973633,0.9770525242223356,0.5441504244321146,0.1509433962264151,0.19348224231998187,0.09090909090909091,0.9973917579551382,0.4444444444444444,0.9795081967213115,1961.0,1917.0,44.0
"(2, 1)",0.15264895074064905,0.6268741696716644,0.9770408163265306,0.5441497437843993,0.1509433962264151,0.1934783541858833,0.09090909090909091,0.9973903966597077,0.4444444444444444,0.9794976934905176,1960.0,1916.0,44.0
mean,0.14878561890778433,0.7240446348228479,0.9762816243274465,0.5382074190336954,0.13070299678437527,0.16690562367843628,0.07954545454545454,0.9968693835219363,0.3928090428090428,0.9792415461832612,1960.5,1916.5,44.0
std,0.021306829295273538,0.04853812742645575,0.0013074983534464752,0.00546073241297707,0.016306214644702024,0.02464974476807534,0.011363636363636367,0.0014126643237354491,0.08984506062090594,0.00024353873361419653,0.5,0.5,0.0
