,PRC-AUC,AUROC,Accuracy,Balanced Accuracy,F1-Score,MCC,Sensitivity,Specificity,Precision,Negative Predictive Value,Test Cases,Negative Test Cases,Positive Test Cases
"(0, 0)",0.18301609925693846,0.7368698724332527,0.9790922998470168,0.5340909090909091,0.1276595744680851,0.2583681656408579,0.06818181818181818,1.0,1.0,0.9790602655771196,1961.0,1917.0,44.0
"(0, 1)",0.15161437818380977,0.707943869804517,0.9780612244897959,0.5335689884228506,0.1224489795918367,0.1971668769997854,0.06818181818181818,0.9989561586638831,0.6,0.9790281329923274,1960.0,1916.0,44.0
"(1, 0)",0.19319589980789478,0.7606937923839332,0.9775624681285059,0.5222056243183004,0.08333333333333334,0.14578235776159854,0.045454545454545456,0.9989567031820553,0.5,0.9785385794583547,1961.0,1917.0,44.0
"(1, 1)",0.17603882545900543,0.7522834029227558,0.9770408163265306,0.521944391725185,0.0816326530612245,0.1288900079327219,0.045454545454545456,0.9984342379958246,0.4,0.9785166240409208,1960.0,1916.0,44.0
"(2, 0)",0.17180761312007822,0.7240302081851377,0.9780724120346762,0.5335692606819368,0.1224489795918367,0.19716950201257563,0.06818181818181818,0.9989567031820553,0.6,0.9790388548057259,1961.0,1917.0,44.0
"(2, 1)",0.21806369236785647,0.6857741032453977,0.9801020408163266,0.567920857847789,0.2352941176470588,0.3373316628055616,0.13636363636363635,0.9994780793319415,0.8571428571428571,0.9805427547363031,1960.0,1916.0,44.0
mean,0.18228941803259716,0.7279325414958323,0.9783218769404755,0.5355500053478285,0.12880293961556252,0.21078476219218353,0.07196969696969698,0.9991303137259601,0.6595238095238095,0.9791208686017919,1960.5,1916.5,44.0
std,0.020368170945542066,0.025619813339282125,0.0010091684166825484,0.01538957470746324,0.05117770498866639,0.07021536370631216,0.030538855107191475,0.0004920074155263526,0.20610027720272125,0.0006763789862236882,0.5,0.5,0.0
