,PRC-AUC,AUROC,Accuracy,Balanced Accuracy,F1-Score,MCC,Sensitivity,Specificity,Precision,Negative Predictive Value,Test Cases,Negative Test Cases,Positive Test Cases
"(0, 0)",0.13183253398178138,0.6449530516431925,0.974502804691484,0.5761547398871343,0.21875,0.22451045183809318,0.1590909090909091,0.9932185706833594,0.35,0.9809376609994848,1961.0,1917.0,44.0
"(0, 1)",0.11876664196189204,0.6405627253748339,0.9755102040816327,0.5766748908711331,0.22580645161290322,0.23814769779076114,0.1590909090909091,0.994258872651357,0.3888888888888889,0.9809474768280123,1960.0,1916.0,44.0
"(1, 0)",0.16220529665363148,0.6468203158344004,0.9755226925038246,0.5766763882961066,0.22580645161290322,0.2381531803326917,0.1590909090909091,0.9942618675013041,0.3888888888888889,0.9809572825527535,1961.0,1917.0,44.0
"(1, 1)",0.14839021027684673,0.6644405959385083,0.9739795918367347,0.5536866578098311,0.16393442622950818,0.17153770433532614,0.11363636363636363,0.9937369519832986,0.29411764705882354,0.979927946474524,1960.0,1916.0,44.0
"(2, 0)",0.12992591718831606,0.7175866647697634,0.9750127485976543,0.5431071276141699,0.14035087719298245,0.15734404945259153,0.09090909090909091,0.9953051643192489,0.3076923076923077,0.9794661190965093,1961.0,1917.0,44.0
"(2, 1)",0.13995275475900845,0.6531184759916492,0.9744897959183674,0.5872556462326817,0.24242424242424246,0.24539143418285161,0.18181818181818182,0.9926931106471816,0.36363636363636365,0.9814241486068112,1960.0,1916.0,44.0
mean,0.13851222580357936,0.661246971592058,0.9748363062716162,0.5689259084518428,0.2028454081787566,0.21251408632205257,0.14393939393939395,0.9939124229642915,0.3488706826942121,0.9806101057596824,1960.5,1916.5,44.0
std,0.01395971804246641,0.026305547481392688,0.0005659282293014633,0.015314460277021515,0.03717860072628734,0.03479002446935363,0.03123564867892167,0.0008347465614889257,0.03677809090665596,0.0006804846228145692,0.5,0.5,0.0
