,PRC-AUC,AUROC,Accuracy,Balanced Accuracy,F1-Score,MCC,Sensitivity,Specificity,Precision,Negative Predictive Value,Test Cases,Negative Test Cases,Positive Test Cases
"(0, 0)",0.02198879594290528,0.47027789633423434,0.48291687914329423,0.5023652013088633,0.043396226415094344,0.0014020798335009897,0.5227272727272727,0.48200312989045385,0.022637795275590553,0.9777777777777777,1961.0,1917.0,44.0
"(0, 1)",0.025391323629170726,0.4612473903966597,0.461734693877551,0.45822262288859367,0.0365296803652968,-0.024820581789356568,0.45454545454545453,0.4618997912317328,0.019029495718363463,0.9735973597359736,1960.0,1916.0,44.0
"(1, 0)",0.03218351813625238,0.5322829231279935,0.5002549719530852,0.5334388485796937,0.04854368932038835,0.01980970187619387,0.5681818181818182,0.4986958789775691,0.02535496957403651,0.9805128205128205,1961.0,1917.0,44.0
"(1, 1)",0.0282973178287916,0.5644334788384892,0.5010204081632653,0.5005219206680585,0.043052837573385516,0.0003092668780114674,0.5,0.5010438413361169,0.022494887525562373,0.9775967413441955,1960.0,1916.0,44.0
"(2, 0)",0.03140502995695452,0.5913240385071371,0.5170831208567057,0.5642516716460378,0.053946053946053944,0.0380740430228837,0.6136363636363636,0.514866979655712,0.02821316614420063,0.9830677290836654,1961.0,1917.0,44.0
"(2, 1)",0.029516867470628937,0.5573401024862403,0.5142857142857142,0.5517175934712469,0.05179282868525897,0.030651856084001162,0.5909090909090909,0.5125260960334029,0.027083333333333334,0.982,1960.0,1916.0,44.0
mean,0.02813047549411724,0.5294843049484591,0.4962159647132693,0.518419643093749,0.04621021938424632,0.010904394317539104,0.5416666666666666,0.49517261952083125,0.024135607928514474,0.9790920714090722,1960.5,1916.5,44.0
std,0.0035195397737782896,0.04828914724678249,0.01900514854329655,0.03567599492801005,0.005888607602052238,0.0211592422027019,0.05476072838939759,0.018332176314152238,0.003104034927146437,0.0031737377221492734,0.5,0.5,0.0
