,PRC-AUC,AUROC,Accuracy,Balanced Accuracy,F1-Score,MCC,Sensitivity,Specificity,Precision,Negative Predictive Value,Test Cases,Negative Test Cases,Positive Test Cases
"(0, 0)",0.16654928834675303,0.6433762507706171,0.9755226925038246,0.5766763882961066,0.22580645161290322,0.2381531803326917,0.1590909090909091,0.9942618675013041,0.3888888888888889,0.9809572825527535,1961.0,1917.0,44.0
"(0, 1)",0.14663535378197898,0.6424902732966407,0.9755102040816327,0.5766748908711331,0.22580645161290322,0.23814769779076114,0.1590909090909091,0.994258872651357,0.3888888888888889,0.9809474768280123,1960.0,1916.0,44.0
"(1, 0)",0.1560761241893207,0.6114845639493527,0.9760326364099949,0.5658344003414426,0.20338983050847456,0.2238222344034769,0.13636363636363635,0.9953051643192489,0.4,0.9804727646454265,1961.0,1917.0,44.0
"(1, 1)",0.16232665240860283,0.6678983203643956,0.9755102040816327,0.5655722148415259,0.19999999999999998,0.215906549990263,0.13636363636363635,0.9947807933194155,0.375,0.9804526748971193,1960.0,1916.0,44.0
"(2, 0)",0.07629684966292913,0.6429079527671078,0.969913309535951,0.5293960734101579,0.0923076923076923,0.08459529345110288,0.06818181818181818,0.9906103286384976,0.14285714285714285,0.9788659793814433,1961.0,1917.0,44.0
"(2, 1)",0.1182006638586704,0.6341276807743405,0.9714285714285714,0.5856898842285063,0.2222222222222222,0.21394447012244167,0.18181818181818182,0.9895615866388309,0.2857142857142857,0.9813664596273292,1960.0,1916.0,44.0
mean,0.13768082204137586,0.6403808403204091,0.9739862696736012,0.5666406419981455,0.19492210804403257,0.20242823768178955,0.14015151515151514,0.9931297688447757,0.33022486772486775,0.9805104396553475,1960.5,1916.5,44.0
std,0.03164080885213381,0.01658873608284119,0.002391784155831896,0.018042659796790726,0.04704640832352676,0.05355487172361668,0.035734777015365926,0.0022020540891101188,0.09205448798181201,0.0007992127401177798,0.5,0.5,0.0
