,PRC-AUC,AUROC,Accuracy,Balanced Accuracy,F1-Score,MCC,Sensitivity,Specificity,Precision,Negative Predictive Value,Test Cases,Negative Test Cases,Positive Test Cases
"(0, 0)",0.21334208429491067,0.7262709252145871,0.9765425803161653,0.521683975909328,0.08,0.11629399780752483,0.045454545454545456,0.9979134063641106,0.3333333333333333,0.9785166240409208,1961.0,1917.0,44.0
"(0, 1)",0.21211255661449296,0.7422957392294554,0.9775510204081632,0.5333080280888214,0.12000000000000001,0.17863440329932323,0.06818181818181818,0.9984342379958246,0.5,0.9790174002047083,1960.0,1916.0,44.0
"(1, 0)",0.24609089900829262,0.767327026129843,0.9785823559408465,0.5227272727272727,0.08695652173913045,0.21090287403166305,0.045454545454545456,1.0,1.0,0.9785604900459418,1961.0,1917.0,44.0
"(1, 1)",0.16743365110348615,0.7222492408426646,0.9780612244897959,0.5335689884228506,0.1224489795918367,0.1971668769997854,0.06818181818181818,0.9989561586638831,0.6,0.9790281329923274,1960.0,1916.0,44.0
"(2, 0)",0.17494009809023867,0.7102183809930288,0.9775624681285059,0.5333084364774505,0.12000000000000001,0.17863749963927886,0.06818181818181818,0.9984350547730829,0.5,0.9790281329923274,1961.0,1917.0,44.0
"(2, 1)",0.18419512661766602,0.6683550009489467,0.9780612244897959,0.5446716644524577,0.1568627450980392,0.22186361196747206,0.09090909090909091,0.9984342379958246,0.5714285714285714,0.9795186891961085,1960.0,1916.0,44.0
mean,0.19968573595484784,0.722786052226421,0.9777268122955455,0.5315447276796968,0.11437804107150107,0.1839165439575079,0.06439393939393939,0.9986955159654544,0.5841269841269842,0.9789449115787224,1960.5,1916.5,44.0
std,0.02703967279120291,0.030270019416436728,0.0006345516966381293,0.007720275631557128,0.025387307851294616,0.03408907785446983,0.015617824339460833,0.0006564654127347369,0.204293792467406,0.0003365355583929171,0.5,0.5,0.0
