,PRC-AUC,AUROC,Accuracy,Balanced Accuracy,F1-Score,MCC,Sensitivity,Specificity,Precision,Negative Predictive Value,Test Cases,Negative Test Cases,Positive Test Cases
"(0, 0)",0.03893676127312626,0.5634277042727748,0.4956654767975523,0.5532970550576184,0.05177372962607862,0.03157914176201267,0.6136363636363636,0.49295774647887325,0.02702702702702703,0.9823284823284824,1961.0,1917.0,44.0
"(0, 1)",0.019496850138705432,0.3849995255266654,0.49795918367346936,0.39903207439741883,0.025742574257425748,-0.05983506464809943,0.29545454545454547,0.5026096033402923,0.013457556935817806,0.9688128772635815,1960.0,1916.0,44.0
"(1, 0)",0.020441931474496237,0.44210888224972733,0.49056603773584906,0.4840719400578556,0.040345821325648415,-0.009437222090992254,0.4772727272727273,0.4908711528429838,0.02106318956870612,0.9761410788381742,1961.0,1917.0,44.0
"(1, 1)",0.023227958292418915,0.4392081040045549,0.46785714285714286,0.43914879483773017,0.033364226135310475,-0.03611455175689453,0.4090909090909091,0.4692066805845512,0.017391304347826087,0.9718918918918918,1960.0,1916.0,44.0
"(2, 0)",0.03803330645501741,0.5372978612415232,0.5385007649158593,0.5085894152795561,0.044350580781414996,0.005104395084595673,0.4772727272727273,0.539906103286385,0.023255813953488372,0.9782608695652174,1961.0,1917.0,44.0
"(2, 1)",0.026108702689300572,0.4859081419624217,0.4642857142857143,0.49283545264756123,0.04197080291970802,-0.004256886290479599,0.5227272727272727,0.4629436325678497,0.021863117870722433,0.9768722466960352,1960.0,1916.0,44.0
mean,0.027707585053844134,0.47549170320961115,0.49247238671093124,0.4794957887129567,0.039591289174264375,-0.012160031323309577,0.465909090909091,0.49308248651682257,0.020676334950597976,0.9757179077638972,1960.5,1916.5,44.0
std,0.007911429406639412,0.060938480150410854,0.024368508585836897,0.049319102202074645,0.008244769405862688,0.029234046716771166,0.09797361482104214,0.025055030184635618,0.004309781395439203,0.004358818008520122,0.5,0.5,0.0
