,PRC-AUC,AUROC,Accuracy,Balanced Accuracy,F1-Score,MCC,Sensitivity,Specificity,Precision,Negative Predictive Value,Test Cases,Negative Test Cases,Positive Test Cases
"(0, 0)",0.017183215594081792,0.3789420021814387,0.45486996430392657,0.4436086214255228,0.03432700993676604,-0.03352550291956626,0.4318181818181818,0.45539906103286387,0.017873941674506115,0.9721603563474388,1961.0,1917.0,44.0
"(0, 1)",0.02341849991026673,0.5197380907193015,0.5015306122448979,0.5340909090909092,0.04868549172346641,0.020200802752928963,0.5681818181818182,0.5,0.0254323499491353,0.9805527123848515,1960.0,1916.0,44.0
"(1, 0)",0.044820379955405,0.5395148669796558,0.520652728199898,0.5216661924408403,0.04665314401622719,0.012845098627148865,0.5227272727272727,0.520605112154408,0.024416135881104035,0.9793915603532876,1961.0,1917.0,44.0
"(1, 1)",0.028104677241274724,0.48698756879863353,0.48673469387755103,0.4932150313152401,0.04190476190476191,-0.0040218767368109245,0.5,0.48643006263048016,0.02186878727634195,0.9769392033542977,1960.0,1916.0,44.0
"(2, 0)",0.028906112800754336,0.5694029496846398,0.5191228964813871,0.5541921563048324,0.05226130653266331,0.03211832415454938,0.5909090909090909,0.5174752217005738,0.027339642481598318,0.9821782178217822,1961.0,1917.0,44.0
"(2, 1)",0.03409442627143148,0.483440880622509,0.5198979591836734,0.4990747769975328,0.042726347914547304,-0.000548725117996626,0.4772727272727273,0.5208768267223383,0.022364217252396165,0.9774730656219393,1960.0,1916.0,44.0
mean,0.029421218628869008,0.4963377264976964,0.500468142381889,0.5076412812624796,0.04442634367140536,0.004511353460042232,0.5151515151515151,0.5001310473734439,0.023215845752513647,0.9781158526472661,1960.5,1916.5,44.0
std,0.008629146392360327,0.060257612956821964,0.023811290844782357,0.035225341544805236,0.005711545719055881,0.020908442531678804,0.05356869554443543,0.023590534227569775,0.003012060853975625,0.003197242072964774,0.5,0.5,0.0
