,PRC-AUC,AUROC,Accuracy,Balanced Accuracy,F1-Score,MCC,Sensitivity,Specificity,Precision,Negative Predictive Value,Test Cases,Negative Test Cases,Positive Test Cases
"(0, 0)",0.0275953222542762,0.4765258215962441,0.48087710351861296,0.468013468013468,0.03780718336483933,-0.018960098067675006,0.45454545454545453,0.48148148148148145,0.01972386587771203,0.9746568109820486,1961.0,1917.0,44.0
"(0, 1)",0.04496577317776308,0.4894192446384513,0.4897959183673469,0.5058834693490226,0.04397705544933078,0.0034871527079346192,0.5227272727272727,0.4890396659707724,0.022954091816367265,0.9780793319415448,1960.0,1916.0,44.0
"(1, 0)",0.0305256550945541,0.5957936169203775,0.5191228964813871,0.598603404941433,0.059820538384845474,0.05842734313719319,0.6818181818181818,0.5153886280646844,0.03128258602711158,0.9860279441117764,1961.0,1917.0,44.0
"(1, 1)",0.022323901501890325,0.48198187511861834,0.5198979591836734,0.5101774530271399,0.04467005076142132,0.006035472690887374,0.5,0.5203549060542797,0.023379383634431455,0.9784102060843964,1960.0,1916.0,44.0
"(2, 0)",0.01841680601255568,0.3862569355527102,0.45130035696073434,0.4084744155166691,0.028880866425992777,-0.05441803627578084,0.36363636363636365,0.45331246739697445,0.015037593984962405,0.9687848383500557,1961.0,1917.0,44.0
"(2, 1)",0.029658712677966714,0.5592617194913646,0.5071428571428571,0.5591668248244448,0.05294117647058823,0.03505983693252274,0.6136363636363636,0.5046972860125261,0.027663934426229508,0.9827235772357723,1960.0,1916.0,44.0
mean,0.028914361786501017,0.498206535552961,0.4946895152757687,0.5083865059453628,0.04468281180950298,0.004938611854180346,0.5227272727272728,0.4940457391634531,0.023340242627802373,0.9781137847842657,1960.5,1916.5,44.0
std,0.008328373603765982,0.0665760171048581,0.02410010564843395,0.061018590526798235,0.00995678455494938,0.03620773956165508,0.1033195583104989,0.022742278499631962,0.005227139580958768,0.005521972267440773,0.5,0.5,0.0
