,PRC-AUC,AUROC,Accuracy,Balanced Accuracy,F1-Score,MCC,Sensitivity,Specificity,Precision,Negative Predictive Value,Test Cases,Negative Test Cases,Positive Test Cases
"(0, 0)",0.030253758757818668,0.5609261630388391,0.5114737378888322,0.5613826053966899,0.0533596837944664,0.036366407900500754,0.6136363636363636,0.5091288471570161,0.027892561983471075,0.9828801611278952,1961.0,1917.0,44.0
"(0, 1)",0.020294320924351236,0.4711994685898653,0.5066326530612245,0.5144951603719871,0.045409674234945706,0.008589707892933224,0.5227272727272727,0.5062630480167014,0.023735810113519093,0.9788092835519677,1960.0,1916.0,44.0
"(1, 0)",0.022482362006153646,0.4225589225589226,0.5216726160122387,0.38895409494001043,0.02291666666666667,-0.06592711274454922,0.25,0.5279081898800209,0.012008733624454149,0.968421052631579,1961.0,1917.0,44.0
"(1, 1)",0.020222621274708974,0.46310969823495923,0.4556122448979592,0.5106044790282787,0.044762757385854966,0.006312214564163802,0.5681818181818182,0.453027139874739,0.023299161230195712,0.9785794813979707,1960.0,1916.0,44.0
"(2, 0)",0.039077630796179014,0.5527457675345,0.4992350841407445,0.5218143880115711,0.04660194174757282,0.012923187892996532,0.5454545454545454,0.4981742305685968,0.02434077079107505,0.9794871794871794,1961.0,1917.0,44.0
"(2, 1)",0.03752618348488042,0.5622271778326058,0.49489795918367346,0.5529037768077434,0.05172413793103448,0.031354880306111284,0.6136363636363636,0.4921711899791232,0.027,0.9822916666666667,1960.0,1916.0,44.0
mean,0.028309479540681987,0.5054611996316153,0.4982540491974454,0.5083590840927134,0.044129143626756843,0.004936547635359396,0.5189393939393939,0.4977787742460329,0.02304617295711918,0.978411470810543,1960.5,1916.5,44.0
std,0.007834499321915211,0.055339666661157576,0.020912275849041574,0.05668188030458141,0.0100084293192672,0.03363145165317551,0.12477022039394396,0.02288703748435421,0.005214736936917427,0.004764052898470843,0.5,0.5,0.0
