,PRC-AUC,AUROC,Accuracy,Balanced Accuracy,F1-Score,MCC,Sensitivity,Specificity,Precision,Negative Predictive Value,Test Cases,Negative Test Cases,Positive Test Cases
"(0, 0)",0.020351127739858442,0.40854554939061977,0.47679755226925036,0.4104128135818277,0.028409090909090908,-0.05309943807720097,0.3409090909090909,0.47991653625456443,0.014822134387351778,0.9694415173867229,1961.0,1917.0,44.0
"(0, 1)",0.04599635048118046,0.4507971152021256,0.4846938775510204,0.4366578098310875,0.03256704980842912,-0.03754149346068032,0.38636363636363635,0.4869519832985386,0.017,0.971875,1960.0,1916.0,44.0
"(1, 0)",0.026891653360328366,0.45651349172475936,0.44518103008669047,0.4830642101768862,0.04056437389770723,-0.010096027369225484,0.5227272727272727,0.44340114762649974,0.02110091743119266,0.9758897818599311,1961.0,1917.0,44.0
"(1, 1)",0.02708155697425746,0.43815240083507306,0.5081632653061224,0.44866198519643197,0.03406813627254509,-0.03043126314146448,0.38636363636363635,0.5109603340292276,0.01781970649895178,0.9731610337972167,1960.0,1916.0,44.0
"(2, 0)",0.02636039330824238,0.4480011381419832,0.4818969913309536,0.4685351164224404,0.03787878787878788,-0.018649627295294298,0.45454545454545453,0.4825247782994262,0.019762845849802372,0.9747102212855637,1961.0,1917.0,44.0
"(2, 1)",0.02015936081498338,0.4565263807174037,0.4642857142857143,0.49283545264756123,0.04197080291970802,-0.004256886290479599,0.5227272727272727,0.4629436325678497,0.021863117870722433,0.9768722466960352,1960.0,1916.0,44.0
mean,0.02780674044647508,0.44308934600199407,0.476836405138292,0.4566945646427058,0.035909706947711374,-0.02567912260572419,0.43560606060606055,0.477783068679351,0.018728120339670168,0.9736583001709116,1960.5,1916.5,44.0
std,0.008644706325855884,0.01664303813564547,0.01927133317211912,0.02813572762825794,0.004709990601043424,0.016664989512660846,0.0699476716387098,0.020873271524438058,0.00243575362439974,0.002504136285603138,0.5,0.5,0.0
