,PRC-AUC,AUROC,Accuracy,Balanced Accuracy,F1-Score,MCC,Sensitivity,Specificity,Precision,Negative Predictive Value,Test Cases,Negative Test Cases,Positive Test Cases
"(0, 0)",0.041053545691926804,0.5392303314838526,0.49005609382967874,0.5615308009674207,0.05303030303030303,0.03647006995575637,0.6363636363636364,0.486697965571205,0.02766798418972332,0.9831401475237092,1961.0,1917.0,44.0
"(0, 1)",0.033588023116535456,0.45227984437274626,0.5153061224489796,0.4856234579616625,0.0404040404040404,-0.008524010562171102,0.45454545454545453,0.5167014613778705,0.021141649048625793,0.9763313609467456,1960.0,1916.0,44.0
"(1, 0)",0.025570348600799778,0.4917840375586855,0.4946455889852116,0.49726134585289516,0.042512077294685986,-0.0016224894685036729,0.5,0.4945226917057903,0.022199798183652877,0.977319587628866,1961.0,1917.0,44.0
"(1, 1)",0.030684163210312487,0.5875284684000759,0.4933673469387755,0.5410182197760486,0.049760765550239235,0.02431109674932278,0.5909090909090909,0.4911273486430063,0.025974025974025976,0.9812304483837331,1960.0,1916.0,44.0
"(2, 0)",0.02326584922501644,0.49847062171005835,0.5446200917899031,0.5006164935742401,0.04287245444801714,0.0003668154938378356,0.45454545454545453,0.5466875326030256,0.02249718785151856,0.9776119402985075,1961.0,1917.0,44.0
"(2, 1)",0.020180548039805575,0.45953928639210484,0.48673469387755103,0.48211235528563295,0.04007633587786259,-0.010602577216881766,0.4772727272727273,0.4869519832985386,0.02091633466135458,0.9759414225941423,1960.0,1916.0,44.0
mean,0.029057079647399425,0.5048054316529206,0.5041216563116833,0.51136044556965,0.044775996100858056,0.006733150825226742,0.5189393939393939,0.5037814971999061,0.023399496651483515,0.9785958178959505,1960.5,1916.5,44.0
std,0.006971136968192198,0.04662942969861945,0.020292909646988357,0.029520356155582773,0.004880763453951121,0.017497256608332713,0.06994767163870981,0.021713229048657336,0.0025286885252998994,0.0026571465925975153,0.5,0.5,0.0
