,PRC-AUC,AUROC,Accuracy,Balanced Accuracy,F1-Score,MCC,Sensitivity,Specificity,Precision,Negative Predictive Value,Test Cases,Negative Test Cases,Positive Test Cases
"(0, 0)",0.11204191512486897,0.7208291838573528,0.9724630290668026,0.5195973822734387,0.06896551724137931,0.06894749006904705,0.045454545454545456,0.9937402190923318,0.14285714285714285,0.9784283513097073,1961.0,1917.0,44.0
"(0, 1)",0.19710765943921815,0.7653136268741697,0.9770408163265306,0.5330470677547922,0.1176470588235294,0.1641295865484273,0.06818181818181818,0.9979123173277662,0.42857142857142855,0.9790066564260113,1960.0,1916.0,44.0
"(1, 0)",0.20239505700818614,0.7673981600037938,0.9775624681285059,0.5333084364774505,0.12000000000000001,0.17863749963927886,0.06818181818181818,0.9984350547730829,0.5,0.9790281329923274,1961.0,1917.0,44.0
"(1, 1)",0.12852324912732388,0.7685815619662175,0.9770408163265306,0.5330470677547922,0.1176470588235294,0.1641295865484273,0.06818181818181818,0.9979123173277662,0.42857142857142855,0.9790066564260113,1960.0,1916.0,44.0
"(2, 0)",0.14074270371465533,0.7322283871579646,0.9760326364099949,0.532525963863992,0.11320754716981131,0.14253988501741952,0.06818181818181818,0.9968701095461658,0.3333333333333333,0.9789959016393442,1961.0,1917.0,44.0
"(2, 1)",0.15786549725564408,0.667204403112545,0.9785714285714285,0.5671379768457012,0.22222222222222218,0.279193324784897,0.13636363636363635,0.9979123173277662,0.6,0.9805128205128205,1960.0,1916.0,44.0
mean,0.15644601361164945,0.7369258871620072,0.9764518658049656,0.5364439824950278,0.12661490071341194,0.16626289543458284,0.07575757575757576,0.9971303892324799,0.4055555555555555,0.9791630865510369,1960.5,1916.5,44.0
std,0.033577516398305536,0.03623709109702642,0.0019367619491072738,0.014572747433431853,0.04627556907197314,0.06184467648982688,0.028345889293741978,0.0015862632140605764,0.14260339015376153,0.0006398856236574491,0.5,0.5,0.0
