,PRC-AUC,AUROC,Accuracy,Balanced Accuracy,F1-Score,MCC,Sensitivity,Specificity,Precision,Negative Predictive Value,Test Cases,Negative Test Cases,Positive Test Cases
"(0, 0)",0.1675744901098269,0.6850369896144545,0.9785823559408465,0.5338300848864229,0.125,0.22209821562878881,0.06818181818181818,0.9994783515910276,0.75,0.9790495656617272,1961.0,1917.0,44.0
"(0, 1)",0.17655160901132125,0.7672648984627064,0.9780612244897959,0.5224663123932435,0.08510638297872342,0.17026674729496824,0.045454545454545456,0.9994780793319415,0.6666666666666666,0.9785385794583547,1960.0,1916.0,44.0
"(1, 0)",0.20931244619154574,0.7257966993882489,0.9775624681285059,0.5111028121591502,0.04347826086956522,0.10303105974473263,0.022727272727272728,0.9994783515910276,0.5,0.9780500255232262,1961.0,1917.0,44.0
"(1, 1)",0.16549202866155394,0.6678923894477131,0.9795918367346939,0.5454545454545454,0.16666666666666669,0.29841248180230007,0.09090909090909091,1.0,1.0,0.9795501022494888,1960.0,1916.0,44.0
"(2, 0)",0.1299118914190718,0.6333167354294116,0.9775624681285059,0.5222056243183004,0.08333333333333334,0.14578235776159854,0.045454545454545456,0.9989567031820553,0.5,0.9785385794583547,1961.0,1917.0,44.0
"(2, 1)",0.17098291819822398,0.6685507211994687,0.9780612244897959,0.5224663123932435,0.08510638297872342,0.17026674729496824,0.045454545454545456,0.9994780793319415,0.6666666666666666,0.9785385794583547,1960.0,1916.0,44.0
mean,0.16997089726525724,0.6913097389236672,0.978236929652024,0.5262542819341509,0.09811517113783536,0.1849762682545594,0.05303030303030303,0.999478260837999,0.6805555555555555,0.9787109053015843,1960.5,1916.5,44.0
std,0.023175469811784668,0.04364137502629975,0.0006984069760484167,0.010806626061072237,0.038652842485959064,0.06181927066332714,0.021427478217774167,0.00030117387668922454,0.1695354946629681,0.00047342599335085164,0.5,0.5,0.0
