,PRC-AUC,AUROC,Accuracy,Balanced Accuracy,F1-Score,MCC,Sensitivity,Specificity,Precision,Negative Predictive Value,Test Cases,Negative Test Cases,Positive Test Cases
"(0, 0)",0.10259677767664928,0.6683264570588514,0.9653238143804181,0.5825627163655333,0.1904761904761905,0.17300461380011126,0.18181818181818182,0.9833072509128847,0.2,0.9812597605413846,1961.0,1917.0,44.0
"(0, 1)",0.10148435740376215,0.6876126874169671,0.9724489795918367,0.5529037768077434,0.15625,0.1559641924812996,0.11363636363636363,0.9921711899791231,0.25,0.9798969072164948,1960.0,1916.0,44.0
"(1, 0)",0.14205814058155533,0.6257587613221416,0.9734829168791433,0.5867359036373121,0.23529411764705885,0.23366618422189178,0.18181818181818182,0.9916536254564423,0.3333333333333333,0.9814145585957667,1961.0,1917.0,44.0
"(1, 1)",0.09926951460903179,0.6129365154678307,0.9729591836734693,0.5531647371417726,0.15873015873015872,0.16076377258788319,0.11363636363636363,0.9926931106471816,0.2631578947368421,0.9799072642967542,1960.0,1916.0,44.0
"(2, 0)",0.10178366950879668,0.6302935457865035,0.9709331973482916,0.5632261582965808,0.17391304347826086,0.1669327330739619,0.13636363636363635,0.9900886802295253,0.24,0.9803719008264463,1961.0,1917.0,44.0
"(2, 1)",0.1607022505421505,0.551349876636933,0.9719387755102041,0.5970535205921427,0.24657534246575347,0.2381635221485338,0.20454545454545456,0.9895615866388309,0.3103448275862069,0.981874676333506,1960.0,1916.0,44.0
mean,0.11798245172032429,0.6293796406148712,0.9711811445638939,0.5726078021401808,0.19353980879957042,0.18808250305228028,0.1553030303030303,0.9899125739773313,0.26613934260939703,0.9807875113017254,1960.5,1916.5,44.0
std,0.024242183096977177,0.043360713154393216,0.002738940910744377,0.017081146291656264,0.03548010567219515,0.03425038901299493,0.035734777015365926,0.0031530009244740693,0.04433997928051369,0.0007679928334302716,0.5,0.5,0.0
