,PRC-AUC,AUROC,Accuracy,Balanced Accuracy,F1-Score,MCC,Sensitivity,Specificity,Precision,Negative Predictive Value,Test Cases,Negative Test Cases,Positive Test Cases
"(0, 0)",0.03119724012341305,0.5177123346137431,0.46863844977052527,0.47285649926495,0.03874538745387454,-0.016109674448752997,0.4772727272727273,0.4684402712571727,0.020192307692307693,0.9750271444082519,1961.0,1917.0,44.0
"(0, 1)",0.026778875164428284,0.5465339722907572,0.525,0.5238897323970393,0.04708290685772774,0.014172267062587842,0.5227272727272727,0.5250521920668059,0.02465166130760986,0.9795520934761441,1960.0,1916.0,44.0
"(1, 0)",0.021175589430876145,0.4402594015270072,0.48087710351861296,0.42360221937686726,0.030476190476190473,-0.04527385301846258,0.36363636363636365,0.4835680751173709,0.015904572564612324,0.9706806282722513,1961.0,1917.0,44.0
"(1, 1)",0.03799227673895543,0.5853221673941923,0.5469387755102041,0.5684190548491175,0.05531914893617022,0.040691747218523526,0.5909090909090909,0.545929018789144,0.029017857142857144,0.9830827067669173,1960.0,1916.0,44.0
"(2, 0)",0.02151601820682286,0.4137501778346849,0.4655787863335033,0.4268803054014322,0.031423290203327174,-0.04339125704989752,0.38636363636363635,0.46739697443922795,0.016377649325626204,0.9707475622968581,1961.0,1917.0,44.0
"(2, 1)",0.02148740565782746,0.45923087872461565,0.4704081632653061,0.5181723287151262,0.04595588235294118,0.010791124028993493,0.5681818181818182,0.4681628392484342,0.023946360153256706,0.9792576419213974,1960.0,1916.0,44.0
mean,0.026691234220387206,0.49380148873083335,0.4929068797330253,0.48897002333408873,0.04150046771337189,-0.006519941034501373,0.48484848484848486,0.49309156181969266,0.02168173469771165,0.9763912961903034,1960.5,1916.5,44.0
std,0.006222410600392865,0.060825669678148835,0.03145394323426938,0.05287097164222509,0.008875480827873528,0.03138499265304688,0.08570991287109668,0.03107333985869962,0.004681434997290998,0.00464230408403569,0.5,0.5,0.0
