,PRC-AUC,AUROC,Accuracy,Balanced Accuracy,F1-Score,MCC,Sensitivity,Specificity,Precision,Negative Predictive Value,Test Cases,Negative Test Cases,Positive Test Cases
"(0, 0)",0.16269432244381385,0.6749241238677859,0.9780724120346762,0.5224664485227866,0.08510638297872342,0.17026870940338226,0.045454545454545456,0.9994783515910276,0.6666666666666666,0.9785495403472931,1961.0,1917.0,44.0
"(0, 1)",0.16257824198860113,0.6823045169861454,0.9775510204081632,0.5111026760296071,0.04347826086956522,0.1030292200671877,0.022727272727272728,0.9994780793319415,0.5,0.9780388151174668,1960.0,1916.0,44.0
"(1, 0)",0.18594934540432975,0.7327203964527907,0.9780724120346762,0.5113636363636364,0.044444444444444446,0.14909280396098903,0.022727272727272728,1.0,1.0,0.9780612244897959,1961.0,1917.0,44.0
"(1, 1)",0.14405175629090908,0.6471045264756121,0.9780612244897959,0.5113636363636364,0.044444444444444446,0.14909195038962503,0.022727272727272728,1.0,1.0,0.9780500255232262,1960.0,1916.0,44.0
"(2, 0)",0.10699495328745831,0.6800101958552662,0.9780724120346762,0.5113636363636364,0.044444444444444446,0.14909280396098903,0.022727272727272728,1.0,1.0,0.9780612244897959,1961.0,1917.0,44.0
"(2, 1)",0.1783978361912952,0.6844989561586639,0.9780612244897959,0.5224663123932435,0.08510638297872342,0.17026674729496824,0.045454545454545456,0.9994780793319415,0.6666666666666666,0.9785385794583547,1960.0,1916.0,44.0
mean,0.1567777426010679,0.683593785966044,0.9779817842486306,0.5150210576727576,0.05783739336005756,0.1484737058461902,0.030303030303030304,0.9997390850424851,0.8055555555555555,0.9782165682376553,1960.5,1916.5,44.0
std,0.02590797627035419,0.025282987108056088,0.00019270840532507752,0.005265446631281361,0.01928511307327491,0.022421377130732157,0.010713739108887085,0.00026091497329801814,0.2022252747022366,0.0002317173779690492,0.5,0.5,0.0
