,PRC-AUC,AUROC,Accuracy,Balanced Accuracy,F1-Score,MCC,Sensitivity,Specificity,Precision,Negative Predictive Value,Test Cases,Negative Test Cases,Positive Test Cases
"(0, 0)",0.09782311988649742,0.6189891876511595,0.9734829168791433,0.5534274671598615,0.16129032258064516,0.16594314761024742,0.11363636363636363,0.9932185706833594,0.2777777777777778,0.979927946474524,1961.0,1917.0,44.0
"(0, 1)",0.17361100612991384,0.7360623457961663,0.976530612244898,0.5882994875687987,0.2580645161290322,0.2742530108840387,0.18181818181818182,0.9947807933194155,0.4444444444444444,0.9814624098867147,1960.0,1916.0,44.0
"(1, 0)",0.15262704338731667,0.6713200075876131,0.9750127485976543,0.5875183762507706,0.24615384615384614,0.25185821990564283,0.18181818181818182,0.9932185706833594,0.38095238095238093,0.9814432989690721,1961.0,1917.0,44.0
"(1, 1)",0.13575907002377657,0.6722753368760676,0.9755102040816327,0.5877775669007402,0.25000000000000006,0.258774669139376,0.18181818181818182,0.9937369519832986,0.4,0.9814432989690721,1960.0,1916.0,44.0
"(2, 0)",0.14155413769468883,0.7119908000189691,0.974502804691484,0.5539491155688339,0.16666666666666666,0.17763638462001888,0.11363636363636363,0.9942618675013041,0.3125,0.979948586118252,1961.0,1917.0,44.0
"(2, 1)",0.17500496020903322,0.6772513759726703,0.9739795918367347,0.5869946858986524,0.2388059701492537,0.23934154066893992,0.18181818181818182,0.9921711899791231,0.34782608695652173,0.9814145585957667,1960.0,1916.0,44.0
mean,0.14606322288853776,0.6813148423171076,0.9748364797219246,0.5763277832246095,0.2201635536132407,0.2279678288047106,0.1590909090909091,0.99356465735831,0.36058344835518746,0.9809400165022336,1960.5,1916.5,44.0
std,0.026118968883986106,0.03656253065246767,0.0010027286503913753,0.01601385170189938,0.04016156068193764,0.04117403500395136,0.03214121732666125,0.0008342738766139117,0.05527623355951482,0.0007085068191636837,0.5,0.5,0.0
