,PRC-AUC,AUROC,Accuracy,Balanced Accuracy,F1-Score,MCC,Sensitivity,Specificity,Precision,Negative Predictive Value,Test Cases,Negative Test Cases,Positive Test Cases
"(0, 0)",0.02215353829405691,0.5041020533978281,0.4885262621111678,0.5163370797173614,0.04567078972407231,0.009681728414344769,0.5454545454545454,0.4872196139801774,0.023833167825223437,0.9790356394129979,1961.0,1917.0,44.0
"(0, 1)",0.020629036480282616,0.4464675460239134,0.49183673469387756,0.4292085784778895,0.031128404669260704,-0.041948096794967055,0.36363636363636365,0.49478079331941544,0.016260162601626018,0.9713114754098361,1960.0,1916.0,44.0
"(1, 0)",0.02974599060969844,0.4956726893346612,0.5288118306986231,0.49253094323516855,0.041493775933609964,-0.0044331647570748445,0.45454545454545453,0.5305164319248826,0.021739130434782608,0.9769452449567724,1961.0,1917.0,44.0
"(1, 1)",0.034829393238119635,0.5648367811728982,0.5112244897959184,0.5279464794078572,0.047713717693836984,0.016562595083167302,0.5454545454545454,0.5104384133611691,0.02494802494802495,0.9799599198396793,1960.0,1916.0,44.0
"(2, 0)",0.05564768643183855,0.5184473846445677,0.5089240183579806,0.5267700478968085,0.047477744807121657,0.01586025294535552,0.5454545454545454,0.5080855503390714,0.02481902792140641,0.9798792756539235,1961.0,1917.0,44.0
"(2, 1)",0.060804294637612416,0.5422874359460998,0.49387755102040815,0.4968684759916493,0.04247104247104247,-0.001855736531326439,0.5,0.49373695198329853,0.02217741935483871,0.9772727272727273,1960.0,1916.0,44.0
mean,0.037301656615268096,0.5119689817533281,0.5038668144463293,0.4982769341211224,0.04265924588315736,-0.001022070273416791,0.4924242424242424,0.5041296258180025,0.02229615551431702,0.977400713757656,1960.5,1916.5,44.0
std,0.015596969416484328,0.03735879721272315,0.014034512711952874,0.03372374590190418,0.005659638582375501,0.019983638353925647,0.0664770029347888,0.014335681093457328,0.002958526918829124,0.0029627814287662437,0.5,0.5,0.0
