,PRC-AUC,AUROC,Accuracy,Balanced Accuracy,F1-Score,MCC,Sensitivity,Specificity,Precision,Negative Predictive Value,Test Cases,Negative Test Cases,Positive Test Cases
"(0, 0)",0.03369265525463919,0.4707995447432067,0.5012748597654259,0.47844643619291505,0.039292730844793705,-0.012768751208891043,0.45454545454545453,0.5023474178403756,0.02053388090349076,0.9756838905775076,1961.0,1917.0,44.0
"(0, 1)",0.026514796597407922,0.5146019168722717,0.48775510204081635,0.5048396280129057,0.043809523809523805,0.002868751238844156,0.5227272727272727,0.4869519832985386,0.02286282306163022,0.9779874213836478,1960.0,1916.0,44.0
"(1, 0)",0.02761994842245119,0.5084412197088254,0.5068842427332994,0.5035211267605634,0.04352126607319485,0.0020861360162845836,0.5,0.5070422535211268,0.022750775594622543,0.9778672032193159,1961.0,1917.0,44.0
"(1, 1)",0.020127676315534804,0.4605000948946669,0.5520408163265306,0.4822072499525527,0.03938730853391685,-0.010610217553341968,0.4090909090909091,0.5553235908141962,0.020689655172413793,0.9761467889908257,1960.0,1916.0,44.0
"(2, 0)",0.021420750773289494,0.440615070896761,0.47730749617542073,0.45508488642291456,0.03574788334901224,-0.02662853961639041,0.4318181818181818,0.47835159102764735,0.018645731108930325,0.9734607218683652,1961.0,1917.0,44.0
"(2, 1)",0.02811897334472309,0.5395354906054279,0.4872448979591837,0.5378866957676979,0.04919583727530747,0.02246265591871627,0.5909090909090909,0.4848643006263048,0.02566633761105627,0.9809926082365364,1960.0,1916.0,44.0
mean,0.026249133451340945,0.4890822229535267,0.5020845691667795,0.4936643371849249,0.04182575831429148,-0.0037649942007964014,0.48484848484848486,0.5024801895213649,0.021858200575357315,0.9770231057126998,1960.5,1916.5,44.0
std,0.0045025464166861,0.03433127084073959,0.02435423283411138,0.025912943368141022,0.00429012364970199,0.015366621652924354,0.061077710214382956,0.025647901511901373,0.0022266246956758854,0.0023327866894338007,0.5,0.5,0.0
