,PRC-AUC,AUROC,Accuracy,Balanced Accuracy,F1-Score,MCC,Sensitivity,Specificity,Precision,Negative Predictive Value,Test Cases,Negative Test Cases,Positive Test Cases
"(0, 0)",0.03745654155029396,0.5472328923033148,0.5252422233554309,0.5129107981220657,0.04512820512820513,0.007658205709566581,0.5,0.5258215962441315,0.023630504833512353,0.9786407766990292,1961.0,1917.0,44.0
"(0, 1)",0.020589438226474584,0.46834076674890873,0.4561224489795918,0.47755741127348644,0.03963963963963964,-0.013349951114171222,0.5,0.4551148225469729,0.020637898686679174,0.9753914988814317,1960.0,1916.0,44.0
"(1, 0)",0.030861621385084546,0.5012211315028217,0.5130035696073432,0.4955482050552473,0.04212637913741224,-0.002638310014412967,0.4772727272727273,0.5138236828377674,0.022035676810073453,0.9771825396825397,1961.0,1917.0,44.0
"(1, 1)",0.02132254691332676,0.4961686278231163,0.4683673469387755,0.5060258113494022,0.044036697247706424,0.003578744364998929,0.5454545454545454,0.46659707724425886,0.022944550669216062,0.9781181619256017,1960.0,1916.0,44.0
"(2, 0)",0.031211481039242463,0.5241262389149715,0.5017848036715962,0.5342213211931521,0.04868549172346641,0.020272997952104133,0.5681818181818182,0.5002608242044861,0.0254323499491353,0.9805725971370143,1961.0,1917.0,44.0
"(2, 1)",0.029366704872727543,0.5378985576010628,0.5209183673469387,0.5106993736951984,0.04476093591047813,0.0063455135440122655,0.5,0.5213987473903967,0.023429179978700747,0.9784524975514202,1960.0,1916.0,44.0
mean,0.02846805566452498,0.5124980358156993,0.49757312664994596,0.5061604867814253,0.044062891464484666,0.0036445334070162867,0.5151515151515151,0.4971694584113356,0.023018360154552848,0.9780596786461727,1960.5,1916.5,44.0
std,0.005887655116314064,0.026865698133521066,0.026260084465347798,0.017245063133713396,0.002778084329201236,0.010232315198893796,0.031235648678921674,0.027074545451532435,0.0014724442241792928,0.0015651792918297527,0.5,0.5,0.0
