,PRC-AUC,AUROC,Accuracy,Balanced Accuracy,F1-Score,MCC,Sensitivity,Specificity,Precision,Negative Predictive Value,Test Cases,Negative Test Cases,Positive Test Cases
"(0, 0)",0.02618035398371653,0.5398823919950679,0.4854665986741458,0.5147721344904443,0.04541154210028382,0.008755919335678295,0.5454545454545454,0.4840897235263432,0.023692003948667325,0.9789029535864979,1961.0,1917.0,44.0
"(0, 1)",0.025719684781093245,0.470618238754982,0.4969387755102041,0.4873315619662175,0.04085603112840467,-0.007506797482745445,0.4772727272727273,0.49739039665970775,0.021341463414634148,0.9764344262295082,1960.0,1916.0,44.0
"(1, 0)",0.023123904922260623,0.5066510172143975,0.4854665986741458,0.5480805709678949,0.05079962370649106,0.02850522434057577,0.6136363636363636,0.4825247782994262,0.02649656526005888,0.9819532908704883,1961.0,1917.0,44.0
"(1, 1)",0.023378555614327078,0.47428354526475613,0.48316326530612247,0.4691829569178212,0.03798670465337132,-0.018268765879591243,0.45454545454545453,0.4838204592901879,0.019821605550049554,0.9747634069400631,1960.0,1916.0,44.0
"(2, 0)",0.021566086852492793,0.453608858538436,0.4798572157062723,0.47859463176364586,0.03954802259887005,-0.012689963074430094,0.4772727272727273,0.47991653625456443,0.0206286836935167,0.975609756097561,1961.0,1917.0,44.0
"(2, 1)",0.0327416455701469,0.5214461947238566,0.48418367346938773,0.4808075536154868,0.039886039886039885,-0.011377545493910174,0.4772727272727273,0.48434237995824636,0.02081268582755203,0.9758149316508938,1960.0,1916.0,44.0
mean,0.02545170528733953,0.4944150410819161,0.48584602122337966,0.49646156828691845,0.042414660678910136,-0.0020969880424038154,0.5075757575757577,0.48534737899807934,0.02213216794907977,0.9772464608958354,1960.5,1916.5,44.0
std,0.0036184850878578077,0.030507900170239674,0.0053097942756462155,0.02705412329071327,0.004395766161197232,0.01603856448546345,0.055152347646064526,0.005588956464271301,0.002289339878292922,0.002464793847597289,0.5,0.5,0.0
