,PRC-AUC,AUROC,Accuracy,Balanced Accuracy,F1-Score,MCC,Sensitivity,Specificity,Precision,Negative Predictive Value,Test Cases,Negative Test Cases,Positive Test Cases
"(0, 0)",0.035822621538604445,0.5701261440698061,0.5012748597654259,0.5561661213069664,0.05232558139534883,0.0332741470463271,0.6136363636363636,0.4986958789775691,0.027327935222672066,0.9825282631038027,1961.0,1917.0,44.0
"(0, 1)",0.0315429277258732,0.5461662554564433,0.47346938775510206,0.5419434427785159,0.04972375690607734,0.0249036475478589,0.6136363636363636,0.4702505219206681,0.025911708253358926,0.9814814814814815,1960.0,1916.0,44.0
"(1, 0)",0.023662229743662583,0.4578650353298241,0.49056603773584906,0.46186631573955517,0.036644165863066534,-0.022592477259673716,0.4318181818181818,0.4919144496609285,0.019133937562940583,0.9741735537190083,1961.0,1917.0,44.0
"(1, 1)",0.02183052475507055,0.4848880242930347,0.49948979591836734,0.4775336876067565,0.039177277179236046,-0.013312567993753464,0.45454545454545453,0.5005219206680585,0.02047082906857728,0.9755849440488301,1960.0,1916.0,44.0
"(2, 0)",0.02185450247966001,0.4187888272395315,0.4599694033656298,0.40180561483378385,0.027548209366391185,-0.05829726272425441,0.3409090909090909,0.46270213875847677,0.014354066985645933,0.9683406113537117,1961.0,1917.0,44.0
"(2, 1)",0.026076655393343348,0.4621963370658569,0.5163265306122449,0.4639400265705067,0.036585365853658534,-0.02138530634804533,0.4090909090909091,0.5187891440501043,0.019148936170212766,0.9745098039215686,1960.0,1916.0,44.0
mean,0.026798243606035693,0.49000510390908275,0.4901826691921031,0.4838758681393474,0.04033405942729642,-0.009568303288590154,0.4772727272727273,0.49047900900596747,0.021057902210567928,0.9761031096047339,1960.5,1916.5,44.0
std,0.005218963879727751,0.05240500947373453,0.01864351079823355,0.0520501870553128,0.008410778232195732,0.030880394589371155,0.10248294892779307,0.01894134575199631,0.004387569562210399,0.004778356849513893,0.5,0.5,0.0
