,PRC-AUC,AUROC,Accuracy,Balanced Accuracy,F1-Score,MCC,Sensitivity,Specificity,Precision,Negative Predictive Value,Test Cases,Negative Test Cases,Positive Test Cases
"(0, 0)",0.14095055997525888,0.6926898088869919,0.9780724120346762,0.5113636363636364,0.044444444444444446,0.14909280396098903,0.022727272727272728,1.0,1.0,0.9780612244897959,1961.0,1917.0,44.0
"(0, 1)",0.15426126496168735,0.7596080850256215,0.9775510204081632,0.5111026760296071,0.04347826086956522,0.1030292200671877,0.022727272727272728,0.9994780793319415,0.5,0.9780388151174668,1960.0,1916.0,44.0
"(1, 0)",0.2066262525331235,0.7347477118603879,0.9775624681285059,0.5,0.0,0.0,0.0,1.0,,0.9775624681285059,1961.0,1917.0,44.0
"(1, 1)",0.14899707339443596,0.7355878724615676,0.9780612244897959,0.5113636363636364,0.044444444444444446,0.14909195038962503,0.022727272727272728,1.0,1.0,0.9780500255232262,1960.0,1916.0,44.0
"(2, 0)",0.15703720640035515,0.7375100772988097,0.9780724120346762,0.5113636363636364,0.044444444444444446,0.14909280396098903,0.022727272727272728,1.0,1.0,0.9780612244897959,1961.0,1917.0,44.0
"(2, 1)",0.15402892520572095,0.6772217213892578,0.9770408163265306,0.4997390396659708,0.0,-0.0034238234953776103,0.0,0.9994780793319415,0.0,0.9775395610005104,1960.0,1916.0,44.0
mean,0.16031688041176362,0.7228942128204395,0.9777267255703913,0.5074887707977478,0.02946859903381643,0.09114715914723553,0.015151515151515152,0.9998260264439806,0.7,0.9778855531248835,1960.5,1916.5,44.0
std,0.0213491430944625,0.028464740855514578,0.0003827993583076175,0.005388940544640491,0.020840246000118832,0.0676580287034163,0.010713739108887083,0.00024603576241702917,0.4,0.00023676842768835955,0.5,0.5,0.0
