,PRC-AUC,AUROC,Accuracy,Balanced Accuracy,F1-Score,MCC,Sensitivity,Specificity,Precision,Negative Predictive Value,Test Cases,Negative Test Cases,Positive Test Cases
"(0, 0)",0.026442273926950567,0.5173092426613553,0.5099439061703213,0.5050860719874805,0.04378109452736319,0.003013617987075572,0.5,0.5101721439749609,0.022892819979188347,0.978,1961.0,1917.0,44.0
"(0, 1)",0.044923018865605555,0.47705921427215786,0.461734693877551,0.4693252989182008,0.03828623518687329,-0.018227058878445095,0.4772727272727273,0.4613778705636743,0.019943019943019943,0.9746416758544653,1960.0,1916.0,44.0
"(1, 0)",0.031078868303983122,0.5247782994261867,0.5405405405405406,0.5096327120975008,0.044538706256627786,0.0057262969606446,0.4772727272727273,0.5419926969222744,0.02335928809788654,0.9783427495291902,1961.0,1917.0,44.0
"(1, 1)",0.04732095639119917,0.5059902258493072,0.5153061224489796,0.5411368381096983,0.049999999999999996,0.024383115244128624,0.5681818181818182,0.5140918580375783,0.02615062761506276,0.9810756972111554,1960.0,1916.0,44.0
"(2, 0)",0.02326865631224225,0.5111443069189548,0.5415604283528812,0.5101543605064731,0.04463336875664187,0.006037441459871281,0.4772727272727273,0.543035993740219,0.023411371237458192,0.9783834586466166,1961.0,1917.0,44.0
"(2, 1)",0.023161247285851214,0.5056343708483583,0.5163265306122449,0.5194534067185423,0.04627766599597586,0.011532600915248435,0.5227272727272727,0.5161795407098121,0.024210526315789474,0.9792079207920792,1960.0,1916.0,44.0
mean,0.03269917018097198,0.5069859433293867,0.5142353703337531,0.5091314480563159,0.04458617845391366,0.005411002281420569,0.5037878787878788,0.5144750173247532,0.023327942198067542,0.9782752503389179,1960.5,1916.5,44.0
std,0.00987336317683545,0.014937970332077687,0.026516906335971816,0.021342758394662806,0.003476409058897898,0.012664992852575987,0.033238501467394405,0.027122641183084457,0.001843975807700147,0.001915170502422999,0.5,0.5,0.0
