,PRC-AUC,AUROC,Accuracy,Balanced Accuracy,F1-Score,MCC,Sensitivity,Specificity,Precision,Negative Predictive Value,Test Cases,Negative Test Cases,Positive Test Cases
"(0, 0)",0.1528527683943847,0.7073848816806563,0.9775624681285059,0.5222056243183004,0.08333333333333334,0.14578235776159854,0.045454545454545456,0.9989567031820553,0.5,0.9785385794583547,1961.0,1917.0,44.0
"(0, 1)",0.1500322684657393,0.7346389257923704,0.9780612244897959,0.5446716644524577,0.1568627450980392,0.22186361196747206,0.09090909090909091,0.9984342379958246,0.5714285714285714,0.9795186891961085,1960.0,1916.0,44.0
"(1, 0)",0.18082423478288565,0.7210485133020345,0.9770525242223356,0.5108419879546641,0.04255319148936171,0.08216925316590665,0.022727272727272728,0.9989567031820553,0.3333333333333333,0.9780388151174668,1961.0,1917.0,44.0
"(1, 1)",0.14803210768216857,0.7144560163218827,0.9760204081632653,0.5214224710571266,0.0784313725490196,0.10639556112938252,0.045454545454545456,0.9973903966597077,0.2857142857142857,0.978494623655914,1960.0,1916.0,44.0
"(2, 0)",0.17155161477539765,0.7056302461232038,0.9780724120346762,0.5335692606819368,0.1224489795918367,0.19716950201257563,0.06818181818181818,0.9989567031820553,0.6,0.9790388548057259,1961.0,1917.0,44.0
"(2, 1)",0.21167170065176427,0.7057257069652685,0.9775510204081632,0.5444107041184285,0.15384615384615385,0.20637488532741283,0.09090909090909091,0.9979123173277662,0.5,0.9795081967213115,1960.0,1916.0,44.0
mean,0.16916078245872337,0.7148140483642361,0.9773866762411237,0.5295202854304857,0.10624596265129073,0.15995919522739135,0.06060606060606061,0.9984345102549108,0.46507936507936504,0.9788562931591468,1960.5,1916.5,44.0
std,0.022461829225806446,0.010441545189318887,0.0007025556613168631,0.012487598627994468,0.04172486015181267,0.05242852393923937,0.025125945381480302,0.0006028978750518177,0.11653431646335018,0.0005472800460483268,0.5,0.5,0.0
