,PRC-AUC,AUROC,Accuracy,Balanced Accuracy,F1-Score,MCC,Sensitivity,Specificity,Precision,Negative Predictive Value,Test Cases,Negative Test Cases,Positive Test Cases
"(0, 0)",0.16868702753302878,0.6623749229383032,0.9755226925038246,0.598882012614407,0.27272727272727276,0.27808940490158995,0.20454545454545456,0.9932185706833594,0.4090909090909091,0.9819494584837545,1961.0,1917.0,44.0
"(0, 1)",0.1968713070384621,0.7174511292465363,0.976530612244898,0.6216075156576201,0.3235294117647059,0.32760928750331514,0.25,0.9932150313152401,0.4583333333333333,0.9829545454545454,1960.0,1916.0,44.0
"(1, 0)",0.15800629901833418,0.6503770095319391,0.9765425803161653,0.577198036705079,0.23333333333333334,0.25418730215432433,0.1590909090909091,0.9953051643192489,0.4375,0.9809768637532134,1961.0,1917.0,44.0
"(1, 1)",0.12232982518057814,0.5841597077244259,0.975,0.5653112545074968,0.19672131147540983,0.20868020328552933,0.13636363636363635,0.994258872651357,0.35294117647058826,0.9804426145136387,1960.0,1916.0,44.0
"(2, 0)",0.08303892043715316,0.6344015270071608,0.972972972972973,0.5420638307962251,0.13114754098360656,0.1344013469450359,0.09090909090909091,0.9932185706833594,0.23529411764705882,0.9794238683127572,1961.0,1917.0,44.0
"(2, 1)",0.13619344027574184,0.7124276428164736,0.9734693877551021,0.5867337255646232,0.23529411764705885,0.23365968691223568,0.18181818181818182,0.9916492693110647,0.3333333333333333,0.981404958677686,1960.0,1916.0,44.0
mean,0.14418780324721636,0.6601986565441398,0.9750063742988272,0.5819660626409086,0.23212549798856452,0.23943787195033836,0.17045454545454544,0.9934775798272716,0.37108214497920383,0.9811920515325991,1960.5,1916.5,44.0
std,0.036165317872941256,0.045742626278231384,0.0013812376064012773,0.025075318482552338,0.059811764179859506,0.059857857184970456,0.05039444960473512,0.001117758627073712,0.07490129434788592,0.0011150346102028253,0.5,0.5,0.0
