,PRC-AUC,AUROC,Accuracy,Balanced Accuracy,F1-Score,MCC,Sensitivity,Specificity,Precision,Negative Predictive Value,Test Cases,Negative Test Cases,Positive Test Cases
"(0, 0)",0.17216260661812277,0.6639102290510741,0.971443141254462,0.5856926068193674,0.2222222222222222,0.21395172983931043,0.18181818181818182,0.989567031820553,0.2857142857142857,0.9813760993274703,1961.0,1917.0,44.0
"(0, 1)",0.08798308983641397,0.6355214461947238,0.9734693877551021,0.5534256974758018,0.16129032258064516,0.1659370716042061,0.11363636363636363,0.9932150313152401,0.2777777777777778,0.9799176107106076,1960.0,1916.0,44.0
"(1, 0)",0.12315010300387282,0.695511452553706,0.9755226925038246,0.5544707639778063,0.17241379310344826,0.1916389855548921,0.11363636363636363,0.9953051643192489,0.35714285714285715,0.9799691833590138,1961.0,1917.0,44.0
"(1, 1)",0.08073443978029322,0.5938745492503321,0.9714285714285714,0.5523818561396849,0.15151515151515152,0.14731492296784568,0.11363636363636363,0.9911273486430062,0.22727272727272727,0.9798761609907121,1960.0,1916.0,44.0
"(2, 0)",0.12376602926575266,0.6482904158960497,0.9760326364099949,0.5769372125005928,0.22950819672131148,0.24582794278461395,0.1590909090909091,0.9947835159102765,0.4117647058823529,0.9809670781893004,1961.0,1917.0,44.0
"(2, 1)",0.14957769340950272,0.6978553805276142,0.9724489795918367,0.5751091288669576,0.20588235294117646,0.2023431533818759,0.1590909090909091,0.9911273486430062,0.2916666666666667,0.9808884297520661,1960.0,1916.0,44.0
mean,0.12289566031899302,0.6558272455789167,0.973390901490632,0.5663362109633684,0.19047200651399251,0.19450230102212404,0.14015151515151514,0.9925209067752219,0.30855650340944457,0.9804990937215283,1960.5,1916.5,44.0
std,0.031980309738133386,0.03585573153852455,0.0018285323110499802,0.013330476309910865,0.03017914683075658,0.03195022249315916,0.02757617382303227,0.002080171660789418,0.05968526135177937,0.0005981504146138561,0.5,0.5,0.0
