,PRC-AUC,AUROC,Accuracy,Balanced Accuracy,F1-Score,MCC,Sensitivity,Specificity,Precision,Negative Predictive Value,Test Cases,Negative Test Cases,Positive Test Cases
"(0, 0)",0.022082322197858176,0.44833309622042017,0.47424783273839877,0.43131431687769717,0.03192488262910798,-0.04072459879128122,0.38636363636363635,0.476264997391758,0.01665034280117532,0.9712765957446808,1961.0,1917.0,44.0
"(0, 1)",0.03864457455878124,0.5814314860504839,0.5413265306122449,0.5544458151451889,0.052687038988408846,0.032356986756933034,0.5681818181818182,0.5407098121085595,0.027624309392265192,0.9819905213270143,1960.0,1916.0,44.0
"(1, 0)",0.032764113779999576,0.5230829420970267,0.4589495155532891,0.5012092758571631,0.04328223624887286,0.0007190580688180518,0.5454545454545454,0.4569640062597809,0.022535211267605635,0.9776785714285714,1961.0,1917.0,44.0
"(1, 1)",0.020395872632189546,0.4593613588916303,0.48316326530612247,0.4691829569178212,0.03798670465337132,-0.018268765879591243,0.45454545454545453,0.4838204592901879,0.019821605550049554,0.9747634069400631,1960.0,1916.0,44.0
"(2, 0)",0.03749764524140918,0.5504339166310998,0.4533401325854156,0.5205458339261156,0.04626334519572954,0.012234643854780765,0.5909090909090909,0.45018257694314034,0.024074074074074074,0.9795686719636776,1961.0,1917.0,44.0
"(2, 1)",0.023680453462861666,0.4901665401404441,0.4729591836734694,0.4750664262668438,0.03906976744186046,-0.014794538661911164,0.4772727272727273,0.47286012526096033,0.020368574199806012,0.9752421959095802,1960.0,1916.0,44.0
mean,0.029177496978849898,0.5088015566718508,0.4806644100781567,0.49196077083180495,0.0418689958595585,-0.004746202442041963,0.5037878787878788,0.4801336628757311,0.02184568621416263,0.9767533272189312,1960.5,1916.5,44.0
std,0.007409342794169208,0.047715039058322556,0.028881461495145987,0.03934730296208956,0.006584462320595738,0.023356436117680894,0.07116778116687857,0.02939624063828117,0.003466602532372154,0.00347487009820462,0.5,0.5,0.0
