,PRC-AUC,AUROC,Accuracy,Balanced Accuracy,F1-Score,MCC,Sensitivity,Specificity,Precision,Negative Predictive Value,Test Cases,Negative Test Cases,Positive Test Cases
"(0, 0)",0.19105612870163055,0.6457770190164557,0.9760326364099949,0.5880400246597429,0.25396825396825395,0.26622334299063394,0.18181818181818182,0.9942618675013041,0.42105263157894735,0.9814624098867147,1961.0,1917.0,44.0
"(0, 1)",0.141763471093835,0.6176515942304042,0.9760204081632653,0.5991412032643766,0.27692307692307694,0.2853052215007993,0.20454545454545456,0.9937369519832986,0.42857142857142855,0.9819494584837545,1960.0,1916.0,44.0
"(1, 0)",0.1504378307863395,0.584145445060938,0.9750127485976543,0.5653127519324702,0.19672131147540983,0.20868574417142127,0.13636363636363635,0.9942618675013041,0.35294117647058826,0.9804526748971193,1961.0,1917.0,44.0
"(1, 1)",0.12207425291566262,0.6124501802998671,0.9704081632653061,0.5629626115012336,0.1714285714285714,0.16305041569926992,0.13636363636363635,0.9895615866388309,0.23076923076923078,0.9803516028955532,1960.0,1916.0,44.0
"(2, 0)",0.10882672414031223,0.7150732678901693,0.9709331973482916,0.5410205339782804,0.12307692307692307,0.11804787874201086,0.09090909090909091,0.99113197704747,0.19047619047619047,0.979381443298969,1961.0,1917.0,44.0
"(2, 1)",0.11585991047180882,0.6459420668058455,0.9719387755102041,0.6081561966217498,0.26666666666666666,0.25683755809751324,0.22727272727272727,0.9890396659707724,0.3225806451612903,0.9823742871954381,1960.0,1916.0,44.0
mean,0.13833638635159815,0.6368399288839467,0.9733909882157862,0.5774388869929755,0.21479746725648363,0.21635836020027477,0.16287878787878787,0.9919989861071633,0.32439855050461264,0.9809953127762582,1960.5,1916.5,44.0
std,0.027622545792578338,0.04087162111415184,0.002365345765921072,0.023129454173286774,0.05583401369724809,0.05978337060097964,0.04623695308990039,0.00218753995551981,0.08917551440802134,0.0010282296402556884,0.5,0.5,0.0
