,PRC-AUC,AUROC,Accuracy,Balanced Accuracy,F1-Score,MCC,Sensitivity,Specificity,Precision,Negative Predictive Value,Test Cases,Negative Test Cases,Positive Test Cases
"(0, 0)",0.028496563367753663,0.4334661165647081,0.5012748597654259,0.4340351875563143,0.031683168316831684,-0.039082255420470106,0.36363636363636365,0.504434011476265,0.016563146997929608,0.9718592964824121,1961.0,1917.0,44.0
"(0, 1)",0.04335923768477784,0.6380598785348264,0.5663265306122449,0.6116435756310495,0.06387665198237887,0.06662322863287874,0.6590909090909091,0.56419624217119,0.03356481481481482,0.9863138686131386,1960.0,1916.0,44.0
"(1, 0)",0.041695511549727594,0.5858230189216105,0.52371239163692,0.5232311376677574,0.046938775510204075,0.013776471932369286,0.5227272727272727,0.523735002608242,0.024572649572649572,0.9795121951219512,1961.0,1917.0,44.0
"(1, 1)",0.026210713265792288,0.5215885367242361,0.5,0.5111026760296071,0.04483430799220273,0.006578949950425761,0.5227272727272727,0.49947807933194155,0.023421588594704685,0.9785276073619632,1960.0,1916.0,44.0
"(2, 0)",0.04278106097826059,0.5260349978659838,0.4813870474247833,0.49047991653625456,0.0414703110273327,-0.005643670794625872,0.5,0.4809598330725091,0.021632251720747297,0.9766949152542372,1961.0,1917.0,44.0
"(2, 1)",0.03677768263462089,0.5657620041753653,0.4785714285714286,0.533450370089201,0.048417132216014895,0.019847002606984895,0.5909090909090909,0.4759916492693111,0.02524271844660194,0.9806451612903225,1960.0,1916.0,44.0
mean,0.036553461580155475,0.545122425464455,0.5085453763351339,0.5173238105850307,0.04620339117416083,0.010349954484593783,0.5265151515151515,0.5081324696549098,0.024166195024574653,0.9789255073540041,1960.5,1916.5,44.0
std,0.006873603944555291,0.0633840224728277,0.02980658871346933,0.05305260345782333,0.00959946956329103,0.031575771906885784,0.0903550033475497,0.02957067015917699,0.005073457214385547,0.004338864980119567,0.5,0.5,0.0
