,PRC-AUC,AUROC,Accuracy,Balanced Accuracy,F1-Score,MCC,Sensitivity,Specificity,Precision,Negative Predictive Value,Test Cases,Negative Test Cases,Positive Test Cases
"(0, 0)",0.12862448438159066,0.6224154692464552,0.9760326364099949,0.5547315881822924,0.17543859649122806,0.1997741485967791,0.11363636363636363,0.9958268127282212,0.38461538461538464,0.9799794661190965,1961.0,1917.0,44.0
"(0, 1)",0.13902879239723048,0.6539488043271968,0.9780612244897959,0.5779796925412792,0.2456140350877193,0.28463018356396624,0.1590909090909091,0.9968684759916493,0.5384615384615384,0.9809964047252183,1960.0,1916.0,44.0
"(1, 0)",0.13896799069470744,0.5769787072603973,0.9765425803161653,0.5438896002276283,0.14814814814814814,0.18251576400193972,0.09090909090909091,0.9968701095461658,0.4,0.9794976934905176,1961.0,1917.0,44.0
"(1, 1)",0.09295489823896615,0.6086069462896185,0.9739795918367347,0.5647893338394383,0.19047619047619047,0.1959151552599326,0.13636363636363635,0.9932150313152401,0.3157894736842105,0.9804224626481195,1960.0,1916.0,44.0
"(2, 0)",0.06820903319850596,0.5623606961635131,0.9734829168791433,0.5312218428415612,0.10344827586206896,0.10984465523099539,0.06818181818181818,0.9942618675013041,0.21428571428571427,0.9789419619928095,1961.0,1917.0,44.0
"(2, 1)",0.12126673113398147,0.669256500284684,0.9755102040816327,0.5655722148415259,0.19999999999999998,0.215906549990263,0.13636363636363635,0.9947807933194155,0.375,0.9804526748971193,1960.0,1916.0,44.0
mean,0.11484198834083036,0.6155945205953107,0.9756015256689111,0.5563640454122875,0.17718754101089249,0.19809774277397937,0.11742424242424242,0.9953038484003326,0.3713586851744746,0.9800484439788134,1960.5,1916.5,44.0
std,0.025987103261511782,0.0382339983590089,0.0015410532546498582,0.01534828502636694,0.04408893653901067,0.05138741167445651,0.030538855107191475,0.001347664200959567,0.0972047179880424,0.0006750689604118049,0.5,0.5,0.0
