,PRC-AUC,AUROC,Accuracy,Balanced Accuracy,F1-Score,MCC,Sensitivity,Specificity,Precision,Negative Predictive Value,Test Cases,Negative Test Cases,Positive Test Cases
"(0, 0)",0.08142251141024846,0.4668990373215725,0.45130035696073434,0.46398847631242,0.03756708407871199,-0.021431123401493436,0.4772727272727273,0.4507042253521127,0.019553072625698324,0.9740698985343855,1961.0,1917.0,44.0
"(0, 1)",0.03327223505860058,0.4869282596318087,0.5102040816326531,0.5052192066805845,0.04382470119521912,0.003093306577284521,0.5,0.5104384133611691,0.022916666666666665,0.978,1960.0,1916.0,44.0
"(1, 0)",0.0379014597431568,0.5471024802010718,0.5277919428862825,0.5364205434627969,0.049281314168377825,0.02160443959218455,0.5454545454545454,0.5273865414710485,0.025806451612903226,0.9806013579049466,1961.0,1917.0,44.0
"(1, 1)",0.02414448307495239,0.513842759536914,0.5265306122448979,0.5135699373695198,0.04526748971193416,0.00805226562428776,0.5,0.5271398747390397,0.023706896551724137,0.9786821705426356,1960.0,1916.0,44.0
"(2, 0)",0.029602760636948368,0.5271849954948546,0.5114737378888322,0.4947657324417888,0.041999999999999996,-0.003101782432039675,0.4772727272727273,0.5122587376108503,0.021966527196652718,0.9771144278606965,1961.0,1917.0,44.0
"(2, 1)",0.060523075129017764,0.6154512241412033,0.5428571428571428,0.5441260201176694,0.050847457627118654,0.026234612727844876,0.5454545454545454,0.5427974947807933,0.02666666666666667,0.9811320754716981,1960.0,1916.0,44.0
mean,0.04447775417548739,0.5262347927212375,0.5116929790784238,0.5096816527307966,0.04479800779689363,0.005741953114678099,0.5075757575757576,0.5117875478858356,0.02343604688671862,0.9782666550523937,1960.5,1916.5,44.0
std,0.020107569325987163,0.04763617812856999,0.029154961802552268,0.026604404252276927,0.004434311741560597,0.015814066488500516,0.028345889293741953,0.02936509782771788,0.002367692805023567,0.002339715880237532,0.5,0.5,0.0
