,PRC-AUC,AUROC,Accuracy,Balanced Accuracy,F1-Score,MCC,Sensitivity,Specificity,Precision,Negative Predictive Value,Test Cases,Negative Test Cases,Positive Test Cases
"(0, 0)",0.03660002191885456,0.5365153886280646,0.5456399796022438,0.5122409541423626,0.045016077170418015,0.007283403795914716,0.4772727272727273,0.5472091810119979,0.023622047244094488,0.9785447761194029,1961.0,1917.0,44.0
"(0, 1)",0.021218218497719196,0.4534541658758778,0.5280612244897959,0.4588394382235718,0.035453597497393116,-0.02444368551501719,0.38636363636363635,0.5313152400835073,0.018579234972677595,0.9741626794258373,1960.0,1916.0,44.0
"(1, 0)",0.04348620569709762,0.5539076208090292,0.5012748597654259,0.5228576848295158,0.04678362573099415,0.013541056205929448,0.5454545454545454,0.5002608242044861,0.024439918533604887,0.9795709908069459,1961.0,1917.0,44.0
"(1, 1)",0.02102340830554226,0.44545929018789143,0.4969387755102041,0.46512620990700326,0.037109375,-0.020664607451842294,0.4318181818181818,0.49843423799582465,0.019387755102040816,0.9744897959183674,1960.0,1916.0,44.0
"(2, 0)",0.026497786105961107,0.4761820078721487,0.5089240183579806,0.46015317494190733,0.036036036036036036,-0.023613504033993284,0.4090909090909091,0.5112154407929056,0.018848167539267015,0.974155069582505,1961.0,1917.0,44.0
"(2, 1)",0.0210625201591279,0.47970440311254503,0.5081632653061224,0.48197001328525335,0.0398406374501992,-0.0106859681760738,0.45454545454545453,0.5093945720250522,0.020833333333333332,0.976,1960.0,1916.0,44.0
mean,0.02831469344738377,0.4908704794142595,0.5148336871719622,0.483531245888269,0.040039891480840084,-0.009763884195847066,0.45075757575757575,0.5163049160189623,0.02095174278750302,0.9761538853088432,1960.5,1916.5,44.0
std,0.008739178234102307,0.04053748885154601,0.01686951774738632,0.025391004021997978,0.0043956978132516505,0.01505940911748249,0.05152072162399788,0.017468128361062006,0.0023025998480738622,0.0021658719651804848,0.5,0.5,0.0
