,PRC-AUC,AUROC,Accuracy,Balanced Accuracy,F1-Score,MCC,Sensitivity,Specificity,Precision,Negative Predictive Value,Test Cases,Negative Test Cases,Positive Test Cases
"(0, 0)",0.016962073564108476,0.3706074832835396,0.47322794492605813,0.43079266846872477,0.031865042174320526,-0.04103743978697805,0.38636363636363635,0.47522170057381324,0.016617790811339198,0.9712153518123667,1961.0,1917.0,44.0
"(0, 1)",0.025604285368506265,0.5253724615676599,0.5142857142857142,0.5406149174416398,0.0499001996007984,0.024072602564451887,0.5681818181818182,0.5130480167014614,0.026096033402922755,0.9810379241516967,1960.0,1916.0,44.0
"(1, 0)",0.024499911885537223,0.48110210082041066,0.47679755226925036,0.5103381230141794,0.044692737430167606,0.006132190430433479,0.5454545454545454,0.47522170057381324,0.02330097087378641,0.9785177228786252,1961.0,1917.0,44.0
"(1, 1)",0.02698469123915953,0.4194937369519833,0.4872448979591837,0.44906528753084074,0.0345821325648415,-0.030186115013076678,0.4090909090909091,0.4890396659707724,0.01805416248746239,0.9730010384215991,1960.0,1916.0,44.0
"(2, 0)",0.024387100993536727,0.47520984492815477,0.4844467108618052,0.4698392374448712,0.038058991436726926,-0.017873960149559574,0.45454545454545453,0.48513302034428796,0.019860973187686197,0.9748427672955975,1961.0,1917.0,44.0
"(2, 1)",0.04370605108540056,0.5866862782311634,0.4897959183673469,0.5502941734674511,0.05123339658444022,0.02981599261015449,0.6136363636363636,0.4869519832985386,0.026732673267326732,0.9821052631578947,1960.0,1916.0,44.0
mean,0.027024019022708134,0.4764119842971519,0.4876331231115598,0.4918240678946179,0.0417220832985492,-0.004846121557429074,0.49621212121212127,0.48743601457711444,0.021777100671753948,0.9767866779529633,1960.5,1916.5,44.0
std,0.008112486096633703,0.06954047968012374,0.013230400569925775,0.045052836141160055,0.007390645560863179,0.026708080735407452,0.08444506367275739,0.012665329002618953,0.0038661641535684198,0.004051882065352714,0.5,0.5,0.0
