,PRC-AUC,AUROC,Accuracy,Balanced Accuracy,F1-Score,MCC,Sensitivity,Specificity,Precision,Negative Predictive Value,Test Cases,Negative Test Cases,Positive Test Cases
"(0, 0)",0.03370055877514602,0.49104898752786075,0.4987251402345742,0.5104507516479347,0.04470359572400388,0.006191158086531098,0.5227272727272727,0.4981742305685968,0.023350253807106598,0.9784836065573771,1961.0,1917.0,44.0
"(0, 1)",0.05190263370129394,0.522276523059404,0.5086734693877552,0.49333364964888976,0.041791044776119404,-0.003950915876095185,0.4772727272727273,0.5093945720250522,0.021852237252861603,0.9769769769769769,1960.0,1916.0,44.0
"(1, 0)",0.03258542601141201,0.5153649167733675,0.4951555328913819,0.5086249822165315,0.0444015444015444,0.005109846734503492,0.5227272727272727,0.4945226917057903,0.023185483870967742,0.978328173374613,1961.0,1917.0,44.0
"(1, 1)",0.022236450601109438,0.44976513569937376,0.46683673469387754,0.4497295501992788,0.03508771929824561,-0.029842092249233922,0.4318181818181818,0.46764091858037576,0.01828681424446583,0.9728555917480999,1960.0,1916.0,44.0
"(2, 0)",0.02158888627387779,0.4493052591644141,0.49668536460989293,0.4760990183525395,0.03894839337877313,-0.014159142169215983,0.45454545454545453,0.49765258215962443,0.02034587995930824,0.9754601226993865,1961.0,1917.0,44.0
"(2, 1)",0.02888474459229942,0.518895900550389,0.47244897959183674,0.5525241981400645,0.051376146788990835,0.03119425206341586,0.6363636363636364,0.46868475991649267,0.02676864244741874,0.9824945295404814,1960.0,1916.0,44.0
mean,0.0318164499925231,0.49110945379580156,0.4897542035682198,0.49846035836753977,0.04271807406127954,-0.0009094822350157727,0.5075757575757576,0.48934495915932197,0.022298218597021458,0.9774331668161559,1960.5,1916.5,44.0
std,0.01010420960554734,0.031061088459654457,0.01494608550838685,0.03180930737547174,0.0050831548860164645,0.018882094248800205,0.06647700293478881,0.01567204376231848,0.002645140120647659,0.0029602099806316255,0.5,0.5,0.0
