,PRC-AUC,AUROC,Accuracy,Balanced Accuracy,F1-Score,MCC,Sensitivity,Specificity,Precision,Negative Predictive Value,Test Cases,Negative Test Cases,Positive Test Cases
"(0, 0)",0.02542325817780068,0.5048015364916772,0.48291687914329423,0.5356736377863138,0.048780487804878044,0.021152248728569505,0.5909090909090909,0.48043818466353677,0.025440313111545987,0.9808306709265175,1961.0,1917.0,44.0
"(0, 1)",0.03476491173993172,0.553698519643196,0.5219387755102041,0.5223239703928639,0.04679552390640896,0.013239752206021157,0.5227272727272727,0.5219206680584552,0.024494142705005325,0.9794319294809011,1960.0,1916.0,44.0
"(1, 0)",0.03297402510082125,0.5315478730971689,0.5165731769505354,0.5306824109641011,0.04819277108433735,0.018184142064113094,0.5454545454545454,0.5159102764736567,0.025210084033613446,0.9801783944499505,1961.0,1917.0,44.0
"(1, 1)",0.036384033439513824,0.5772442588726513,0.5311224489795918,0.5603292844942114,0.05355303810504635,0.03580075891614153,0.5909090909090909,0.5297494780793319,0.028047464940668825,0.9825750242013552,1960.0,1916.0,44.0
"(2, 0)",0.02137832846982335,0.458528951486698,0.5308516063233044,0.5046770522122634,0.043659043659043655,0.0027763621414124678,0.4772727272727273,0.5320813771517997,0.02287581699346405,0.9779482262703739,1961.0,1917.0,44.0
"(2, 1)",0.027491937836193733,0.41659944961093187,0.4801020408163265,0.4232064907952173,0.03044719314938154,-0.045521589121801063,0.36363636363636365,0.482776617954071,0.015888778550148957,0.9706190975865687,1960.0,1916.0,44.0
mean,0.029736082460680758,0.5070700982003872,0.5105841546205429,0.5128154744408285,0.04523800961818265,0.007605279155742783,0.5151515151515152,0.5104794337301418,0.02365943338907443,0.9785972238192778,1960.5,1916.5,44.0
std,0.005376760778882366,0.05514240885940283,0.02118184888069246,0.04336992152726006,0.0072354071739184934,0.025716232432147268,0.07836424570294395,0.02108829498433172,0.003797471567336936,0.0038314425475022822,0.5,0.5,0.0
