,PRC-AUC,AUROC,Accuracy,Balanced Accuracy,F1-Score,MCC,Sensitivity,Specificity,Precision,Negative Predictive Value,Test Cases,Negative Test Cases,Positive Test Cases
"(0, 0)",0.019982364337155254,0.4240290226205719,0.4956654767975523,0.408960496988666,0.027531956735496556,-0.05393396837335003,0.3181818181818182,0.4997391757955138,0.014388489208633094,0.9696356275303644,1961.0,1917.0,44.0
"(0, 1)",0.022623297192173458,0.5029180110077814,0.4923469387755102,0.5182909470487759,0.046021093000958774,0.01084041331127896,0.5454545454545454,0.4911273486430063,0.024024024024024024,0.9791883454734651,1960.0,1916.0,44.0
"(1, 0)",0.027600063279035997,0.533397353819889,0.4951555328913819,0.5086249822165315,0.0444015444015444,0.005109846734503492,0.5227272727272727,0.4945226917057903,0.023185483870967742,0.978328173374613,1961.0,1917.0,44.0
"(1, 1)",0.030602746962884397,0.5003795786676789,0.5454081632653062,0.4899174416397798,0.04090419806243272,-0.006002732126588264,0.4318181818181818,0.5480167014613778,0.021468926553672316,0.9767441860465116,1960.0,1916.0,44.0
"(2, 0)",0.029678949533446783,0.5297102480201072,0.5033146353901071,0.5127981694883104,0.04509803921568627,0.0075817982466367785,0.5227272727272727,0.5028690662493479,0.0235655737704918,0.9786802030456853,1961.0,1917.0,44.0
"(2, 1)",0.031209449819789063,0.5352533687606756,0.488265306122449,0.5384086164357563,0.049289099526066346,0.022770578562635906,0.5909090909090909,0.4859081419624217,0.025717111770524232,0.9810326659641728,1960.0,1916.0,44.0
mean,0.02694947852074749,0.5042812638161174,0.5033593422070511,0.4961667756363033,0.04220765515703084,-0.0022723439408138587,0.4886363636363636,0.5036971876362429,0.02205826819971887,0.9772682002391352,1960.5,1916.5,44.0
std,0.004215517430691221,0.038538195429072296,0.019337814242127875,0.04153241998415313,0.00701108357200999,0.024608712761636287,0.08971757032065918,0.020571798342788727,0.003650724832994838,0.0036401971539622023,0.5,0.5,0.0
