,PRC-AUC,AUROC,Accuracy,Balanced Accuracy,F1-Score,MCC,Sensitivity,Specificity,Precision,Negative Predictive Value,Test Cases,Negative Test Cases,Positive Test Cases
"(0, 0)",0.0236216862173496,0.4800469483568075,0.4696583375828659,0.4622753355147721,0.037037037037037035,-0.02238422343526658,0.45454545454545453,0.4700052164840897,0.019305019305019305,0.9740540540540541,1961.0,1917.0,44.0
"(0, 1)",0.02712106456926821,0.5249691592332512,0.5224489795918368,0.4892769026380718,0.040983606557377046,-0.006361650735993649,0.45454545454545453,0.524008350730689,0.02145922746781116,0.9766536964980544,1960.0,1916.0,44.0
"(1, 0)",0.05205488605772306,0.5728647982169108,0.49056603773584906,0.5284831886944563,0.047664442326024785,0.01687889534082745,0.5681818181818182,0.4887845592070944,0.024875621890547265,0.9801255230125523,1961.0,1917.0,44.0
"(1, 1)",0.024559739110620524,0.43296877965458336,0.44693877551020406,0.43955209717213894,0.0338680926916221,-0.03599910067275394,0.4318181818181818,0.447286012526096,0.017625231910946195,0.971655328798186,1960.0,1916.0,44.0
"(2, 0)",0.026119269857793233,0.5074216341821975,0.4946455889852116,0.5194669701711955,0.04619826756496631,0.011533620309204153,0.5454545454545454,0.4934793948878456,0.024120603015075376,0.979296066252588,1961.0,1917.0,44.0
"(2, 1)",0.03402519007007892,0.5034992408426646,0.5096938775510204,0.5271635984057697,0.04757185332011892,0.016097787506925167,0.5454545454545454,0.5088726513569938,0.024870466321243522,0.9798994974874372,1960.0,1916.0,44.0
mean,0.03125030598047226,0.5036284267477358,0.48899193282616465,0.49436968209940074,0.042220549916191036,-0.003372445281176233,0.5,0.48873936419880143,0.022042694985107136,0.9769473610171454,1960.5,1916.5,44.0
std,0.009889963134039781,0.04245071448025642,0.024915330197743082,0.03398528419299603,0.005358125087404443,0.020191909489810606,0.054101730519264014,0.024970213094138716,0.0028192419148507213,0.003183166890855231,0.5,0.5,0.0
