,PRC-AUC,AUROC,Accuracy,Balanced Accuracy,F1-Score,MCC,Sensitivity,Specificity,Precision,Negative Predictive Value,Test Cases,Negative Test Cases,Positive Test Cases
"(0, 0)",0.020380679600397862,0.43829136434770233,0.47424783273839877,0.4757255655142979,0.03914259086672879,-0.014397956856175762,0.4772727272727273,0.47417840375586856,0.02040816326530612,0.9753218884120172,1961.0,1917.0,44.0
"(0, 1)",0.030345728218176434,0.48198187511861834,0.5051020408163265,0.5137122793698994,0.0452755905511811,0.00812553816281501,0.5227272727272727,0.5046972860125261,0.023662551440329218,0.978744939271255,1960.0,1916.0,44.0
"(1, 0)",0.04378867251770857,0.593908569260682,0.5303416624171341,0.5377246644852278,0.04953560371517028,0.02238422343526658,0.5454545454545454,0.5299947835159102,0.025945945945945945,0.9806949806949807,1961.0,1917.0,44.0
"(1, 1)",0.05197495947974459,0.5066426266843803,0.5403061224489796,0.5095131903587018,0.044538706256627786,0.0056564341488633384,0.4772727272727273,0.5417536534446764,0.02335928809788654,0.9783223374175306,1960.0,1916.0,44.0
"(2, 0)",0.023698349660913567,0.4719376867264191,0.4696583375828659,0.4844809598330725,0.04059040590405904,-0.009210554205467427,0.5,0.46896191966614503,0.021153846153846155,0.9761129207383279,1961.0,1917.0,44.0
"(2, 1)",0.04456667680508569,0.5638048016701461,0.5372448979591836,0.5301527804137407,0.048268625393494226,0.017914230240926858,0.5227272727272727,0.5375782881002088,0.025302530253025302,0.9800190294957184,1960.0,1916.0,44.0
mean,0.035792511047004455,0.509427820634658,0.5094834823271481,0.5085515733291567,0.04455858711454353,0.005078652487704767,0.5075757575757575,0.5095273890825559,0.023305387526056546,0.9782026826716383,1960.5,1916.5,44.0
std,0.01166373976368637,0.0537289427575756,0.02887497533677954,0.0223688034712075,0.0037445303427452855,0.013275114095552373,0.025125945381480278,0.029333533863690253,0.0020047708874685656,0.0019358505970556476,0.5,0.5,0.0
