,PRC-AUC,AUROC,Accuracy,Balanced Accuracy,F1-Score,MCC,Sensitivity,Specificity,Precision,Negative Predictive Value,Test Cases,Negative Test Cases,Positive Test Cases
"(0, 0)",0.02353243089111559,0.49030208185137764,0.5068842427332994,0.5146239389197136,0.045409674234945706,0.008663911954652999,0.5227272727272727,0.5065206051121544,0.023735810113519093,0.9788306451612904,1961.0,1917.0,44.0
"(0, 1)",0.02250124538135488,0.4947807933194155,0.514795918367347,0.4853624976276333,0.040363269424823406,-0.00867843375193985,0.45454545454545453,0.5161795407098121,0.021119324181626188,0.9763079960513327,1960.0,1916.0,44.0
"(1, 0)",0.03088369456753795,0.47037274149950203,0.4589495155532891,0.4345924029022621,0.032816773017319965,-0.038854245066485146,0.4090909090909091,0.460093896713615,0.017094017094017096,0.9713656387665198,1961.0,1917.0,44.0
"(1, 1)",0.045365346251875396,0.4183905864490416,0.4933673469387755,0.4521968115391915,0.03498542274052479,-0.028326344202112434,0.4090909090909091,0.4953027139874739,0.018274111675126905,0.9733333333333334,1960.0,1916.0,44.0
"(2, 0)",0.019074218067332255,0.38656518233983017,0.465068842427333,0.4155166690377958,0.02960222016651249,-0.050131771927041685,0.36363636363636365,0.46739697443922795,0.015429122468659595,0.9696969696969697,1961.0,1917.0,44.0
"(2, 1)",0.06270960527709761,0.5111975706965268,0.5423469387755102,0.5105570316948187,0.04472843450479232,0.006279276255093421,0.4772727272727273,0.5438413361169102,0.02346368715083799,0.9784037558685446,1960.0,1916.0,44.0
mean,0.03401109007271894,0.461934826025949,0.4969021341325924,0.4688082252869025,0.03798429901481978,-0.018507934456305452,0.43939393939393945,0.49822251117986566,0.019852678780631145,0.9746563898129984,1960.5,1916.5,44.0
std,0.01542559279969773,0.044643512388382135,0.028726627350807617,0.03742267120455884,0.005947476923607278,0.022210263236047488,0.05193677727576547,0.028533374123396432,0.003146225776571498,0.003448920894498782,0.5,0.5,0.0
