,PRC-AUC,AUROC,Accuracy,Balanced Accuracy,F1-Score,MCC,Sensitivity,Specificity,Precision,Negative Predictive Value,Test Cases,Negative Test Cases,Positive Test Cases
"(0, 0)",0.14412553074981876,0.718985630957462,0.9775624681285059,0.5333084364774505,0.12000000000000001,0.17863749963927886,0.06818181818181818,0.9984350547730829,0.5,0.9790281329923274,1961.0,1917.0,44.0
"(0, 1)",0.14195631600313932,0.7545015657620041,0.9775510204081632,0.5333080280888214,0.12000000000000001,0.17863440329932323,0.06818181818181818,0.9984342379958246,0.5,0.9790174002047083,1960.0,1916.0,44.0
"(1, 0)",0.18034273173264662,0.763740693318158,0.9770525242223356,0.5219448001138142,0.0816326530612245,0.12889307724714022,0.045454545454545456,0.9984350547730829,0.4,0.9785276073619632,1961.0,1917.0,44.0
"(1, 1)",0.190231020910994,0.7507769500854052,0.9775510204081632,0.5222053520592143,0.08333333333333334,0.1457797927802468,0.045454545454545456,0.9989561586638831,0.5,0.9785276073619632,1960.0,1916.0,44.0
"(2, 0)",0.19637057069120173,0.7019016455636173,0.9785823559408465,0.5449328970455731,0.16,0.24098100147103288,0.09090909090909091,0.9989567031820553,0.6666666666666666,0.979539641943734,1961.0,1917.0,44.0
"(2, 1)",0.19720665494497042,0.7084835832226228,0.9785714285714285,0.5671379768457012,0.22222222222222218,0.279193324784897,0.13636363636363635,0.9979123173277662,0.6,0.9805128205128205,1960.0,1916.0,44.0
mean,0.17503880417212847,0.7330650114848781,0.977811802946574,0.5371395817717625,0.13119803476946335,0.19201984987031984,0.07575757575757576,0.9985215877859491,0.5277777777777778,0.9791922017295861,1960.5,1916.5,44.0
std,0.023293326887232894,0.024110395514494745,0.0005694251639709611,0.015512954557403473,0.04850000786155525,0.052405150627703095,0.031235648678921667,0.00035869988791875965,0.08480187512485413,0.000683812126200869,0.5,0.5,0.0
