,PRC-AUC,AUROC,Accuracy,Balanced Accuracy,F1-Score,MCC,Sensitivity,Specificity,Precision,Negative Predictive Value,Test Cases,Negative Test Cases,Positive Test Cases
"(0, 0)",0.032691017643959715,0.45007587613221417,0.48291687914329423,0.4579539526722625,0.03612167300380228,-0.024918153038923002,0.4318181818181818,0.4840897235263432,0.018849206349206348,0.9737670514165793,1961.0,1917.0,44.0
"(0, 1)",0.050777769729740616,0.46965743025241985,0.5244897959183673,0.4681153919149744,0.03719008264462809,-0.018924277427137974,0.4090909090909091,0.5271398747390397,0.01948051948051948,0.974903474903475,1960.0,1916.0,44.0
"(1, 0)",0.02068190423742381,0.4668753260302556,0.5303416624171341,0.5266218523260777,0.04756980351602895,0.01579814636490391,0.5227272727272727,0.5305164319248826,0.024918743228602384,0.9797687861271677,1961.0,1917.0,44.0
"(1, 1)",0.03073850354233064,0.5582297399886126,0.5015306122448979,0.5340909090909092,0.04868549172346641,0.020200802752928963,0.5681818181818182,0.5,0.0254323499491353,0.9805527123848515,1960.0,1916.0,44.0
"(2, 0)",0.027233491206660007,0.49181960449566087,0.4992350841407445,0.5218143880115711,0.04660194174757282,0.012923187892996532,0.5454545454545454,0.4981742305685968,0.02434077079107505,0.9794871794871794,1961.0,1917.0,44.0
"(2, 1)",0.02463104485396661,0.4738683810969823,0.4897959183673469,0.49478079331941544,0.042145593869731796,-0.003093306577284521,0.5,0.48956158663883087,0.022,0.9770833333333333,1960.0,1916.0,44.0
mean,0.031125621869013565,0.48508772633269087,0.5047183253719643,0.5005628812225351,0.043052431084205055,0.0003310666612473181,0.49621212121212127,0.5049136412329489,0.022503598299756428,0.977593756275431,1960.5,1916.5,44.0
std,0.009619482745419487,0.03492029321450905,0.01725145011658884,0.029316144765891033,0.004965916201675711,0.017381101746503144,0.05781946031240056,0.017740692405988672,0.0025991316286088553,0.0025564638040687956,0.5,0.5,0.0
