,PRC-AUC,AUROC,Accuracy,Balanced Accuracy,F1-Score,MCC,Sensitivity,Specificity,Precision,Negative Predictive Value,Test Cases,Negative Test Cases,Positive Test Cases
"(0, 0)",0.02493191608496248,0.48238251055152465,0.5242223355430903,0.47908071323564283,0.03913491246138002,-0.012411210091598847,0.4318181818181818,0.5263432446531038,0.020496224379719527,0.9758220502901354,1961.0,1917.0,44.0
"(0, 1)",0.03582465751905867,0.45538764471436705,0.48316326530612247,0.4691829569178212,0.03798670465337132,-0.018268765879591243,0.45454545454545453,0.4838204592901879,0.019821605550049554,0.9747634069400631,1960.0,1916.0,44.0
"(1, 0)",0.025119448207027918,0.5255133494570113,0.4987251402345742,0.47714231517048417,0.039100684261974585,-0.013541056205929448,0.45454545454545453,0.4997391757955138,0.020429009193054137,0.9755600814663951,1961.0,1917.0,44.0
"(1, 1)",0.023392255558613524,0.4888142911368381,0.47806122448979593,0.4998813816663503,0.043030869971936385,-7.036199860374714e-05,0.5227272727272727,0.477035490605428,0.0224390243902439,0.9775401069518717,1960.0,1916.0,44.0
"(2, 0)",0.02825524976781377,0.5155901740408783,0.48087710351861296,0.5235275288092189,0.04681647940074906,0.01395159724223554,0.5681818181818182,0.4788732394366197,0.0244140625,0.9797225186766275,1961.0,1917.0,44.0
"(2, 1)",0.02755505417211676,0.5321574302524198,0.5168367346938776,0.5419197191117859,0.05015045135406219,0.024849134376960912,0.5681818181818182,0.5156576200417536,0.026232948583420776,0.9811320754716981,1960.0,1916.0,44.0
mean,0.027513096884932184,0.4999742333588399,0.4969809672976789,0.498455769151884,0.04270335035057893,-0.0009151104260878059,0.5,0.4969115383037677,0.02230547909941465,0.977423373299465,1960.5,1916.5,44.0
std,0.004062182767969686,0.026937703210157014,0.01801668563150312,0.026477330234053832,0.004480403843216333,0.01569635349917467,0.05567022142689043,0.018785855941871737,0.002339983782321912,0.0023153718521295133,0.5,0.5,0.0
