,MAE,MedAE,RMSE,MaxAE,MSE,PearsonCorr,R2Coeff,Test Cases
"(0, 0)",0.4523674317342027,0.3132579327199011,0.6475072690603305,4.167709599269635,0.4192656634859672,0.7944015183999538,0.6280633694412525,966.0
"(0, 1)",0.5417413429141498,0.38780392800545405,0.7495752060856711,3.1648718100887283,0.5618629895783763,0.6968087679787294,0.46667199391670056,958.0
"(1, 0)",0.514514354833972,0.3344051453743264,0.7330011591100833,2.922768326121963,0.5372906992567258,0.7440112665371901,0.5366655620439553,959.0
"(1, 1)",0.46874654525174886,0.2957358011221256,0.695243369190291,4.574339161647565,0.4833633424030673,0.7379239934443341,0.5189179451964985,965.0
"(2, 0)",0.45661422084320963,0.3072733601364962,0.6611922459382353,4.509984980357892,0.4371751860888478,0.7731586671280742,0.5830545826426891,962.0
"(2, 1)",0.5130306069014025,0.3264317410628346,0.7333387303956739,3.1153959018093094,0.5377856934983389,0.7402498536876526,0.5220852668211517,962.0
mean,0.4911690837464476,0.327484651403523,0.7033096632967141,3.742511629882516,0.4961239290518873,0.747759011195989,0.542576453343708,962.0
std,0.03362255754652679,0.029738589688987772,0.03846357452642336,0.6904909704130359,0.053692037769643625,0.030506157559652487,0.0511900561716354,2.886751345948129
