,MAE,MedAE,RMSE,MaxAE,MSE,PearsonCorr,R2Coeff,Test Cases
"(0, 0)",0.4855612807307177,0.3764233052199451,0.6373526650872654,4.227238390782523,0.40621841969383987,0.8049016802992695,0.6396377680070078,966.0
"(0, 1)",0.5393801834826785,0.37967815098897123,0.7122514354422805,2.7800527711421528,0.5073021072895891,0.7284967682694399,0.518461926873595,958.0
"(1, 0)",0.5232797479631651,0.3567282640401488,0.7102659364565839,2.8663236161186556,0.504477700490548,0.7602769342424454,0.564961961668984,959.0
"(1, 1)",0.5189416175372146,0.3834535833428082,0.6886866313010267,4.092515058279966,0.4742892761327563,0.7267352428376692,0.5279491853915901,965.0
"(2, 0)",0.4986063649167596,0.39206959558965343,0.6563775770196747,3.84756288548885,0.43083152361421906,0.7695831687968089,0.5891046995802969,962.0
"(2, 1)",0.5314027008719264,0.3937620158009399,0.7033927307993942,2.692727725956633,0.49476133374142917,0.7543328565872823,0.5603197822833557,962.0
mean,0.516195315917077,0.3803524858304111,0.6847211626843709,3.4177367412947963,0.4696467268270636,0.7573877751721526,0.5667392206341383,962.0
std,0.01859367858661709,0.012252346740288732,0.028348830650078673,0.6495773708801214,0.038325777432610016,0.0264519898185113,0.040195656114175235,2.886751345948129
