,MAE,MedAE,RMSE,MaxAE,MSE,PearsonCorr,R2Coeff,Test Cases
"(0, 0)",0.46003628913626693,0.3448719211317106,0.6180399533436591,3.6827598142438056,0.3819733839290324,0.8176427271132063,0.6611458896956817,966.0
"(0, 1)",0.5346390324957546,0.3723716694097293,0.7155009419715526,2.757152828632754,0.511941597962179,0.7344737499856927,0.514058059105919,958.0
"(1, 0)",0.5242401571273867,0.34463474478944456,0.7163393618906733,2.814496787400099,0.5131420813939369,0.7558086869381946,0.5574902037143752,959.0
"(1, 1)",0.49739257764608924,0.3831125682842089,0.6608918768398293,3.889690138461498,0.43677807287287207,0.7535176166740306,0.5652833503133659,965.0
"(2, 0)",0.4941188008751571,0.37171046608688657,0.6534436544844822,3.766427653162166,0.4269886095860353,0.7717796083198398,0.5927697872713071,962.0
"(2, 1)",0.5289501966073549,0.3841232373783633,0.6986386545034549,2.8090254772632095,0.48809596956639784,0.7573093849099798,0.5662431004001471,962.0
mean,0.5065628423146683,0.3668041011800572,0.6771424071722753,3.2865921165272556,0.4598199525517422,0.7650886289901573,0.5761650650834659,962.0
std,0.025838026299756418,0.016296674993081597,0.03602933472434507,0.49701912526592157,0.048353493546943224,0.025898827320112477,0.04457268425256327,2.886751345948129
