,MAE,MedAE,RMSE,MaxAE,MSE,PearsonCorr,R2Coeff,Test Cases
"(0, 0)",0.4371084853930339,0.283281358720498,0.6574030179405352,4.294444332851178,0.43217872799732365,0.7918902310650094,0.6166080032550292,966.0
"(0, 1)",0.5049467743755084,0.335218874255128,0.720312362046066,3.1714256035217825,0.5188498989163828,0.7251859854682314,0.5075006057023879,958.0
"(1, 0)",0.48791860348416904,0.3040784213218972,0.7091376622904877,2.6311357707476644,0.5028762240788178,0.7651416309728616,0.5663430002281018,959.0
"(1, 1)",0.47020147789939537,0.31774209800466124,0.6900423183840169,4.387417684329755,0.47615840116078884,0.7386634802978125,0.5260888819091205,965.0
"(2, 0)",0.4634402357519636,0.2808364327837999,0.6840805936811757,4.298494349254376,0.46796625865118974,0.760639608630687,0.5536883308312797,962.0
"(2, 1)",0.500141268434258,0.31469770404437036,0.7255653065372051,2.861409874278701,0.5264450140504283,0.7521831774633122,0.5321634036290656,962.0
mean,0.4772928075563881,0.30597581485505915,0.6977568768132478,3.6073879358305767,0.4874124208091552,0.7556173523163191,0.550398704259164,962.0
std,0.02329757510288902,0.0192366848566792,0.023404308769485602,0.7368554459372182,0.0324205556681647,0.02104341582188154,0.03514838545841651,2.886751345948129
