,MAE,MedAE,RMSE,MaxAE,MSE,PearsonCorr,R2Coeff,Test Cases
"(0, 0)",0.4709850349037312,0.2945436573735961,0.6811519238673976,3.2949806010564373,0.4639679433882571,0.7830206238561783,0.5884073307689892,966.0
"(0, 1)",0.5585028564019812,0.38101292151252397,0.7883566484181472,3.1456430183777395,0.6215062051050942,0.6742925923192722,0.4100578409945961,958.0
"(1, 0)",0.5469332919682893,0.33305734760322026,0.7991666036670955,2.793523237225428,0.6386672604168004,0.7031358113246681,0.44924314425038747,959.0
"(1, 1)",0.4965137807459952,0.32061024264011717,0.734032091601704,4.269113550914533,0.5388031115011724,0.7006074884949864,0.46373983031722077,965.0
"(2, 0)",0.4991557856028707,0.32564746995950106,0.7134569818690182,3.253397296203382,0.5090208649776485,0.7352121178781873,0.5145334782369089,962.0
"(2, 1)",0.5219234467605436,0.3308657551510511,0.7400317232293712,2.814831347781814,0.5476469513858325,0.735773824956266,0.5133218495545973,962.0
mean,0.5156690327305685,0.330956232373335,0.7426993287754557,3.2619148419265556,0.553268722795801,0.7220070764715931,0.48988391235378326,962.0
std,0.030242295773571678,0.025726747038028994,0.04082192832643457,0.49132620111991526,0.06072152908691701,0.03458633752070629,0.05711273748894102,2.886751345948129
