,MAE,MedAE,RMSE,MaxAE,MSE,PearsonCorr,R2Coeff,Test Cases
"(0, 0)",0.45553413911491875,0.33418189814634425,0.6216454937987176,3.7956314139747995,0.38644311996025144,0.8127145048999024,0.6571807222524044,966.0
"(0, 1)",0.537759505661294,0.38622118002927874,0.7162602730619049,2.833800890285679,0.5130287787667146,0.7287465513984436,0.5130260922714952,958.0
"(1, 0)",0.5156410278283238,0.3365676874564285,0.706525736798278,2.807666512420414,0.4991786167583496,0.7648259259095198,0.5695316443121727,959.0
"(1, 1)",0.47928784963332133,0.36507468417835964,0.6487475508174165,4.3306365629070145,0.4208733846915964,0.765642145257329,0.5811129745319038,965.0
"(2, 0)",0.4799586536195263,0.37091527065099295,0.647804667940309,4.285133920591685,0.41965088780525395,0.7766246560046499,0.5997679645871576,962.0
"(2, 1)",0.5123786496235063,0.3594207824513283,0.6906418970791514,2.819420841807385,0.47698623000108903,0.7640277278881015,0.5761160075529989,962.0
mean,0.49675997091348173,0.3587302504854554,0.6719376032492964,3.478715023664497,0.4526935029972092,0.7687635852263243,0.5827892342513555,962.0
std,0.02759386337796189,0.0184334632280458,0.03454504793455294,0.6803683937029024,0.04634075867797863,0.02463912763411131,0.04264655562867588,2.886751345948129
