,MAE,MedAE,RMSE,MaxAE,MSE,PearsonCorr,R2Coeff,Test Cases
"(0, 0)",0.5550523501624973,0.46208640829298353,0.709345059518802,3.408631727749355,0.5031704134637328,0.7476030637309999,0.5536302528937804,966.0
"(0, 1)",0.5950168503620206,0.4555050691828008,0.7538205322952608,2.7334424911399857,0.5682453949099103,0.6922211798697712,0.4606137278044643,958.0
"(1, 0)",0.5827610353344891,0.46774565563496656,0.7476893399701878,2.5709054657004318,0.5590393491050551,0.7256085560845076,0.5179105408464573,959.0
"(1, 1)",0.5507350537852899,0.4560694503913638,0.704055042656749,3.7277228575918366,0.49569350309039667,0.715214765212293,0.5066459780878068,965.0
"(2, 0)",0.5760287091844672,0.4806094691806902,0.7273594231912796,3.265353048495646,0.529051730505151,0.7052347925576812,0.4954295175064035,962.0
"(2, 1)",0.5987649529805533,0.48662006193260005,0.7524892406306743,2.6780442454427096,0.5662400572649289,0.7104243118226289,0.4967986892277192,962.0
mean,0.5763931586348862,0.4681060191025675,0.7324597730438257,3.0640166393533277,0.5369067413898625,0.7160511115463137,0.5051714510611053,962.0
std,0.018265587879869788,0.011826062652153949,0.020234185490153923,0.42841071392500496,0.029526200167584168,0.017340171006744263,0.02787804759271008,2.886751345948129
