,MAE,MedAE,RMSE,MaxAE,MSE,PearsonCorr,R2Coeff,Test Cases
"(0, 0)",0.5539976231080694,0.4552729654883381,0.7112828608578801,3.413053010337722,0.5059233081501704,0.7450733432869268,0.5511881202243805,966.0
"(0, 1)",0.5946747795619414,0.4644855202552912,0.7540420537987174,2.7755553649985067,0.5685794188969877,0.6928422754138914,0.4602966676842637,958.0
"(1, 0)",0.5770169316919381,0.46154442061235,0.7393947181527141,2.4666594176701837,0.5467045492321314,0.7325244013139446,0.5285474969194501,959.0
"(1, 1)",0.5543469238559912,0.45947781007184774,0.7045254900993829,3.682276931681215,0.49635616619977563,0.7145919067325401,0.5059864424914216,965.0
"(2, 0)",0.5684590374164328,0.4680795273440702,0.7206011435393233,3.238450310042437,0.5192660080701803,0.7111955646216387,0.5047624171187854,962.0
"(2, 1)",0.5913487477109052,0.4716736165850597,0.7502672222172794,2.724172473990494,0.5629009047336325,0.7139073867855183,0.4997660983840636,962.0
mean,0.5733073405575463,0.4634223100594929,0.7300189147775495,3.0500279181200933,0.5332883925471463,0.7183558130257434,0.5084245404703941,962.0
std,0.016081508640296286,0.005422199953320136,0.018994120515445478,0.426001719618893,0.027724282775402738,0.01658684500146832,0.027821674275954698,2.886751345948129
