,MAE,MedAE,RMSE,MaxAE,MSE,PearsonCorr,R2Coeff,Test Cases
"(0, 0)",0.48825929668233553,0.37845508022242225,0.6376347601071852,4.066312539412215,0.40657808729694767,0.8060496467957652,0.6393187016772998,966.0
"(0, 1)",0.546695151737457,0.4045829469637219,0.7258584022844683,2.8427225262567917,0.526870420166961,0.7196180517417954,0.4998874176375725,958.0
"(1, 0)",0.5263395888673505,0.37137553224084763,0.7109802061655414,2.795988944595865,0.5054928535591957,0.7609592485961907,0.5640865410128068,959.0
"(1, 1)",0.5167017246286542,0.4030228687186388,0.6778219235223123,3.944766066933977,0.45944256000748745,0.7377968396878279,0.5427258307721009,965.0
"(2, 0)",0.5000145129270981,0.4016432467749551,0.6570533937432629,3.961048071886749,0.43171916222953927,0.7688348830548901,0.588258135400298,962.0
"(2, 1)",0.5396752869074205,0.3993399134123158,0.7071602058972324,2.700059442166115,0.5000755568046161,0.7498549735622764,0.5555971845497221,962.0
mean,0.5196142602917192,0.3930699313888169,0.6860848152866671,3.3851495985419517,0.4716964400107912,0.757185607239791,0.5649789685082999,962.0
std,0.02064306267051672,0.013093673595874695,0.03136983015336715,0.6082075471663375,0.042779434504414675,0.027014268085660893,0.04260133403577576,2.886751345948129
