,MAE,MedAE,RMSE,MaxAE,MSE,PearsonCorr,R2Coeff,Test Cases
"(0, 0)",0.4238963068438112,0.2565119084399923,0.6510117805792688,3.953042755855329,0.42381633845299005,0.7951689197379611,0.6240263998980522,966.0
"(0, 1)",0.5113656913975831,0.315818077539743,0.7538565888332616,3.2141969429382864,0.5682997565273212,0.7175709513590922,0.4605621270164447,958.0
"(1, 0)",0.49343464528910547,0.2786778369567884,0.7478112594630896,3.0639585942721395,0.5592216797797723,0.7431778116601708,0.5177533073771099,959.0
"(1, 1)",0.4801682247661988,0.3118588668976159,0.7160928323151667,4.104605088962323,0.5127889444931575,0.7193084067778152,0.48963122054139163,965.0
"(2, 0)",0.46713689203683156,0.29626343412680367,0.6925662569974408,3.5743563277852606,0.47964802033144527,0.7462876086683906,0.5425471289647745,962.0
"(2, 1)",0.5150488531152515,0.31754269284767445,0.7461840138948836,2.7174362853352196,0.5567905825922799,0.7330520667978789,0.5051961665527147,962.0
mean,0.48184176890813024,0.2961121361347696,0.7179204553471852,3.4379326658580935,0.5167608870294943,0.7424276275002182,0.5232860583917479,962.0
std,0.030782781851572818,0.022240009479115204,0.03675740501701166,0.48946080101029366,0.05179025138172671,0.025940187585670845,0.051549976470850335,2.886751345948129
