,MAE,MedAE,RMSE,MaxAE,MSE,PearsonCorr,R2Coeff,Test Cases
"(0, 0)",0.41143360205225427,0.24669994011590574,0.6389891329355006,4.435390244258649,0.4083071120096629,0.8017385782085504,0.6377848588616177,966.0
"(0, 1)",0.5069617413777167,0.322807579211171,0.7392448495428917,3.241059206617791,0.5464829475756926,0.7191002578151419,0.48127093936588194,958.0
"(1, 0)",0.4825485747636465,0.30234939714405096,0.7175421380534717,2.849614688823226,0.5148667198823474,0.7627976224806091,0.5560029559250304,959.0
"(1, 1)",0.46980790100363035,0.3198954674873635,0.6938245874077842,4.4502059323918886,0.481392558091582,0.7310832897191594,0.5208794281700113,965.0
"(2, 0)",0.4489070464693032,0.26981526058520033,0.6740582523530928,4.3919558627736635,0.45435452756530575,0.7582630238583394,0.5666701950338969,962.0
"(2, 1)",0.5153946794748999,0.3367906605099418,0.7399449918335335,2.760449814945024,0.5475185909395279,0.7378012181726026,0.5134359198044907,962.0
mean,0.4725089241902418,0.29972638417560554,0.7006006586877124,3.6881126249683738,0.492153742677353,0.7517973317090672,0.5460073828601547,962.0
std,0.035169869525378566,0.03169293650848214,0.036227885995412205,0.7525622000644552,0.050179095070546895,0.026928922013515086,0.04972103816596032,2.886751345948129
