,MAE,MedAE,RMSE,MaxAE,MSE,PearsonCorr,R2Coeff,Test Cases
"(0, 0)",0.4369194774514279,0.3078655824682246,0.6102095422753695,3.8572033468739675,0.37235568548391595,0.8197617610912277,0.669677889010065,966.0
"(0, 1)",0.523496574874791,0.35977339158066307,0.7148064780957392,2.7722557242818047,0.5109483011276345,0.7323719215776943,0.5150009099966921,958.0
"(1, 0)",0.5151037288576756,0.3434053529797412,0.7082486212045477,2.662951461964032,0.5016161094381429,0.7660206178222445,0.5674296643181465,959.0
"(1, 1)",0.4614589440974544,0.3422558802866361,0.6389919345491624,4.339806131604577,0.40831069241888096,0.7705866423856805,0.5936163757670398,965.0
"(2, 0)",0.4621101781114756,0.32831066760622374,0.6420737528617849,4.000664885614876,0.41225870411401644,0.7803579410884752,0.6068180836524666,962.0
"(2, 1)",0.5118131800217783,0.3512635861477367,0.6954011637353765,2.7067950793706483,0.4835827785245159,0.7611598036258144,0.5702538439335707,962.0
mean,0.48515034723576717,0.3388124101782042,0.66828858212033,3.389946104951651,0.44817871185118446,0.7717097812651894,0.5871327944463302,962.0
std,0.032906163741256274,0.016809421349864347,0.03961165054353776,0.6916524621602306,0.05272232606242324,0.026064601436106973,0.046760669256551604,2.886751345948129
