,MAE,MedAE,RMSE,MaxAE,MSE,PearsonCorr,R2Coeff,Test Cases
"(0, 0)",0.5521344576505786,0.45869945330415196,0.7081043538622328,3.6306511216064896,0.5014117759586502,0.7477028994666692,0.5551903656456241,966.0
"(0, 1)",0.5875492003503802,0.45380681416492286,0.7498102873477617,2.804936465733889,0.5622154670125329,0.6970709927869662,0.46633741753307156,958.0
"(1, 0)",0.5737234140687852,0.45222665760054315,0.7377543287991228,2.505226871298997,0.5442814496618443,0.7341023474394334,0.5306370649671822,959.0
"(1, 1)",0.553200830268352,0.44679585379379994,0.7078596439754993,3.7037755800001104,0.5010652755691206,0.7097215844989232,0.5012995582928061,965.0
"(2, 0)",0.5639021130803056,0.4537020103457684,0.7214140367715379,3.48843158679069,0.5204382124510059,0.7100642402556764,0.5036444551201555,962.0
"(2, 1)",0.5828867321041143,0.4695373053780991,0.7387342336814137,2.6622506419564367,0.5457282680128654,0.723798638701191,0.5150269284797754,962.0
mean,0.5688994579204194,0.45579468243121424,0.7272794807395947,3.132545377897769,0.52919007477767,0.7204101171914766,0.5120226316731026,962.0
std,0.013657799263742592,0.007063261687819117,0.015957182483615245,0.48701497514524084,0.023206217822064976,0.016881211647695047,0.027359620850737846,2.886751345948129
