,MAE,MedAE,RMSE,MaxAE,MSE,PearsonCorr,R2Coeff,Test Cases
"(0, 0)",1.3549139401624242,1.2511643279156535,1.622026487811729,4.141281923976926,2.630969927162853,-0.13558837095545925,-1.3339714530262188,966.0
"(0, 1)",1.2608718066793514,1.1633639180324118,1.531432542333458,4.406095823970823,2.3452856317179185,-0.015001649251806123,-1.226177080285245,958.0
"(1, 0)",1.3085563439235253,1.198893060974381,1.579294777174554,4.179108700481443,2.494171993210824,-0.1593378836375558,-1.1508575901997213,959.0
"(1, 1)",1.3385191214717178,1.286823672171167,1.5812463557783152,3.6542136284981055,2.5003400376622023,0.03746372229689622,-1.4885394019452716,965.0
"(2, 0)",1.3385760883553515,1.2643097581216036,1.572658801507,4.276056370464353,2.473255705957434,0.02050834581327559,-1.3588087004146616,962.0
"(2, 1)",1.2883593075289346,1.1596079927130585,1.5554018403136678,5.278873285976438,2.4192748848511445,-0.07217174751552552,-1.1499402551204065,962.0
mean,1.3149661013535507,1.2206937883213793,1.5736768008197872,4.322604955561348,2.4772163634270625,-0.054021263875029146,-1.2847157468319208,962.0
std,0.032616982418795855,0.049493144825110656,0.02752616916067475,0.48713495712780475,0.08683410982002607,0.07474503233501224,0.12177108817448772,2.886751345948129
