,MAE,MedAE,RMSE,MaxAE,MSE,PearsonCorr,R2Coeff,Test Cases
"(0, 0)",0.5033469570763645,0.3273227735066444,0.7313468302313162,3.2449057810756434,0.5348681860893936,0.7498930470852947,0.5255107006066178,966.0
"(0, 1)",0.57409272611897,0.39380961419270166,0.8089154860027837,2.947401188505608,0.6543442634951198,0.6632719615361847,0.378887508494245,958.0
"(1, 0)",0.5542466220523324,0.3500323703314545,0.8011732586066791,2.886856271666505,0.6418785903064448,0.7036241142026857,0.44647384314101,959.0
"(1, 1)",0.5266600069660499,0.3621797706264167,0.7486652312213465,3.2070993410477224,0.5604996284397122,0.6995941268087349,0.4421457125279412,965.0
"(2, 0)",0.5311161673107914,0.3378369436871146,0.7714924877116199,3.153153442038018,0.5952006585954641,0.6902236984099356,0.4323415534407826,962.0
"(2, 1)",0.5511355856353823,0.3573651675058225,0.7719208606056892,2.8654064849201806,0.5958618150382279,0.7169916604160158,0.47047468203737475,962.0
mean,0.5400996775266484,0.35475777330835906,0.7722523590632391,3.0508037515422792,0.5971088569940604,0.7039331014098086,0.44930566670799527,962.0
std,0.02269194174470196,0.021008942332697438,0.027113666578358418,0.15520007569989247,0.04183211255120298,0.026277495980180737,0.0438959313134302,2.886751345948129
