,MAE,MedAE,RMSE,MaxAE,MSE,PearsonCorr,R2Coeff,Test Cases
"(0, 0)",1.245916029894534,1.1693482433770361,1.4979292098553332,4.3342309806022925,2.2437919177378225,0.1267500603322165,-0.9905002442115993,966.0
"(0, 1)",1.3020073893464346,1.2249550476515567,1.5615748889824586,4.353662810054807,2.438516133900578,-0.01859014307387763,-1.3146727433872667,958.0
"(1, 0)",1.2490876490795308,1.1561199160909637,1.5060777212943648,5.5031573070340185,2.2682701025792262,-0.04050439179383806,-0.9560503365588258,959.0
"(1, 1)",1.2895465940878383,1.206079668820736,1.5340399274203853,4.257201037136106,2.353278498919941,0.0680541713081293,-1.3421719366572318,965.0
"(2, 0)",1.3197846015934358,1.3084460112724587,1.5673761782688433,5.197952828136472,2.4566680842046447,-0.0019894961608470816,-1.3429886513936813,962.0
"(2, 1)",1.270289045943799,1.124537036740922,1.5442280068787795,5.762600979534177,2.3846401372288075,-0.041569035653641354,-1.1191613475206692,962.0
mean,1.2794385516575955,1.1982476539922786,1.5352043221166942,4.901467657082979,2.35752747909517,0.015358527493023612,-1.1775908766215457,962.0
std,0.02698140998689953,0.05910651488310648,0.02598400372136351,0.6094275409074275,0.07962812425272371,0.061913627768013325,0.16367239276259785,2.886751345948129
