,MAE,MedAE,RMSE,MaxAE,MSE,PearsonCorr,R2Coeff,Test Cases
"(0, 0)",1.2891963229838643,1.165885305280648,1.5548266211183066,4.875070501690391,2.4174858217381705,0.01842951442658483,-1.1445866171936934,966.0
"(0, 1)",1.2917909930587004,1.1911921474224618,1.5317000652372081,3.8841750237617774,2.3461050898476676,-0.036142209221016956,-1.2269549211085669,958.0
"(1, 0)",1.2530948499967576,1.2009856912765786,1.488368210193052,4.158072633562393,2.215239929113269,-0.010891205849587523,-0.9103195884711492,959.0
"(1, 1)",1.3192905160360353,1.2393228268182288,1.5630030473195151,3.745485148159055,2.4429785259300907,0.017106612394060347,-1.4314486143122536,965.0
"(2, 0)",1.342266692408518,1.281477951152796,1.5741697218937118,4.771334577923301,2.4780103133269265,-0.0422333640362198,-1.363343293907441,962.0
"(2, 1)",1.2655143052575433,1.1707847498947328,1.5094586127680856,3.670349321094541,2.2784653036597535,-0.018362117046531224,-1.0248068158383945,962.0
mean,1.2935256132902364,1.2082747786409076,1.5369210464216465,4.18408120103191,2.363047497269313,-0.01201546155545172,-1.1835766418052496,962.0
std,0.030222934633639016,0.0405586048258689,0.030351183428389716,0.4777097872664724,0.09296703666613325,0.023493819484200932,0.18121613979419277,2.886751345948129
