,MAE,MedAE,RMSE,MaxAE,MSE,PearsonCorr,R2Coeff,Test Cases
"(0, 0)",0.44459457203612773,0.294560312945617,0.6532317453259066,4.409817467464215,0.42671171310153005,0.7909727813709186,0.6214578711947252,966.0
"(0, 1)",0.5097394246284517,0.34570329868702904,0.7278889003492236,3.28211488593908,0.529822251251602,0.7266460147928692,0.49708549934811963,958.0
"(1, 0)",0.48374290106881596,0.2912408964952651,0.7145740592557709,2.934565515834487,0.51061608616127,0.7644529777339217,0.5596685041819367,959.0
"(1, 1)",0.4756289798892004,0.31003292533495874,0.7076805534821002,4.5727844340932435,0.5008117657767318,0.7287378529856952,0.5015518716172482,965.0
"(2, 0)",0.45378716702464017,0.2997101761627792,0.6784161651514695,4.5822754008901185,0.460248493138826,0.7603303572707625,0.5610489658009972,962.0
"(2, 1)",0.5115893381835971,0.29753005754890716,0.7485898464852716,3.2141598445278152,0.5603867582608425,0.7337915948709712,0.5020003483004193,962.0
mean,0.4798470638051388,0.30646294452909273,0.7050635450082904,3.8326195914581596,0.49809951128180036,0.750821929837523,0.540468843407241,962.0
std,0.025350711345541666,0.018490222158213266,0.031383256398003365,0.6994085867204864,0.043929814556982576,0.023275595823310267,0.04514395748492818,2.886751345948129
