,MAE,MedAE,RMSE,MaxAE,MSE,PearsonCorr,R2Coeff,Test Cases
"(0, 0)",1.269205391284842,1.2040401497712878,1.4992697421214753,3.9605113155583282,2.247809759640995,0.045083930239531354,-0.9940645298417623,966.0
"(0, 1)",1.2659717498503562,1.1900485116020358,1.5094720502995493,4.761334738460569,2.2785058706355255,0.04020699320857286,-1.1627888210736574,958.0
"(1, 0)",1.2821456371251139,1.1806823964486828,1.5431539318193475,4.379109701839475,2.381324057289511,-0.030462027500505688,-1.0535427938763666,959.0
"(1, 1)",1.3555130240091042,1.312067689210761,1.6144449497147346,4.965581736293821,2.606432495659412,-0.016022013354962485,-1.5941311446676463,965.0
"(2, 0)",1.354901927524806,1.2795291704166418,1.606903553811752,4.4836591097984595,2.582139031252838,-0.07796582178152538,-1.4626535776015333,962.0
"(2, 1)",1.2589568270944609,1.148181469161243,1.533283496870745,4.357545933452634,2.3509582817761796,-0.003485235911963478,-1.0892292478828032,962.0
mean,1.297782426148114,1.2190915644351088,1.5510879541062674,4.4846237559005475,2.407861582709077,-0.007107362516808803,-1.2260683524906282,962.0
std,0.04118244311967485,0.057548260607195076,0.04458409285284378,0.3188171670407648,0.13910113153552398,0.04207440180573753,0.2227715083035353,2.886751345948129
