,MAE,MedAE,RMSE,MaxAE,MSE,PearsonCorr,R2Coeff,Test Cases
"(0, 0)",0.41882761072229063,0.2587517893184307,0.6412115961789607,3.771342645419843,0.4111523110743706,0.8061421123666828,0.6352608416439958,966.0
"(0, 1)",0.5068622325552294,0.3169960222293331,0.7412659110677272,3.1741594301590506,0.5494751509110677,0.7279461091009677,0.4784306991858891,958.0
"(1, 0)",0.5089714456217563,0.2954938027534768,0.7532565783699728,2.8188075663071404,0.567395472857639,0.7366424201069711,0.5107046094805308,959.0
"(1, 1)",0.46037860993043045,0.29503937694170923,0.6872633168431276,3.3793899519574713,0.47233086667821716,0.7391921993112798,0.5298983519126843,965.0
"(2, 0)",0.4629735913751015,0.3050210187404807,0.6887122914643427,4.465616474879987,0.47432462041406565,0.7505861219104517,0.5476241947977393,962.0
"(2, 1)",0.519276488954786,0.32650661377476115,0.7485277013274595,2.8960501864735253,0.5602937196545704,0.7358155729082396,0.5020830290433795,962.0
mean,0.4795483298599324,0.2996347706263653,0.7100395658752651,3.4175610425328364,0.5058286902649883,0.7493874226174322,0.5340002876773697,962.0
std,0.03540080389213475,0.021456172766931802,0.040896273138924515,0.564913310039044,0.05735873814717394,0.026245108704998025,0.0501755513145965,2.886751345948129
