,MAE,MedAE,RMSE,MaxAE,MSE,PearsonCorr,R2Coeff,Test Cases
"(0, 0)",0.42422670078081903,0.28172628692094837,0.6265768750013843,4.231291781200177,0.3925985802865003,0.8095688819054186,0.6517201244198807,966.0
"(0, 1)",0.48987801981167345,0.31239289360244593,0.716784964680014,3.1962664352783743,0.5137806855913288,0.736702431372423,0.5123123720675131,958.0
"(1, 0)",0.48440587847568234,0.28576092223451144,0.7195894193177675,2.7259021714512475,0.5178089323940819,0.7627936053024146,0.5534657290898041,959.0
"(1, 1)",0.4228007983192369,0.2494744508880966,0.652226760824072,4.569980035556561,0.4253997475350613,0.7668688340005,0.5766079743664081,965.0
"(2, 0)",0.4275374421762193,0.25784981756215364,0.6476730712299418,4.428974161876447,0.41948040719642526,0.7832375804866782,0.5999305564058639,962.0
"(2, 1)",0.5006726376027973,0.32272006541499054,0.7228465146783375,2.8952073767964013,0.52250708378262,0.7496598975866356,0.5356629293992176,962.0
mean,0.45825357952773804,0.28498740610385775,0.6809496009552528,3.6746036603598675,0.4652625727976696,0.7681385384423449,0.5716166142914479,962.0
std,0.03376791800408302,0.026406016515402624,0.0396259227848577,0.7546494719947908,0.05378532722239416,0.023467438027156735,0.04542811274427712,2.886751345948129
