,MAE,MedAE,RMSE,MaxAE,MSE,PearsonCorr,R2Coeff,Test Cases
"(0, 0)",1.2865861015626308,1.2167690706153595,1.5387893668190018,4.218013128963499,2.367872715435224,0.05364051760662511,-1.1005741134354685,966.0
"(0, 1)",1.294896488683275,1.2241235523990226,1.545601159439906,4.080932221141843,2.3888829440619817,0.013381377814896744,-1.2675602432526052,958.0
"(1, 0)",1.3126511837749326,1.2062461423166762,1.5817930198577619,4.190303168025999,2.502069157670738,-0.1324985219960546,-1.1576677364790866,959.0
"(1, 1)",1.3190290715575372,1.25866103537092,1.5615871437900708,3.931019625392942,2.4385544076504315,-0.05757545054776421,-1.4270453761558577,965.0
"(2, 0)",1.3568727956205893,1.2966912600670144,1.6025834732609525,4.225095917110923,2.568273788769138,-0.015726374545478712,-1.4494299329435498,962.0
"(2, 1)",1.2703845073546747,1.1491547187102529,1.528559178968476,3.92076735628176,2.3364931636087816,-0.010116485528326674,-1.0763745119295236,962.0
mean,1.3067366914256067,1.2252742965798742,1.5598188903560282,4.094355236152828,2.4336910295327154,-0.024815822866017054,-1.2464419856993487,962.0
std,0.027590550110622343,0.045542984954538034,0.02561364521509572,0.12818076874406875,0.08020700309451394,0.05856886116207285,0.1485198759373918,2.886751345948129
