,MAE,MedAE,RMSE,MaxAE,MSE,PearsonCorr,R2Coeff,Test Cases
"(0, 0)",1.2863517646291507,1.2081630761917945,1.5445943549672283,5.032592138973264,2.385771721396628,-0.046545841216566075,-1.116452580353755,966.0
"(0, 1)",1.2502543290269101,1.1432104010227913,1.5149608011215505,5.407473644939451,2.2951062289348503,0.01975378321949557,-1.178546107380575,958.0
"(1, 0)",1.2066255629589153,1.062495729652433,1.4415738333465669,3.4770491931114478,2.078135116989515,0.10169860207753047,-0.7920867935347995,959.0
"(1, 1)",1.3031383448815483,1.1897421790486504,1.5800839237514794,5.190047512782819,2.4966652060978713,-0.011811295893768942,-1.4848819141613698,965.0
"(2, 0)",1.3137933488966793,1.2338521430983849,1.5644822172637607,4.28922208282092,2.4476046081345326,0.023220501592234603,-1.3343445770431464,962.0
"(2, 1)",1.1804065805142743,1.1057475187260475,1.4383784282905951,4.896629891124753,2.0689325029717227,0.20833629553568986,-0.8386010209582331,962.0
mean,1.2567616551512464,1.157201841290017,1.5140122597901968,4.715502410625443,2.295369230754187,0.04910867421910258,-1.12415216557198,962.0
std,0.04943860919893796,0.05964302851724423,0.056000963912849484,0.6522846506650333,0.1684896689078034,0.08417449345618919,0.2480361712102525,2.886751345948129
