,MAE,MedAE,RMSE,MaxAE,MSE,PearsonCorr,R2Coeff,Test Cases
"(0, 0)",1.296933234460188,1.2222659705602736,1.5501838420064904,4.739065727916746,2.4030699440180037,0.01688007600456387,-1.1317980836867867,966.0
"(0, 1)",1.2546704966633357,1.1376231286432352,1.5136373797603007,3.9201387974891944,2.291098117407629,0.05319058999179643,-1.1747415533013381,958.0
"(1, 0)",1.292261549807767,1.2314336170364284,1.5389909274668552,5.5704558703575415,2.368493074825291,-0.029037114929210864,-1.0424779530802994,959.0
"(1, 1)",1.30983849214678,1.2630812494298027,1.5635428022486022,5.103223492031577,2.4446660944634115,0.09462103180547006,-1.4331282181762854,965.0
"(2, 0)",1.2759429306681531,1.2045466134909861,1.5293763761734473,4.746333290462974,2.3389920999974256,0.01672865665751083,-1.230757985268363,962.0
"(2, 1)",1.2605713601305342,1.1464518361559537,1.5310772921337508,4.484620890346555,2.344197674487619,-0.07872414356579326,-1.0832212899406315,962.0
mean,1.2817030106461262,1.20090040255278,1.5378014366315742,4.760639678100765,2.36508616753323,0.01227651599405618,-1.1826875139089508,962.0
std,0.01977173813394379,0.04516115039801007,0.01590311375472492,0.509323758259348,0.04895371985733585,0.05550304976148882,0.12730307644045633,2.886751345948129
