,MAE,MedAE,RMSE,MaxAE,MSE,PearsonCorr,R2Coeff,Test Cases
"(0, 0)",1.2416188465584979,1.1548411019452012,1.4827560787740754,4.585461935726194,2.198565589141472,0.04721227045212958,-0.9503793143677166,966.0
"(0, 1)",1.2773028001377502,1.1533589962406214,1.5371663386216028,4.655098042217283,2.3628803525913438,-0.06386758414918661,-1.2428782290974452,958.0
"(1, 0)",1.2475947343316591,1.1137270590241672,1.4953066794518615,3.986948277947381,2.2359420656133517,0.07329416902259295,-0.9281721453700953,959.0
"(1, 1)",1.276740574389412,1.1495877120170876,1.548191199117375,4.088585615077419,2.396895989024495,0.06324296638556272,-1.3855835691168825,965.0
"(2, 0)",1.3269024545759533,1.226373389162651,1.5736763674471086,4.473821243968992,2.476457309461527,-0.062168976537694695,-1.3618621534735356,962.0
"(2, 1)",1.2699011904412354,1.201025531256648,1.5148372112014648,5.320151497250083,2.2947317764406314,-0.010728940671382749,-1.0392623640108716,962.0
mean,1.2733434334057512,1.1664856316077294,1.5253223124355815,4.5183444353645585,2.3275788470454697,0.007830650750336864,-1.1513562959060912,962.0
std,0.027619678527441623,0.03687017418678619,0.031155902035426727,0.4349631606308559,0.09516346419965624,0.05670383887781654,0.18722506846374803,2.886751345948129
