,MAE,MedAE,RMSE,MaxAE,MSE,PearsonCorr,R2Coeff,Test Cases
"(0, 0)",0.42906698785207664,0.2699782484097865,0.6436171792237352,4.440272579921491,0.4142430733919176,0.7968642926646204,0.6325189817151661,966.0
"(0, 1)",0.5192149527477661,0.34359241529484486,0.7357016587869808,3.15011679948387,0.5412569307419152,0.7165362382262765,0.48623154575821226,958.0
"(1, 0)",0.493924052106762,0.29586776755440347,0.7427634462523339,2.9055962279621728,0.5516975370886438,0.7504527273375331,0.5242417770820904,959.0
"(1, 1)",0.4526830414311775,0.2882798060584002,0.6858910738776903,4.528993139995343,0.4704465652250913,0.7371012445866324,0.5317737601934038,965.0
"(2, 0)",0.4318984432632859,0.263805594742895,0.6550596947548407,4.551941881908185,0.42910320369230504,0.774743737106593,0.5907530435259274,962.0
"(2, 1)",0.5012944972245179,0.3056373426636865,0.721760478498994,2.8297991734844192,0.5209381883230969,0.7493219774964985,0.5370571618304413,962.0
mean,0.4713469957709309,0.2945268624540028,0.6974655885657626,3.734453300459247,0.48794758307716163,0.754170036236359,0.5504293783508736,962.0
std,0.03509522326804422,0.026198364221947157,0.03859191422793286,0.7793816218775839,0.05353445086793866,0.025790971157557893,0.047781972519231365,2.886751345948129
