,MAE,MedAE,RMSE,MaxAE,MSE,PearsonCorr,R2Coeff,Test Cases
"(0, 0)",0.4506648001305783,0.33893849616370436,0.6138082014420192,3.837212692422502,0.37676050815748635,0.8183631048974298,0.6657703071446797,966.0
"(0, 1)",0.5261045098606346,0.3641432797108517,0.7115757354679855,2.808069090668089,0.5063400273068044,0.7356116642249622,0.5193751463032932,958.0
"(1, 0)",0.5069113669524924,0.3217415789409921,0.7033925911331648,2.730408773106738,0.4947611372610275,0.767755747805976,0.5733410725842525,959.0
"(1, 1)",0.480331966411146,0.357484806699296,0.6556562553417331,4.249135466474046,0.42988512516874394,0.757460919715541,0.5721437659763927,965.0
"(2, 0)",0.4644483831851405,0.3347198822693383,0.6355329234573609,4.228069217193571,0.4039020967982597,0.7860926523219037,0.6147879987707762,962.0
"(2, 1)",0.5040155813234419,0.3339185033460695,0.6872677369833613,2.7098904221991926,0.47233694229823064,0.7685842354289985,0.580247696288579,962.0
mean,0.4887461013105723,0.34182442452170864,0.6678722406376041,3.4271309436773563,0.4473309728317587,0.7723113873991352,0.5876109978446622,962.0
std,0.02604530302142919,0.014537344130775792,0.03574413262991559,0.6914301507987382,0.04748263344869956,0.025536691030776118,0.044722631637646754,2.886751345948129
