,MAE,MedAE,RMSE,MaxAE,MSE,PearsonCorr,R2Coeff,Test Cases
"(0, 0)",1.2560015663465998,1.2119540907395911,1.4958691029254398,4.300621629432179,2.2376243730869603,0.09585937661574369,-0.9850289262000322,966.0
"(0, 1)",1.2013767392553132,1.0888360119347107,1.4464736002632537,3.7293479058418555,2.092285876258539,0.17177790856587255,-0.9860262648347269,958.0
"(1, 0)",1.2695866734817771,1.1465048591437843,1.5368840275942373,4.929212412563352,2.3620125142742845,-0.04505975108693235,-1.0368894199367062,959.0
"(1, 1)",1.276043172946167,1.2386554108471999,1.520298245179643,3.7821080300483985,2.3113067542963015,0.08520878513731309,-1.3003982823978015,965.0
"(2, 0)",1.3002185378645237,1.2214250062150216,1.54793673532382,5.3574477049980445,2.396108136564966,-0.01017835199404112,-1.2852310442667498,962.0
"(2, 1)",1.2695163171971249,1.2137418137235376,1.5251539500719278,4.5348840567741675,2.326094571420004,-0.027836316920260225,-1.0671335810691143,962.0
mean,1.262123834515251,1.1868528654339743,1.512102610226387,4.438936956609666,2.287572037650176,0.044961941719615935,-1.1101179197841884,962.0
std,0.030229645827990353,0.05238811707331686,0.03343252602965128,0.5841389465294131,0.1000002047801111,0.07824809940059063,0.13236772294828988,2.886751345948129
