,MAE,MedAE,RMSE,MaxAE,MSE,PearsonCorr,R2Coeff,Test Cases
"(0, 0)",0.4755905050571247,0.30657683894480026,0.6982192509749239,3.6865004403722357,0.4875101224319838,0.7678269346342536,0.5675227234373718,966.0
"(0, 1)",0.5507003361612268,0.3543458304591185,0.7908260378350658,3.2477948891052786,0.6254058221179088,0.669470826221594,0.4063562713868638,958.0
"(1, 0)",0.5395867214351063,0.35399156446830227,0.7787243755928993,2.6863428211068303,0.6064116531425509,0.7097592885479155,0.4770588754514301,959.0
"(1, 1)",0.48228607465920426,0.3223076053581829,0.7063860109148058,3.814608107341535,0.4989811964161321,0.7240759114767071,0.5033738014000891,965.0
"(2, 0)",0.5326880869754698,0.34728812663315983,0.765220066098771,4.006621490253217,0.5855617495602075,0.6909284957140697,0.44153443327124375,962.0
"(2, 1)",0.5201276883175108,0.3543722245369241,0.739007893540594,2.8752792790714867,0.546132666715306,0.7375172349457525,0.5146675509427541,962.0
mean,0.5168299021009405,0.33981369840008124,0.7463972724928434,3.3861911712084307,0.5583338683973481,0.7165964485900487,0.4850856093149587,962.0
std,0.028347252759150374,0.01866888958115431,0.03499971446444114,0.4879605029556268,0.05202417684897416,0.03174008825087182,0.05190515238867172,2.886751345948129
