,MAE,MedAE,RMSE,MaxAE,MSE,PearsonCorr,R2Coeff,Test Cases
"(0, 0)",0.4608388160746374,0.3449471559563913,0.6211605793273587,3.969842313422236,0.3858404653102998,0.8146234452941614,0.6577153459037426,966.0
"(0, 1)",0.5342247339300502,0.37596070968154316,0.7116033301821366,2.9326321810717237,0.5063792995263069,0.732099224185066,0.5193378685773882,958.0
"(1, 0)",0.5175691132367828,0.34346190077512306,0.7077266351124952,2.827854593540246,0.500876990047655,0.7652302170880722,0.5680670464054371,959.0
"(1, 1)",0.49318860425367816,0.3674465939824716,0.662397470499292,4.239066673457167,0.4387704089238604,0.7519681852110308,0.563300417316206,965.0
"(2, 0)",0.4788409369242271,0.3582463788922128,0.6393187575967517,4.084466707513974,0.40872847381505417,0.7837315459881459,0.6101849566869052,962.0
"(2, 1)",0.5081739913965533,0.3483049255805173,0.6907181288613934,2.7851935853995236,0.47709153353778444,0.7646212868488322,0.5760224273178773,962.0
mean,0.4988060326359882,0.3563946108113765,0.6721541502632379,3.473176009067478,0.4529478618601601,0.7687123174358849,0.582438010367926,962.0
std,0.02437883757194693,0.012056463140225014,0.03400970661538685,0.6309898863804267,0.045451061345338634,0.025765464621520868,0.04287992915938388,2.886751345948129
