,MAE,MedAE,RMSE,MaxAE,MSE,PearsonCorr,R2Coeff,Test Cases
"(0, 0)",1.246020119671385,1.133217417753725,1.5148229215124263,5.3032649371300025,2.294688483539442,0.078819700242744,-1.0356513234434894,966.0
"(0, 1)",1.2364478961774215,1.1604004115493063,1.477283706029747,4.085523686138181,2.182367148100984,0.05436600948661947,-1.0715326355839916,958.0
"(1, 0)",1.2441307891567157,1.135081956249185,1.4850161999868348,3.707024059024839,2.205273114223339,0.00022815686484040285,-0.9017246721965402,959.0
"(1, 1)",1.3164556595368464,1.247183105674772,1.5678718598359642,3.973884544101743,2.4582221688654853,-0.005017404880365261,-1.4466203131622155,965.0
"(2, 0)",1.295917359312709,1.2402154340294227,1.5385107006478975,4.027731022563962,2.3670151760080844,0.03877524822215335,-1.2574843263204034,962.0
"(2, 1)",1.2172727922134199,1.117478868214461,1.46414790173547,3.464881228755865,2.1437290781563796,0.05947907385934024,-0.9050705936973922,962.0
mean,1.259374102678083,1.1722628655784784,1.5079422149580566,4.093718246285765,2.2752158614822857,0.037775130632555366,-1.103013977400672,962.0
std,0.03488679906853779,0.05208897057332148,0.03641617538506625,0.5811989285232131,0.11037757272147522,0.03074885276222628,0.19457396718774156,2.886751345948129
