,MAE,MedAE,RMSE,MaxAE,MSE,PearsonCorr,R2Coeff,Test Cases
"(0, 0)",0.4492331303212675,0.27722001448894606,0.669888128439458,4.25554848743797,0.4487501046241198,0.7841527882205582,0.6019072955103397,966.0
"(0, 1)",0.5165913379468258,0.3485556238016907,0.7403977817666085,3.2887497173676077,0.5481888752449146,0.7199205038436729,0.4796516495759793,958.0
"(1, 0)",0.4962705948898617,0.2988690743208544,0.7325518041191486,2.853458853084243,0.5366321457182194,0.755695818129517,0.5372334678983652,959.0
"(1, 1)",0.4846916120857147,0.3155818980615106,0.7120759355740626,4.39601696564079,0.5070521380236764,0.7196127371290237,0.495340951508219,965.0
"(2, 0)",0.45902069128955036,0.2923534260569238,0.6699143849346584,4.477964888347394,0.4487852831423816,0.7636791289031312,0.5719817292063993,962.0
"(2, 1)",0.507978072360386,0.30679614042245773,0.7375085943667119,2.982390613872207,0.5439189267647632,0.7461509501402438,0.5166348381922694,962.0
mean,0.48563090648226764,0.3065626961920639,0.710389438200108,3.7090215876250348,0.5055545789196791,0.7482019877276911,0.533791655315262,962.0
std,0.024511667441917042,0.022236961020633023,0.030023740829785286,0.6829515247611552,0.042243471868758285,0.02312845932609964,0.04245393871666749,2.886751345948129
