,MAE,MedAE,RMSE,MaxAE,MSE,PearsonCorr,R2Coeff,Test Cases
"(0, 0)",1.2814915475788253,1.1924583377341702,1.5203443595662374,4.091557106700925,2.3114469716648727,0.06453052158666409,-1.0505180205033122,966.0
"(0, 1)",1.2712702299225342,1.1603196151184747,1.5238623421074142,4.205260357585935,2.322156437693094,0.06808178758167968,-1.2042225341407655,958.0
"(1, 0)",1.3168880601388209,1.2146818849418586,1.5767664678737572,4.922713598934202,2.486192494211084,-0.11442487747295971,-1.1439764424535763,959.0
"(1, 1)",1.2974686120284453,1.205371832542279,1.5560332878304766,4.007025799480466,2.4212395928365225,0.01505994663578888,-1.4098122805557547,965.0
"(2, 0)",1.3349382555852551,1.2531914426933692,1.580286990939935,4.003228506771116,2.4973069737339944,-0.01769463211647578,-1.3817470239979044,962.0
"(2, 1)",1.3235566884970902,1.2463324307220187,1.5729518065038206,5.926267704692869,2.4741773855836326,-0.09334830382387403,-1.1987305340468195,962.0
mean,1.3042688989584952,1.2120592572920283,1.5550408758036067,4.526008845694252,2.4187533092872004,-0.012965926268196147,-1.231501139283022,962.0
std,0.022824823060389028,0.03156816312412103,0.024519051106261968,0.7014710880959746,0.07598501759788234,0.07087252284032748,0.12688721086074384,2.886751345948129
