,MAE,MedAE,RMSE,MaxAE,MSE,PearsonCorr,R2Coeff,Test Cases
"(0, 0)",1.2683690974157111,1.186379904208927,1.515879841620601,4.422697386470823,2.2978916942316983,0.06120258854515387,-1.0384929379509633,966.0
"(0, 1)",1.2800338948749868,1.2024260160727733,1.5371734938752202,4.178097567287473,2.3629023502725515,0.041657695065504444,-1.242899109596205,958.0
"(1, 0)",1.229104329611411,1.1064567079897052,1.4881343362112283,5.160426697460203,2.214543802610833,0.009822144185924855,-0.9097192814451784,959.0
"(1, 1)",1.3195140818809097,1.225023925460176,1.578497308956129,4.372756561962156,2.491653754381741,-0.001346754955044515,-1.4798941145546425,965.0
"(2, 0)",1.341953297048125,1.2903002284431775,1.5749676191497644,4.180565914836912,2.4805230013702775,-0.03818154157325596,-1.3657397102601085,962.0
"(2, 1)",1.2390969055479513,1.0990581536850554,1.4967749604225362,4.648849091259031,2.240335282147885,0.03510268330246987,-0.9909217585055989,962.0
mean,1.2796786010631824,1.1849408226433022,1.5319045933725797,4.493898869879433,2.3479749808358314,0.01804280242845876,-1.1712778187187827,962.0
std,0.04040970457330309,0.06652148969480987,0.03526042597334598,0.33811290754388906,0.1082696585127246,0.03244528944553013,0.20686632401185984,2.886751345948129
