,MAE,MedAE,RMSE,MaxAE,MSE,PearsonCorr,R2Coeff,Test Cases
"(0, 0)",1.3246593997465494,1.2053003672048113,1.5984976882343003,5.548569521633176,2.5551948592904026,-0.10535339215203308,-1.266750294988833,966.0
"(0, 1)",1.267586374093682,1.1653650652638974,1.5235021314166606,4.500031401043418,2.3210587444311077,0.015195374808849138,-1.2031805887384794,958.0
"(1, 0)",1.2015611592698918,1.1169934369897996,1.440497950142357,4.269705853191404,2.075034344364332,0.13253481777926487,-0.7894128318535232,959.0
"(1, 1)",1.3160374161519093,1.2696972095688723,1.5697334689950837,4.191299519268064,2.464063163683339,0.07389218022846579,-1.4524337407488002,965.0
"(2, 0)",1.3569749224311305,1.2563661326257454,1.6441704061327682,6.245936712947874,2.703296324402792,-0.14017477239746468,-1.5782044591834152,962.0
"(2, 1)",1.2028496675805338,1.067179374781692,1.4536277090445715,3.6108821140475245,2.113033516502169,0.12913718360556464,-0.8777923277726922,962.0
mean,1.278278156545616,1.180150264405803,1.5383382256609568,4.727737520355244,2.3719468254456904,0.01753856531210778,-1.1946290405476239,962.0
std,0.05980444687796712,0.07237615916485872,0.07390757008581358,0.8921387014002715,0.2271711806460442,0.1071101771100179,0.2838584294727804,2.886751345948129
