,MAE,MedAE,RMSE,MaxAE,MSE,PearsonCorr,R2Coeff,Test Cases
"(0, 0)",0.4448061211291666,0.3264850677229262,0.6118790385394236,3.7972135448115347,0.37439595780392937,0.8193023593498981,0.6678679339428681,966.0
"(0, 1)",0.5210304646965176,0.359267783189074,0.7068228799494739,2.692462708717708,0.49959858362006837,0.7388864087632996,0.5257742165148189,958.0
"(1, 0)",0.5053552081549259,0.31988755744648395,0.7002939626845135,2.6611261095928747,0.4904116341723787,0.7726874379715175,0.5770918811721455,959.0
"(1, 1)",0.4764526991225738,0.3505243073612969,0.6538637498066734,4.324390329951687,0.427537803311244,0.7579871627293875,0.5744800093846683,965.0
"(2, 0)",0.4528013780944638,0.3270745711197399,0.6247616054360992,4.059187246677369,0.3903270636270921,0.7936989295205202,0.6277348632116173,962.0
"(2, 1)",0.5078445394232449,0.3395326389615244,0.6924709634849817,2.7708420658129627,0.47951603526981895,0.7643419211444462,0.5738678421134635,962.0
mean,0.4847150684368155,0.3371286543001742,0.6650153666501942,3.3842036675940226,0.4436311796340886,0.7744840365798448,0.5911361243899301,962.0
std,0.028749696387821533,0.014065262384625014,0.037225552422984226,0.6937446833908094,0.049163546092546216,0.025895052267791333,0.04522587347431681,2.886751345948129
