,MAE,MedAE,RMSE,MaxAE,MSE,PearsonCorr,R2Coeff,Test Cases
"(0, 0)",0.4728236220260545,0.3724977219951744,0.6288133917853258,3.8338667658464534,0.3954062816885656,0.8093636822522313,0.6492293719208171,966.0
"(0, 1)",0.5607327390282763,0.42938157038858293,0.7372810614338305,3.007754424342606,0.5435833635489958,0.7073186844863056,0.48402326403597573,958.0
"(1, 0)",0.5374697052912567,0.365407248448004,0.7323849821792663,2.752443297276353,0.5363877621217241,0.7423548452375556,0.5374442129130927,959.0
"(1, 1)",0.48864400088012067,0.38066997728029195,0.652252554341216,3.8468887359691624,0.42543339464464086,0.7606780281397254,0.5765744860581425,965.0
"(2, 0)",0.49269754437237107,0.38774908316573,0.6556340499386865,4.222576587761126,0.42985600743900404,0.7693337489504912,0.5900350748892267,962.0
"(2, 1)",0.5426285274918683,0.3974720893755569,0.7181300110212665,2.7903412350490293,0.5157107127294043,0.7403860280305511,0.5417026695740688,962.0
mean,0.5158326898483246,0.3888629484422234,0.6874160084499318,3.4089785077074555,0.4743962536953891,0.75490583618281,0.5631681798985539,962.0
std,0.03247160669365061,0.020825593241804028,0.04307534123082795,0.5786433211282034,0.05910061842990358,0.031198368211634794,0.051144397186514264,2.886751345948129
