,MAE,MedAE,RMSE,MaxAE,MSE,PearsonCorr,R2Coeff,Test Cases
"(0, 0)",1.284953755050585,1.2122513875917849,1.517683753776126,4.383714605694297,2.303363976475993,0.022161315576034648,-1.0433474786316546,966.0
"(0, 1)",1.2420597154783652,1.1227352234993264,1.4932057561959677,3.752504191127805,2.229663430336772,0.004195446820915976,-1.1164269111775735,958.0
"(1, 0)",1.2596797653078018,1.2109866875967286,1.493912264206757,4.577995619503049,2.2317738531473594,-0.01520957305192718,-0.9245776733591642,959.0
"(1, 1)",1.357572368268955,1.2623604747925088,1.6183458379884204,4.59748419257739,2.619043251334442,0.02380683168912136,-1.60668238246447,965.0
"(2, 0)",1.312619112436007,1.2701545796251312,1.5673887795896881,4.458072743145017,2.456707586383652,-0.04919383309774462,-1.3430263256557087,962.0
"(2, 1)",1.3093188296530214,1.2383310518390418,1.5719835365515888,4.497583470073728,2.4711322391892403,-0.05928225890325266,-1.1960243997182927,962.0
mean,1.2943672576991225,1.2194699008240868,1.5437533213847578,4.377892470353548,2.385280722811243,-0.01225367849447541,-1.2050141951678106,962.0
std,0.037814196719093855,0.04872704699853719,0.0458955937402619,0.288721608526441,0.14236610875192868,0.03250724443676366,0.22101808906161854,2.886751345948129
