,MAE,MedAE,RMSE,MaxAE,MSE,PearsonCorr,R2Coeff,Test Cases
"(0, 0)",0.5566989101836082,0.4478720568389907,0.7122279612945149,3.537827729613994,0.5072686688497411,0.7443557788805568,0.5499946313006179,966.0
"(0, 1)",0.5955233148307704,0.48950187201402773,0.749762809538565,2.8458656433538136,0.5621442705671624,0.6983269633761471,0.46640499816919456,958.0
"(1, 0)",0.5802051850095151,0.46650677518093664,0.74100957705895,2.5523766591262804,0.549095193293084,0.7310826255040802,0.5264859169891316,959.0
"(1, 1)",0.5570683886007437,0.46250029750745925,0.7079466673688606,3.7737026151468176,0.5011884838386762,0.7120230918871783,0.5011769315185208,965.0
"(2, 0)",0.5739457237198022,0.4600499098686228,0.7285467946108415,3.252457955421564,0.5307804319377317,0.7030930315468404,0.4937808097040648,962.0
"(2, 1)",0.5892530716459531,0.46826727697093407,0.7474277807609562,2.732077844827737,0.5586482874532479,0.7160661361998059,0.5035452774835407,962.0
mean,0.5754490989983988,0.4657830313968286,0.7311535984387815,3.1157180745817015,0.5348542226566072,0.7174912712324347,0.5068980941941784,962.0
std,0.014763831869500442,0.012474819405631362,0.016390184459866886,0.441053988078342,0.023890897844806844,0.015879434703314075,0.026130191263341363,2.886751345948129
