,MAE,MedAE,RMSE,MaxAE,MSE,PearsonCorr,R2Coeff,Test Cases
"(0, 0)",1.2903732305297908,1.1983501820096667,1.5345532525510857,4.6158777091179175,2.354853684915116,0.07765574549413265,-1.089024743271144,966.0
"(0, 1)",1.3743286673230746,1.32915240094904,1.6347083215243345,4.268778387897109,2.672271296460907,-0.08390391388102525,-1.5365563290164417,958.0
"(1, 0)",1.241375765318036,1.1278534886398226,1.4808713952209378,4.116380533901243,2.192980089183607,0.022348593791469442,-0.8911237407911707,959.0
"(1, 1)",1.2817279897504177,1.204485795227079,1.5328161084827379,4.232954283773587,2.3495252224241647,-0.009997178851373018,-1.3384363741715517,965.0
"(2, 0)",1.3650388134701579,1.2955781217602182,1.6002525237095853,3.7258193108711524,2.560808139638897,-0.0732569408640715,-1.4423097479662195,962.0
"(2, 1)",1.2863775435816387,1.2373326653624612,1.5379623608891861,4.660672030178098,2.365328223511839,-0.04062457690001637,-1.1019994032688993,962.0
mean,1.3065370016621858,1.2321254423247148,1.5535273270629777,4.270080375956518,2.4159611093557554,-0.017963045201814007,-1.2332417230809043,962.0
std,0.04751721961414145,0.06613741632073272,0.05013934008654734,0.31447348226266547,0.15658205680290763,0.055902585625621094,0.22429255501184311,2.886751345948129
