,MAE,MedAE,RMSE,MaxAE,MSE,PearsonCorr,R2Coeff,Test Cases
"(0, 0)",1.3263582491037675,1.2324471449839884,1.5759389362973009,4.576134047237424,2.4835835309378678,-0.03544200686328664,-1.2032228504663713,966.0
"(0, 1)",1.3093356298327798,1.183840044296987,1.5612402767203315,4.0179844710502906,2.4374712016537776,-0.03252884259337632,-1.313680879459556,958.0
"(1, 0)",1.247816796415439,1.1276228537667523,1.5085776117880518,4.191765715008262,2.275806410788142,0.02773730715790785,-0.9625492972389049,959.0
"(1, 1)",1.2587940592969664,1.1669219065116294,1.5017756803753608,3.7997346732292456,2.255330194166878,0.17593239687739923,-1.2446859099327856,965.0
"(2, 0)",1.3490557289411051,1.277606552812937,1.6240652650509553,4.715204583015664,2.63758798514503,-0.13907637002656004,-1.5155366962191295,962.0
"(2, 1)",1.2829976375289553,1.186834937405452,1.5397491223842925,4.472375874160911,2.370827359883199,-0.009375411009491082,-1.1068863281599954,962.0
mean,1.2957263501865022,1.1958789066296245,1.551891148769382,4.2955332272836335,2.4101011137624826,-0.002125487742901168,-1.2244269935794572,962.0
std,0.03602982084544719,0.04785528253817447,0.041653044711398586,0.3213905732978123,0.13001961168719908,0.09437412849297465,0.17125365707068946,2.886751345948129
