,MAE,MedAE,RMSE,MaxAE,MSE,PearsonCorr,R2Coeff,Test Cases
"(0, 0)",1.3441629716375623,1.2603503471121726,1.5955366755056029,4.437141976085691,2.5457372828834712,-0.02551872072227748,-1.258360342249086,966.0
"(0, 1)",1.2930750843025192,1.239847066417439,1.5415258270129144,4.371379217830686,2.3763018753478495,-0.0012198673153250188,-1.2556181213898707,958.0
"(1, 0)",1.3477396760126088,1.2905958384927572,1.5970135685837668,4.096669993129758,2.5504523382406576,-0.1369701950595007,-1.199391134644924,959.0
"(1, 1)",1.3224205377161338,1.3040813731102543,1.5497199072725059,3.698901257244138,2.401631790996704,0.08387155613045329,-1.3902970199396245,965.0
"(2, 0)",1.3297733284472164,1.2671403442223568,1.5739874663961742,4.827546287899497,2.4774365443722473,-0.03817168162860093,-1.3627960754378488,962.0
"(2, 1)",1.218722514452517,1.1012308630407455,1.4652321591468198,3.8521785351906104,2.1469052801980517,0.07493813762463021,-0.907893193423676,962.0
mean,1.309315685428093,1.2438743053992876,1.5538359339862973,4.213969544563397,2.416410852006497,-0.007178461828436768,-1.2290593145141717,962.0
std,0.04425657855491248,0.06706207506446303,0.044774348230075596,0.3788155706110229,0.1371598731242067,0.07439935630279268,0.15783689764821243,2.886751345948129
