,MAE,MedAE,RMSE,MaxAE,MSE,PearsonCorr,R2Coeff,Test Cases
"(0, 0)",0.5083816145554236,0.31313625761032654,0.7414380698413626,2.873818526996381,0.5497304114100854,0.7406394699749244,0.512326205691336,966.0
"(0, 1)",0.5529983829463059,0.384522052221262,0.7767549706953439,2.893670411426223,0.6033482844999246,0.6869941702719577,0.427293586666759,958.0
"(1, 0)",0.5503919767920119,0.3452210103251282,0.7951265099951594,2.844844909030593,0.6322261668970823,0.7111794039001239,0.4547976428670756,959.0
"(1, 1)",0.5247404351402081,0.3541378131632227,0.7551215157533361,3.2593631969818655,0.5702085035536157,0.6855403793317472,0.43248265954091436,965.0
"(2, 0)",0.5385632612887317,0.35985094358724556,0.7731094535831169,2.7757337494027685,0.5976982272195855,0.688129337789243,0.4299595568739619,962.0
"(2, 1)",0.5606919170744112,0.3750513429490195,0.793923108611377,2.8700332358662255,0.6303139023871525,0.6946002221387022,0.4398580993876793,962.0
mean,0.5392945979661822,0.3553199033093674,0.7725789380799494,2.9195773382840096,0.5972542493279077,0.7011804972344496,0.44945295850462097,962.0
std,0.01796645882776851,0.022896398837693493,0.019391590011277795,0.15649813607486782,0.029842077661237358,0.01964894657116708,0.029531603688563862,2.886751345948129
