,MAE,MedAE,RMSE,MaxAE,MSE,PearsonCorr,R2Coeff,Test Cases
"(0, 0)",1.2899110844796038,1.222165959397641,1.5409135925034394,3.7075150820884986,2.3744146995618554,0.002148806916674295,-1.106377602118508,966.0
"(0, 1)",1.2305824563884877,1.0934644559774247,1.4922943364483792,4.419859490123777,2.2269423865959084,0.09522324635328443,-1.1138440593797192,958.0
"(1, 0)",1.2611510458010418,1.1370353672819806,1.5390276055686052,5.499117693630247,2.368605970702234,-0.008181116299754619,-1.0425753092187238,959.0
"(1, 1)",1.3402984831679,1.2561086483567934,1.5726476674252,3.7551670882377906,2.473220685857922,0.005224199132114704,-1.4615480429686474,965.0
"(2, 0)",1.3145149640350777,1.251518217668858,1.5593750053371997,4.592480501857786,2.4316504072703915,0.004461702441872275,-1.3191286381024816,962.0
"(2, 1)",1.309964802011932,1.2416117165080247,1.557305011804619,3.659411511150388,2.4251988997917846,-0.04009117170869385,-1.1552047574192432,962.0
mean,1.2910704726473405,1.2003173941984537,1.543593869847907,4.272258561181414,2.383338841630016,0.00979761113924954,-1.1997797348678871,962.0
std,0.03625224883379744,0.06236844094839698,0.02562823829252868,0.6571924821654864,0.07844484974639142,0.04126652531844192,0.1446696619954151,2.886751345948129
