,MAE,MedAE,RMSE,MaxAE,MSE,PearsonCorr,R2Coeff,Test Cases
"(0, 0)",0.42698471597519805,0.2698455995182564,0.6371619033223584,4.316481123698956,0.40597529104537045,0.8018562769234876,0.6398534509454867,966.0
"(0, 1)",0.5104788423773666,0.35590600099675074,0.7312801140189079,3.1690649019608084,0.534770605159507,0.7232993020521856,0.4923884543886752,958.0
"(1, 0)",0.4857409781039168,0.29612785441332146,0.7166312934539001,2.8436904862705834,0.5135604107574099,0.7621917008053501,0.557129455983634,959.0
"(1, 1)",0.44885842529809017,0.27301689584780175,0.6854944643126962,4.567580710185773,0.4699026606033504,0.7375660442850068,0.5323150977961757,965.0
"(2, 0)",0.4313765569697826,0.2741192004806281,0.645917102579744,4.401014338268048,0.4172089034050115,0.778165056552774,0.6020969490248338,962.0
"(2, 1)",0.4967398585140566,0.3137407826094607,0.7127400067224476,2.848255248386062,0.5079983171827147,0.7569200696820706,0.5485564544635272,962.0
mean,0.46669656287306843,0.29712605564436984,0.6882041474016757,3.691014468128371,0.4749026980255606,0.7599997417168125,0.5620566437670554,962.0
std,0.032467702198341594,0.030514799115952777,0.03574562245496986,0.7488111813466013,0.04878262465708935,0.025646410792166587,0.04761007895914845,2.886751345948129
