,MAE,MedAE,RMSE,MaxAE,MSE,PearsonCorr,R2Coeff,Test Cases
"(0, 0)",0.429165815397623,0.2778635896866719,0.6495663948283321,4.3896858794820375,0.4219365012902766,0.7967231654102755,0.62569403061812,966.0
"(0, 1)",0.5281157110561544,0.3527744705295347,0.7546376730232011,3.2210628019699636,0.5694780175458718,0.7060484428189846,0.4594437056017494,958.0
"(1, 0)",0.5040167059625333,0.3175713444603288,0.7497174558251579,2.9387404635731347,0.5620762635689476,0.7412007972050766,0.5152916474649141,959.0
"(1, 1)",0.4815107994152379,0.30172463389971704,0.7131613190342735,4.567135463489301,0.5085990669667048,0.7185749980616444,0.4938013234701323,965.0
"(2, 0)",0.44688967646770034,0.2864891548828712,0.6627655858337026,4.467846761478192,0.439258221765491,0.7670324864554396,0.5810679369976371,962.0
"(2, 1)",0.5072223210711154,0.30042544198407206,0.7410670678205545,3.029936192641829,0.5491803990081543,0.7415338974194348,0.5119591186003796,962.0
mean,0.48282017156172746,0.3061414392405326,0.7118192493942037,3.7690679271057426,0.5084214116909077,0.7451856312284759,0.5312096271254888,962.0
std,0.034804091564735,0.024301276339780513,0.04165054480772426,0.712558691099804,0.05849681675779713,0.030006837801279863,0.05565795300484643,2.886751345948129
