,MAE,MedAE,RMSE,MaxAE,MSE,PearsonCorr,R2Coeff,Test Cases
"(0, 0)",1.3724032864396187,1.3496483631701117,1.619576674372515,4.73457710248024,2.6230286041715356,-0.20385826025259313,-1.3269265906088887,966.0
"(0, 1)",1.3167633046434513,1.2266129763295195,1.5858908996141876,4.272598347393064,2.5150499454790975,-0.021001852468996256,-1.3873196802459415,958.0
"(1, 0)",1.2685653255936014,1.2344812366638467,1.5144931707513705,3.7749909970436377,2.29368956425254,0.07188470446076528,-0.9779708946549237,959.0
"(1, 1)",1.2731666237051755,1.174688933073516,1.536931300516566,4.400433859554319,2.362157822507543,0.11818741492046171,-1.3510093532795846,965.0
"(2, 0)",1.3438184556757953,1.3103518931885694,1.5910373614492517,3.8377974841270728,2.5313998855273967,-0.07540392864238396,-1.4142623263045118,962.0
"(2, 1)",1.2946171656928307,1.2128878276874362,1.5417475433437986,5.294589123455076,2.376985487406638,-0.09503289355047678,-1.112358879601632,962.0
mean,1.3115556936250787,1.2514452050188332,1.5649461583412816,4.385831152342235,2.4503852182241252,-0.03420413592220386,-1.261641287449247,962.0
std,0.03737031072097324,0.05971665124521822,0.03645188221463418,0.5218502805396624,0.11421891538707518,0.10710774146275237,0.16025562442391308,2.886751345948129
