,MAE,MedAE,RMSE,MaxAE,MSE,PearsonCorr,R2Coeff,Test Cases
"(0, 0)",0.5137297489627562,0.31947713287910345,0.7531001641998601,3.9401862723958563,0.5671598573178563,0.7329777614515455,0.4968642922841121,966.0
"(0, 1)",0.5495702979242522,0.3803512834448732,0.7651691900669993,2.9367468074146874,0.5854838894277878,0.6972791321582515,0.4442507139031633,958.0
"(1, 0)",0.553448530039666,0.35369081395650065,0.7994804859063844,2.8532463746182364,0.6391690473451086,0.7108856877359194,0.4488104266084797,959.0
"(1, 1)",0.5466596684328713,0.37846087711966303,0.7750262172372568,3.219960592878777,0.6006656374050917,0.6699999804866206,0.4021692715544605,965.0
"(2, 0)",0.5298260719284876,0.34616358207135,0.7606794822831068,2.7122489947500013,0.5786332747664954,0.6998692140142069,0.44814230102411934,962.0
"(2, 1)",0.553815479790868,0.3480876104201506,0.7938273177000519,2.9245946124378808,0.630161810326859,0.702169475963437,0.43999325924278987,962.0
mean,0.5411749661798169,0.3543718833152734,0.7745471428989433,3.0978306090825733,0.6002122527648664,0.7021968753016634,0.4467050441028541,962.0
std,0.014680053683463605,0.020737183239321513,0.016999299748826725,0.4059827843663445,0.026425528132808122,0.01866012417267567,0.02755889254632978,2.886751345948129
