,MAE,MedAE,RMSE,MaxAE,MSE,PearsonCorr,R2Coeff,Test Cases
"(0, 0)",1.3076847612722216,1.2133965914406475,1.56297980749354,4.255824257259849,2.4429058786325433,-0.06847553072171247,-1.1671371171113218,966.0
"(0, 1)",1.2964974141541725,1.174427118004488,1.53911132900029,4.253695807186155,2.368863683057039,-0.025821895260017984,-1.248557687908928,958.0
"(1, 0)",1.2533345553414068,1.1683519083090785,1.4972777814474005,6.270532927242307,2.2418407548160495,-0.030388565693335753,-0.9332588998033851,959.0
"(1, 1)",1.320855312426783,1.1974632951889321,1.5981103172342823,4.569016060558347,2.553956586050658,-0.09197286881646102,-1.541902901009875,965.0
"(2, 0)",1.32894475192995,1.2614388416601903,1.5746593591626712,4.367195687023191,2.4795520973985945,0.03463309865915671,-1.3648137337304047,962.0
"(2, 1)",1.244863771022933,1.1668578002128884,1.5196209361103046,6.237075020199302,2.309247789464758,-0.012798104815737524,-1.0521623287647084,962.0
mean,1.292030094357911,1.1969892591360376,1.5486265884080812,4.992223293244859,2.3993944649032737,-0.032470644441351344,-1.217972111388104,962.0
std,0.032095216360740524,0.033317229883686864,0.03391392897941184,0.8982577210609208,0.10495210158334281,0.04036361524247876,0.1994023526757885,2.886751345948129
