,MAE,MedAE,RMSE,MaxAE,MSE,PearsonCorr,R2Coeff,Test Cases
"(0, 0)",0.4961899082062534,0.39200071031076134,0.6432501618333704,4.015675565190728,0.4137707706986572,0.8026816397949028,0.6329379682614874,966.0
"(0, 1)",0.5479363228285753,0.3959474300891424,0.7220405491829888,2.8285125269939253,0.521342554664472,0.7201251892729954,0.5051345428994649,958.0
"(1, 0)",0.5306855649030526,0.3778981290563206,0.7124179224494033,2.8041137592927305,0.507539296227124,0.7579813288851834,0.5623217843090977,959.0
"(1, 1)",0.5194724754412273,0.4055011677654141,0.6773204025447277,4.000682620406851,0.458762927703352,0.7382622553568565,0.5434022554752215,965.0
"(2, 0)",0.5083560325205064,0.40811303211313643,0.6596904963431043,3.8884298634940038,0.43519155096541123,0.7678858911375825,0.5849464273784921,962.0
"(2, 1)",0.5340641357960705,0.3956746481266391,0.7020247969428154,2.648222350164647,0.49283881552260117,0.7537362786943377,0.5620282691261458,962.0
mean,0.5227840732826142,0.3958558529102357,0.6861240548827349,3.364272780923814,0.47157431929693633,0.7567787638569764,0.5651285412416516,962.0
std,0.017071875965861173,0.009837460145591411,0.02842711044425668,0.6079513572847344,0.038840750579560726,0.025584796237969994,0.03890087382404736,2.886751345948129
