,MAE,MedAE,RMSE,MaxAE,MSE,PearsonCorr,R2Coeff,Test Cases
"(0, 0)",0.4580414558507105,0.34110620060628555,0.6205870527356177,3.664266379340299,0.38512829002308024,0.8136705832084064,0.6583471268955206,966.0
"(0, 1)",0.5252951916874696,0.36143671659824267,0.7033612166763,2.8352251404707163,0.4947170011243651,0.7387778142935494,0.5304078811399231,958.0
"(1, 0)",0.5118625073965462,0.3294425774272312,0.7040904516995694,2.7091980907224102,0.49574336417450365,0.7678045734024065,0.5724940459085063,959.0
"(1, 1)",0.4761496044361155,0.3627832734939882,0.646782061717276,4.303715896400081,0.4183270353592503,0.7662441455053125,0.5836473060824976,965.0
"(2, 0)",0.46286812073866584,0.35234803125623293,0.6325995265509808,4.030602425086632,0.4001821609925251,0.7875359113097913,0.6183357989122719,962.0
"(2, 1)",0.5146924002542244,0.35615665599438984,0.6924088983979844,2.6916486651332114,0.4794300825807102,0.7629332659350384,0.5739442258049191,962.0
mean,0.49148488006062196,0.3505455758960618,0.6666382012962881,3.372442766192225,0.44558798904240576,0.772827715609084,0.5895293974572732,962.0
std,0.02667560082777661,0.011814888938150327,0.034372919789501494,0.6554364558312272,0.04570691559630049,0.023131299579414493,0.04005983466068743,2.886751345948129
