,MAE,MedAE,RMSE,MaxAE,MSE,PearsonCorr,R2Coeff,Test Cases
"(0, 0)",0.5057412579039823,0.31786521143140595,0.7424099208260042,3.329910705817945,0.5511724905408739,0.7386422469551505,0.5110469164491762,966.0
"(0, 1)",0.5537214704834311,0.3716130811063344,0.7707937822964019,2.8924689009968407,0.5941230548267931,0.6888596835602365,0.4360503003825418,958.0
"(1, 0)",0.5602437911193344,0.3638047787819192,0.8076873129886563,2.8598643975369376,0.6523587955628355,0.701083416068956,0.4374362029606548,959.0
"(1, 1)",0.5459302692335358,0.3826907488975808,0.769117945640181,3.1592265592941824,0.5915424143057724,0.6739273332159397,0.4112494365773831,965.0
"(2, 0)",0.5295033048400892,0.3508467348157026,0.7563407997251128,2.893387059701688,0.5720514053288231,0.703133562400392,0.45441960217708066,962.0
"(2, 1)",0.5518118607423117,0.3436497543632755,0.7863927333836506,3.046657441268538,0.6184135311186093,0.7016605883156385,0.4504336182761388,962.0
mean,0.5411586590537807,0.3550783848993697,0.7721237491433345,3.0302525107693548,0.5966102819472846,0.7012178050860521,0.45010601280382917,962.0
std,0.01847775713731243,0.02099733916610079,0.020861398709714627,0.17002305958611896,0.0323596439375864,0.019587266762012816,0.030551674162833622,2.886751345948129
