,MAE,MedAE,RMSE,MaxAE,MSE,PearsonCorr,R2Coeff,Test Cases
"(0, 0)",1.2564795007159435,1.1749349323865301,1.4980114064450523,4.183415970531492,2.2440381738394835,0.06216557209874732,-0.9907187015590115,966.0
"(0, 1)",1.29087773540216,1.236926408108109,1.535782790637525,5.292478939160448,2.358628780018384,-5.068087294115252e-05,-1.238842578476007,958.0
"(1, 0)",1.2623950124791863,1.1650331573336454,1.5182545128393488,4.98562272521594,2.3050967657570482,-0.04332846471993127,-0.9878079331613678,959.0
"(1, 1)",1.36885411507762,1.2719690277307025,1.6401771779341336,4.335268025799767,2.6901811750159785,-0.11662082860247028,-1.67748456272296,965.0
"(2, 0)",1.3147320810178604,1.226471208357125,1.5646738598988887,3.802710494724302,2.448204287850887,-0.031886583197331377,-1.3349165072843228,962.0
"(2, 1)",1.275417997623548,1.1412921488671453,1.5306363799796117,4.171576580730466,2.34284772771709,0.04843168167258279,-1.0820216309343715,962.0
mean,1.294792740386053,1.202771147130543,1.54792268795576,4.46184545602707,2.398166151699812,-0.013548217270223992,-1.2186319856896735,962.0
std,0.03827725511475381,0.0456349635455092,0.04584216194320247,0.5126002913959172,0.14423202653034417,0.06000470991549479,0.2409574107626155,2.886751345948129
