,MAE,MedAE,RMSE,MaxAE,MSE,PearsonCorr,R2Coeff,Test Cases
"(0, 0)",0.46435003968841365,0.36116441911080566,0.6193814651253282,3.7442740827586536,0.38363339934079815,0.8168512924219031,0.6596732660284006,966.0
"(0, 1)",0.5411803263467063,0.3778130928335506,0.7237100106063559,3.0243413945276227,0.5237561794518517,0.7278470699617379,0.5028434973613838,958.0
"(1, 0)",0.5231822505691134,0.34587757292270327,0.7167410103963073,2.7887479832013016,0.5137176759839195,0.7555373154526871,0.5569938377876822,959.0
"(1, 1)",0.4955162878183925,0.376590871025297,0.6632435625157761,4.114623875832874,0.43989202321861814,0.7510491079760048,0.5621840966061238,965.0
"(2, 0)",0.48439711238574484,0.3631761574092347,0.6504617154400233,3.860743211768195,0.42310044325317786,0.7741352311039071,0.5964780332696937,962.0
"(2, 1)",0.5255851505502996,0.3652052546078625,0.6994877409463167,2.772392224538475,0.48928309973418144,0.7563377901954749,0.5651881318425156,962.0
mean,0.5057018612264451,0.36497122798490894,0.6788375841716846,3.384187128771187,0.4622304701637578,0.7636263011852858,0.5738934771493,962.0
std,0.026543178868045424,0.010663536791696288,0.03755002636096103,0.5398511970143378,0.050622548982869546,0.027386829434282698,0.04728428989162185,2.886751345948129
