,MAE,MedAE,RMSE,MaxAE,MSE,PearsonCorr,R2Coeff,Test Cases
"(0, 0)",1.2741287083966968,1.1759191922449395,1.5324008111362735,5.28644903632739,2.348252245971109,0.001386514854742408,-1.0831685113601912,966.0
"(0, 1)",1.2886332830446197,1.2289922646255869,1.539691376112415,4.448980889049558,2.3706495336749422,-0.005587824687302333,-1.25025284165081,958.0
"(1, 0)",1.2860896543952103,1.1920177409688266,1.5370812448138131,4.030044398036985,2.3626187531583813,-0.02884754812211675,-1.037412212073288,959.0
"(1, 1)",1.303159658683657,1.2095629784736917,1.5801855547226287,5.057869602566245,2.496986387354062,0.00808553044626431,-1.4852015795665379,965.0
"(2, 0)",1.3736042090201939,1.3173692655964415,1.6456050897122316,5.743235668865232,2.7080161112868018,-0.09467033690915796,-1.5827058434678172,962.0
"(2, 1)",1.210458438677802,1.1172153699475775,1.4470630746446065,3.951216420856504,2.093991541999902,0.13571545014574904,-0.8608702707647222,962.0
mean,1.28934565870303,1.2068461353095106,1.5470045251903282,4.7529660026169855,2.396752428907533,0.0026802976213631167,-1.216601876480561,962.0
std,0.04788212610164012,0.06044725771873773,0.05940898878268014,0.660306665106262,0.1838454141118731,0.06864006989380185,0.25290600251920875,2.886751345948129
