,MAE,MedAE,RMSE,MaxAE,MSE,PearsonCorr,R2Coeff,Test Cases
"(0, 0)",1.2775843154683,1.188893176525181,1.5240757426497529,3.954198918071775,2.3228068693333954,0.017145736018192206,-1.0605955499322488,966.0
"(0, 1)",1.2617590021278036,1.146954491649468,1.5102767329678815,3.7198253485832495,2.2809358101441375,0.024248408327822157,-1.165095352767449,958.0
"(1, 0)",1.3255842706635237,1.2353119465980813,1.5720240836435795,4.816905905132773,2.471259719555436,-0.11992579884307998,-1.1310991141064255,959.0
"(1, 1)",1.290725066973365,1.2430082175407693,1.5366557408031596,4.633077702251462,2.361310865743307,0.027330605996594502,-1.3501663938229513,965.0
"(2, 0)",1.320909067373655,1.2352945446949661,1.573757606777878,4.307660660472898,2.476713004891234,-0.06596336669540173,-1.362106016897279,962.0
"(2, 1)",1.2012265563147737,1.125206170902325,1.4414485730620434,3.8076854560051245,2.0777739887826012,0.11518372998304802,-0.8464581960063893,962.0
mean,1.2796313798202368,1.1957780913184652,1.5263730799840491,4.206558998419547,2.331800043075018,-0.0003301142021374705,-1.1525867705887904,962.0
std,0.041652359411020384,0.046127906432861354,0.04455629893770473,0.4131905242938054,0.1344847823769774,0.0748653506510314,0.17594094414224512,2.886751345948129
