,MAE,MedAE,RMSE,MaxAE,MSE,PearsonCorr,R2Coeff,Test Cases
"(0, 0)",0.45416599782376443,0.3368533502927673,0.6150588031330552,3.830233371007501,0.37829733131146626,0.8185152412899415,0.664406969110023,966.0
"(0, 1)",0.536646976305928,0.3690384215252017,0.722693875459646,2.763010592041346,0.5222864376268823,0.7263410444885886,0.5042385963294727,958.0
"(1, 0)",0.5247455598998806,0.35287304585300305,0.722486268852106,2.814403634570021,0.5219864086798376,0.7509163326952738,0.5498632683928053,959.0
"(1, 1)",0.48704417605978034,0.37661221442249004,0.6573785751169311,4.18218250044144,0.43214659102276665,0.7555174898257178,0.5698929733645401,965.0
"(2, 0)",0.47036385840968287,0.33548199714937643,0.6356515340678942,3.7861300846319152,0.4040528727628673,0.7853482662578369,0.6146441997870022,962.0
"(2, 1)",0.5257889288696859,0.3735831157727975,0.7020554494948162,2.6926795364169323,0.49288185416536845,0.7545146879782574,0.5619900219177816,962.0
mean,0.49979258289478695,0.35740702416927267,0.6758874176874081,3.3447732865181927,0.45860858259486476,0.7651921770892693,0.5775060048169375,962.0
std,0.03100286101330217,0.01678050434133183,0.042246670954193315,0.6023132584393309,0.0568224350657691,0.029355396128596205,0.05059967245843894,2.886751345948129
