,MAE,MedAE,RMSE,MaxAE,MSE,PearsonCorr,R2Coeff,Test Cases
"(0, 0)",1.3811352386667783,1.2650605634487269,1.6695017203460392,6.144905409542112,2.7872359942383844,-0.17177538529585407,-1.472597339953126,966.0
"(0, 1)",1.2236121275038387,1.1430663082275674,1.4630662302673643,3.817006903027436,2.140562794148756,0.12822349736053487,-1.0318513731543857,958.0
"(1, 0)",1.2036181279825988,1.1133983296514813,1.463289491741146,4.684245190349607,2.141216136640062,0.06288806943030815,-0.8464849225660911,959.0
"(1, 1)",1.3327401437185067,1.2789488390544062,1.5869691572116005,4.159520468441038,2.5184711059408977,-0.05882901215782659,-1.5065848986102295,965.0
"(2, 0)",1.3328284163403665,1.2455452675984704,1.5852057936376764,4.151794275966672,2.512877408182456,-0.031371749205032974,-1.3965969548634436,962.0
"(2, 1)",1.2761232981168542,1.1939487482919016,1.5259598494654563,4.177084852581504,2.328553462180638,-0.003146947364794773,-1.0693187268176745,962.0
mean,1.2916762253881573,1.2066613427120922,1.5489987071115472,4.5224261833180615,2.4048194835551993,-0.012335254538777563,-1.2205723693274917,962.0
std,0.063260712863241,0.061983652142829256,0.07363755103175516,0.7686101954093549,0.2294814525569821,0.0943795079415414,0.24991301954619638,2.886751345948129
