,MAE,MedAE,RMSE,MaxAE,MSE,PearsonCorr,R2Coeff,Test Cases
"(0, 0)",0.5072401339348812,0.32760071347476294,0.738338007100953,3.2657445771825384,0.5451430127298069,0.7425599511434277,0.5163957533714061,966.0
"(0, 1)",0.5513622058758928,0.382067337793893,0.7759354372308498,3.044268010268782,0.6020758027506301,0.6931308548925393,0.42850144368300036,958.0
"(1, 0)",0.551943506454726,0.3567700385253758,0.796032002574404,2.864635868560497,0.6336669491226159,0.7110160222396071,0.4535551794788053,959.0
"(1, 1)",0.540724609488671,0.3700992616696457,0.7619676615665419,3.383284281028516,0.5805947172731841,0.6777806991223002,0.4221454647238698,965.0
"(2, 0)",0.5337345936460541,0.3694857629602963,0.757847442588168,3.1873965962064337,0.5743327462374267,0.6989031216753787,0.45224382764197524,962.0
"(2, 1)",0.5602583327051622,0.3971488533382995,0.7935228957904511,2.882876725513137,0.6296785861436631,0.6989456031263426,0.4404226867254649,962.0
mean,0.5408772303508979,0.36719532796037885,0.7706072411418946,3.1047010097933168,0.5942486357095544,0.7037227086999326,0.45221072593742023,962.0
std,0.01727483292035816,0.021635192929571462,0.020325245613087028,0.19186438882052465,0.031264419911311354,0.019969761339562242,0.03089372714934934,2.886751345948129
