,MAE,MedAE,RMSE,MaxAE,MSE,PearsonCorr,R2Coeff,Test Cases
"(0, 0)",1.3432075482443129,1.2694423647706665,1.5966694561129064,4.493874630657224,2.5493533520838842,-0.1039798400163063,-1.2615682095070113,966.0
"(0, 1)",1.2538318620575406,1.201215455663319,1.498580448416443,3.9789695355568213,2.2457433603760273,0.05876232172378354,-1.1316901998882796,958.0
"(1, 0)",1.2399034171109793,1.1651633728603732,1.4874101268240407,5.005711397853879,2.212388885378709,0.00872536418147007,-0.9078609813369332,959.0
"(1, 1)",1.3542713995220634,1.2977313871663054,1.6278153672176674,4.7690116594413,2.649782869749989,-0.08703140055794449,-1.637276921797358,965.0
"(2, 0)",1.324852347791468,1.256076339052736,1.5714102296325767,4.621283850399045,2.4693301097939075,-0.0767348673640287,-1.355064756607098,962.0
"(2, 1)",1.2476464395431004,1.1249864844468203,1.5127910068350048,4.360920271602659,2.288536630360867,0.00012869394256094144,-1.03375691523916,962.0
mean,1.2939521690449107,1.2191025673267035,1.54911277250644,4.538295224251821,2.402522534623897,-0.03335495468174415,-1.221202997395973,962.0
std,0.04777455772527406,0.06078770274721772,0.052651236275216486,0.32271642708882436,0.16374956224192314,0.05934131875281821,0.23593700612528315,2.886751345948129
