,MAE,MedAE,RMSE,MaxAE,MSE,PearsonCorr,R2Coeff,Test Cases
"(0, 0)",0.4515770690717613,0.329969007300895,0.6189492986074655,3.7567338700791355,0.38309823424667355,0.8139271482159967,0.6601480187192039,966.0
"(0, 1)",0.53348278137844,0.37565037896082687,0.7091559710351948,2.7992762890160496,0.50290219125487,0.7320806339588943,0.5226383871303769,958.0
"(1, 0)",0.5171644787942172,0.33876213686542345,0.7017898829257584,2.770524624649249,0.49250903977694965,0.7680312986326743,0.5752831764089622,959.0
"(1, 1)",0.496101958659594,0.3924584087969498,0.6673885890451727,4.424178513166643,0.4454075287877064,0.7497532951496911,0.556694622085227,965.0
"(2, 0)",0.4803083543634505,0.366735922965544,0.6426115220584971,4.079341717201106,0.4129495682823383,0.7801394553712485,0.6061591884128368,962.0
"(2, 1)",0.5082626511811755,0.35363158628648583,0.6857043765900256,2.8589503111226824,0.47019049207471564,0.7671972307564288,0.5821551850861701,962.0
mean,0.497816215574773,0.3595345735293542,0.670933273377019,3.4481675542058112,0.451176175737209,0.768521510347489,0.5838464296404628,962.0
std,0.026467306162534645,0.021354233135730788,0.0320112232319728,0.6675362862671638,0.042572854182701354,0.025425793971416383,0.04258252074004366,2.886751345948129
