,MAE,MedAE,RMSE,MaxAE,MSE,PearsonCorr,R2Coeff,Test Cases
"(0, 0)",0.41023535365797786,0.24878296679378298,0.626067424287283,3.8680927856099676,0.3919604197537129,0.8120636022152852,0.6522862458531197,966.0
"(0, 1)",0.5028584423697705,0.3113938333084457,0.7434973879830227,3.155745767248589,0.5527883659375774,0.7208163009677413,0.4752857503343201,958.0
"(1, 0)",0.5045636873288447,0.2937712395087592,0.7567286160741609,2.8018198491628583,0.5726381983855148,0.7422463642170365,0.5061835275240099,959.0
"(1, 1)",0.4244155754584571,0.2591333005104348,0.6638352675093537,4.243425498737103,0.4406772623892153,0.759787887414113,0.5614025634600126,965.0
"(2, 0)",0.438875762498199,0.2772185855372109,0.6510762847312067,3.6890875203740667,0.42390032853939136,0.7756048464572057,0.5957151617364715,962.0
"(2, 1)",0.5089341693457564,0.32284232494993753,0.7309899842290267,2.9307026580158837,0.5343463570431528,0.7455261605214356,0.5251417065594426,962.0
mean,0.46498049844316763,0.2855237084347619,0.695365827469009,3.448145679858078,0.4860518220080941,0.7593408602988029,0.5526691592445627,962.0
std,0.04134709533800927,0.02659973390057458,0.05018155035901659,0.5224717857817716,0.06959188142696662,0.028901020720369437,0.05882128470553951,2.886751345948129
