,MAE,MedAE,RMSE,MaxAE,MSE,PearsonCorr,R2Coeff,Test Cases
"(0, 0)",1.2789043872339234,1.2226733916080526,1.537429017527348,5.774444033031943,2.3636879839351064,0.01246289119674314,-1.0968617776314682,966.0
"(0, 1)",1.2042463868464024,1.1023936010286808,1.460718995472556,4.337956730716323,2.133699983734353,0.21863849769804555,-1.0253370999911224,958.0
"(1, 0)",1.327036960041158,1.2233832530763515,1.6101725652894703,5.661076388088254,2.5926556900108735,-0.0861878334625049,-1.2357853367023304,959.0
"(1, 1)",1.281723436868484,1.1980909069735457,1.54192480993314,3.753832182613401,2.3775321194873498,0.052545512666806966,-1.3663110895375175,965.0
"(2, 0)",1.31968138418017,1.2432647977674365,1.5652579607325494,4.546742281642942,2.4500324836366194,0.0634450520534571,-1.3366601054553726,962.0
"(2, 1)",1.2885865280973594,1.1560766230150863,1.552562955892723,4.53069051238635,2.4104517320103493,0.011989306700834052,-1.1420993720573507,962.0
mean,1.2833631805445829,1.1909804289115253,1.5446777174746311,4.767457021413202,2.388009998802442,0.04548223780889698,-1.2005091302291937,962.0
std,0.039865881261799706,0.048139558860450335,0.044505594477611606,0.7221792948839884,0.1363849998293052,0.09120005869846465,0.1239028532336202,2.886751345948129
