,MAE,MedAE,RMSE,MaxAE,MSE,PearsonCorr,R2Coeff,Test Cases
"(0, 0)",0.45249643207921714,0.30198251269673126,0.6732212272887967,3.413281757086966,0.4532268208722337,0.7836274532074408,0.5979359358157559,966.0
"(0, 1)",0.5370866394026298,0.33502473087695667,0.7903223688355976,3.217910431517083,0.6246094466819104,0.6914108589953044,0.40711220180273533,958.0
"(1, 0)",0.4984743680368328,0.31416510263584696,0.7281171244728264,2.667082715183061,0.5301545469505773,0.7543899088265185,0.5428194469381329,959.0
"(1, 1)",0.4914416079394401,0.32080928621493165,0.7289504605083774,4.0981960399282045,0.5313687738753755,0.710916307047287,0.4711390807513569,965.0
"(2, 0)",0.44630561657712775,0.2845972692854408,0.6677663470688503,3.794664512408979,0.4459118942776762,0.7651135161146644,0.5747221553731785,962.0
"(2, 1)",0.5177820105454447,0.31444597427506615,0.7460714160901636,2.783627438693803,0.5566225579067821,0.7382127181214106,0.5053454852752245,962.0
mean,0.4905977790967821,0.31183747933082895,0.7224081573774354,3.329127149136349,0.5236490067607592,0.7406117937187711,0.5165123843260641,962.0
std,0.0325997381831452,0.015649885195687812,0.04213621856903886,0.510476234890095,0.06107990024582905,0.03148763590039192,0.0643714092508715,2.886751345948129
