,MAE,MedAE,RMSE,MaxAE,MSE,PearsonCorr,R2Coeff,Test Cases
"(0, 0)",0.4199191294176714,0.26498210391347166,0.6340265138521345,4.329312573207623,0.4019896202674909,0.8084201674273653,0.6433891971053691,966.0
"(0, 1)",0.5156490003317848,0.3201848525487072,0.7626208053751039,3.315768597732161,0.5815904927909721,0.7092599995536767,0.4479463790452338,958.0
"(1, 0)",0.50846362947403,0.29034407324943845,0.7444147630885505,2.9018636658970483,0.5541533395041827,0.7475782629720273,0.5221240076259862,959.0
"(1, 1)",0.45391159874153825,0.2824357363853738,0.6745680529765099,4.206141601337201,0.45504205809651954,0.7508953188500533,0.5471055640199107,965.0
"(2, 0)",0.44923518504711546,0.2813893386310816,0.6758084156931246,4.3699667556417054,0.456717014721651,0.7618439266089443,0.5644170291984429,962.0
"(2, 1)",0.5094019350351368,0.3042097755388232,0.7329926689929078,2.8861812070194848,0.5372782527973465,0.7436750989958567,0.5225362148291608,962.0
mean,0.47609674634121274,0.29059098004448264,0.7040718699963885,3.6682057334725378,0.49779512969636047,0.7536121290679872,0.5412530653040172,962.0
std,0.036721656656960415,0.017646163813570197,0.045584334766990274,0.6508917271552178,0.06383671879194308,0.02938630099352195,0.058345221774948476,2.886751345948129
