,MAE,MedAE,RMSE,MaxAE,MSE,PearsonCorr,R2Coeff,Test Cases
"(0, 0)",1.2975033686805986,1.213210507633134,1.5651198835712599,5.395287117687253,2.4496002499501137,0.06674246187707354,-1.1730757906741989,966.0
"(0, 1)",1.2706979000441057,1.1801973533339387,1.5235004798413987,4.056071449642661,2.321053712076972,-0.052987081298794994,-1.2031758119593592,958.0
"(1, 0)",1.2464279568192247,1.1264081190702468,1.5077104470781646,4.620939097133665,2.273190792228639,0.00637044895937372,-0.9602937097946198,959.0
"(1, 1)",1.3588901469293106,1.2769944283638284,1.6254545279630668,5.558229050365476,2.642102422475636,-0.07058916779958006,-1.6296327232568024,965.0
"(2, 0)",1.2892065382188949,1.2539637408382178,1.528797990610365,4.109003147808103,2.33722329609429,0.05384219032647001,-1.2290710306902355,962.0
"(2, 1)",1.230333952915107,1.1576955640649815,1.4793277569826015,4.603880486217527,2.188410612579175,-0.008998140468076607,-0.9447777927914824,962.0
mean,1.2821766439345401,1.2014116188840578,1.5383185143411426,4.723901724809115,2.368596847567471,-0.0009365480672557323,-1.1900044765277829,962.0
std,0.04136561424405266,0.052599689293361604,0.046615405208261323,0.5767674818587102,0.1450177545695079,0.05043194339883595,0.22662833679374,2.886751345948129
