,MAE,MedAE,RMSE,MaxAE,MSE,PearsonCorr,R2Coeff,Test Cases
"(0, 0)",0.5502896036476229,0.4438768285796272,0.704403384486272,3.536558574583441,0.4961841280757149,0.7504394042338135,0.5598278876481659,966.0
"(0, 1)",0.5889218315690736,0.46074801439105306,0.7488122522250853,2.7611132232659967,0.5607197890824048,0.6980327343237456,0.4677571354056024,958.0
"(1, 0)",0.5777198502015239,0.4640529701764048,0.7418496570430214,2.5057054706987323,0.5503409136548485,0.7299150594140159,0.5254116658538207,959.0
"(1, 1)",0.5481894498800403,0.44672229536138536,0.6988730234939863,3.605736073424177,0.4884235029676258,0.7201785461659537,0.5138816666282253,965.0
"(2, 0)",0.5670110522025411,0.4603116556922111,0.7175983799059287,3.426547829718539,0.5149474348436136,0.7145033834133879,0.5088811534369375,962.0
"(2, 1)",0.5834396653461611,0.46990182439648476,0.7397212295305339,2.735012538457209,0.5471874974181647,0.7209387395275736,0.5137301531279734,962.0
mean,0.5692619088078271,0.45760226476619437,0.7252096544474712,3.095112285024682,0.5263005443403954,0.7223346445130816,0.5149149436834541,962.0
std,0.015642470818631325,0.00928160043708138,0.019274372533877763,0.438575077882656,0.027896984488430848,0.015842185292774293,0.02704961678207293,2.886751345948129
