,MAE,MedAE,RMSE,MaxAE,MSE,PearsonCorr,R2Coeff,Test Cases
"(0, 0)",1.3486583905519314,1.307594028458468,1.5892678911968963,4.162352333797223,2.5257724299894297,-0.034343910011406756,-1.2406492326550627,966.0
"(0, 1)",1.3270590390057058,1.263960152977635,1.575231645201899,4.73908050986865,2.4813547360454815,-0.036210196482562115,-1.3553357282948175,958.0
"(1, 0)",1.2745045341992198,1.2269948173710095,1.5135821754141592,3.9055077645454688,2.2909310017314586,-0.037488435357115546,-0.9755920390055701,959.0
"(1, 1)",1.2872190121117826,1.2008047312186725,1.5539825004805161,4.271214804378538,2.4148616117996773,0.03983665922618741,-1.4034644011169686,965.0
"(2, 0)",1.2882374154723346,1.2665720211833351,1.527860590678035,4.679602465358762,2.334357984547034,0.027288190839953142,-1.2263383080725196,962.0
"(2, 1)",1.309022171416932,1.1741545061161047,1.5686408959850806,4.066585144725828,2.4606342605568763,-0.058602628408796674,-1.1866951469738276,962.0
mean,1.3057834271263176,1.2400133762208707,1.5547609498260977,4.304057170445745,2.4179853374449927,-0.01658672003229009,-1.2313458093531278,962.0
std,0.025600367141600775,0.044516187664436074,0.026527840862826148,0.3073198789685383,0.08225849974218308,0.0365404397327243,0.1369389225665018,2.886751345948129
