,MAE,MedAE,RMSE,MaxAE,MSE,PearsonCorr,R2Coeff,Test Cases
"(0, 0)",0.4480572933966465,0.32932309940020155,0.6207242881101153,3.9507857340292962,0.3852986418498094,0.8127557469484993,0.6581960053275955,966.0
"(0, 1)",0.5251187819062612,0.36719111941475546,0.709630504698452,2.6002709314964934,0.5035754531985798,0.7355554651722614,0.5219993177190246,958.0
"(1, 0)",0.509885697154804,0.3224699729869294,0.7070495809052149,2.6894865107590817,0.4999191098582399,0.7688742687198098,0.5688930776019678,959.0
"(1, 1)",0.4668766834054453,0.3433744750514098,0.645742528719613,4.32290330035101,0.4169834133972002,0.7651630798159924,0.5849845866697441,965.0
"(2, 0)",0.4539276159264812,0.3342595774734186,0.6303497908345057,4.124443241860332,0.3973408588051051,0.7894823807471989,0.6210456231751048,962.0
"(2, 1)",0.5070744164499702,0.336970405464328,0.6924553211173862,2.648216953334051,0.47949437174378234,0.7646571513966984,0.5738870938681879,962.0
mean,0.48515674803993475,0.33893144163184047,0.6676586690642146,3.389351111971711,0.4471019748087861,0.7727480154667433,0.5881676173936041,962.0
std,0.029929523478836994,0.014185215909027219,0.03652227309721881,0.7515347402754998,0.04870167565177214,0.023811560921636787,0.04271759041182627,2.886751345948129
