,MAE,MedAE,RMSE,MaxAE,MSE,PearsonCorr,R2Coeff,Test Cases
"(0, 0)",0.5290264884175201,0.33034516835357086,0.7720833087572124,3.850614319576032,0.596112635661485,0.726813433408793,0.47117986410340096,966.0
"(0, 1)",0.5557934511952677,0.38389195772826723,0.7757154912745884,2.95482041705938,0.6017345234033761,0.6925465625581572,0.42882539068994774,958.0
"(1, 0)",0.5641264483851661,0.34341963264086695,0.8135978563383186,2.8523931147080193,0.6619414718383073,0.6948532582526463,0.4291725499096106,959.0
"(1, 1)",0.5451353568360067,0.37566093321042227,0.7765943142975651,3.2346147524246756,0.6030987289993054,0.6720375481078463,0.3997476632093796,965.0
"(2, 0)",0.5415092748388353,0.339515786448934,0.7883764382518633,2.9578482646169446,0.621537408390694,0.679607702861562,0.40722350583737743,962.0
"(2, 1)",0.5557246242285735,0.3469735484745995,0.8009475030812246,2.899664850551284,0.6415169026920484,0.6950433147491606,0.42990231408835644,962.0
mean,0.5485526073168948,0.35330117114277676,0.7878858186667954,3.1249926198227223,0.6209902784975361,0.693483636656361,0.4276752146396788,962.0
std,0.011467109667728587,0.019538226167573673,0.015040453493481858,0.34653589784542027,0.02383425632973118,0.01716846999202559,0.022728102782674776,2.886751345948129
