,MAE,MedAE,RMSE,MaxAE,MSE,PearsonCorr,R2Coeff,Test Cases
"(0, 0)",1.2826821592315205,1.1797282555126567,1.5316288411146828,4.034243426052122,2.3458869069343065,0.003705496886320448,-1.0810701849096955,966.0
"(0, 1)",1.2674615409416232,1.1698620251952474,1.5111087367296767,3.8797660681877417,2.283449614220759,0.020003088480967005,-1.167481489851998,958.0
"(1, 0)",1.3290780174446508,1.2498521928086712,1.5737507208597368,4.440055451122312,2.476691331406541,-0.12048644385739164,-1.135783082817793,959.0
"(1, 1)",1.332614648838311,1.2614316350094077,1.5882459196979648,4.229709229198484,2.522525101437234,-0.06457269398289223,-1.5106197608193606,965.0
"(2, 0)",1.367911439208068,1.319566415290923,1.6178647113356144,4.526184401241331,2.617486224185071,-0.08417150075207645,-1.496365120659112,962.0
"(2, 1)",1.2359906956228717,1.1394858463441575,1.4856162141943634,3.6609200007300364,2.207055535877193,0.08635522417276198,-0.9613470017734982,962.0
mean,1.302623083547841,1.2199877283601772,1.5513691906553397,4.128479762755338,2.4088491190101844,-0.026527804842051816,-1.2254444401385765,962.0
std,0.04460152568858135,0.06210121148289168,0.045855788027030664,0.30409617832106284,0.14228150650729726,0.07002403149385861,0.2068466516470265,2.886751345948129
