,MAE,MedAE,RMSE,MaxAE,MSE,PearsonCorr,R2Coeff,Test Cases
"(0, 0)",0.5174748499210585,0.3335748094054392,0.7562941082530152,4.240115652812726,0.5719807781782235,0.7283686378309101,0.49258758370252476,966.0
"(0, 1)",0.5503635264635006,0.37003719072919006,0.7770220184760833,2.857964513908003,0.6037632171966467,0.6884659547061698,0.4268997268968395,958.0
"(1, 0)",0.5549361644693084,0.35006286568202427,0.807509812188612,2.854013963233654,0.6520720967808874,0.7017827794372186,0.4376834386175913,959.0
"(1, 1)",0.5450653898144655,0.37931856659747665,0.7707996329734685,3.472510586513288,0.5941320741920337,0.674314270614276,0.408671998881899,965.0
"(2, 0)",0.5316265618622682,0.3384667060500861,0.777272525590987,2.8647981423558972,0.6041525790385917,0.690273150269012,0.423803872611499,962.0
"(2, 1)",0.5630625122410208,0.3703874250545873,0.7940270941310179,2.9027374699894555,0.6304790262141483,0.6992510777578324,0.43971135857498334,962.0
mean,0.5437548341286037,0.3569745939198006,0.7804875319355307,3.198690054802171,0.6094299619334219,0.6970759784359032,0.4382263298808895,962.0
std,0.015170879511852794,0.017260998452315632,0.01640653609406641,0.5153497523929955,0.025683471568477438,0.016556075860491525,0.026354644270823433,2.886751345948129
