,MAE,MedAE,RMSE,MaxAE,MSE,PearsonCorr,R2Coeff,Test Cases
"(0, 0)",0.43897960865902497,0.25876249762605474,0.663835020571506,3.751329789890058,0.4406769345371718,0.7939264339270863,0.609069121392052,966.0
"(0, 1)",0.5115269000099855,0.3298207735374794,0.751363051907561,2.9512920096699364,0.5645464357718443,0.7157140974520645,0.4641248302231673,958.0
"(1, 0)",0.5167941831532049,0.3073170500777329,0.77135171876723,2.9123868228490766,0.5949834740451598,0.7316260506061031,0.48691400405550933,959.0
"(1, 1)",0.4586296403084365,0.27100556255014785,0.6912755552099137,3.45142502619148,0.47786189323077444,0.7369101338913179,0.5243934296613437,965.0
"(2, 0)",0.4432918219877865,0.26979407901784447,0.6665956791100385,2.9536275370252203,0.44434979940817343,0.7688914974635013,0.5762119661356406,962.0
"(2, 1)",0.5069533101182793,0.31546481240770474,0.7317801256769099,2.8289932490880902,0.535502152335714,0.7443781166790127,0.5241145844073813,962.0
mean,0.47936257737278626,0.2920274625361607,0.7127001918738598,3.14150907245231,0.509653448221473,0.7485743883365142,0.5308046559791824,962.0
std,0.03306220281766662,0.026627732175309282,0.04137492869403305,0.33901188603612065,0.059154653030227766,0.0257885677479634,0.04940580217558627,2.886751345948129
