,MAE,MedAE,RMSE,MaxAE,MSE,PearsonCorr,R2Coeff,Test Cases
"(0, 0)",0.46619104853987625,0.35439838617840813,0.6293433165970341,3.8270318845309244,0.39607301014535473,0.8074830966672203,0.6486379074692473,966.0
"(0, 1)",0.5515457459780073,0.40736955068726893,0.7303152656408872,2.702835059526762,0.5333603872281196,0.7170328733872318,0.4937270524658579,958.0
"(1, 0)",0.5287622798214578,0.3509164782023565,0.7320063059060411,2.839722350653947,0.5358332318862087,0.7435273365158946,0.5379224139230072,959.0
"(1, 1)",0.48130388844194677,0.3754337803424077,0.6558953458145407,4.164052081214808,0.4301987046611759,0.756859688890735,0.5718316664576055,965.0
"(2, 0)",0.48567662150309077,0.38329598995306496,0.6511278949692954,3.8988176807489046,0.42396753560714573,0.7729995327041135,0.5956510645969132,962.0
"(2, 1)",0.5432732759523737,0.41378367574651087,0.722364242693044,2.948186968616643,0.5218100991214949,0.7386242259863149,0.5362823196923742,962.0
mean,0.5094588100394589,0.3808663101850029,0.6868420619368071,3.396774337548665,0.4735404947749166,0.7560877923585849,0.5640087374341677,962.0
std,0.032958922702413185,0.023870951223556734,0.04229038577870708,0.5800823901772545,0.05791654852666459,0.02862431363957911,0.04935128715766945,2.886751345948129
