,MAE,MedAE,RMSE,MaxAE,MSE,PearsonCorr,R2Coeff,Test Cases
"(0, 0)",0.441275926795936,0.2827991960417422,0.6491924889268612,4.375772486461408,0.4214508876790528,0.7939297308044428,0.6261248254721758,966.0
"(0, 1)",0.5024111618388668,0.3229467484627053,0.7194102379428772,3.2896532994609817,0.5175510904570272,0.7328277707169336,0.5087334523905672,958.0
"(1, 0)",0.507449072361769,0.29888414906565,0.7522845588887482,2.8153505042378075,0.5659320575424386,0.7440087328488566,0.5119665905896449,959.0
"(1, 1)",0.41848082899847966,0.2471152190169288,0.6495635280770556,4.567133794559247,0.4219327770079119,0.7689043197225086,0.5800585821366462,965.0
"(2, 0)",0.4210588401291671,0.2694173443696071,0.6341763524746088,4.464528809322125,0.4021796460379992,0.7885064950063283,0.6164307451433213,962.0
"(2, 1)",0.4904244210838431,0.2911110298541508,0.711076389403187,2.722225306640242,0.5056296315666727,0.7560560490800399,0.5506614374853166,962.0
mean,0.46351670853467697,0.28537894780179734,0.6859505926188896,3.705777366780302,0.4724460150485171,0.7640388496965183,0.5656626055362787,962.0
std,0.037621823213362736,0.023636580816331392,0.04379268813753188,0.7852734130625356,0.060504425761955194,0.022191835498188147,0.0461691703104743,2.886751345948129
