,MAE,MedAE,RMSE,MaxAE,MSE,PearsonCorr,R2Coeff,Test Cases
"(0, 0)",0.4441792525082934,0.3156573419897385,0.6141417628368298,4.275543642548397,0.3771701048603288,0.8174352380654231,0.6654069479888725,966.0
"(0, 1)",0.5184166875380778,0.33408790488353424,0.7084482237943003,2.9929227212133815,0.501898885797299,0.7386606789795412,0.523590738342512,958.0
"(1, 0)",0.5033251571726166,0.3028187662186931,0.703551138263718,2.7931817094909093,0.4949842041521732,0.7691894875140051,0.5731487101019341,959.0
"(1, 1)",0.4783852277555692,0.34375076566521257,0.6569240617348334,4.28960164908266,0.4315492228861913,0.7553606143131691,0.5704875221550816,965.0
"(2, 0)",0.4605912477344295,0.33969569752422224,0.6313829128126683,4.114708054297591,0.3986443825918095,0.7891392723165483,0.6198024184220057,962.0
"(2, 1)",0.5064166664670515,0.33246091726514715,0.6952729356332026,2.7259450772669647,0.4834044550240114,0.7638057779386791,0.5704123149178186,962.0
mean,0.485219039862673,0.32807856559109133,0.6682868391792587,3.5319838089833167,0.4479418758853022,0.7722651781878943,0.5871414419880374,962.0
std,0.026510211705429897,0.014307556479767777,0.03653185548391699,0.7014921476626583,0.048458813401972375,0.025235944386723955,0.0446914123536778,2.886751345948129
