,MAE,MedAE,RMSE,MaxAE,MSE,PearsonCorr,R2Coeff,Test Cases
"(0, 0)",0.5387006286181879,0.4427139475301462,0.6992655174175283,3.491024234129644,0.4889722638492035,0.7537619043532563,0.5662256366509187,966.0
"(0, 1)",0.5834964900382963,0.4455718570846009,0.750314631510651,2.870770483093088,0.562972046258964,0.69832805435286,0.46561926220263083,958.0
"(1, 0)",0.5649666154516393,0.43978223311589637,0.7344610315363024,2.516055149480236,0.5394330068453693,0.7374220922363351,0.5348181359040906,959.0
"(1, 1)",0.5473389723101957,0.45889291106344743,0.7040135156913313,3.760968088100581,0.4956350302760683,0.7142194413362779,0.5067041749331185,965.0
"(2, 0)",0.5622953569330539,0.4497211471703437,0.7185426836204692,3.45388033248042,0.5163035881845057,0.7125970064083893,0.5075877545005123,962.0
"(2, 1)",0.5763653254179923,0.46366930866130107,0.736841559937397,2.6373115404663148,0.5429354844509766,0.7249894329099597,0.5175087951916322,962.0
mean,0.5621938981282275,0.4500585674376227,0.7239064899522799,3.121668304625047,0.5243752366441813,0.723552988599513,0.5164106265638172,962.0
std,0.01546464010838505,0.008593493806973605,0.018292907072168817,0.4690080547965217,0.026474687307506465,0.018029789964564735,0.03047785691503677,2.886751345948129
