,MAE,MedAE,RMSE,MaxAE,MSE,PearsonCorr,R2Coeff,Test Cases
"(0, 0)",0.44801407247850333,0.31860532627352867,0.6204585415505277,3.8947851796841046,0.38496880178300796,0.8126723950611715,0.6584886112186894,966.0
"(0, 1)",0.5440450559743306,0.38008377710241215,0.7226089207280052,2.8019240199623767,0.5221636523156925,0.7231803826922341,0.5043551458200208,958.0
"(1, 0)",0.5158087350180993,0.3362996185653102,0.7050162394571171,2.7447223548346606,0.49704789789825504,0.7662943807787457,0.5713690768730749,959.0
"(1, 1)",0.4826638304621072,0.3550793614344334,0.6577710894656277,4.2765588190288275,0.43266280613679875,0.7566226921092467,0.5693791945857347,965.0
"(2, 0)",0.47074883825184516,0.35397229580622236,0.6385203747248352,4.150849458512238,0.40770826893874407,0.7837953621700812,0.611157952779727,962.0
"(2, 1)",0.5098248082674603,0.35236514524314777,0.6947552939065521,2.71787402007427,0.48268491841117955,0.7617698296489717,0.5710517464841309,962.0
mean,0.4951842234087243,0.34940092073750906,0.6731884099721109,3.431118975349413,0.4545393909139463,0.7673891737434085,0.5809669546268963,962.0
std,0.031638503939603574,0.01881213800269056,0.03683416339714442,0.6859922042171974,0.04947051383275036,0.027150331748363885,0.04675321673697003,2.886751345948129
