,MAE,MedAE,RMSE,MaxAE,MSE,PearsonCorr,R2Coeff,Test Cases
"(0, 0)",0.4728171551662778,0.38653856515418833,0.6230931198187959,3.876049817127143,0.38824503596552035,0.8156975467862403,0.6555822165174552,966.0
"(0, 1)",0.5431318850481405,0.38672267605073973,0.717627788535993,2.8862756301767565,0.5149896428790598,0.7265275469521578,0.5111648133358208,958.0
"(1, 0)",0.5395381184453449,0.3789362294285814,0.720752074966649,2.861502618641561,0.51948355356873,0.7531301687864379,0.5520216138988687,959.0
"(1, 1)",0.5027647295653661,0.3951807076174232,0.6599189389556004,4.119267193269797,0.43549300599228546,0.7558888592086969,0.5665623521764342,965.0
"(2, 0)",0.49276874351545197,0.3830482045076891,0.6483801181712159,3.9122711984438805,0.42039677763971983,0.7793720055222446,0.5990565899295147,962.0
"(2, 1)",0.5344111039067149,0.3856738076002965,0.7060860006193368,2.792045336924652,0.4985574402706101,0.7519661113582494,0.556946291205134,962.0
mean,0.5142386226078827,0.386016698393153,0.6793096735112653,3.407901965763965,0.4628609093859876,0.7637637064356712,0.5735556461772046,962.0
std,0.026426495544666757,0.004895787053408233,0.037406909254921565,0.5670856620055684,0.05052640265983815,0.027813494741499807,0.04483258446044561,2.886751345948129
