,MAE,MedAE,RMSE,MaxAE,MSE,PearsonCorr,R2Coeff,Test Cases
"(0, 0)",0.43462057029096923,0.2762263946449757,0.6558197358357426,4.509947191013104,0.4300995259116632,0.7891426271633336,0.6184524934800608,966.0
"(0, 1)",0.5197444432257001,0.34829294039498815,0.7394423571521639,3.137647055281121,0.5467749995507483,0.7126290449282092,0.4809937196514352,958.0
"(1, 0)",0.4857383010285456,0.25277919964584106,0.7418546964373316,2.8716325476948388,0.5503483906261254,0.7453092166676681,0.5254052180625431,959.0
"(1, 1)",0.4673614117831014,0.3042565721076398,0.7026923289141065,4.536318789256818,0.49377650911473076,0.7265233087425008,0.5085539245950332,965.0
"(2, 0)",0.4418464598820964,0.27369423732789633,0.6546297354474928,4.430108199847943,0.42854009053205444,0.7754527215016083,0.5912900992854744,962.0
"(2, 1)",0.49930376664212756,0.3079845185812931,0.7269767091148032,2.9367783051830276,0.5284951355953892,0.7475515507289328,0.5303415193673802,962.0
mean,0.47476915880875664,0.293872310450439,0.7035692604836067,3.7370720147128083,0.4963391085551185,0.7494347449553755,0.5425061624069879,962.0
std,0.030264757423837742,0.03075648714013153,0.03646099638887082,0.7599557413913262,0.050803129488457756,0.026311628864360045,0.047477492219598995,2.886751345948129
