,MAE,MedAE,RMSE,MaxAE,MSE,PearsonCorr,R2Coeff,Test Cases
"(0, 0)",1.3065347926965774,1.1596974233330932,1.5891309093824824,5.09542497130969,2.525337047154795,-0.039659560244327784,-1.2402629982490048,966.0
"(0, 1)",1.260765647869766,1.1616473011363881,1.508802411204605,4.076919962292197,2.27648471605683,0.06879782717976038,-1.1608703136057583,958.0
"(1, 0)",1.2579307885322393,1.1177235237300083,1.5398879531700698,4.606532416072874,2.3712549083183068,-0.022194502315426155,-1.0448596294632795,959.0
"(1, 1)",1.334378466348354,1.2425365659866616,1.5903464831591938,4.654683909145383,2.529201936496816,-0.08277969500803704,-1.5172650838057478,965.0
"(2, 0)",1.2936737244214915,1.2166850778732583,1.5307609237284294,3.991435131755857,2.3432290056139147,0.07796539901352852,-1.2347988330492603,962.0
"(2, 1)",1.1934308018992823,1.1239755590926097,1.4254977802719881,4.275943360057859,2.032043921560365,0.08084629114125963,-0.8058191958637921,962.0
mean,1.2744523702946184,1.1703775751920034,1.530737743486128,4.4501566251056435,2.3462585892001715,0.01382929329445959,-1.1673126756728072,962.0
std,0.04474867381609573,0.045583594123588575,0.05568258136229043,0.3791959285070605,0.16821147776092527,0.06470229993152439,0.21527370464089096,2.886751345948129
