,MAE,MedAE,RMSE,MaxAE,MSE,PearsonCorr,R2Coeff,Test Cases
"(0, 0)",1.232530819192585,1.1629702526876375,1.4793923011704135,3.7522449109230323,2.188601580762292,0.09107735149323293,-0.9415400985049192,966.0
"(0, 1)",1.30876078046579,1.2478371642966186,1.5545213774253708,3.9846179101143164,2.4165367128724724,-0.07664120046401776,-1.2938095774389602,958.0
"(1, 0)",1.3235860425422916,1.2535870742378692,1.573606670528964,4.714914966946128,2.4762379535332513,-0.14328116169089694,-1.1353921108869685,959.0
"(1, 1)",1.3599736861053053,1.306494561223757,1.609298881844424,4.215277991024045,2.5898428911057136,-0.06290261545765793,-1.5776198366164547,965.0
"(2, 0)",1.35900137153084,1.3235893862430526,1.6214602222990504,4.72813137504199,2.629133252498086,-0.08026839778310409,-1.5074731964041876,962.0
"(2, 1)",1.243339791164863,1.1776095894499747,1.475893202628904,4.223048767772703,2.178260745566203,0.053411469602284774,-0.935757896866489,962.0
mean,1.3045320818336126,1.2453480046898182,1.5523621093161877,4.2697059869703695,2.41310218938967,-0.03643409238335984,-1.2319321194529966,962.0
std,0.050580445125133926,0.05959485474158119,0.05721949797984791,0.356498095346762,0.17675578422762372,0.08163570514940323,0.2518658280053322,2.886751345948129
