,MAE,MedAE,RMSE,MaxAE,MSE,PearsonCorr,R2Coeff,Test Cases
"(0, 0)",0.4352817225113499,0.28837879630663843,0.6404697695729131,4.421928177608258,0.4102015257367804,0.7980424574782627,0.6361042970605632,966.0
"(0, 1)",0.5102727145559708,0.32701030097666506,0.7397777313188029,3.2281997186046585,0.5472710917551948,0.7169721630504503,0.4805228221708422,958.0
"(1, 0)",0.48602647921127673,0.2612099811378278,0.7400207511232263,2.8664159491840966,0.5476307120929841,0.753620764502222,0.5277488172676665,959.0
"(1, 1)",0.4792476919737123,0.3111641477626449,0.7062960768195362,4.528812657130963,0.49885414813066814,0.7178678155443327,0.5035002500668961,965.0
"(2, 0)",0.43456386235863725,0.2714878377914911,0.6547941918020894,4.526667724384076,0.4287554336177515,0.7732025438986134,0.5910847209483729,962.0
"(2, 1)",0.5087523431344747,0.32018208036004703,0.7288299975271264,3.209491727958296,0.5311931652953911,0.74418745607368,0.5279438576969903,962.0
mean,0.47569080229090366,0.29657219072255236,0.7016980863606156,3.796919325811725,0.493984346104795,0.7506488667579269,0.5444841275352219,962.0
std,0.030910544957183865,0.024643028072644475,0.040051737823032084,0.7063033279842228,0.055377481970171755,0.02890824706271993,0.05305696420301033,2.886751345948129
