,MAE,MedAE,RMSE,MaxAE,MSE,PearsonCorr,R2Coeff,Test Cases
"(0, 0)",0.4400392730120328,0.31584981150293207,0.6082062150621399,3.9306799946090227,0.36991480004021393,0.8209460649493474,0.6718432337701441,966.0
"(0, 1)",0.5167397605757522,0.359833488326596,0.7002784669098792,2.758391477315465,0.49038993121765073,0.7437773252715711,0.5345151948593456,958.0
"(1, 0)",0.5193092886348083,0.33981556796263335,0.7231792475958803,2.799866688347767,0.5229882241533435,0.7524112091982768,0.5489993494565673,959.0
"(1, 1)",0.46253643961947544,0.3532660223321421,0.6409158690964348,4.379092351719358,0.41077315125963837,0.7702056851236609,0.5911655387774347,965.0
"(2, 0)",0.46101131569454734,0.3345856829678868,0.6373309287487411,4.08106044886285,0.40619071273973284,0.783669883783585,0.6126052858464105,962.0
"(2, 1)",0.5159419854758185,0.36129852324104483,0.6966094576447538,2.761161223727642,0.48526473648011803,0.7604614804666645,0.5687591361023887,962.0
mean,0.48592967716873914,0.3441081827222059,0.6677533641763048,3.4517086974303504,0.4475869259817829,0.7719119414655177,0.5879812898020486,962.0
std,0.03224462706238213,0.01599113898819075,0.041138432311041216,0.6913730491739429,0.054831453952823773,0.025326053872485203,0.04545512886941753,2.886751345948129
