,MAE,MedAE,RMSE,MaxAE,MSE,PearsonCorr,R2Coeff,Test Cases
"(0, 0)",1.2590143396505766,1.1673705921716495,1.5030980102619416,3.700613698688535,2.259303628453408,0.12051282189605227,-1.0042609070089954,966.0
"(0, 1)",1.2989765204544783,1.2415236637732097,1.5531357223832891,4.242612229194863,2.412230572143061,0.018291729327258463,-1.2897221299798312,958.0
"(1, 0)",1.2320809362696696,1.1251500964678762,1.4977205849333781,5.237975439754514,2.24316695053318,0.04263664575769767,-0.9344025491315169,959.0
"(1, 1)",1.3676135037535448,1.3130590531502053,1.6275561274731476,3.8619560811195655,2.6489389480753887,-0.09802908098011033,-1.6364369831059142,965.0
"(2, 0)",1.3474587379258427,1.2732284825937472,1.6133334793733125,4.255994639125852,2.6028449156667985,-0.061567174867247956,-1.4824013215116287,962.0
"(2, 1)",1.3195278550405718,1.2082815084133431,1.5789681237299669,4.200243792263059,2.493140335755332,-0.11892556336745715,-1.2155823643970063,962.0
mean,1.3041119821824474,1.2214355660950051,1.5623020080258394,4.249899313357731,2.4432708917711943,-0.016180103705634503,-1.2604677091891487,962.0
std,0.047254057172692446,0.06304475070412494,0.049832995992867404,0.48837570831689664,0.1555094973754048,0.08430949332692271,0.24679220429601023,2.886751345948129
