,MAE,MedAE,RMSE,MaxAE,MSE,PearsonCorr,R2Coeff,Test Cases
"(0, 0)",1.2639291932997723,1.1350867586207833,1.4962866660743341,4.046199631020712,2.238873787071846,0.05131154042505802,-0.9861372994062891,966.0
"(0, 1)",1.2555756129151185,1.1345987991731072,1.5275224689714715,4.093087753978757,2.3333248932127,0.08515912956177794,-1.2148237843099063,958.0
"(1, 0)",1.2415053836779855,1.1373656007919595,1.5042383611634067,4.445151409832029,2.262733047195572,0.047729732096503254,-0.9512754382632362,959.0
"(1, 1)",1.3233277953509572,1.2867990479620746,1.5877467500618507,4.284751257625608,2.520939742331969,-0.03322270373911451,-1.5090418839945055,965.0
"(2, 0)",1.3503870173359962,1.2662681032757876,1.614291208809248,4.4361022936234065,2.6059361068388234,-0.02006821728531809,-1.4853494714395374,962.0
"(2, 1)",1.293232907256677,1.2167089015747201,1.5473650653614373,4.359217247692136,2.394338645501005,-0.03345473444731876,-1.1277801338684217,962.0
mean,1.2879929849727512,1.1961378685664055,1.5462417534069581,4.277418265628775,2.3926910370253194,0.016242457768597975,-1.2124013352136493,962.0
std,0.03864382235988835,0.06393921751107673,0.04274900052977914,0.15679055517808493,0.13291417616975373,0.04691459420055451,0.2194861666806206,2.886751345948129
