,MAE,MedAE,RMSE,MaxAE,MSE,PearsonCorr,R2Coeff,Test Cases
"(0, 0)",0.43512882336840325,0.2823575240814781,0.6470041979591948,4.369826327098615,0.41861443217682104,0.7977886345936672,0.6286410861491373,966.0
"(0, 1)",0.5354213813651143,0.3753964453265919,0.756092109298866,3.3306387645107254,0.5716752777440084,0.7016392228698686,0.4573580362801275,958.0
"(1, 0)",0.4901706981780419,0.2871491795871035,0.7292657418116194,2.9000218823734887,0.5318285221800516,0.7589123854916462,0.5413758887801864,959.0
"(1, 1)",0.4813620103403434,0.30463598235795475,0.7037626981121344,4.47543419433952,0.4952819352540713,0.7307271339316045,0.5070556034834894,965.0
"(2, 0)",0.4653782772245164,0.2948330701159966,0.6749249347246079,4.502203713191754,0.4555236675130162,0.7621050759411575,0.5655551556653355,962.0
"(2, 1)",0.5117406433487485,0.30712756189627677,0.7412674357754738,3.2214406710964187,0.5494774113411462,0.7388758413134726,0.5116951722522547,962.0
mean,0.48653363897086127,0.3085832938942336,0.7087195196136494,3.799927592101754,0.5037335410348525,0.7483413823569026,0.535280157101755,962.0
std,0.03202962890362511,0.031139413772826842,0.03808127562793098,0.6631986751027903,0.05344591263020802,0.029796996598392207,0.053377164914646794,2.886751345948129
