,MAE,MedAE,RMSE,MaxAE,MSE,PearsonCorr,R2Coeff,Test Cases
"(0, 0)",1.305247420460517,1.214367245893613,1.5457500368989272,3.63009556266406,2.3893431765730346,-0.03064190015480167,-1.1196208698660892,966.0
"(0, 1)",1.2467751326685241,1.1403727529038408,1.4923662744907293,4.5041314853482275,2.227157097237339,0.07659031778787924,-1.1140478656463775,958.0
"(1, 0)",1.2851812288954865,1.2527504687659603,1.523568886900486,4.074979711895469,2.321262153131186,-0.048371005606547675,-1.0017482092236545,959.0
"(1, 1)",1.3803735431498498,1.3248770448837563,1.6523016494456995,4.632202944484739,2.7301007407609794,-0.07175814283377621,-1.7172157235925285,965.0
"(2, 0)",1.2994199069449162,1.2316637304977425,1.541578886612967,4.633017620769529,2.376465463650875,0.02185767905392746,-1.2664973129919965,962.0
"(2, 1)",1.2329093853702553,1.161552845396414,1.4715846286752383,4.0726271483574195,2.1655613193532393,-0.0033099210244089965,-0.9244722807493846,962.0
mean,1.2916511029149247,1.220930681390221,1.5378583938373411,4.257842412253241,2.3683149917844424,-0.009272162129621309,-1.1906003770116718,962.0
std,0.04765009080714993,0.060540523109393764,0.05750262853535677,0.3659166847419312,0.18011390627984222,0.048762799751707726,0.25835110169272335,2.886751345948129
