,MAE,MedAE,RMSE,MaxAE,MSE,PearsonCorr,R2Coeff,Test Cases
"(0, 0)",0.5459548620526522,0.43610431916694453,0.7031680282617552,3.4392060429637192,0.49444527596952453,0.7511241783017221,0.5613704484866546,966.0
"(0, 1)",0.582218312224237,0.4545455969976825,0.7464836729141292,2.8424199438392206,0.5572378739273687,0.69981931236478,0.47106221671800586,958.0
"(1, 0)",0.5753200073320146,0.45649717467468787,0.7395939378968694,2.4855721041726033,0.5469991929737984,0.7323978854262408,0.5282934098998322,959.0
"(1, 1)",0.5509878667013385,0.44336930396815255,0.7056664318363175,3.6843479758141755,0.49796511302060015,0.7122924449914536,0.5043850892758805,965.0
"(2, 0)",0.563282389276037,0.4561288119924573,0.7228985258290097,3.3350932387236196,0.5225822786457553,0.70846320632735,0.5015996030726062,962.0
"(2, 1)",0.581905088168816,0.45305774651782976,0.7461175738857222,2.7137606992119543,0.5566914340611161,0.7170085521244078,0.5052842770108193,962.0
mean,0.5666114209591826,0.44995049221962574,0.7273213617706338,3.083400000787549,0.5293201947663605,0.7201842632559924,0.5119991740772998,962.0
std,0.014347950572267983,0.007602951735827464,0.01799531823756558,0.42879456803298793,0.026095750464727275,0.016984950429680873,0.02765885796250169,2.886751345948129
