,MAE,MedAE,RMSE,MaxAE,MSE,PearsonCorr,R2Coeff,Test Cases
"(0, 0)",0.45019672173103675,0.28816330830124426,0.6597964587363753,4.509763966335065,0.43533136696106134,0.7902723332032208,0.6138112516589376,966.0
"(0, 1)",0.5450150980671334,0.3680751422812141,0.7735764075873929,3.256074570311028,0.5984204583758161,0.689066410398914,0.4319711463740964,958.0
"(1, 0)",0.5114147285166859,0.32190025244347575,0.744644543475971,2.9853095725361474,0.5544954961285372,0.7438782544441809,0.5218289477125025,959.0
"(1, 1)",0.4944076342254211,0.3342748496208474,0.7147884390448279,4.60093046261192,0.5109225125921417,0.71774758514068,0.4914888436073599,965.0
"(2, 0)",0.47913302351948256,0.31744487366230895,0.692184568264229,4.521943698657758,0.47911947654313713,0.7495682531240888,0.5430512150095002,962.0
"(2, 1)",0.5110303098265881,0.3159682791608281,0.7363716972014807,2.9174077227894433,0.5422432764393891,0.7388684038555923,0.5181239406132407,962.0
mean,0.49853291931439125,0.3243044509116531,0.7202270190517129,3.7985716655402264,0.5200887645066804,0.7382335400277795,0.5200458908292729,962.0
std,0.02947451059892324,0.02395756732346077,0.036902649424725535,0.7533247916733725,0.052846978805777274,0.030837905659087072,0.05462100721260322,2.886751345948129
