,MAE,MedAE,RMSE,MaxAE,MSE,PearsonCorr,R2Coeff,Test Cases
"(0, 0)",0.45509542915936524,0.33740566096257874,0.6181120079659307,3.8809474188572244,0.3820624543916748,0.8146420924166476,0.6610668740007593,966.0
"(0, 1)",0.5334786038314747,0.38207995246965926,0.7121256764373867,2.796066663672188,0.5071229790414056,0.7311807317143159,0.5186319578477097,958.0
"(1, 0)",0.5192058905221286,0.33857014870360824,0.7176166064778862,2.8050206376229014,0.5149735938928373,0.7548031626779361,0.5559107927633549,959.0
"(1, 1)",0.48020871412111876,0.3667157422432702,0.6537393514156798,4.289940671639081,0.4273751395893937,0.7593295617391465,0.5746419053968084,965.0
"(2, 0)",0.4701761095967037,0.35149272149911376,0.6407853891609556,4.054007305301736,0.4106059149621573,0.781011431094702,0.6083943919257944,962.0
"(2, 1)",0.5312850298503442,0.3785740793647472,0.7084745900672099,2.773247296609278,0.5019362447709012,0.7485957246175547,0.5539436444803469,962.0
mean,0.4982416295135225,0.35913971754049623,0.6751422702541748,3.4332049989504014,0.457346054441395,0.764927117376717,0.5787649277357955,962.0
std,0.030950134505072512,0.01786662565764563,0.039102037765745,0.6526829002904583,0.052499964145281394,0.026675968940814133,0.045502557575998547,2.886751345948129
