,MAE,MedAE,RMSE,MaxAE,MSE,PearsonCorr,R2Coeff,Test Cases
"(0, 0)",0.4418237459131948,0.31531843595711967,0.6214626592335322,4.098767435209624,0.38621583682161326,0.8127014561654133,0.6573823484100655,966.0
"(0, 1)",0.5157785517133524,0.352668113649218,0.7019954541928147,2.534862306735097,0.4927976177073762,0.742719843944154,0.5322297860343177,958.0
"(1, 0)",0.5101565437509644,0.3164443696156686,0.7053241523848742,2.644062173332089,0.4974821599374412,0.771220270340375,0.5709945895459534,959.0
"(1, 1)",0.46637259718444973,0.3308237816533459,0.6523196469894182,4.420939462394515,0.4255209218483993,0.7593437188142508,0.5764873719488557,965.0
"(2, 0)",0.4497219699940913,0.3137857819151489,0.627681514017836,4.129479899701794,0.3939840830397229,0.7923910811908885,0.6242470680809641,962.0
"(2, 1)",0.5022336116718469,0.3281898359577927,0.6914174780197321,2.597421653868788,0.47805812891116667,0.7674719326776398,0.575163441711628,962.0
mean,0.4810145033713165,0.32620505312471565,0.6667001508063679,3.404255488540318,0.4456764580442865,0.7743080505221203,0.5894174342886307,962.0
std,0.02954536529863062,0.013500575677438653,0.03445819146520742,0.8192133229639996,0.045765197464722275,0.02265341220422758,0.04044033481441022,2.886751345948129
