,MAE,MedAE,RMSE,MaxAE,MSE,PearsonCorr,R2Coeff,Test Cases
"(0, 0)",0.4296763565723008,0.3039332044984674,0.6076294215860663,4.009687662640435,0.36921351397701746,0.820703034298142,0.6724653547738877,966.0
"(0, 1)",0.520948471073179,0.3446735476706268,0.7119218716914216,3.007388564020382,0.5068327513926171,0.7411302601983785,0.5189074458868039,958.0
"(1, 0)",0.5148032132456588,0.3243985999841048,0.7158397863092836,2.780247012687913,0.5124265996633208,0.7604003156107362,0.558107201786334,959.0
"(1, 1)",0.46684706079204424,0.3462764901540698,0.646265339860434,4.215966409590153,0.41765888950492225,0.7647742548977013,0.5843122985474011,965.0
"(2, 0)",0.462313405262932,0.32200007675760717,0.6422863706930009,4.135829733482308,0.41253178197798696,0.779462756371374,0.6065576421462071,962.0
"(2, 1)",0.5075673088897379,0.336044630991121,0.6982063173666182,2.789051174467951,0.4874920616106547,0.7633211339914079,0.5667797760927564,962.0
mean,0.4836926359726421,0.3295544250093328,0.6703581845844707,3.489695092814857,0.45102593302108657,0.7716319592279567,0.5845216198722317,962.0
std,0.033127200866148676,0.014665354616144521,0.040568921377073436,0.6379903785252663,0.0540102652936699,0.0246370086769004,0.047499903390832994,2.886751345948129
