,MAE,MedAE,RMSE,MaxAE,MSE,PearsonCorr,R2Coeff,Test Cases
"(0, 0)",1.320500697297976,1.2902522661624922,1.5634531199334833,4.0356562945518775,2.4443856582297427,0.010824127112890774,-1.1684498509821943,966.0
"(0, 1)",1.2877014363949932,1.1689033239525153,1.5439033455910942,4.57999356719592,2.3836375405273738,0.01428446228787422,-1.2625812347396685,958.0
"(1, 0)",1.2577533076283336,1.1506090322158826,1.5037480800429388,5.113606533733396,2.261258288232825,0.030247169341077056,-0.950003674921585,959.0
"(1, 1)",1.3511940736659782,1.270132080244075,1.606848034808219,3.8482085082207007,2.5819606069670353,-0.0614238762638228,-1.569774753803331,965.0
"(2, 0)",1.3041136865695229,1.2242131155288862,1.549027479527745,4.104794344631223,2.3994861323320786,0.039125403468614914,-1.2884527272436603,962.0
"(2, 1)",1.3174650820972378,1.2484750065479562,1.5659532264416574,4.603185734478025,2.4522095074030363,-0.12976642161226265,-1.1792083102946598,962.0
mean,1.3064547139423401,1.2254308041086344,1.5554888810575227,4.3809074971351905,2.4204896222820156,-0.016118189277604746,-1.2364117586641832,962.0
std,0.02900896691457182,0.05086943683662085,0.0307239839283665,0.4291650488607354,0.0955718672030535,0.06030524664865706,0.18459172798870943,2.886751345948129
