,MAE,MedAE,RMSE,MaxAE,MSE,PearsonCorr,R2Coeff,Test Cases
"(0, 0)",0.4513417138576602,0.33075675372911606,0.6197056190337071,3.944975090366156,0.38403505426195017,0.8136956876368218,0.6593169521419294,966.0
"(0, 1)",0.5394042842204996,0.3951789541457382,0.7133206080427072,2.7589744301375663,0.5088262898584176,0.72875540642197,0.5170151520095839,958.0
"(1, 0)",0.5142074352335311,0.3362460553259361,0.7067101448675871,2.804261763840299,0.4994392288587659,0.766242210681999,0.5693069045926169,959.0
"(1, 1)",0.48293099337497464,0.36980362519551124,0.653630875835993,4.43133341320767,0.4272333218461272,0.7609931006561123,0.5747830538153025,965.0
"(2, 0)",0.4712888453935863,0.36014321414212763,0.6403473720078297,4.208581486274266,0.4100447568373337,0.7822607398649033,0.6089295831168848,962.0
"(2, 1)",0.5118257244846047,0.36375263258735735,0.6904765481215107,2.7526665878694265,0.4767578635057969,0.7644162947677906,0.5763189503125107,962.0
mean,0.4951664994274761,0.35931353918763115,0.670698527984889,3.483465461949231,0.45105608586139856,0.7693939066715995,0.5842784326648047,962.0
std,0.029545248969536843,0.021464554552194356,0.034922348436230474,0.7254320496474306,0.046690788243051146,0.025445936955434297,0.04308996360341403,2.886751345948129
