,MAE,MedAE,RMSE,MaxAE,MSE,PearsonCorr,R2Coeff,Test Cases
"(0, 0)",1.2844544581269006,1.1954991502265164,1.5406676449053782,4.053177199092893,2.3736567920582843,0.009555008526850975,-1.1057052514165462,966.0
"(0, 1)",1.309555751344502,1.2092010760045946,1.5712002644605758,4.781472763744382,2.4686702710409834,-0.056758097198897066,-1.343295461264311,958.0
"(1, 0)",1.2191156720515373,1.173386905581718,1.4536106712867145,4.047626814571409,2.112983983678613,0.12820599569574423,-0.8221388306966844,959.0
"(1, 1)",1.2772290812354523,1.1894373983509965,1.547059374057845,4.175599178997068,2.393392706860251,0.056687672897639714,-1.3820968210864013,965.0
"(2, 0)",1.3225370959005998,1.2700469758228339,1.5973678815248245,5.884311518398313,2.5515841489271054,-0.08566526272213885,-1.4335125866006924,962.0
"(2, 1)",1.2852991526973838,1.199271112968141,1.5347977128647265,4.637675842968015,2.3556040194147956,-0.09806030016331747,-1.0933577817780336,962.0
mean,1.283031868559396,1.2061404364924668,1.5407839248500108,4.596643886295347,2.3759819869966723,-0.007672497160686413,-1.196684455473778,962.0
std,0.03263509409739847,0.03056583913663393,0.04434956505388292,0.6413511384647452,0.13498085560765297,0.08120365940621475,0.2126021864663459,2.886751345948129
