,MAE,MedAE,RMSE,MaxAE,MSE,PearsonCorr,R2Coeff,Test Cases
"(0, 0)",0.4408485548377859,0.26511911013175027,0.6824495998683534,4.456305275691754,0.46573745636047564,0.7790970345420845,0.5868375702330444,966.0
"(0, 1)",0.5171971693967772,0.340858246066979,0.7504045791758108,2.8613386379608694,0.5631070324480257,0.7070201333437343,0.46549113147254817,958.0
"(1, 0)",0.4992401991820675,0.2906864257066075,0.7474041837336676,2.7906758279299764,0.55861301386259,0.742544336777134,0.5182781924738198,959.0
"(1, 1)",0.4752005433194565,0.3025880619076275,0.7204273078515462,4.511766920818097,0.5190155058982265,0.7175333477182324,0.4834340460924179,965.0
"(2, 0)",0.46841995978448214,0.3068082139928632,0.7037726494147036,3.8836841685903143,0.4952959420641914,0.738564402628281,0.5276232964481036,962.0
"(2, 1)",0.5185693577404829,0.3264726753558973,0.7526463115665485,2.883794531807819,0.5664764703147299,0.7319164793669454,0.49658859572582503,962.0
mean,0.48657929737684197,0.3054221221936208,0.7261841052684384,3.5645942271331386,0.5280409034913732,0.7361126223960687,0.5130421387409598,962.0
std,0.027903568715862834,0.024325128790351227,0.02641114815472509,0.7473407783607755,0.03802847607289769,0.022745724311984312,0.03893209611651422,2.886751345948129
