,MAE,MedAE,RMSE,MaxAE,MSE,PearsonCorr,R2Coeff,Test Cases
"(0, 0)",1.3356678603521805,1.2888643302327192,1.5660014889087508,3.9475514991414618,2.4523606632644244,-0.01234695043836739,-1.1755245932270664,966.0
"(0, 1)",1.2826789804010252,1.215560851358748,1.528080612294027,4.420279822078733,2.335030357668888,-0.006639946014788714,-1.2164426344116852,958.0
"(1, 0)",1.249615349003239,1.1759902806489293,1.4970399181801424,3.8132288071785254,2.2411285166248076,0.10268208091455167,-0.9326446988084927,959.0
"(1, 1)",1.2881485326232665,1.202250315168779,1.5520362835464974,4.088075241771726,2.408816625444824,0.053618095558701215,-1.3974479447543615,965.0
"(2, 0)",1.3392047059125343,1.2364950710315172,1.5959399706840334,4.557761831102677,2.5470243900269534,0.02525187273334207,-1.4291638251929801,962.0
"(2, 1)",1.2638256246025532,1.169499980227731,1.517049990142425,3.8206702898123934,2.301440672591132,0.06662135778602395,-1.0452243677466613,962.0
mean,1.2931901754824666,1.2147768047780705,1.5426913772926458,4.10792791518092,2.380966870936838,0.038197751756577136,-1.1994080106902079,962.0
std,0.03371111700518593,0.040150876875862156,0.03271368771259419,0.28734227462184286,0.10119051904424947,0.04069541115560642,0.17691966450645613,2.886751345948129
