,MAE,MedAE,RMSE,MaxAE,MSE,PearsonCorr,R2Coeff,Test Cases
"(0, 0)",0.4637661574152854,0.31441587418751327,0.6783911970855954,4.5405589444768495,0.46021461628322713,0.7864549251611672,0.5917369614981614,966.0
"(0, 1)",0.5297221703445186,0.3535238080682339,0.7563557167301876,3.2640587073665603,0.5720739702304358,0.6997510610328831,0.4569795919391212,958.0
"(1, 0)",0.502270505953071,0.28120009584313843,0.7540669155160985,2.953441114741958,0.5686169130759628,0.7460403978705046,0.5096512964084138,959.0
"(1, 1)",0.4887304344802678,0.32593139144518823,0.7171443291882537,4.45798612667442,0.5142959888868703,0.721978923344806,0.4881312888130088,965.0
"(2, 0)",0.4587540880572882,0.32137161657441166,0.6625538591469077,4.433004627956159,0.43897761627046045,0.7678529486330502,0.5813355578026627,962.0
"(2, 1)",0.5150175593741125,0.3062015983734414,0.7448792350645488,2.99259829343376,0.5548450748303474,0.7379281322545372,0.5069250835435946,962.0
mean,0.493043485937424,0.3171073974153212,0.7188985421219319,3.773607969108285,0.5181706965962173,0.7433343980494914,0.5224599633341603,962.0
std,0.025706195352005936,0.02174747669938144,0.03681823911023112,0.7110650986972605,0.05234637564821981,0.028438978214620735,0.04854065215460818,2.886751345948129
