,AUROC,Accuracy,Balanced Accuracy,F1-Score,MCC,Sensitivity,Specificity,Precision,Negative Predictive Value,Test Cases,Negative Test Cases,Positive Test Cases
"(0, 0)",0.7969050569054311,0.7265258215962441,0.7260182274775898,0.7426836002208724,0.45120085862572656,0.7325708061002179,0.7194656488549618,0.7530795072788354,0.6972872996300863,3408.0,1572.0,1836.0
"(0, 1)",0.7933389088713936,0.731675815305134,0.7330585389575002,0.7403936269915652,0.46491261184814286,0.713855421686747,0.7522616562282533,0.7689811810512654,0.6947300771208226,3097.0,1437.0,1660.0
"(1, 0)",0.8045017097264439,0.7366318377381684,0.742011018237082,0.7326053042121685,0.4853566660187854,0.6708571428571428,0.8131648936170213,0.806872852233677,0.67982212340189,3254.0,1504.0,1750.0
"(1, 1)",0.8099355717672668,0.7366964011073516,0.7340491603018575,0.7584650112866818,0.469461305148586,0.7697594501718213,0.6983388704318937,0.7474972191323693,0.723331039229181,3251.0,1505.0,1746.0
"(2, 0)",0.787399561217178,0.7183313032886723,0.7286117746931576,0.7117482081645373,0.459928291414757,0.6298952013237727,0.8273283480625425,0.8180515759312321,0.6445974576271186,3284.0,1471.0,1813.0
"(2, 1)",0.8018102697594781,0.7280347718099969,0.7268382980729038,0.7432590855803048,0.45444851997376295,0.7534165181224005,0.7002600780234071,0.7333718912666282,0.7218498659517426,3221.0,1538.0,1683.0
mean,0.7989818463745321,0.7296493251409278,0.7317645029566818,0.7381924727426883,0.4642180421716267,0.7117257567103503,0.7518032492030132,0.771309037815668,0.6936029771601402,3252.5,1504.5,1748.0
std,0.007402230495795282,0.006363752820113301,0.005463700450701144,0.014095964386922542,0.01124061271188115,0.048151781057458494,0.051688749241390115,0.031074143226167025,0.02673306897888036,91.60558571033391,43.50766216043637,63.17436188834834
