,AUROC,Accuracy,Balanced Accuracy,F1-Score,MCC,Sensitivity,Specificity,Precision,Negative Predictive Value,Test Cases,Negative Test Cases,Positive Test Cases
"(0, 0)",0.8088287265712053,0.7335680751173709,0.7315480051223204,0.7539295392953929,0.46350377600171877,0.7576252723311547,0.705470737913486,0.750269687162891,0.7136422136422137,3408.0,1572.0,1836.0
"(0, 1)",0.799610550762549,0.729738456570875,0.7328405479957408,0.7323313079629037,0.4651169615773682,0.6897590361445783,0.7759220598469033,0.7805044308111793,0.6840490797546013,3097.0,1437.0,1660.0
"(1, 0)",0.7819335106382979,0.7074370006146281,0.7149148936170213,0.6936936936936936,0.4345806646865547,0.616,0.8138297872340425,0.7938144329896907,0.6455696202531646,3254.0,1504.0,1750.0
"(1, 1)",0.8185563204743258,0.7477699169486312,0.744954580569541,0.7692740574001127,0.49166982087120165,0.7829324169530355,0.7069767441860465,0.7560840707964602,0.7373527373527373,3251.0,1505.0,1746.0
"(2, 0)",0.795573213024898,0.7262484774665042,0.7319350802404119,0.7320417287630402,0.4622058231038491,0.6773303916161059,0.7865397688647179,0.7963683527885862,0.664179104477612,3284.0,1471.0,1813.0
"(2, 1)",0.8093964582720032,0.7457311393977025,0.742708002537422,0.7689703808180537,0.4909471585014853,0.809863339275104,0.6755526657997399,0.7320085929108485,0.7645327446651949,3221.0,1538.0,1683.0
mean,0.8023164632905465,0.7317488443526187,0.7331501850137428,0.7417067846555327,0.46800403412369623,0.7222517427199963,0.7440486273074894,0.7681749279099427,0.701554250024254,3252.5,1504.5,1748.0
std,0.011722677516262867,0.013421688811305994,0.009724203632128515,0.026265388205780702,0.019432724998515644,0.06704769355975167,0.050406841309014724,0.023731344701782675,0.04129477894375972,91.60558571033391,43.50766216043637,63.17436188834834
