,AUROC,Accuracy,Balanced Accuracy,F1-Score,MCC,Sensitivity,Specificity,Precision,Negative Predictive Value,Test Cases,Negative Test Cases,Positive Test Cases
"(0, 0)",0.8048939571587753,0.738849765258216,0.738416571038933,0.7542794036443953,0.4759517086914339,0.7440087145969498,0.732824427480916,0.7648376259798432,0.7102342786683107,3408.0,1572.0,1836.0
"(0, 1)",0.7855666926578967,0.7271553115918631,0.730711363198095,0.7280334728033473,0.46121685642327503,0.6813253012048193,0.7800974251913709,0.7816171389080857,0.6793939393939394,3097.0,1437.0,1660.0
"(1, 0)",0.7826270896656535,0.7255685310387215,0.7327534194528875,0.7142400000000001,0.46984463164843954,0.6377142857142857,0.8277925531914894,0.8116363636363636,0.6625864821713677,3254.0,1504.0,1750.0
"(1, 1)",0.8249928645637109,0.74930790525992,0.7441852853984237,0.7770177838577291,0.4946074265452901,0.8132875143184422,0.6750830564784053,0.7438449449973809,0.7570789865871833,3251.0,1505.0,1746.0
"(2, 0)",0.7791719145997092,0.7049330085261876,0.7122453479159316,0.7060964513193814,0.4241507224059684,0.6420297848869277,0.7824609109449354,0.784366576819407,0.6394444444444445,3284.0,1471.0,1813.0
"(2, 1)",0.812452722744928,0.7389009624340267,0.7353878029124721,0.7650181614976251,0.47786703352320986,0.8134284016636958,0.6573472041612484,0.7220464135021097,0.7630188679245283,3221.0,1538.0,1683.0
mean,0.7982842068984456,0.7307859140181558,0.7322832983194573,0.7407808788537465,0.46727306320626943,0.7219656670641869,0.7426009295747277,0.7680581773071983,0.7019594998649623,3252.5,1504.5,1748.0
std,0.01698012681287835,0.01403993677978568,0.009942532622756142,0.02630808953687156,0.02174682120307639,0.07340604812376131,0.06079317246525382,0.029047669545880877,0.04619243697926626,91.60558571033391,43.50766216043637,63.17436188834834
