,AUROC,Accuracy,Balanced Accuracy,F1-Score,MCC,Sensitivity,Specificity,Precision,Negative Predictive Value,Test Cases,Negative Test Cases,Positive Test Cases
"(0, 0)",0.7618540277292709,0.6945422535211268,0.6972945666816345,0.700086430423509,0.3937263529087564,0.6617647058823529,0.732824427480916,0.7431192660550459,0.649746192893401,3408.0,1572.0,1836.0
"(0, 1)",0.7744902365201934,0.7003551824346141,0.7036079600238113,0.7019910083493898,0.4069173349187834,0.658433734939759,0.7487821851078637,0.7517193947730398,0.6548995739500914,3097.0,1437.0,1660.0
"(1, 0)",0.7672082066869301,0.704978488014751,0.7086101823708206,0.706601466992665,0.41689546494046154,0.6605714285714286,0.7566489361702128,0.759526938239159,0.6570438799076213,3254.0,1504.0,1750.0
"(1, 1)",0.7865800519840318,0.7243924946170409,0.7232822626373334,0.742084052964882,0.44622383977844016,0.7382588774341352,0.7083056478405315,0.7459490740740741,0.6999343401181878,3251.0,1505.0,1746.0
"(2, 0)",0.7785192898332648,0.7146772228989038,0.7177363200962308,0.7270608796970579,0.4331436426864958,0.6883618312189741,0.7471108089734875,0.7703703703703704,0.6604567307692307,3284.0,1471.0,1813.0
"(2, 1)",0.7967717409697063,0.724619683328159,0.7230381532760481,0.7420761849374818,0.4474539165406725,0.7581699346405228,0.6879063719115734,0.7266514806378133,0.7221843003412969,3221.0,1538.0,1683.0
mean,0.7775705922872329,0.7105942208024326,0.7122615741809799,0.7199833372274976,0.4240600919622683,0.6942600854478621,0.7302630629140975,0.7495560873582504,0.6740441696633049,3252.5,1504.5,1748.0
std,0.011652128062246983,0.011531239312433434,0.009830158421059235,0.01791327446921302,0.01994306631306452,0.03985296854062988,0.02451461019962528,0.013640603395184603,0.02713641058150354,91.60558571033391,43.50766216043637,63.17436188834834
