,AUROC,Accuracy,Balanced Accuracy,F1-Score,MCC,Sensitivity,Specificity,Precision,Negative Predictive Value,Test Cases,Negative Test Cases,Positive Test Cases
"(0, 0)",0.7746144400649715,0.7136150234741784,0.71138302649304,0.7357877639415268,0.42322763024147525,0.7401960784313726,0.6825699745547074,0.7314316469321851,0.692258064516129,3408.0,1572.0,1836.0
"(0, 1)",0.7830206001458863,0.7213432353890862,0.7229525618130141,0.7293822514894952,0.44478293755606074,0.7006024096385542,0.7453027139874739,0.7606278613472858,0.6830357142857143,3097.0,1437.0,1660.0
"(1, 0)",0.7748208586626141,0.7120467117393977,0.7168639817629179,0.7092770710518149,0.4344372264764587,0.6531428571428571,0.7805851063829787,0.7759674134419552,0.6591802358225716,3254.0,1504.0,1750.0
"(1, 1)",0.7874916753243294,0.7148569670870502,0.710231835081991,0.7442758620689656,0.42450069028617254,0.7726231386025201,0.6478405315614618,0.717935071846727,0.7106413994169096,3251.0,1505.0,1746.0
"(2, 0)",0.777583942243552,0.7101096224116931,0.7163566402179591,0.7142857142857143,0.4315729546721645,0.6563706563706564,0.7763426240652618,0.783410138248848,0.6470254957507082,3284.0,1471.0,1813.0
"(2, 1)",0.7754993907560266,0.718720894132257,0.7163851472732372,0.7405498281786941,0.43565332898092773,0.768270944741533,0.6644993498049415,0.714759535655058,0.7237960339943342,3221.0,1538.0,1683.0
mean,0.7788384845328965,0.7151154090389437,0.7156955321070265,0.7289264151693685,0.43236246136887657,0.7152010141545823,0.7161900500594709,0.74735527791201,0.6859894906310612,3252.5,1504.5,1748.0
std,0.004814476343632945,0.0038422670340327843,0.0041511459786384335,0.013028443181794745,0.00724889179708677,0.048757591288111496,0.053364309683648484,0.02731410406830813,0.026839026874865196,91.60558571033391,43.50766216043637,63.17436188834834
