,AUROC,Accuracy,Balanced Accuracy,F1-Score,MCC,Sensitivity,Specificity,Precision,Negative Predictive Value,Test Cases,Negative Test Cases,Positive Test Cases
"(0, 0)",0.7912886599366917,0.721244131455399,0.7229456668163448,0.7304199772985244,0.4445710680819699,0.7009803921568627,0.7449109414758269,0.7624407582938388,0.6808139534883721,3408.0,1572.0,1836.0
"(0, 1)",0.779394613946391,0.7213432353890862,0.7252429341583453,0.7208023293432545,0.4506156641398795,0.6710843373493975,0.7794015309672929,0.7784765897973445,0.6722689075630253,3097.0,1437.0,1660.0
"(1, 0)",0.7891185410334346,0.7028272894898586,0.7131060030395138,0.6762638098426516,0.4377547052690767,0.5771428571428572,0.8490691489361702,0.8164915117219078,0.6331184928111055,3254.0,1504.0,1750.0
"(1, 1)",0.8072085031567169,0.7323900338357429,0.7302692818516362,0.7528409090909091,0.4612000189080174,0.7588774341351661,0.7016611295681063,0.7468996617812852,0.7149627623561273,3251.0,1505.0,1746.0
"(2, 0)",0.8010911826100716,0.7186358099878197,0.7279898969711536,0.714638665843113,0.45751328496489957,0.6381687810259239,0.8178110129163834,0.8119298245614035,0.6471221086605702,3284.0,1471.0,1813.0
"(2, 1)",0.7888032779411958,0.720894132257063,0.7206494687562537,0.731079868381693,0.4410599379088534,0.7260843731431966,0.7152145643693107,0.736144578313253,0.7046764894298526,3221.0,1538.0,1683.0
mean,0.7928174631040835,0.7195557720691615,0.7233672085988744,0.7210075933000243,0.4487857798787827,0.6787230291589007,0.7680113880388485,0.7753971540781722,0.6754937857181754,3252.5,1504.5,1748.0
std,0.009017226974905146,0.008691408835357772,0.0055585123340420725,0.023259461230582524,0.008492822350192672,0.05942045628362006,0.05307791539441261,0.030423689043923965,0.029007906522792327,91.60558571033391,43.50766216043637,63.17436188834834
