,AUROC,Accuracy,Balanced Accuracy,F1-Score,MCC,Sensitivity,Specificity,Precision,Negative Predictive Value,Test Cases,Negative Test Cases,Positive Test Cases
"(0, 0)",0.7922490950013027,0.7300469483568075,0.7279141512414975,0.7509474824038984,0.4563259772023947,0.7554466230936819,0.700381679389313,0.7465016146393972,0.7103225806451613,3408.0,1572.0,1836.0
"(0, 1)",0.7883282608513386,0.7135938004520503,0.7169856880549337,0.714882674381228,0.43370546208444105,0.6698795180722892,0.7640918580375783,0.766368022053756,0.6670716889428918,3097.0,1437.0,1660.0
"(1, 0)",0.7636667933130699,0.6948371235402582,0.7028734802431611,0.6777020447906524,0.4114523505946471,0.5965714285714285,0.8091755319148937,0.7843726521412472,0.6328653146125846,3254.0,1504.0,1750.0
"(1, 1)",0.8038044243510558,0.7302368501999384,0.7245502772354846,0.7613605442176872,0.45588165843288564,0.8012600229095075,0.6478405315614618,0.7252462415759461,0.737518910741301,3251.0,1505.0,1746.0
"(2, 0)",0.7802593100738191,0.7034104750304506,0.7098405165803436,0.7069795427196149,0.41873376381238947,0.6480970766685052,0.7715839564921821,0.7776307081403044,0.6401579244218838,3284.0,1471.0,1813.0
"(2, 1)",0.7854078148578263,0.7143744178826451,0.7108254579760738,0.742873113471213,0.4279538173276428,0.7896613190730838,0.6319895968790638,0.7013192612137203,0.7330316742081447,3221.0,1538.0,1683.0
mean,0.7856192830747354,0.7144166025770251,0.7154982618885825,0.7257909003307157,0.4340088382424001,0.710152664731416,0.7208438590457488,0.7502397499607286,0.6868280155953279,3252.5,1504.5,1748.0
std,0.012197528206764278,0.01290837951263843,0.008675021775543757,0.028795977118685034,0.01710435277768979,0.07642778623514335,0.06568954490986213,0.02945987128924641,0.04230193545036077,91.60558571033391,43.50766216043637,63.17436188834834
