,AUROC,Accuracy,Balanced Accuracy,F1-Score,MCC,Sensitivity,Specificity,Precision,Negative Predictive Value,Test Cases,Negative Test Cases,Positive Test Cases
"(0, 0)",0.8080458611208124,0.7426643192488263,0.7420940810590564,0.7583356296500414,0.48339301253179223,0.7494553376906318,0.7347328244274809,0.7674288901282766,0.7151702786377709,3408.0,1572.0,1836.0
"(0, 1)",0.7827820677281149,0.7174685179205683,0.722656806767781,0.7116968698517299,0.4469721639516297,0.6506024096385542,0.7947112038970077,0.7854545454545454,0.6631823461091754,3097.0,1437.0,1660.0
"(1, 0)",0.7883531534954407,0.7206515058389674,0.7293970364741642,0.7026496565260059,0.4665948829211757,0.6137142857142858,0.8450797872340425,0.8217291507268554,0.652799178222907,3254.0,1504.0,1750.0
"(1, 1)",0.8212828182499725,0.7566902491541064,0.7528007063130535,0.7804607271718013,0.5094027786307016,0.8052691867124857,0.7003322259136212,0.7571351642434033,0.7560975609756098,3251.0,1505.0,1746.0
"(2, 0)",0.7934653531429292,0.7186358099878197,0.727861659298,0.7149907464528068,0.45710757501079347,0.6392719249862107,0.8164513936097892,0.8110566829951015,0.6474393530997304,3284.0,1471.0,1813.0
"(2, 1)",0.8061957060082967,0.7395218876125427,0.7375504838023006,0.7581435572211012,0.4774627145392553,0.7813428401663696,0.6937581274382315,0.7362821948488242,0.7435540069686412,3221.0,1538.0,1683.0
mean,0.8000208266242611,0.7326053816271384,0.735393462285726,0.7377128644789144,0.473488854597558,0.7066093308180896,0.7641775937533621,0.779847771399501,0.6963737873356391,3252.5,1504.5,1748.0
std,0.013107798181839148,0.014698468434563147,0.010062063662901409,0.029133733569014598,0.02009436859697787,0.07467176590312878,0.05789666524820087,0.029798021770739914,0.04385811884492529,91.60558571033391,43.50766216043637,63.17436188834834
