,MAE,MedAE,RMSE,MaxAE,MSE,PearsonCorr,R2Coeff,Test Cases
"(0, 0)",1.118634959327552,0.8303395415155279,1.512376523704756,7.269896585510827,2.287282749453282,0.7751757647968858,0.5950328211759781,4668.0
"(0, 1)",1.0688201463103277,0.8035453232090015,1.443104456609266,8.945472756791968,2.082550472685525,0.7724802777922439,0.5961984514686185,4667.0
"(1, 0)",1.0964200690999175,0.8169988036698306,1.4860970828695101,7.821884256457795,2.2084845397132677,0.7756400224816282,0.5974457705884233,4668.0
"(1, 1)",1.096484550294337,0.8170618158916156,1.4894758465360147,8.269186963513143,2.2185382974141774,0.764637506702908,0.5833286777212134,4667.0
"(2, 0)",1.1080992351263743,0.8195878903783339,1.5011257928032666,8.64519483547612,2.2533786458192355,0.7636269324069962,0.5823951690217122,4668.0
"(2, 1)",1.107125129480888,0.8223857563903305,1.4987284847233198,7.794348295583502,2.246187070921058,0.7663734189469694,0.5851637215937856,4667.0
mean,1.0992640149398996,0.8183198551757734,1.4884846978743553,8.124330615555559,2.216070296001091,0.7696556538546052,0.5899274352616218,4667.5
std,0.015587036883421551,0.008002363821881561,0.021990911645031752,0.5622835815635345,0.06488621395960098,0.004942387111948291,0.006388630257265144,0.5
