,MAE,MedAE,RMSE,MaxAE,MSE,PearsonCorr,R2Coeff,Test Cases
"(0, 0)",1.1084870484229286,0.8317533717092862,1.4874852067079003,7.6896624311210005,2.212612240174845,0.7941115929850943,0.6082533578547379,4668.0
"(0, 1)",1.0885932788542614,0.850594822709,1.4489911937341797,8.734648749912918,2.099575479519203,0.7771236381737824,0.5928973434218439,4667.0
"(1, 0)",1.1054978593357752,0.8508858664088336,1.482725243528046,8.074315413466,2.198474147795303,0.7875132696946288,0.5992704270585869,4668.0
"(1, 1)",1.095297046694965,0.8513207896490009,1.4603594898024927,8.538939895222,2.132649839456197,0.7833322831577441,0.5994596849648341,4667.0
"(2, 0)",1.0892004655174112,0.8304982995065002,1.4482061688031633,8.216838053173001,2.0973011073595362,0.7922240522232237,0.6113200610672183,4668.0
"(2, 1)",1.107102949496654,0.8638825914689985,1.4672905466511454,7.089867395384001,2.152941548291817,0.7854177970905313,0.6023847385279162,4667.0
mean,1.0990297747203326,0.8464892902419364,1.4658429748711546,8.05737865637982,2.1489257270994835,0.7866204388875008,0.6022642688158562,4667.5
std,0.008325876523704987,0.011796289477535827,0.015169051399718478,0.5458332196114033,0.04452077713289776,0.0056385955427950924,0.006089049517357394,0.5
