,MAE,MedAE,RMSE,MaxAE,MSE,PearsonCorr,R2Coeff,Test Cases
"(0, 0)",0.9764182319627861,0.6888593578338624,1.3869541418919578,10.391566186523438,1.9236417917112572,0.8164849409809158,0.659416051800549,4668.0
"(0, 1)",0.9468665805871824,0.6680859427397461,1.339770199151786,9.3888654734625,1.7949841865352163,0.8139246674381649,0.651956865574747,4667.0
"(1, 0)",0.9418737673253904,0.6463574929237366,1.3424731665030307,9.463692143249512,1.8022342027806741,0.8224711387102557,0.6714955492449342,4668.0
"(1, 1)",0.9644309856578873,0.7003586864471436,1.340466823033158,9.428080799771704,1.7968513036526075,0.818334302465677,0.6625271650690285,4667.0
"(2, 0)",0.9567319643334562,0.6903214349611297,1.3366732579031246,9.710734906388678,1.7866953983933531,0.8203749159414168,0.6688827103070031,4668.0
"(2, 1)",0.9690745545599524,0.6793832114219664,1.3679264147031445,8.142462774646704,1.871222676042599,0.8173858923376741,0.654413890522251,4667.0
mean,0.9592326807377759,0.6788943543879308,1.352377333864367,9.420900380673755,1.8292715931859513,0.8181626429790173,0.6614487054197521,4667.5
std,0.012108770345012917,0.017636633807449717,0.01863169439041549,0.6662716913403496,0.050721596310569564,0.002734508375794657,0.0070838066478809995,0.5
