,MAE,MedAE,RMSE,MaxAE,MSE,PearsonCorr,R2Coeff,Test Cases
"(0, 0)",1.0245911043986384,0.7527459396434992,1.404203153287998,7.3891716318985,1.9717864957039564,0.813039437645084,0.6508919526458199,4668.0
"(0, 1)",0.9892133448417957,0.7384461099289167,1.3476856341975922,8.121934346825421,1.8162565686225665,0.8064519142996063,0.6478322016395932,4667.0
"(1, 0)",1.0050020634378756,0.7409203555640014,1.38274951187748,8.012862036412002,1.9119962125974093,0.8121246998315702,0.6514885442213996,4668.0
"(1, 1)",0.9916701306319851,0.745769708355998,1.3506926549200085,8.0560985604336,1.8243706480548612,0.8136265060856686,0.6573586621706574,4667.0
"(2, 0)",1.0025817586506005,0.7399281886761669,1.3652456863379099,9.120916483192,1.8638957840642705,0.8124434007066774,0.6545756367624053,4668.0
"(2, 1)",0.9930837710688024,0.7479579632447346,1.344378277104992,7.477523570335249,1.8073529519517861,0.8205246869095112,0.6662096483144992,4667.0
mean,1.0010236955049494,0.7442947109022194,1.3658258196209967,8.029751104849462,1.8659431101658084,0.8130351075796863,0.6547261076257291,4667.5
std,0.011997872678166994,0.005027876060775546,0.02151605499251357,0.5650097894557276,0.059101227717024064,0.004102051570746261,0.005937636912331207,0.5
