,MAE,MedAE,RMSE,MaxAE,MSE,PearsonCorr,R2Coeff,Test Cases
"(0, 0)",1.0869812896897135,0.7437266977213504,1.5358728332108644,7.852952417830637,2.358905359795168,0.7708294937583857,0.5823519200249951,4668.0
"(0, 1)",1.0604622053044794,0.7497218277454376,1.4889991804364258,10.079143479001944,2.2171185593403475,0.7630923034122868,0.5701060217835647,4667.0
"(1, 0)",1.081620101440229,0.7747462179183962,1.5129510075976063,8.514215594005584,2.2890207513906122,0.7691013291247331,0.5827659337824522,4668.0
"(1, 1)",1.0803436464643168,0.7490349182128906,1.5141067258164338,10.255324407947485,2.2925191771625615,0.7677563718537853,0.5694340737722818,4667.0
"(2, 0)",1.0644740626000617,0.7459808611869811,1.4891455297841525,8.170650217010742,2.217554408876124,0.7728173232002264,0.5890342549300263,4668.0
"(2, 1)",1.0771161922606196,0.7827301989218505,1.490745627899062,9.486512228382056,2.222322527100169,0.7741422593339473,0.5895711365739013,4667.0
mean,1.0751662496265701,0.7576567869511509,1.5053034841240909,9.059799724029743,2.2662401306108304,0.7696231801138942,0.5805438901445369,4667.5
std,0.009507776396664168,0.015211834565963187,0.017365232353856515,0.9305154334448602,0.05245374761571083,0.003616846501407531,0.008105153072899463,0.5
