,MAE,MedAE,RMSE,MaxAE,MSE,PearsonCorr,R2Coeff,Test Cases
"(0, 0)",1.0051070510479154,0.7335602795234977,1.3787394574991523,6.885306458475,1.900922491665057,0.8269881555393247,0.6634385413011432,4668.0
"(0, 1)",0.9872592523303144,0.7417973066319998,1.3425088831190073,8.8061868429868,1.8023301012534443,0.8106431844013967,0.6505325103058084,4667.0
"(1, 0)",1.0086092968500755,0.7499923369101338,1.3814640457294458,8.0949052907584,1.9084429096431683,0.817035917936669,0.6521362268774874,4668.0
"(1, 1)",0.9919288777442017,0.754839169836999,1.3530456900741363,9.764567967844,1.8307326394281958,0.8162406277290846,0.6561637946486754,4667.0
"(2, 0)",0.995869185066486,0.7396185012668332,1.351987772713224,7.915255483571919,1.8278709375660638,0.8208043486508994,0.6612519004080266,4668.0
"(2, 1)",1.005810965493905,0.7550714995349994,1.3645959242285484,6.5120236718811055,1.8621220364211661,0.8158320303292158,0.6560946389873035,4667.0
mean,0.9990974380888162,0.7458131822840772,1.3620569622272523,7.996374285919537,1.855403519329516,0.817924044097765,0.6566029354214074,4667.5
std,0.007891080114857047,0.008054865809261725,0.01429513825694625,1.0982078094156307,0.038973870133681726,0.005024346869962036,0.004575134594987561,0.5
