,MAE,MedAE,RMSE,MaxAE,MSE,PearsonCorr,R2Coeff,Test Cases
"(0, 0)",0.9443385170776234,0.6328998630523683,1.3651770737465372,7.316645152282715,1.863708442683158,0.823680498416488,0.6700273499792224,4668.0
"(0, 1)",0.9402481649987035,0.6508903741836548,1.350669101899246,9.705596807195105,1.8243070228253158,0.8098143108847776,0.6462712378521183,4667.0
"(1, 0)",0.9509928809775616,0.6558600634679077,1.363121908377232,8.307735239934921,1.8581013370979866,0.8156246508177762,0.661312298785115,4668.0
"(1, 1)",0.9337595568638806,0.6594041848182678,1.3292733961149883,9.770737054540076,1.7669677616190744,0.8201626340954843,0.6681396960710846,4667.0
"(2, 0)",0.9287571936314651,0.6483226726605775,1.3272839895927986,9.741574170781531,1.7616827890293763,0.8229961169195588,0.6735181436484654,4668.0
"(2, 1)",0.9393817400287221,0.6298440739996338,1.354773364073555,7.9833439880371095,1.8354108680031775,0.817361430040159,0.6610277818416324,4667.0
mean,0.939579675596326,0.6462035386970684,1.348383138967393,8.804272068795242,1.8183630368763481,0.8182732735290407,0.6633827513629397,4667.5
std,0.0071226608303814045,0.01109491291198048,0.015031547651147252,0.979666751335603,0.04044630733483766,0.004734865782270605,0.008870756642508762,0.5
