,MAE,MedAE,RMSE,MaxAE,MSE,PearsonCorr,R2Coeff,Test Cases
"(0, 0)",0.8974693376459765,0.6111334323883056,1.2869276466089248,8.54085016937256,1.6561827676063856,0.8418451396593891,0.70677011262607,4668.0
"(0, 1)",0.9116774290856997,0.624117374420166,1.3089353249312814,10.371773483945288,1.7133116848529593,0.8223051099033012,0.6677929680290606,4667.0
"(1, 0)",0.9469180035254343,0.6647698318481448,1.347734651161591,7.810093283355814,1.8163886899416555,0.8229843456521004,0.6689155227293107,4668.0
"(1, 1)",0.9077694548739843,0.6332453155517577,1.290242496184947,9.9258265521063,1.6647256989615629,0.8305781674375271,0.6873421301645911,4667.0
"(2, 0)",0.9150051774284927,0.6510942983143677,1.287807146024059,10.210062029553809,1.658447245350632,0.8334053513897343,0.6926501531972822,4668.0
"(2, 1)",0.9270954689456672,0.649804630279541,1.3164715268309322,7.668194777679443,1.733097280956566,0.8261509513075468,0.6799235311005765,4667.0
mean,0.9176558119175425,0.6390274804670472,1.3063531319569561,9.087800049335536,1.7070255612782936,0.829544844224933,0.6838990696411485,4667.5
std,0.01577647883239223,0.01806583477785826,0.021611476223193968,1.1222979425200812,0.05688242937024242,0.00676068221302044,0.013609058443296566,0.5
