,MAE,MedAE,RMSE,MaxAE,MSE,PearsonCorr,R2Coeff,Test Cases
"(0, 0)",1.125394586189897,0.8527102944304866,1.525688541084516,7.810554207110748,2.327725524396599,0.7683038192599358,0.5878723612474779,4668.0
"(0, 1)",1.0927657834873998,0.8229518189765608,1.4776644529431076,8.893790348007435,2.1834922354916535,0.7595085477556343,0.5766260854360968,4667.0
"(1, 0)",1.110783393556022,0.8387062568954725,1.5031202002782258,7.650990353935066,2.2593703364844537,0.7682287176336673,0.588170499542207,4668.0
"(1, 1)",1.1013186000358666,0.8139279895906666,1.4957699295311497,8.942819323311445,2.2373276820896204,0.7614732470926102,0.5797997786408384,4667.0
"(2, 0)",1.1116956226779435,0.831285536897257,1.5005479237240125,7.787099427499594,2.251644071392445,0.7636938479427633,0.5827166270517077,4668.0
"(2, 1)",1.08830991963012,0.8079188252469591,1.4741296660147056,8.295982374233976,2.1730582722246274,0.773989149675438,0.5986694883610677,4667.0
mean,1.1050446509295415,0.8279167870062336,1.4961534522626196,8.230206005683044,2.238769687013233,0.765866221560008,0.5856424733798992,4667.5
std,0.01248995416204205,0.015070583830265752,0.01716200151143768,0.5260592953592846,0.05144405309783329,0.004863857855312687,0.007130443483193043,0.5
