,MAE,MedAE,RMSE,MaxAE,MSE,PearsonCorr,R2Coeff,Test Cases
"(0, 0)",1.1282953895433196,0.8540412737216374,1.5269020900371877,7.617840823820249,2.331429992559932,0.768096970217192,0.5872164790564777,4668.0
"(0, 1)",1.1005435733316669,0.8173253564647824,1.4847172821828354,8.672600376912627,2.2043854080123855,0.7568922388403133,0.5725749493276282,4667.0
"(1, 0)",1.1159079654744257,0.8535928058857156,1.5066222758088805,7.659704422389092,2.2699106819635304,0.7670699416921084,0.5862492451364087,4668.0
"(1, 1)",1.105936203122329,0.8222846157250023,1.4989982481054032,8.953997626786938,2.2469957478230675,0.7602526021174635,0.5779839859012095,4667.0
"(2, 0)",1.114555633739335,0.8431528494509015,1.5014984359923753,8.615216050081075,2.2544975532875493,0.7634026262740442,0.5821878087695627,4668.0
"(2, 1)",1.0982887643904622,0.8200466117976668,1.4856403723841258,8.142994841659121,2.207127316057644,0.7699850153167823,0.5923774588433519,4667.0
mean,1.1105879216002565,0.835073918840951,1.5007297840851346,8.277059023608183,2.2523911166173516,0.7642832324096506,0.5830983211724398,4667.5
std,0.010258303241814511,0.015665123395261125,0.01418561867302923,0.5103458880439491,0.04270243135121513,0.004591094761782786,0.006464218890513564,0.5
