,MAE,MedAE,RMSE,MaxAE,MSE,PearsonCorr,R2Coeff,Test Cases
"(0, 0)",1.1325255816415587,0.8557406270618266,1.5345709093715931,7.691586058377349,2.3549078758895585,0.7659133055723011,0.5830596811358748,4668.0
"(0, 1)",1.098766351458456,0.8089964519373312,1.4855549148500349,9.01767359818688,2.2068734050350947,0.7565660953840156,0.5720925326641723,4667.0
"(1, 0)",1.1185202121299174,0.8427689131748104,1.51485999213658,7.404208494428971,2.294800795776039,0.7645107738012235,0.5817123690996575,4668.0
"(1, 1)",1.1016639571162972,0.8185895243080012,1.4960235347265476,8.954576322964039,2.2380864164557135,0.76139749062356,0.5796572781250948,4667.0
"(2, 0)",1.111823999827931,0.8278825245794386,1.5040692949124908,8.557774070329117,2.262224443898557,0.7626516168061984,0.5807558315678685,4668.0
"(2, 1)",1.098654642034973,0.8220756094609589,1.4810103442004048,8.07720019447156,2.1933916396286013,0.771916320742739,0.5949142274700538,4667.0
mean,1.1103257907015223,0.8293422750870612,1.5026814983662753,8.283836456459651,2.2583807627805936,0.763825933821673,0.5820319866771203,4667.5
std,0.01229557914308287,0.01560799510478388,0.018140486440008274,0.6097342543781556,0.05469175863543278,0.004659436627527119,0.006747480984151795,0.5
