,MAE,MedAE,RMSE,MaxAE,MSE,PearsonCorr,R2Coeff,Test Cases
"(0, 0)",1.0127794253980742,0.6969870416641235,1.4273116734367393,7.571090025735677,2.0372186131287853,0.8034469803219657,0.6393070884639216,4668.0
"(0, 1)",1.0095558011677606,0.7177492713928222,1.4136167637343997,9.96839154024259,1.9983123547109178,0.7932333860265969,0.6125320207768579,4667.0
"(1, 0)",1.026189625654044,0.7150121257781983,1.4392944442563134,7.627936405969441,2.0715684972670902,0.7965007501128099,0.6224023102290221,4668.0
"(1, 1)",1.0037820769581283,0.7150147880554198,1.4121739068896948,8.424719395829596,1.9942351433001047,0.7976516955532679,0.6254558259994047,4667.0
"(2, 0)",1.0254682138687032,0.728370923614502,1.4410821696400353,10.037043812467017,2.076717819654432,0.7901396253702018,0.6151346354171684,4668.0
"(2, 1)",1.0359719374243486,0.7314241600036624,1.4417838237545335,7.696116968524878,2.078740594440244,0.7921060760351714,0.6160885158973388,4667.0
mean,1.0189578467451763,0.7174263850847881,1.4292104636186194,8.5542163581282,2.0427988370835957,0.7955130855700022,0.6218200661306189,4667.5
std,0.011113341291143043,0.011144775230088399,0.012501510574589831,1.0627248519682924,0.03568057131169968,0.00436223639781147,0.008973731539828795,0.5
