,MAE,MedAE,RMSE,MaxAE,MSE,PearsonCorr,R2Coeff,Test Cases
"(0, 0)",1.082978117746453,0.7839256171718999,1.474424067341227,7.651651574478288,2.173926330355047,0.7874299121438069,0.6151027619188872,4668.0
"(0, 1)",1.0328818802211424,0.7534408606587778,1.4170092973105444,9.789093814508211,2.0079153486645227,0.7816058216878368,0.6106700232503333,4667.0
"(1, 0)",1.0764522922942998,0.7986579180167382,1.4621921391132657,8.253830389540916,2.138005851684628,0.7827583081664095,0.6102923599301769,4668.0
"(1, 1)",1.0517023209496548,0.7759566385329262,1.4335449090975216,8.442803194690221,2.0550510063994216,0.7844587690411354,0.6140337891913616,4667.0
"(2, 0)",1.0504357779001805,0.7805806523397334,1.4251138606894438,7.342927873763689,2.0309495159291715,0.7900861263232298,0.6236165941757691,4668.0
"(2, 1)",1.055571889299356,0.7783324568868666,1.4425500215534248,7.6010208854393255,2.0809505646837865,0.7862298111088231,0.6156803683111078,4667.0
mean,1.0583370464018478,0.7784823572678237,1.4424723825175712,8.180221288736776,2.0811331029527627,0.785428124745207,0.614899316129606,4667.5
std,0.01681965980434867,0.013382597218017548,0.020162555067364925,0.8143256590584648,0.05831614074801651,0.0028584495862700498,0.004406481396694223,0.5
