,MAE,MedAE,RMSE,MaxAE,MSE,PearsonCorr,R2Coeff,Test Cases
"(0, 0)",1.0380823870325997,0.7628661044264997,1.4204795135582455,7.209020987519853,2.01776204843867,0.8079933990668478,0.6427519052947426,4668.0
"(0, 1)",1.036913503979543,0.7897504088821075,1.3960882974337774,10.140841834973198,1.9490625342315435,0.7901480502117,0.6220814430046988,4667.0
"(1, 0)",1.0441320139399028,0.7703767275259998,1.4243094191677692,8.103746698453,2.0286573215300283,0.7984124072840559,0.6302239974409328,4668.0
"(1, 1)",1.0215474666781372,0.7775910407609996,1.384279496067265,9.754726133804763,1.9162297232322412,0.8026567438350615,0.6401062927335028,4667.0
"(2, 0)",1.0326278010098584,0.7697965531931669,1.4012967315594136,9.724071549749999,1.9636325298790953,0.8010399011283263,0.6360920379426508,4668.0
"(2, 1)",1.0318988456202802,0.7774177414753298,1.3914376503453694,7.459581635918834,1.9360987347986423,0.8045866485914739,0.6424322781621619,4667.0
mean,1.0342003363767203,0.7746330960440172,1.4029818513553067,8.73199814006994,1.9685738153517036,0.8008061916862443,0.6356146590964483,4667.5
std,0.006939436261279634,0.008416330811855707,0.014688094476121696,1.1795638881348756,0.04128993262832321,0.005608819708852463,0.007416536109519061,0.5
