,MAE,MedAE,RMSE,MaxAE,MSE,PearsonCorr,R2Coeff,Test Cases
"(0, 0)",1.1123513168756742,0.7795014910039062,1.5545373090697743,8.081232008437325,2.4165862452898947,0.7630120477128894,0.572139424225578,4668.0
"(0, 1)",1.0878468831091777,0.7630887889862059,1.52102903405638,10.113694667351668,2.313529322442484,0.7532573528917382,0.5514122057410022,4667.0
"(1, 0)",1.0901389854317372,0.7875619945526124,1.5181828289938464,8.460434740257263,2.3048791022517587,0.7671127470167451,0.5798753334201441,4668.0
"(1, 1)",1.078583726715153,0.7730760590076446,1.5114631228426147,10.258271589410727,2.284520771713149,0.7667059395631556,0.5709362818606494,4667.0
"(2, 0)",1.0747856767527675,0.7565886553708174,1.5017984144531558,8.254293176605469,2.255398477654013,0.7690589594672848,0.5820208459874845,4668.0
"(2, 1)",1.104686046221458,0.7942079734802245,1.531314352825848,9.549675628078406,2.3449236471704458,0.7617864197149742,0.5669285913305382,4667.0
mean,1.0913987725176613,0.7756708270669019,1.52305417704027,9.119600301690141,2.3199729277536245,0.7634889110611311,0.5705521137608994,4667.5
std,0.01335405112840286,0.01309496994844915,0.016700345918888363,0.8879963462970453,0.051076299324398194,0.005201242746902566,0.01000489361223826,0.5
