,PRC-AUC,AUROC,Accuracy,Balanced Accuracy,F1-Score,MCC,Sensitivity,Specificity,Precision,Negative Predictive Value,Test Cases,Negative Test Cases,Positive Test Cases
"(0, 0)",0.521583575961081,0.4791088049582287,0.4879694835680751,0.4874623725656505,0.5096937341949986,-0.025001460182914367,0.4940087145969499,0.48091603053435117,0.526407428903076,0.44866468842729973,3408.0,1572.0,1836.0
"(0, 1)",0.5607827497718767,0.5192087766514911,0.5234097513722957,0.5234499584978747,0.5404732254047322,0.0467782964511731,0.5228915662650603,0.524008350730689,0.5592783505154639,0.487378640776699,3097.0,1437.0,1660.0
"(1, 0)",0.5480212251423846,0.506056990881459,0.503380454824831,0.5041242401215805,0.5170352659892409,0.008226368775569023,0.4942857142857143,0.5139627659574468,0.5419799498746867,0.4662243667068758,3254.0,1504.0,1750.0
"(1, 1)",0.5199000025655119,0.473965171459777,0.48262073208243617,0.4828342333496973,0.4991066110780226,-0.03423825122508475,0.47995418098510884,0.4857142857142857,0.5198511166253101,0.44600366076876147,3251.0,1505.0,1746.0
"(2, 0)",0.5538308923123233,0.4968926736917414,0.49786845310596833,0.500986905133744,0.5087876079833185,0.0019665834050114537,0.47104247104247104,0.530931339225017,0.5531088082901554,0.44885057471264367,3284.0,1471.0,1813.0
"(2, 1)",0.5191007213808769,0.4910765267607615,0.4954982924557591,0.4967005401679922,0.4932959151855316,-0.006601758941089535,0.46999405822935236,0.523407022106632,0.5190288713910761,0.474366529169122,3221.0,1538.0,1683.0
mean,0.5372031945223424,0.4943848240672432,0.4984578612348943,0.4992597083060899,0.5113987266393073,-0.0014783702862225115,0.48869611756744274,0.5098232990447369,0.5366090875999614,0.46191474342690025,3252.5,1504.5,1748.0
std,0.017419232741372637,0.015384089255242542,0.01301765419379251,0.013085219286669132,0.015086582790003479,0.026100926610375892,0.018104491637095106,0.0194306135888214,0.01585848804724043,0.015391712609213418,91.60558571033391,43.50766216043637,63.17436188834834
