,AUROC,Accuracy,Balanced Accuracy,F1-Score,MCC,Sensitivity,Specificity,Precision,Negative Predictive Value,Test Cases,Negative Test Cases,Positive Test Cases
"(0, 0)",0.8113950839029419,0.7370892018779343,0.7357306790400638,0.7553249590387766,0.4712540395746505,0.7532679738562091,0.7181933842239185,0.7573932092004381,0.713653603034134,3408.0,1572.0,1836.0
"(0, 1)",0.7938381920165003,0.7164998385534388,0.7223140998230919,0.7081117021276596,0.44723891039649194,0.641566265060241,0.8030619345859429,0.7900593471810089,0.6598056032018296,3097.0,1437.0,1660.0
"(1, 0)",0.7930782674772037,0.7148125384142594,0.725604103343465,0.6873315363881402,0.46484418403739464,0.5828571428571429,0.8683510638297872,0.8374384236453202,0.6414538310412574,3254.0,1504.0,1750.0
"(1, 1)",0.8295167311710109,0.7551522608428176,0.7509561484627416,0.7798672566371682,0.5062914148932028,0.8075601374570447,0.6943521594684385,0.7540106951871658,0.7566980448950036,3251.0,1505.0,1746.0
"(2, 0)",0.7964163194812899,0.7021924482338612,0.7144439490753951,0.6887332908975174,0.434523389988405,0.5968008825151683,0.832087015635622,0.8141459744168548,0.6260869565217392,3284.0,1471.0,1813.0
"(2, 1)",0.8134262768432431,0.7460416019869606,0.7433131900354419,0.7678774120317821,0.49118990964463544,0.803921568627451,0.682704811443433,0.734926670287887,0.7608695652173914,3221.0,1538.0,1683.0
mean,0.8062784784820316,0.7286313149848785,0.7320603616300333,0.7312076928535074,0.4692236414224635,0.6976623283955429,0.7664583948645237,0.7813290533197791,0.6930946006518925,3252.5,1504.5,1748.0
std,0.013188097781428093,0.018775691264609706,0.01254431490494557,0.0377639172927934,0.024383309801315877,0.09395084937666644,0.07138222718147459,0.03599497246220496,0.05373773864718109,91.60558571033391,43.50766216043637,63.17436188834834
