,AUROC,Accuracy,Balanced Accuracy,F1-Score,MCC,Sensitivity,Specificity,Precision,Negative Predictive Value,Test Cases,Negative Test Cases,Positive Test Cases
"(0, 0)",0.8120580682089064,0.7464788732394366,0.7476924612084019,0.7567567567567567,0.4939085820085148,0.7320261437908496,0.7633587786259542,0.7832167832167832,0.7092198581560284,3408.0,1572.0,1836.0
"(0, 1)",0.7983633909332528,0.7287697772037456,0.7324978410510519,0.7290322580645161,0.4649313677506588,0.6807228915662651,0.7842727905358385,0.7847222222222222,0.68014484007242,3097.0,1437.0,1660.0
"(1, 0)",0.7939424392097263,0.7258758451137062,0.7339270516717326,0.711139896373057,0.4740537388768143,0.6274285714285714,0.8404255319148937,0.820627802690583,0.6597077244258872,3254.0,1504.0,1750.0
"(1, 1)",0.8189035783737295,0.7425407566902491,0.7403155955901102,0.7626878366884038,0.48151707704609586,0.7703321878579611,0.7102990033222591,0.755193711398091,0.7272108843537415,3251.0,1505.0,1746.0
"(2, 0)",0.7906649348331392,0.7201583434835567,0.7286635197191671,0.7185298621745789,0.4579162708807433,0.6469939327082185,0.8103331067301156,0.8078512396694215,0.6506550218340611,3284.0,1471.0,1813.0
"(2, 1)",0.8215583510466093,0.7534927041291525,0.75229190860645,0.7675644028103046,0.5055368251361497,0.7789661319073083,0.7256176853055917,0.7564916330063474,0.75,3221.0,1538.0,1683.0
mean,0.8059151271008939,0.7362193833099745,0.7392313963078191,0.7409518354779361,0.47964397694982946,0.7060783098765291,0.7723844827391088,0.7846838987005746,0.6961563881403564,3252.5,1504.5,1748.0
std,0.012138701097643548,0.012000186949996732,0.008450827798166496,0.022226301802875388,0.01631579955562422,0.05835827239543147,0.04533986055221916,0.024136137533631714,0.03579902143879408,91.60558571033391,43.50766216043637,63.17436188834834
