,PRC-AUC,AUROC,Accuracy,Balanced Accuracy,F1-Score,MCC,Sensitivity,Specificity,Precision,Negative Predictive Value,Test Cases,Negative Test Cases,Positive Test Cases
"(0, 0)",0.5499220600383408,0.49919755858238124,0.4953051643192488,0.4955969665219777,0.5121951219512194,-0.008779901839876626,0.4918300653594771,0.4993638676844784,0.5343195266272189,0.45692665890570433,3408.0,1572.0,1836.0
"(0, 1)",0.5513388280770725,0.5159632266016048,0.5101711333548595,0.5116614684206555,0.5179536066094693,0.023280764732078553,0.49096385542168675,0.5323590814196242,0.5480833893745797,0.4751552795031056,3097.0,1437.0,1660.0
"(1, 0)",0.535298791110546,0.49348290273556233,0.4849416103257529,0.48576633738601827,0.49790293588975437,-0.028394018300959917,0.47485714285714287,0.4966755319148936,0.5232997481108312,0.44837935174069626,3254.0,1504.0,1750.0
"(1, 1)",0.5442561441105918,0.4981322281969609,0.5032297754537065,0.5013789468476594,0.5322907616565306,0.0027537688507944962,0.5263459335624284,0.4764119601328904,0.5383714118336262,0.4643782383419689,3251.0,1505.0,1746.0
"(2, 0)",0.5613351640035364,0.49862575709909884,0.4948233861144945,0.49560017293337677,0.5161854768153981,-0.008752903486449188,0.4881412024269167,0.5030591434398368,0.5476485148514851,0.44364508393285373,3284.0,1471.0,1813.0
"(2, 1)",0.5366961701022643,0.5081112123298309,0.5097795715616268,0.508377973879389,0.5349042709867452,0.016772303918148098,0.5395127748068924,0.47724317295188556,0.530373831775701,0.48641484426772696,3221.0,1538.0,1683.0
mean,0.546474526240392,0.5022521475909064,0.4997084401882815,0.4997303109981794,0.5185720289848528,-0.000519997687710764,0.501941829072424,0.49751879292393486,0.5370160704289071,0.4624832427820092,3252.5,1504.5,1748.0
std,0.00896121271651775,0.007513065734751509,0.008987095316435295,0.008650507951806056,0.012442535815410842,0.01726839750132009,0.022927194454741225,0.018731683195517317,0.008915338412923673,0.014841185196438683,91.60558571033391,43.50766216043637,63.17436188834834
