,AUROC,Accuracy,Balanced Accuracy,F1-Score,MCC,Sensitivity,Specificity,Precision,Negative Predictive Value,Test Cases,Negative Test Cases,Positive Test Cases
"(0, 0)",0.7659907934052899,0.7086267605633803,0.7086285319895558,0.7237830319888735,0.4162201099060967,0.7086056644880174,0.7086513994910941,0.7396247868106879,0.6755609460278957,3408.0,1572.0,1836.0
"(0, 1)",0.7659829296308407,0.6961575718437197,0.6953452641463558,0.713720717979921,0.3901780795235195,0.7066265060240964,0.6840640222686152,0.720958819913952,0.6687074829931973,3097.0,1437.0,1660.0
"(1, 0)",0.7740837765957447,0.7203441917639828,0.7206994680851064,0.7336065573770492,0.4402622786397218,0.716,0.7253989361702128,0.7521008403361344,0.6870277078085643,3254.0,1504.0,1750.0
"(1, 1)",0.7855154448896957,0.7234697016302676,0.7209557298504793,0.7456859971711458,0.4429419129659525,0.7548682703321878,0.6870431893687707,0.7367244270542203,0.707250341997264,3251.0,1505.0,1746.0
"(2, 0)",0.763749084619241,0.71163215590743,0.7155555297247052,0.7218795888399413,0.42896582246480236,0.6778819635962493,0.7532290958531611,0.7719849246231156,0.6548463356973995,3284.0,1471.0,1813.0
"(2, 1)",0.7507554702536726,0.6957466625271654,0.6936443529612657,0.717741935483871,0.38929459929234644,0.7403446226975638,0.6469440832249674,0.6964784795975405,0.6948324022346368,3221.0,1538.0,1683.0
mean,0.7676795832324141,0.7093295073726575,0.7091381461262447,0.7260696381401335,0.41797713379873985,0.7173878378563524,0.700888454396137,0.736312046389275,0.6813708694598262,3252.5,1504.5,1748.0
std,0.010541479321248892,0.01068533238378118,0.011143482319904537,0.010694533141601003,0.021753089800904533,0.02479035368736314,0.03362865306704458,0.023648182344701184,0.01722704870240045,91.60558571033391,43.50766216043637,63.17436188834834
