,PRC-AUC,AUROC,Accuracy,Balanced Accuracy,F1-Score,MCC,Sensitivity,Specificity,Precision,Negative Predictive Value,Test Cases,Negative Test Cases,Positive Test Cases
"(0, 0)",0.7982547424048546,0.7780918594466342,0.7089201877934272,0.7056079429227162,0.73475935828877,0.4128336628488798,0.7483660130718954,0.6628498727735369,0.7216386554621849,0.6928191489361702,3408.0,1572.0,1836.0
"(0, 1)",0.8081258559722981,0.7952436048997661,0.7093961898611559,0.714191840430616,0.7049180327868853,0.4295277089915624,0.6475903614457831,0.7807933194154488,0.7733812949640287,0.6572934973637962,3097.0,1437.0,1660.0
"(1, 0)",0.8104154432329369,0.7823305471124621,0.7062077443146896,0.7144262917933131,0.6892067620286086,0.4351366826082615,0.6057142857142858,0.8231382978723404,0.799396681749623,0.6421161825726142,3254.0,1504.0,1750.0
"(1, 1)",0.7993588651755931,0.7957027548492425,0.7299292525376807,0.7236219094046954,0.7628309022150189,0.45552834645704765,0.8087056128293242,0.6385382059800665,0.721881390593047,0.7420849420849421,3251.0,1505.0,1746.0
"(2, 0)",0.8247215981650788,0.7954571616803334,0.7134591961023142,0.7216985642255138,0.7123203913176399,0.4437812672755486,0.6425813568670712,0.8008157715839564,0.799039780521262,0.6451259583789705,3284.0,1471.0,1813.0
"(2, 1)",0.7893888410527347,0.7871126935228518,0.7100279416330332,0.7062460835695747,0.7401224262659989,0.4194400924811006,0.7902554961378491,0.6222366710013004,0.6959706959706959,0.7305343511450382,3221.0,1538.0,1683.0
mean,0.8050442243339161,0.7889897702518817,0.7129900853737169,0.7142987720577382,0.724026312150487,0.4327079601104001,0.7072021876777015,0.721395356437775,0.7518847498768069,0.6849956800802554,3252.5,1504.5,1748.0
std,0.011173308121083919,0.006983729801983451,0.00786776171193866,0.0068566489958517465,0.024476639790402856,0.014320293629452118,0.07844793786440746,0.08196815684214098,0.0405883629790561,0.0399787818845354,91.60558571033391,43.50766216043637,63.17436188834834
