,AUROC,Accuracy,Balanced Accuracy,F1-Score,MCC,Sensitivity,Specificity,Precision,Negative Predictive Value,Test Cases,Negative Test Cases,Positive Test Cases
"(0, 0)",0.7532520359005914,0.6992370892018779,0.7008286351011991,0.7090547828555209,0.400470255766784,0.6802832244008714,0.7213740458015268,0.7403675163011263,0.6589192330040674,3408.0,1572.0,1836.0
"(0, 1)",0.7562165153306337,0.6990636099451082,0.6996920877665149,0.7110973341599502,0.398372918285549,0.6909638554216867,0.708420320111343,0.7324393358876118,0.6649248856956238,3097.0,1437.0,1660.0
"(1, 0)",0.7742518996960486,0.7071296865396435,0.7081800911854104,0.7182973691989357,0.4151714996441491,0.6942857142857143,0.7220744680851063,0.7440293937538273,0.6699568167797656,3254.0,1504.0,1750.0
"(1, 1)",0.7821884287959571,0.7136265764380191,0.71399306625871,0.7267390666275315,0.4269103545894334,0.709049255441008,0.718936877076412,0.7453341360626129,0.680503144654088,3251.0,1505.0,1746.0
"(2, 0)",0.747890171557259,0.6976248477466505,0.6959445398311087,0.7222377622377623,0.3908032095578299,0.7120794263651407,0.6798096532970768,0.7326901248581158,0.657030223390276,3284.0,1471.0,1813.0
"(2, 1)",0.758409266689692,0.6991617510090035,0.698256758667529,0.7139061116031886,0.39678078958424107,0.7183600713012478,0.6781534460338101,0.7095070422535211,0.6875411997363217,3221.0,1538.0,1683.0
mean,0.7620347196616969,0.7026405934800505,0.7028158631350786,0.7168887377804816,0.4047515045713311,0.7008369245359449,0.7047948017342124,0.7340612581861358,0.6698125838766904,3252.5,1504.5,1748.0
std,0.012108059752885595,0.005809223712220233,0.006263816429149148,0.006210643392440098,0.01236051250935138,0.01331507502514998,0.018799912932024508,0.012066693501382576,0.011064629377072527,91.60558571033391,43.50766216043637,63.17436188834834
