,PRC-AUC,AUROC,Accuracy,Balanced Accuracy,F1-Score,MCC,Sensitivity,Specificity,Precision,Negative Predictive Value,Test Cases,Negative Test Cases,Positive Test Cases
"(0, 0)",0.5272052449194713,0.4742317905392296,0.4818075117370892,0.4818348883234379,0.5002829654782116,-0.036221278789865204,0.48148148148148145,0.4821882951653944,0.5206124852767963,0.4432748538011696,3408.0,1572.0,1836.0
"(0, 1)",0.5234351422545177,0.47844237073555174,0.4924120116241524,0.4907014278407995,0.5207317073170732,-0.018568675832296853,0.5144578313253012,0.46694502435629787,0.5271604938271605,0.45429925524712256,3097.0,1437.0,1660.0
"(1, 0)",0.5530514391390631,0.5129547872340425,0.5129071911493547,0.5108316869300912,0.5430959930815796,0.02163599681943426,0.5382857142857143,0.4833776595744681,0.5479930191972077,0.4736156351791531,3254.0,1504.0,1750.0
"(1, 1)",0.5623172928763756,0.5304589893177762,0.5235312211627192,0.5255069965331294,0.5293223944089941,0.05093612857911517,0.4988545246277205,0.5521594684385382,0.5637540453074433,0.48710433763188743,3251.0,1505.0,1746.0
"(2, 0)",0.55262607400218,0.48883376085473784,0.4887332521315469,0.4888661952369828,0.5129097766173484,-0.02214679253551057,0.4875896304467733,0.49014276002719237,0.5410036719706243,0.43696969696969695,3284.0,1471.0,1813.0
"(2, 1)",0.501646253823818,0.46926621064156443,0.4781123874573114,0.4785510965232529,0.4841976066278,-0.042864154189776356,0.46880570409982175,0.488296488946684,0.5006345177664975,0.45653495440729486,3221.0,1538.0,1683.0
mean,0.536713574502571,0.4923646515538171,0.4962505958770291,0.49604871523128224,0.5150900739218345,-0.007871462658149926,0.4982458143778021,0.4938516160847625,0.5335263722242883,0.45863312220605407,3252.5,1504.5,1748.0
std,0.02110341966674272,0.02215012404204303,0.016484928228784064,0.01670682595642276,0.019135774412113667,0.03335525670735365,0.0228316695729134,0.027123551252173486,0.020281654599209626,0.017143759385028264,91.60558571033391,43.50766216043637,63.17436188834834
