,PRC-AUC,AUROC,Accuracy,Balanced Accuracy,F1-Score,MCC,Sensitivity,Specificity,Precision,Negative Predictive Value,Test Cases,Negative Test Cases,Positive Test Cases
"(0, 0)",0.819309421353446,0.8053204707101953,0.7376760563380281,0.7358637263217416,0.757197175448126,0.4719515289084346,0.7592592592592593,0.712468193384224,0.7551462621885157,0.7170294494238156,3408.0,1572.0,1836.0
"(0, 1)",0.8280548479085006,0.8078573165312607,0.7484662576687117,0.7522736038098112,0.7487907126733312,0.5044545904581482,0.6993975903614458,0.8051496172581768,0.8056904927133934,0.6986714975845411,3097.0,1437.0,1660.0
"(1, 0)",0.8259886768684739,0.7962543693009118,0.7271051014136447,0.7361447568389058,0.7084701247537755,0.4809970368517884,0.6165714285714285,0.855718085106383,0.8325617283950617,0.6573033707865169,3254.0,1504.0,1750.0
"(1, 1)",0.8374593340199808,0.8229597409170653,0.7523838818824977,0.7487456854395238,0.7758284600389863,0.5007086293956351,0.797823596792669,0.6996677740863787,0.7550135501355013,0.7489331436699858,3251.0,1505.0,1746.0
"(2, 0)",0.8361887180713823,0.8080848228464039,0.7277710109622412,0.7369046650390731,0.7247536945812807,0.475022784112331,0.649200220628792,0.8246091094493542,0.8202090592334494,0.6560302866414278,3284.0,1471.0,1813.0
"(2, 1)",0.8252071917449454,0.822142676671094,0.7429369760943806,0.7415186825804129,0.7586005830903789,0.48429028625944703,0.7730243612596553,0.7100130039011704,0.7447052089295936,0.7408412483039348,3221.0,1538.0,1683.0
mean,0.8287013649944548,0.8104365661628217,0.7393898807265838,0.7419085200049115,0.7456067917643131,0.48623747599763073,0.715879409478875,0.7679376305309478,0.7855543835992526,0.703134832735037,3252.5,1504.5,1748.0
std,0.00633715223655167,0.009428284528974344,0.009597375521350511,0.006443767372500759,0.022511648434381554,0.012263692270080898,0.06638529753712163,0.06244289499346908,0.03498130768925762,0.03663241269733222,91.60558571033391,43.50766216043637,63.17436188834834
