,AUROC,Accuracy,Balanced Accuracy,F1-Score,MCC,Sensitivity,Specificity,Precision,Negative Predictive Value,Test Cases,Negative Test Cases,Positive Test Cases
"(0, 0)",0.7824760099120225,0.721537558685446,0.7221660929002645,0.7342481097731728,0.443070333723719,0.7140522875816994,0.7302798982188295,0.7556195965417868,0.6861924686192469,3408.0,1572.0,1836.0
"(0, 1)",0.7802181586471146,0.7242492734904746,0.7266449933345072,0.729404309252218,0.4523734320319642,0.6933734939759036,0.7599164926931107,0.7693850267379679,0.6820737039350406,3097.0,1437.0,1660.0
"(1, 0)",0.7816933890577507,0.704978488014751,0.713423632218845,0.6868884540117416,0.43362130681908545,0.6017142857142858,0.8251329787234043,0.8001519756838906,0.6403508771929824,3254.0,1504.0,1750.0
"(1, 1)",0.8045042679422924,0.7422331590279914,0.7420927949218528,0.7561117578579745,0.48323393597157244,0.7439862542955327,0.7401993355481727,0.7686390532544378,0.7136450992953235,3251.0,1505.0,1746.0
"(2, 0)",0.780320241716765,0.6988428745432399,0.7044854688343083,0.7045115028383626,0.40762985224176346,0.6503033645890789,0.7586675730795377,0.7685788787483703,0.6377142857142857,3284.0,1471.0,1813.0
"(2, 1)",0.7929109422072016,0.7305184725240609,0.7288788983694514,0.7479674796747968,0.4593036217562032,0.7653000594177065,0.6924577373211963,0.7314026121521863,0.7294520547945206,3221.0,1538.0,1683.0
mean,0.7870205015805244,0.7203933043809939,0.7229486467632048,0.7265219355680443,0.446538747090718,0.6947882909290345,0.7511090025973752,0.7656295238531067,0.6815714149252332,3252.5,1504.5,1748.0
std,0.008949629982577395,0.014706652045989416,0.01188526049820809,0.02400952172336757,0.023224680526734584,0.055388222921559475,0.04001478113118687,0.020393379535211916,0.03407213878527575,91.60558571033391,43.50766216043637,63.17436188834834
