,PRC-AUC,AUROC,Accuracy,Balanced Accuracy,F1-Score,MCC,Sensitivity,Specificity,Precision,Negative Predictive Value,Test Cases,Negative Test Cases,Positive Test Cases
"(0, 0)",0.8191020824266253,0.808050538564309,0.7323943661971831,0.7340717457466448,0.7414965986394558,0.46674833568193114,0.7124183006535948,0.7557251908396947,0.7730496453900709,0.6923076923076923,3408.0,1572.0,1836.0
"(0, 1)",0.8338422472511173,0.8128260432125161,0.7313529221827575,0.7344400566776501,0.7340153452685422,0.46829624076624554,0.691566265060241,0.7773138482950591,0.782016348773842,0.6856967464702272,3097.0,1437.0,1660.0
"(1, 0)",0.8292701663421013,0.8004452887537994,0.7298709280885064,0.7371272796352584,0.718539865513929,0.47876764230895497,0.6411428571428571,0.8331117021276596,0.8171886380189366,0.6661350345560871,3254.0,1504.0,1750.0
"(1, 1)",0.8412076822317663,0.8295104519870763,0.7591510304521686,0.7583016519962097,0.7744165946413137,0.5161497633531773,0.7697594501718213,0.746843853820598,0.7791304347826087,0.7365661861074705,3251.0,1505.0,1746.0
"(2, 0)",0.8244567737865129,0.79795010954572,0.7128501827040195,0.7185181199457202,0.7185914652342584,0.43553433905830613,0.6640926640926641,0.7729435757987764,0.7828348504551366,0.6512027491408935,3284.0,1471.0,1813.0
"(2, 1)",0.8155898994433568,0.8151052713318452,0.7469729897547346,0.7456049054763962,0.7621826670557339,0.4924064920360923,0.7759952465834818,0.7152145643693107,0.7488532110091743,0.7447528774542993,3221.0,1538.0,1683.0
mean,0.8272448085802466,0.8106479505658776,0.7354320698965616,0.7380106265796466,0.7415404227255387,0.47631713553411786,0.7091624639507766,0.7668587892085164,0.7805121880716283,0.696110214339445,3252.5,1504.5,1748.0
std,0.008684316763576403,0.010428181205939973,0.014505843295223371,0.012099591265525471,0.02089359520717816,0.024734064859854146,0.05019428259454939,0.03588746756433431,0.02005288364454527,0.034256108085686514,91.60558571033391,43.50766216043637,63.17436188834834
