,PRC-AUC,AUROC,Accuracy,Balanced Accuracy,F1-Score,MCC,Sensitivity,Specificity,Precision,Negative Predictive Value,Test Cases,Negative Test Cases,Positive Test Cases
"(0, 0)",0.819388332491336,0.7994693353733916,0.7312206572769953,0.7313359610171465,0.7452725250278087,0.46153093542284274,0.7298474945533769,0.732824427480916,0.7613636363636364,0.6990291262135923,3408.0,1572.0,1836.0
"(0, 1)",0.8045438352720458,0.7856847012266184,0.7223119147562157,0.7231550418794175,0.7330850403476101,0.44516849636299405,0.7114457831325302,0.7348643006263048,0.7560819462227913,0.6879478827361564,3097.0,1437.0,1660.0
"(1, 0)",0.8078245010777664,0.779227583586626,0.7043638598647818,0.7086462765957446,0.7034525277435265,0.417495639979612,0.652,0.7652925531914894,0.7637215528781793,0.6539772727272727,3254.0,1504.0,1750.0
"(1, 1)",0.8205588797127391,0.7991610629707009,0.7345432174715473,0.7339247182929753,0.7502170767004342,0.46717894569381285,0.7422680412371134,0.7255813953488373,0.7583382094792276,0.708171206225681,3251.0,1505.0,1746.0
"(2, 0)",0.8029479137710536,0.777840230107881,0.6973203410475031,0.6983617449772641,0.7151862464183382,0.39465597698298815,0.6883618312189741,0.708361658735554,0.7441860465116279,0.6484131922837586,3284.0,1471.0,1813.0
"(2, 1)",0.8062803325877475,0.796699883405307,0.7330021732381248,0.732235921519177,0.745712596096984,0.46470313423592,0.7492572786690433,0.7152145643693107,0.7422012948793408,0.7227332457293035,3221.0,1538.0,1683.0
mean,0.8102572991521148,0.7896804661117542,0.7204603606091947,0.7212766107136207,0.732154335389117,0.44178885477969504,0.712196738135173,0.7303564832920687,0.7543154477224672,0.6867119876526274,3252.5,1504.5,1748.0
std,0.007039222087363734,0.00913232332699952,0.014545297064077038,0.013350509119442015,0.017295240066095466,0.027026410230548973,0.033619513530787036,0.018178703778763322,0.008234200775038836,0.02723241855500786,91.60558571033391,43.50766216043637,63.17436188834834
