,PRC-AUC,AUROC,Accuracy,Balanced Accuracy,F1-Score,MCC,Sensitivity,Specificity,Precision,Negative Predictive Value,Test Cases,Negative Test Cases,Positive Test Cases
"(0, 0)",0.5275741461893468,0.47058061279360486,0.4800469483568075,0.48116133645994447,0.4916810097532989,-0.037582986426782,0.46677559912854033,0.4955470737913486,0.5193939393939394,0.4431171786120592,3408.0,1572.0,1836.0
"(0, 1)",0.5603783573460954,0.5168123433189962,0.5104940264772361,0.5136921380721216,0.5068314899154197,0.027416810542483995,0.46927710843373494,0.5581071677105081,0.5509193776520509,0.47653000594177064,3097.0,1437.0,1660.0
"(1, 0)",0.5650181987455583,0.5213882978723404,0.5156730178242164,0.5134498480243161,0.5466052934407364,0.026872510571650958,0.5428571428571428,0.48404255319148937,0.5504055619930475,0.47643979057591623,3254.0,1504.0,1750.0
"(1, 1)",0.5259408125658457,0.476807358442458,0.4875422946785604,0.488333276249843,0.5002999400119976,-0.02327544035245588,0.47766323024054985,0.49900332225913624,0.5251889168765743,0.4515935057125676,3251.0,1505.0,1746.0
"(2, 0)",0.5628520618582546,0.5130967410757641,0.5094397076735688,0.5088379004568186,0.5366695427092321,0.01758126708431184,0.5146166574738004,0.5030591434398368,0.5606971153846154,0.4567901234567901,3284.0,1471.0,1813.0
"(2, 1)",0.5566412945981098,0.5251729410682979,0.5187829866501087,0.5181419101904071,0.5362058647516457,0.036263483987481734,0.5323826500297089,0.5039011703511054,0.540084388185654,0.49615877080665816,3221.0,1538.0,1683.0
mean,0.5497341452172019,0.5039763824285769,0.5036631636100829,0.5039360682422418,0.5197155234303884,0.007879274234448442,0.5005953980272463,0.5072767384572373,0.541114883247647,0.466771562517627,3252.5,1504.5,1748.0
std,0.016451333427450813,0.02180919158402417,0.01455153390442651,0.013986078402570304,0.020861955061828943,0.027927536487407183,0.030669144544129043,0.023660011691903272,0.014676547984020797,0.01799000775860033,91.60558571033391,43.50766216043637,63.17436188834834
