,PRC-AUC,AUROC,Accuracy,Balanced Accuracy,F1-Score,MCC,Sensitivity,Specificity,Precision,Negative Predictive Value,Test Cases,Negative Test Cases,Positive Test Cases
"(0, 0)",0.7974938419399529,0.7791695770759535,0.7133215962441315,0.7099673202614378,0.7389794282660969,0.42167574201743,0.7532679738562091,0.6666666666666666,0.7252228631358154,0.698201199200533,3408.0,1572.0,1836.0
"(0, 1)",0.8137938443345608,0.8008243831274996,0.7171456247981918,0.7202054564814582,0.7197696737044145,0.43989247646753676,0.677710843373494,0.7627000695894224,0.767394270122783,0.6719803801348866,3097.0,1437.0,1660.0
"(1, 0)",0.811317475069643,0.7808240881458968,0.6988322065150584,0.706073708206687,0.6854942233632864,0.4163601723018031,0.6102857142857143,0.8018617021276596,0.7818448023426061,0.638771186440678,3254.0,1504.0,1750.0
"(1, 1)",0.8067237327347802,0.7971016809185113,0.7385419870808981,0.7337496622560157,0.7663551401869159,0.4726079936195678,0.7983963344788088,0.6691029900332226,0.7367864693446089,0.7409860191317145,3251.0,1505.0,1746.0
"(2, 0)",0.8202440110908794,0.7888682950351398,0.7134591961023142,0.7196467614550551,0.7178410794602699,0.4380763016902938,0.6602316602316602,0.77906186267845,0.7864651773981604,0.6503972758229285,3284.0,1471.0,1813.0
"(2, 1)",0.7920201153996236,0.7915448758216295,0.7236882955603849,0.7206904198413415,0.748587570621469,0.44619075263340724,0.7872846108140226,0.6540962288686606,0.7135164243403339,0.7375366568914956,3221.0,1538.0,1683.0
mean,0.8069321700949065,0.7897221500207717,0.7174981510501631,0.7183888880836659,0.7295045192670754,0.43913390645500644,0.7145295228399847,0.722248253327347,0.7518716677807179,0.6896454529370394,3252.5,1504.5,1748.0
std,0.009617808512714366,0.00787719022233639,0.01199624560164807,0.008838543033729766,0.025754010055092553,0.018236584194958,0.06952008962774292,0.060223012075145,0.02812145558945195,0.03967217148697392,91.60558571033391,43.50766216043637,63.17436188834834
