,AUROC,Accuracy,Balanced Accuracy,F1-Score,MCC,Sensitivity,Specificity,Precision,Negative Predictive Value,Test Cases,Negative Test Cases,Positive Test Cases
"(0, 0)",0.764751617356018,0.7071596244131455,0.7041568960069184,0.7321524422973698,0.40953391318845594,0.7429193899782135,0.6653944020356234,0.7216931216931217,0.689064558629776,3408.0,1572.0,1836.0
"(0, 1)",0.7788269990190407,0.7232805941233452,0.7252739559490572,0.7299086038449417,0.4494965437314301,0.6975903614457831,0.7529575504523313,0.7653668208856577,0.6830808080808081,3097.0,1437.0,1660.0
"(1, 0)",0.7593001519756839,0.7019053472649047,0.7060801671732523,0.7013546798029557,0.41227877185688994,0.6508571428571429,0.7613031914893617,0.760347129506008,0.6520501138952164,3254.0,1504.0,1750.0
"(1, 1)",0.7691370498491092,0.734850815133805,0.7319640906790272,0.7574563871693867,0.4655954693622497,0.7709049255441008,0.6930232558139535,0.7444690265486725,0.7227997227997228,3251.0,1505.0,1746.0
"(2, 0)",0.7595719861428321,0.7031059683313033,0.7062946699248535,0.7153284671532847,0.41041439595349016,0.6756756756756757,0.7369136641740313,0.7599255583126551,0.6483253588516746,3284.0,1471.0,1813.0
"(2, 1)",0.775742392949614,0.722756907792611,0.7180906054347499,0.7559442470620389,0.4474134480312348,0.82174688057041,0.6144343302990898,0.6998987854251012,0.7590361445783133,3221.0,1538.0,1683.0
mean,0.767888366215383,0.7155098761765192,0.715310064194643,0.7320241378883295,0.4324554236872918,0.726615729345221,0.7040043990440652,0.7419500737285362,0.6923927844725851,3252.5,1504.5,1748.0
std,0.007479498970711299,0.012217762245016488,0.01060839793208736,0.020177644201895203,0.02247481819788069,0.05838664610398787,0.05227602536934103,0.02378694961453873,0.038801156353821975,91.60558571033391,43.50766216043637,63.17436188834834
