,PRC-AUC,AUROC,Accuracy,Balanced Accuracy,F1-Score,MCC,Sensitivity,Specificity,Precision,Negative Predictive Value,Test Cases,Negative Test Cases,Positive Test Cases
"(0, 0)",0.5478057349161314,0.5081966133923177,0.5052816901408451,0.5061825408704619,0.5185608223872074,0.012330992314674985,0.49455337690631807,0.5178117048346056,0.5450180072028812,0.4672789896670494,3408.0,1572.0,1836.0
"(0, 1)",0.5554835117001949,0.5199516227750249,0.5121084920891185,0.5130012744086995,0.5237945162306965,0.025941871026297764,0.5006024096385542,0.5254001391788448,0.549239920687376,0.47664141414141414,3097.0,1437.0,1660.0
"(1, 0)",0.5372401349777529,0.4932655775075988,0.4920098340503995,0.4957025075987842,0.48616723655579736,-0.008612132885963342,0.44685714285714284,0.5445478723404256,0.5330606680299932,0.4583100167879127,3254.0,1504.0,1750.0
"(1, 1)",0.5352573594982127,0.4951815825826854,0.49430944324823134,0.49532124685565104,0.5057125676488273,-0.009335417146917872,0.4816723940435281,0.5089700996677741,0.5322784810126582,0.45840813883901854,3251.0,1505.0,1746.0
"(2, 0)",0.5638068354906202,0.510946135302744,0.5124847746650426,0.5130704935988029,0.5347282766637605,0.025999790965266483,0.507446221731936,0.5186947654656696,0.5651105651105651,0.4607487922705314,3284.0,1471.0,1813.0
"(2, 1)",0.5369855749963949,0.5133550760415291,0.5135051226327227,0.5114948923179627,0.5443442861296888,0.0230607836028836,0.5561497326203209,0.4668400520156047,0.5330296127562643,0.4901023890784983,3221.0,1538.0,1683.0
mean,0.5460965252632178,0.5068161012669834,0.5049498928043933,0.5057954926083936,0.518884617602663,0.011564314646040269,0.4978802129663,0.5137107722504873,0.5429562091332897,0.46858162346407073,3252.5,1504.5,1748.0
std,0.010674147729371603,0.009602446133008922,0.008774834495830134,0.007627363728311019,0.019005955752437128,0.01523013198226326,0.0325867322564064,0.023624014157364807,0.011867493825011377,0.011548155486448991,91.60558571033391,43.50766216043637,63.17436188834834
