,AUROC,Accuracy,Balanced Accuracy,F1-Score,MCC,Sensitivity,Specificity,Precision,Negative Predictive Value,Test Cases,Negative Test Cases,Positive Test Cases
"(0, 0)",0.7778805082960523,0.716255868544601,0.7163951670574931,0.7307156780840992,0.4316832273001181,0.7145969498910676,0.7181933842239185,0.7475783475783476,0.6830006049606776,3408.0,1572.0,1836.0
"(0, 1)",0.7833178224379773,0.7232805941233452,0.7255076674128664,0.7290546949098956,0.4500389344037012,0.694578313253012,0.756437021572721,0.7671324018629407,0.6819322459222082,3097.0,1437.0,1660.0
"(1, 0)",0.767109802431611,0.6972956361401352,0.7008130699088146,0.699236641221374,0.4012661222895533,0.6542857142857142,0.7473404255319149,0.7508196721311475,0.6500867553499132,3254.0,1504.0,1750.0
"(1, 1)",0.8096802182872669,0.7450015379883113,0.7458165412732662,0.7558173784977911,0.49033160287736965,0.7348224513172967,0.7568106312292359,0.7780473013947847,0.7109862671660424,3251.0,1505.0,1746.0
"(2, 0)",0.7760913982143467,0.7195493300852619,0.717917052723307,0.7428092711533092,0.43474612491332776,0.7335907335907336,0.7022433718558804,0.752262443438914,0.6813984168865436,3284.0,1471.0,1813.0
"(2, 1)",0.7939206182532121,0.7302080099348028,0.7294780977371049,0.7428233205090263,0.45913840026432745,0.7456922162804516,0.7132639791937582,0.7399764150943396,0.719344262295082,3221.0,1538.0,1683.0
mean,0.7846667279867444,0.7219318294694096,0.722654599352142,0.7334094973959159,0.44453406867473294,0.7129277297697126,0.7323814689345715,0.755969430250079,0.6877914254300778,3252.5,1504.5,1748.0
std,0.013789872017788144,0.01441851031271578,0.013722566148876007,0.01766868234133387,0.027307103283508497,0.030979088369437677,0.02188724523133056,0.01277036211695514,0.022558726496093234,91.60558571033391,43.50766216043637,63.17436188834834
