,PRC-AUC,AUROC,Accuracy,Balanced Accuracy,F1-Score,MCC,Sensitivity,Specificity,Precision,Negative Predictive Value,Test Cases,Negative Test Cases,Positive Test Cases
"(0, 0)",0.5377612593761028,0.4983376019336205,0.49765258215962443,0.5002453059255934,0.5002918855808524,0.0004902359349688946,0.46677559912854033,0.5337150127226463,0.5389937106918239,0.4614961496149615,3408.0,1572.0,1836.0
"(0, 1)",0.5366606186621268,0.5016441549077311,0.5037132709073296,0.5033469996897821,0.5234108527131783,0.006677002552653967,0.5084337349397591,0.49826026443980515,0.5392971246006389,0.46736292428198434,3097.0,1437.0,1660.0
"(1, 0)",0.5134186220533082,0.4648362462006079,0.4692685925015366,0.47040045592705165,0.47997591087021985,-0.0590646737211381,0.4554285714285714,0.4853723404255319,0.5073201782304265,0.43374925727866903,3254.0,1504.0,1750.0
"(1, 1)",0.5400085356945836,0.5113051949781751,0.5063057520762843,0.5069940595114415,0.5198923122943464,0.013951775455781057,0.497709049255441,0.5162790697674419,0.5441452723857232,0.469770253929867,3251.0,1505.0,1746.0
"(2, 0)",0.5332142639169684,0.47102034816903227,0.4875152253349574,0.4856471296696605,0.5203761755485894,-0.028565104839628666,0.5035852178709321,0.4677090414683889,0.5383254716981132,0.4332493702770781,3284.0,1471.0,1813.0
"(2, 1)",0.5331378593631093,0.5122439881102774,0.5079167960260789,0.508976207419564,0.5076110593351972,0.017953434455396492,0.48544266191325014,0.5325097529258778,0.5319010416666666,0.486053412462908,3221.0,1538.0,1683.0
mean,0.5323668598443665,0.49323125571657406,0.4953953698343018,0.4959350263571822,0.5085930327237306,-0.008092888360327727,0.4862291390894156,0.5056409136249487,0.5333304665455654,0.45861356130757797,3252.5,1504.5,1748.0
std,0.008815510669642972,0.01863958108208081,0.013508085303569091,0.013685427662019939,0.01513768444251971,0.027305165523761086,0.01938126078009183,0.024246566419716824,0.012166633320696264,0.019252072143782297,91.60558571033391,43.50766216043637,63.17436188834834
