,AUROC,Accuracy,Balanced Accuracy,F1-Score,MCC,Sensitivity,Specificity,Precision,Negative Predictive Value,Test Cases,Negative Test Cases,Positive Test Cases
"(0, 0)",0.7677839866509226,0.7027582159624414,0.7034105839112574,0.7158485273492287,0.40564236559518924,0.6949891067538126,0.7118320610687023,0.7379988432620012,0.6664681357951161,3408.0,1572.0,1836.0
"(0, 1)",0.7522371322450555,0.6922828543752018,0.6899545991900797,0.7156072814085348,0.3805377734683968,0.7222891566265061,0.6576200417536534,0.7090479006505027,0.6721194879089616,3097.0,1437.0,1660.0
"(1, 0)",0.7488377659574469,0.6828518746158574,0.6840197568389058,0.693950177935943,0.3669880209810302,0.6685714285714286,0.699468085106383,0.7213316892725031,0.6446078431372549,3254.0,1504.0,1750.0
"(1, 1)",0.773514592442907,0.7105505998154414,0.711221091969114,0.7226643088712054,0.4213166935797823,0.702176403207331,0.720265780730897,0.7443837279902854,0.6758104738154613,3251.0,1505.0,1746.0
"(2, 0)",0.7637627708036565,0.7125456760048721,0.7077268447570477,0.7433387710712344,0.4170587553096164,0.7539988968560397,0.6614547926580557,0.7329758713136729,0.6856941508104298,3284.0,1471.0,1813.0
"(2, 1)",0.776401859951925,0.7075442409189693,0.7059140320824708,0.7261627906976744,0.413123352637342,0.7421271538918598,0.6697009102730819,0.7108708025042686,0.703551912568306,3221.0,1538.0,1683.0
mean,0.7637563513419855,0.7014222436154639,0.7003744847914791,0.7195953095556368,0.4007778269285595,0.7140253576511629,0.6867236119317955,0.7261014724988724,0.6747086673392549,3252.5,1504.5,1748.0
std,0.01021934964709838,0.010604310040403261,0.009896646812030169,0.01474176635328115,0.020059910949341602,0.0289387900013308,0.024810066165001022,0.013345374412707998,0.017955952809776632,91.60558571033391,43.50766216043637,63.17436188834834
