,PRC-AUC,AUROC,Accuracy,Balanced Accuracy,F1-Score,MCC,Sensitivity,Specificity,Precision,Negative Predictive Value,Test Cases,Negative Test Cases,Positive Test Cases
"(0, 0)",0.8250135454968539,0.8053930577037147,0.7370892018779343,0.7361422940677543,0.7541163556531285,0.4717448617745728,0.7483660130718954,0.7239185750636132,0.7599557522123894,0.71125,3408.0,1572.0,1836.0
"(0, 1)",0.8204182331769596,0.800659003445934,0.728446884081369,0.7283170259325402,0.7424196018376723,0.45575221965472956,0.7301204819277108,0.7265135699373695,0.7551401869158878,0.6997319034852547,3097.0,1437.0,1660.0
"(1, 0)",0.8159657329023917,0.7924300911854103,0.7212661339889367,0.7225379939209726,0.7314184187148357,0.44380230544938415,0.7057142857142857,0.7393617021276596,0.7590657652120467,0.6834665027658267,3254.0,1504.0,1750.0
"(1, 1)",0.8360153380647625,0.8188904491709574,0.7406951707167025,0.7402482370715409,0.7555813279211365,0.47971994220016045,0.7462772050400917,0.7342192691029901,0.7651203758073987,0.7138242894056848,3251.0,1505.0,1746.0
"(2, 0)",0.8178827180091699,0.7891512053403866,0.7177222898903776,0.7173523570046829,0.7382095453261791,0.43293522494628073,0.7209045780474352,0.7138001359619307,0.7563657407407407,0.6748071979434447,3284.0,1471.0,1813.0
"(2, 1)",0.8115109725142773,0.8057672649388399,0.7330021732381248,0.7310875526472558,0.7517321016166282,0.4643159137999571,0.7736185383244206,0.688556566970091,0.7310499719258844,0.7354166666666667,3221.0,1538.0,1683.0
mean,0.8211344233607359,0.8020485119642071,0.7297036422989076,0.7292809101074577,0.7455795585115967,0.4580450779708474,0.73750018368764,0.7210616365272756,0.7544496321357247,0.7030827600444797,3252.5,1504.5,1748.0
std,0.007819866732629983,0.009742101322912039,0.00819109564147848,0.00773855260347681,0.008903242707896369,0.01599700849583497,0.02175567101662069,0.016609286102771348,0.01093300240411374,0.02009601527829703,91.60558571033391,43.50766216043637,63.17436188834834
