,PRC-AUC,AUROC,Accuracy,Balanced Accuracy,F1-Score,MCC,Sensitivity,Specificity,Precision,Negative Predictive Value,Test Cases,Negative Test Cases,Positive Test Cases
"(0, 0)",0.802934236661424,0.8004540238487252,0.7353286384976526,0.732358761995044,0.7583065380493034,0.46629053150282684,0.7706971677559913,0.6940203562340967,0.7463080168776371,0.7215608465608465,3408.0,1572.0,1836.0
"(0, 1)",0.8162583275266717,0.7982185527076991,0.7271553115918631,0.7308983323691425,0.7273313972249114,0.4617538869958731,0.6789156626506024,0.7828810020876826,0.78318276580959,0.6785283474065139,3097.0,1437.0,1660.0
"(1, 0)",0.8135210530259966,0.7850628799392096,0.7095881991395205,0.7170083586626139,0.6962391513982642,0.43867716764206144,0.6188571428571429,0.8151595744680851,0.7957384276267451,0.6476492340200739,3254.0,1504.0,1750.0
"(1, 1)",0.8127281448974891,0.8140158996548352,0.7434635496770224,0.7387442773800961,0.7706270627062707,0.48260672690822615,0.802405498281787,0.6750830564784053,0.7412698412698413,0.7465099191770757,3251.0,1505.0,1746.0
"(2, 0)",0.8245214472501455,0.7882319812008071,0.7232034104750305,0.7295619333591559,0.7272727272727272,0.45789302009909016,0.6685052399338114,0.7906186267845003,0.7973684210526316,0.659297052154195,3284.0,1471.0,1813.0
"(2, 1)",0.7884545532726215,0.8010957505908933,0.7286556969885128,0.7251357373938265,0.7557294577976524,0.4570022005857385,0.8033273915626857,0.6469440832249674,0.7134564643799473,0.7503770739064857,3221.0,1538.0,1683.0
mean,0.8097362937723913,0.7978465146570283,0.7278991343949337,0.7289512335266465,0.7392510557415215,0.46070392228896934,0.7237846838403367,0.7341177832129563,0.7628873228360654,0.7006537455375318,3252.5,1504.5,1748.0
std,0.011427989930105997,0.00944108602542252,0.010455575758623483,0.006694143922413423,0.025015613393272736,0.013030907576142161,0.07163319854217488,0.0643300413877586,0.031266715232864624,0.04086908466760992,91.60558571033391,43.50766216043637,63.17436188834834
