,PRC-AUC,AUROC,Accuracy,Balanced Accuracy,F1-Score,MCC,Sensitivity,Specificity,Precision,Negative Predictive Value,Test Cases,Negative Test Cases,Positive Test Cases
"(0, 0)",0.8259058864719345,0.8163684190102392,0.7482394366197183,0.7492349781303531,0.759124087591241,0.49701352315750985,0.7363834422657952,0.7620865139949109,0.7833140208574739,0.7122473246135553,3408.0,1572.0,1836.0
"(0, 1)",0.8262661838346641,0.8054801670146138,0.7361963190184049,0.7397527479437583,0.7372145384367964,0.47925121315425656,0.6903614457831325,0.7891440501043842,0.7908902691511387,0.6881067961165048,3097.0,1437.0,1660.0
"(1, 0)",0.82990448405776,0.7996487462006079,0.727719729563614,0.7359684650455927,0.7123376623376624,0.47862849572922084,0.6268571428571429,0.8450797872340425,0.824812030075188,0.6606029106029107,3254.0,1504.0,1750.0
"(1, 1)",0.8411927652218651,0.8280778466585228,0.7600738234389418,0.7571430474211582,0.7810218978102188,0.516429781389088,0.7966781214203894,0.717607973421927,0.7659691629955947,0.7526132404181185,3251.0,1505.0,1746.0
"(2, 0)",0.8327613645229548,0.8007988982059099,0.7274665042630938,0.7350259081345806,0.7285410979678495,0.46967535306774294,0.6624379481522339,0.8076138681169273,0.8092991913746631,0.66,3284.0,1471.0,1813.0
"(2, 1)",0.8350337010279425,0.8266181280409077,0.7513194660043465,0.7499882169047625,0.7661313868613139,0.5011429185630745,0.7795603089720736,0.7204161248374512,0.7531572904707233,0.7491548343475322,3221.0,1538.0,1683.0
mean,0.8318440641895202,0.8128320341884668,0.7418358798180198,0.7445188939300342,0.7473951118341805,0.4903568808434821,0.7153797349084612,0.7736580529516072,0.7879069941541305,0.7037875176831037,3252.5,1504.5,1748.0
std,0.0053001589441755885,0.011602029950800242,0.012255038637515698,0.008139071981670857,0.023478785772311654,0.015963824222269107,0.06114835285123487,0.04583319840772401,0.024284471903163785,0.03773118731587872,91.60558571033391,43.50766216043637,63.17436188834834
