,PRC-AUC,AUROC,Accuracy,Balanced Accuracy,F1-Score,MCC,Sensitivity,Specificity,Precision,Negative Predictive Value,Test Cases,Negative Test Cases,Positive Test Cases
"(0, 0)",0.5302776153455694,0.4968276538774967,0.4926643192488263,0.49136232100982885,0.5190542420027816,-0.017232425806469224,0.5081699346405228,0.47455470737913485,0.5304150085275725,0.4523953911461492,3408.0,1572.0,1836.0
"(0, 1)",0.543766455015273,0.507749997903933,0.5030674846625767,0.5018097441959907,0.5283481458780263,0.003612331151336,0.519277108433735,0.48434237995824636,0.5377417342482844,0.46586345381526106,3097.0,1437.0,1660.0
"(1, 0)",0.5319924798094225,0.4914224924012158,0.5018438844499078,0.5024620060790274,0.5162638018501939,0.004910548064946637,0.4942857142857143,0.5106382978723404,0.5402873204247346,0.4646098003629764,3254.0,1504.0,1750.0
"(1, 1)",0.5308187300914669,0.5017273464168693,0.5023069824669333,0.5010242680945151,0.5280046674445742,0.0020441348507611525,0.518327605956472,0.48372093023255813,0.5380499405469679,0.4639898024219248,3251.0,1505.0,1746.0
"(2, 0)",0.5363873876679313,0.4858659211383306,0.4890377588306943,0.4901037637757071,0.5090696313633704,-0.019689850607730906,0.4798676227247656,0.5003399048266486,0.5420560747663551,0.4383561643835616,3284.0,1471.0,1813.0
"(2, 1)",0.5032223704708252,0.4735923450832041,0.4793542378143434,0.48125193648409437,0.4684627575277337,-0.03759740129322696,0.43909685086155675,0.523407022106632,0.5020380434782609,0.4602630074328187,3221.0,1538.0,1683.0
mean,0.5294108397334146,0.4928642928035083,0.49471244457888036,0.4946690066065272,0.5115338743444466,-0.010658777273397216,0.4931708061504611,0.4961672070625934,0.5317646869986958,0.4575796032604486,3252.5,1504.5,1748.0
std,0.012582992186711781,0.011092866551610858,0.008666146066715274,0.007787850635131542,0.020388430108712094,0.015587895989538367,0.02781362915562843,0.016983658248605715,0.013779649340333208,0.009684642654364339,91.60558571033391,43.50766216043637,63.17436188834834
