,AUROC,Accuracy,Balanced Accuracy,F1-Score,MCC,Sensitivity,Specificity,Precision,Negative Predictive Value,Test Cases,Negative Test Cases,Positive Test Cases
"(0, 0)",0.8103035071817813,0.7447183098591549,0.7452809792279931,0.7569832402234637,0.4892226716718816,0.7380174291938998,0.7525445292620865,0.7769495412844036,0.7109375,3408.0,1572.0,1836.0
"(0, 1)",0.8038098112701327,0.7268324184694867,0.7324200769675779,0.7198675496688741,0.46710734998518644,0.6548192771084337,0.8100208768267223,0.799264705882353,0.6701208981001727,3097.0,1437.0,1660.0
"(1, 0)",0.7953155395136777,0.7068223724646588,0.7153715805471125,0.6884389288047028,0.4377939977984228,0.6022857142857143,0.8284574468085106,0.8033536585365854,0.6416065911431514,3254.0,1504.0,1750.0
"(1, 1)",0.8247184832536067,0.7523838818824977,0.7516805379548127,0.7675425931273462,0.5027732597888476,0.761168384879725,0.7421926910299004,0.7740244612696564,0.728161668839635,3251.0,1505.0,1746.0
"(2, 0)",0.7993954081163949,0.7189403166869671,0.7266627120468045,0.7193675889328064,0.4531822831836557,0.6525096525096525,0.8008157715839564,0.801490514905149,0.6515486725663717,3284.0,1471.0,1813.0
"(2, 1)",0.8112228380338224,0.7457311393977025,0.743380218462449,0.7657992565055762,0.49019605058548454,0.7956030897207368,0.6911573472041612,0.7381477398015436,0.7555081734186212,3221.0,1538.0,1683.0
mean,0.807460931228236,0.732571406460078,0.7357993508677917,0.7363331928771283,0.47337926883557974,0.7007339246163603,0.7708647771192229,0.7822051036132818,0.6929805840113255,3252.5,1504.5,1748.0
std,0.009538947903989325,0.016304474635285972,0.012327302992773945,0.02921617611197686,0.02277202588080356,0.06851803604625467,0.047007396938486254,0.022897647783874604,0.04152973767427911,91.60558571033391,43.50766216043637,63.17436188834834
