,AUROC,Accuracy,Balanced Accuracy,F1-Score,MCC,Sensitivity,Specificity,Precision,Negative Predictive Value,Test Cases,Negative Test Cases,Positive Test Cases
"(0, 0)",0.7577903687627157,0.698943661971831,0.699412928869597,0.7127659574468087,0.39769755426745224,0.6933551198257081,0.705470737913486,0.7332949308755761,0.6632775119617225,3408.0,1572.0,1836.0
"(0, 1)",0.7486578883383219,0.6913141750080724,0.694566575278148,0.6928020565552699,0.38887891739229835,0.6493975903614457,0.7397355601948504,0.7424242424242424,0.6462006079027356,3097.0,1437.0,1660.0
"(1, 0)",0.7391702127659574,0.677320221266134,0.6831762917933131,0.6687697160883281,0.3682971542945688,0.6057142857142858,0.7606382978723404,0.7464788732394366,0.623773173391494,3254.0,1504.0,1750.0
"(1, 1)",0.7641578472674133,0.7007074746231928,0.6991224364755892,0.7211235310977357,0.3981907789411557,0.720504009163803,0.6777408637873754,0.7217441193344808,0.6763925729442971,3251.0,1505.0,1746.0
"(2, 0)",0.7669730247179989,0.6939707673568819,0.700842319032083,0.6960991835500455,0.40113323610682167,0.6348593491450635,0.7668252889191026,0.7704149933065596,0.6301675977653631,3284.0,1471.0,1813.0
"(2, 1)",0.7716783840856356,0.7019559143123254,0.6997541775901754,0.7241379310344828,0.40180659337140817,0.7486631016042781,0.6508452535760728,0.7011686143572621,0.7029494382022472,3221.0,1538.0,1683.0
mean,0.7580712876563404,0.6940353690897396,0.6961457881731509,0.7026163959621119,0.3926673723956175,0.6754155759690974,0.7168760003772046,0.7359209622562596,0.6571268170279766,3252.5,1504.5,1748.0
std,0.011160808199583334,0.008348139565874633,0.006127999530229397,0.019118477864909708,0.011685224855609336,0.049833066374782874,0.04272846052659583,0.02144452111808947,0.02728662707690224,91.60558571033391,43.50766216043637,63.17436188834834
