,AUROC,Accuracy,Balanced Accuracy,F1-Score,MCC,Sensitivity,Specificity,Precision,Negative Predictive Value,Test Cases,Negative Test Cases,Positive Test Cases
"(0, 0)",0.7689062266127825,0.7012910798122066,0.7024148081624507,0.7127539503386005,0.4036142511915786,0.6879084967320261,0.7169211195928753,0.7394613583138173,0.6629411764705883,3408.0,1572.0,1836.0
"(0, 1)",0.7865551978267978,0.7213432353890862,0.7243548305958699,0.7241930329178652,0.4481359143338051,0.6825301204819277,0.7661795407098121,0.7712729748127978,0.6762899262899262,3097.0,1437.0,1660.0
"(1, 0)",0.7657536094224924,0.7022126613398894,0.700991641337386,0.7214716872664559,0.4016229450039667,0.7171428571428572,0.6848404255319149,0.7258530942741469,0.6754098360655738,3254.0,1504.0,1750.0
"(1, 1)",0.7767204012588813,0.7225469086434944,0.7232149041187641,0.7343934040047115,0.44525203846568534,0.7142038946162658,0.7322259136212624,0.7557575757575757,0.6883198001249219,3251.0,1505.0,1746.0
"(2, 0)",0.7727315336813249,0.7070645554202193,0.7110340268541686,0.717225161669606,0.419991905405846,0.6729178157749587,0.7491502379333786,0.7677784770295784,0.6501474926253688,3284.0,1471.0,1813.0
"(2, 1)",0.7733911825359848,0.7019559143123254,0.6991099706620245,0.7277368122518434,0.40202767781973514,0.76232917409388,0.635890767230169,0.6961475854584915,0.7097242380261248,3221.0,1538.0,1683.0
mean,0.7740096918897107,0.7094023924862034,0.7101866969551106,0.7229623414081804,0.42010745537010274,0.7061720598069859,0.7142013341032354,0.7427118442744013,0.6771387449337506,3252.5,1504.5,1748.0
std,0.0065949748832757745,0.009071596522786187,0.010318537762281624,0.007003902422545585,0.019826073684863818,0.029824022831167467,0.043301367139676535,0.02606811166563275,0.01879999390809592,91.60558571033391,43.50766216043637,63.17436188834834
