,PRC-AUC,AUROC,Accuracy,Balanced Accuracy,F1-Score,MCC,Sensitivity,Specificity,Precision,Negative Predictive Value,Test Cases,Negative Test Cases,Positive Test Cases
"(0, 0)",0.555207443243042,0.5195858418289567,0.5096830985915493,0.5100845681784164,0.5259574468085106,0.020109309033289925,0.5049019607843137,0.5152671755725191,0.5488454706927176,0.4712041884816754,3408.0,1572.0,1836.0
"(0, 1)",0.5260516087027597,0.4842748866027785,0.48659993542137553,0.4874298865608572,0.49842271293375395,-0.025082723095897964,0.4759036144578313,0.4989561586638831,0.5231788079470199,0.45179584120982985,3097.0,1437.0,1660.0
"(1, 0)",0.525801920524009,0.4878476443768997,0.49569760295021514,0.4950186170212766,0.5180616740088105,-0.009935726761910263,0.504,0.48603723404255317,0.5329305135951662,0.45716072545340836,3254.0,1504.0,1750.0
"(1, 1)",0.5337094271317079,0.48214428423011496,0.4906182713011381,0.48853725458856123,0.5213872832369942,-0.02289637184510628,0.5166093928980527,0.4604651162790698,0.5262543757292882,0.4508783344176968,3251.0,1505.0,1746.0
"(2, 0)",0.5426275137363681,0.493283833091544,0.49056029232643117,0.49411156602571576,0.49925172104160426,-0.011741162827799068,0.46001103143960287,0.5282121006118287,0.5458115183246073,0.44248291571753984,3284.0,1471.0,1813.0
"(2, 1)",0.5065724806765576,0.4788978285880298,0.4743868363862155,0.4738096562658637,0.49174422095466824,-0.05234177602518702,0.48663101604278075,0.4609882964889467,0.4969660194174757,0.4507310870947235,3221.0,1538.0,1683.0
mean,0.5316617323357407,0.4910057197863873,0.49125767282948746,0.49149859144011515,0.5091375098307236,-0.016981408587101777,0.4913428359370969,0.4916543469431334,0.5289977842843792,0.454042182062479,3252.5,1504.5,1748.0
std,0.015133425192258207,0.013554930229908384,0.010539007764247805,0.010823424061847223,0.013087335641575106,0.02161711056110311,0.019255758225659673,0.025469191195114455,0.017124638217953084,0.008792949303069104,91.60558571033391,43.50766216043637,63.17436188834834
