,AUROC,Accuracy,Balanced Accuracy,F1-Score,MCC,Sensitivity,Specificity,Precision,Negative Predictive Value,Test Cases,Negative Test Cases,Positive Test Cases
"(0, 0)",0.8105169371961394,0.7417840375586855,0.7437925127642235,0.7497155858930603,0.4861680994675243,0.7178649237472767,0.7697201017811705,0.7845238095238095,0.7002314814814815,3408.0,1572.0,1836.0
"(0, 1)",0.813824819109423,0.7439457539554407,0.7467479521425997,0.7476932866687876,0.49265584531743656,0.7078313253012049,0.7856645789839944,0.7923128792987189,0.6995043370508055,3097.0,1437.0,1660.0
"(1, 0)",0.8085824468085107,0.737861094038107,0.7434342705167174,0.7331873631529559,0.48847384444935465,0.6697142857142857,0.817154255319149,0.8099516240497581,0.6801328168234643,3254.0,1504.0,1750.0
"(1, 1)",0.8219438450677962,0.7533066748692709,0.752493787413471,0.7687427912341407,0.5044878902326867,0.763459335624284,0.7415282392026578,0.7740998838559814,0.7298888162197514,3251.0,1505.0,1746.0
"(2, 0)",0.8055211942752003,0.7216808769792935,0.7282471222453741,0.7251954299458809,0.4554196865988351,0.6651958080529509,0.7912984364377974,0.7970918704560476,0.6572557876905702,3284.0,1471.0,1813.0
"(2, 1)",0.8170695712575924,0.7451102142191866,0.7432341853477018,0.7629223216863991,0.48868931407311744,0.7849079025549613,0.7015604681404422,0.7421348314606742,0.7487855655794587,3221.0,1538.0,1683.0
mean,0.8129098022857769,0.7406147752699974,0.7429916384050146,0.7479094630968707,0.48598244668982576,0.7181622634991607,0.7678210133108685,0.7833524831074983,0.702633134140922,3252.5,1504.5,1748.0
std,0.005458910144152361,0.009659461207335686,0.007333685265050729,0.015250081009895188,0.014914403860704842,0.04428369475144125,0.03739145925935745,0.02145713233886338,0.030149196479785652,91.60558571033391,43.50766216043637,63.17436188834834
