,AUROC,Accuracy,Balanced Accuracy,F1-Score,MCC,Sensitivity,Specificity,Precision,Negative Predictive Value,Test Cases,Negative Test Cases,Positive Test Cases
"(0, 0)",0.7880475380709253,0.7291666666666666,0.7273258327928287,0.7492529204020647,0.4548453105114575,0.7510893246187363,0.7035623409669212,0.7474254742547426,0.7076135636596289,3408.0,1572.0,1836.0
"(0, 1)",0.799342044587536,0.7158540523086858,0.7208703289148242,0.7107166337935568,0.4431632288671382,0.6512048192771084,0.7905358385525401,0.7821997105643994,0.6623906705539359,3097.0,1437.0,1660.0
"(1, 0)",0.7820795972644377,0.6976029502151199,0.7057720364741642,0.6801040312093628,0.4175745454350401,0.5977142857142858,0.8138297872340425,0.7888386123680241,0.6348547717842323,3254.0,1504.0,1750.0
"(1, 1)",0.8058320299269712,0.7471547216241157,0.7420889893558318,0.7749178532311063,0.4901994418123174,0.8104238258877434,0.6737541528239203,0.742392444910808,0.753903345724907,3251.0,1505.0,1746.0
"(2, 0)",0.7941324140217021,0.7146772228989038,0.7224169951663396,0.7149376331000913,0.4447491984541235,0.6480970766685052,0.796736913664174,0.7971506105834464,0.6475138121546962,3284.0,1471.0,1813.0
"(2, 1)",0.7914311013446637,0.721825520024837,0.7181516457313902,0.750278706800446,0.44333628771398115,0.7997623291740938,0.6365409622886866,0.7065616797900263,0.743920972644377,3221.0,1538.0,1683.0
mean,0.793477454202706,0.7210468556230548,0.7227709714058964,0.7300346297561046,0.448978002132343,0.7097152768900788,0.7358266659217142,0.7607614220785743,0.6916995227536296,3252.5,1504.5,1748.0
std,0.007648971892526533,0.015084829271171812,0.010862567831208616,0.03132580950673463,0.0216153217251783,0.0813705450031865,0.06774864485413812,0.03168853830248789,0.04635436633525954,91.60558571033391,43.50766216043637,63.17436188834834
