,PRC-AUC,AUROC,Accuracy,Balanced Accuracy,F1-Score,MCC,Sensitivity,Specificity,Precision,Negative Predictive Value,Test Cases,Negative Test Cases,Positive Test Cases
"(0, 0)",0.5713297240012374,0.5273297826340035,0.5155516431924883,0.5164916263367094,0.5286896945475307,0.03289189578578401,0.5043572984749455,0.5286259541984732,0.555488902219556,0.47731188971855254,3408.0,1572.0,1836.0
"(0, 1)",0.5359213317048923,0.4933439394320497,0.4979011947045528,0.495588198304701,0.5297853039008164,-0.008818558622611425,0.5277108433734939,0.46346555323590816,0.5318761384335154,0.4593103448275862,3097.0,1437.0,1660.0
"(1, 0)",0.5498738617080088,0.4988647416413374,0.4981561155500922,0.49945402735562305,0.5082806383619392,-0.001089465973574249,0.48228571428571426,0.5166223404255319,0.5372374283895608,0.46167557932263814,3254.0,1504.0,1750.0
"(1, 1)",0.5121257904479375,0.4564053384480141,0.46631805598277454,0.4634836912468176,0.5024376254660166,-0.07301622513058079,0.5017182130584192,0.42524916943521596,0.5031591039632395,0.423841059602649,3251.0,1505.0,1746.0
"(2, 0)",0.5744586759189771,0.5267962367117461,0.5137028014616322,0.5171872228782008,0.5234258430319307,0.03425631594471169,0.48372862658576943,0.5506458191706323,0.570221066319896,0.4639175257731959,3284.0,1471.0,1813.0
"(2, 1)",0.5533493829836891,0.5278946429026747,0.5156783607575287,0.5169075826729005,0.5137157107231921,0.033828589906064896,0.48960190136660725,0.5442132639791938,0.540327868852459,0.49351415094339623,3221.0,1538.0,1683.0
mean,0.5495097944607904,0.5051057802949709,0.5012180286081781,0.5015187247991587,0.5177224693385709,0.0030087586516323573,0.4982337661908249,0.5048036834074925,0.5397184180297044,0.46326175836466965,3252.5,1504.5,1748.0
std,0.02119607303351193,0.02592533811587873,0.01736283412971928,0.0191163300894239,0.01030492776092917,0.03820068227659582,0.015587311194871514,0.04545979797388827,0.020751430707594463,0.02115484421463652,91.60558571033391,43.50766216043637,63.17436188834834
