,AUROC,Accuracy,Balanced Accuracy,F1-Score,MCC,Sensitivity,Specificity,Precision,Negative Predictive Value,Test Cases,Negative Test Cases,Positive Test Cases
"(0, 0)",0.8115246664116593,0.7482394366197183,0.7495093881488134,0.7583098591549294,0.49752783649866994,0.7331154684095861,0.7659033078880407,0.7852975495915986,0.7107438016528925,3408.0,1572.0,1836.0
"(0, 1)",0.8068486891197357,0.7326444946722634,0.7351307107343781,0.7374762206721623,0.4693315181799092,0.7006024096385542,0.7696590118302018,0.7784471218206158,0.6899563318777293,3097.0,1437.0,1660.0
"(1, 0)",0.7954962006079028,0.7246465888137676,0.7311018237082068,0.7160963244613435,0.46519246010727544,0.6457142857142857,0.8164893617021277,0.8036984352773826,0.6645021645021645,3254.0,1504.0,1750.0
"(1, 1)",0.8238156127151572,0.7594586281144263,0.7580377359926629,0.7763157894736843,0.5161717329159602,0.777205040091638,0.7388704318936877,0.7754285714285715,0.7408394403730846,3251.0,1505.0,1746.0
"(2, 0)",0.7959684250351435,0.7161997563946407,0.7191793688831661,0.7287543655413271,0.4360043578029099,0.6905681191395477,0.7477906186267845,0.7714109673444239,0.6622516556291391,3284.0,1471.0,1813.0
"(2, 1)",0.8099380943219389,0.7404532753803167,0.7389459113432187,0.7566938300349243,0.47928720929395124,0.7724301841948901,0.7054616384915474,0.7415858528237308,0.739100817438692,3221.0,1538.0,1683.0
mean,0.8072652813685894,0.7369403633325221,0.7386508231350745,0.7456077315563953,0.4772525191331127,0.7199392511980837,0.757362395072065,0.7759780830477205,0.7012323685789504,3252.5,1504.5,1748.0
std,0.009708274235429198,0.014415535673991793,0.012532384820272987,0.020200292943770178,0.025296678809445295,0.04646540588697925,0.03378217552309246,0.018553313026284754,0.031856343668500986,91.60558571033391,43.50766216043637,63.17436188834834
