,PRC-AUC,AUROC,Accuracy,Balanced Accuracy,F1-Score,MCC,Sensitivity,Specificity,Precision,Negative Predictive Value,Test Cases,Negative Test Cases,Positive Test Cases
"(0, 0)",0.5419567025053086,0.488920695504665,0.4950117370892019,0.4930378852134577,0.5252413793103448,-0.013899692406824591,0.5185185185185185,0.4675572519083969,0.5321408608160983,0.45398394070413833,3408.0,1572.0,1836.0
"(0, 1)",0.5586206577357596,0.5119710575076926,0.49628672909267035,0.49800852680031193,0.5022335673261007,-0.003977213348374068,0.47409638554216865,0.5219206680584552,0.533921302578019,0.46210720887245843,3097.0,1437.0,1660.0
"(1, 0)",0.558303700694962,0.5213256079027355,0.5089121081745543,0.5120243161094225,0.507701786814541,0.024057920808151802,0.47085714285714286,0.5531914893617021,0.5508021390374331,0.4732650739476678,3254.0,1504.0,1750.0
"(1, 1)",0.5381055376484762,0.4933067704825077,0.49092586896339585,0.4918501900880228,0.5028537098227697,-0.016260330327347784,0.4793814432989691,0.5043189368770764,0.5287428932406822,0.4550359712230216,3251.0,1505.0,1746.0
"(2, 0)",0.5379893642354914,0.46694448996090254,0.4753349573690621,0.47461569006679233,0.5033150763908908,-0.050494401536709234,0.4815223386651958,0.4677090414683889,0.5271739130434783,0.4226044226044226,3284.0,1471.0,1813.0
"(2, 1)",0.5069009630558032,0.4784460144935935,0.4858739521887612,0.48396166205773794,0.5169194865810968,-0.03215649365735452,0.5264408793820559,0.44148244473342,0.5077363896848137,0.4600271002710027,3221.0,1538.0,1683.0
mean,0.5403128209793001,0.4934857726420161,0.49205755881294094,0.49224971172262416,0.5097108343742907,-0.015455035078076398,0.4918027847106751,0.49269663873457326,0.5300862497334208,0.45450395293711865,3252.5,1504.5,1748.0
std,0.017263515415266977,0.01856640409662078,0.010245747057315393,0.011580373135522017,0.008573546179518957,0.023104031344793004,0.02208220178064295,0.037700599267464996,0.012635134101204372,0.01559074410501371,91.60558571033391,43.50766216043637,63.17436188834834
