,AUROC,Accuracy,Balanced Accuracy,F1-Score,MCC,Sensitivity,Specificity,Precision,Negative Predictive Value,Test Cases,Negative Test Cases,Positive Test Cases
"(0, 0)",0.7745924387566732,0.7121478873239436,0.7131770859319131,0.7237397916079977,0.4250818724484079,0.6998910675381264,0.7264631043256997,0.749271137026239,0.674542232722977,3408.0,1572.0,1836.0
"(0, 1)",0.7558329350806148,0.6945431062318372,0.6959426432242539,0.7036340852130325,0.3908902450681994,0.6765060240963855,0.7153792623521225,0.7330287206266318,0.6568690095846645,3097.0,1437.0,1660.0
"(1, 0)",0.7419038753799392,0.683159188690842,0.6876702127659575,0.6807061009600495,0.3758244398242215,0.628,0.7473404255319149,0.7430696416497633,0.6332394366197183,3254.0,1504.0,1750.0
"(1, 1)",0.7837136996571185,0.721624115656721,0.7201088011325365,0.740761959323976,0.44019750031626215,0.7405498281786942,0.6996677740863787,0.740974212034384,0.6992031872509961,3251.0,1505.0,1746.0
"(2, 0)",0.7821256931677443,0.7186358099878197,0.7218986074963545,0.7304550758459744,0.44144375696305754,0.6905681191395477,0.7532290958531611,0.7752321981424148,0.6638705811863391,3284.0,1471.0,1813.0
"(2, 1)",0.7746716766069631,0.7007140639552933,0.6984537874731404,0.7233065442020665,0.39930852716526255,0.7486631016042781,0.6482444733420026,0.6996113270405331,0.702112676056338,3221.0,1538.0,1683.0
mean,0.7688067197748422,0.7051373619744096,0.706208523004026,0.7171005928588494,0.4121243902975685,0.697363023426172,0.7150540225818799,0.7401978727533276,0.6716395205701722,3252.5,1504.5,1748.0
std,0.015053058881056467,0.01365047332766568,0.012891537986833745,0.019692219866833026,0.02499480875199146,0.040405451977365295,0.03495300052514788,0.022424845872457508,0.02397875978632694,91.60558571033391,43.50766216043637,63.17436188834834
