,PRC-AUC,AUROC,Accuracy,Balanced Accuracy,F1-Score,MCC,Sensitivity,Specificity,Precision,Negative Predictive Value,Test Cases,Negative Test Cases,Positive Test Cases
"(0, 0)",0.548086334581086,0.5131758386136474,0.5178990610328639,0.5192190956111028,0.5288213363923143,0.03834123828066762,0.5021786492374728,0.5362595419847328,0.5584494245911569,0.47979510529311326,3408.0,1572.0,1836.0
"(0, 1)",0.5514355118735118,0.5162617065338599,0.5146916370681305,0.5114378180781581,0.5514771709937332,0.022913484818777606,0.5566265060240964,0.4662491301322199,0.5464222353636902,0.47652916073968704,3097.0,1437.0,1660.0
"(1, 0)",0.5370882661065501,0.497012537993921,0.4990780577750461,0.49862879939209725,0.5200235571260307,-0.0027347397145301663,0.5045714285714286,0.49268617021276595,0.5364520048602673,0.4608208955223881,3254.0,1504.0,1750.0
"(1, 1)",0.5275433609638048,0.4911385492421215,0.4946170409104891,0.49482804549934734,0.5111573936328473,-0.010315663049342838,0.4919816723940435,0.49767441860465117,0.5318885448916408,0.4578239608801956,3251.0,1505.0,1746.0
"(2, 0)",0.5542443562574119,0.4960225698304751,0.49269183922046283,0.49283612612737604,0.5168213457076567,-0.014249970287380573,0.4914506343077772,0.49422161794697483,0.544954128440367,0.4408732565191025,3284.0,1471.0,1813.0
"(2, 1)",0.5308210859425717,0.5116816833523021,0.5066749456690469,0.5066955024118645,0.5174612815062254,0.013377429903183226,0.5062388591800356,0.5071521456436932,0.529192546583851,0.48417132216014896,3221.0,1538.0,1683.0
mean,0.541536485954156,0.5042154809277212,0.5042754302793399,0.5039408978533243,0.5242936808931346,0.007888629991895813,0.5088412916191424,0.4990405040875063,0.5412264807884956,0.4666689501857726,3252.5,1504.5,1748.0
std,0.010269657597737724,0.00975667345396087,0.009611929227516091,0.00941446944008543,0.01324610177150328,0.018786539640571875,0.02213407488623386,0.02078378826866516,0.009935871505950059,0.01502056432420409,91.60558571033391,43.50766216043637,63.17436188834834
