,PRC-AUC,AUROC,Accuracy,Balanced Accuracy,F1-Score,MCC,Sensitivity,Specificity,Precision,Negative Predictive Value,Test Cases,Negative Test Cases,Positive Test Cases
"(0, 0)",0.5370828256932034,0.5018332113733251,0.49677230046948356,0.4979190573600093,0.5084551447406134,-0.004151238897211323,0.4831154684095861,0.5127226463104325,0.5366001209921355,0.45925925925925926,3408.0,1572.0,1836.0
"(0, 1)",0.5436221874187254,0.5060482011553521,0.5098482402324831,0.5127625323842342,0.508101101749838,0.025538847401348045,0.472289156626506,0.5532359081419624,0.5497896213183731,0.4757630161579892,3097.0,1437.0,1660.0
"(1, 0)",0.5256577014735729,0.47615653495440735,0.4812538414259373,0.48088905775075985,0.5017709563164109,-0.0381133752961935,0.4857142857142857,0.47606382978723405,0.518925518925519,0.4430693069306931,3254.0,1504.0,1750.0
"(1, 1)",0.5297520403217701,0.4836124716009636,0.4761611811750231,0.4780586285501174,0.4812671337191593,-0.04382700491688349,0.4524627720504009,0.5036544850498339,0.5139882888744307,0.44224037339556593,3251.0,1505.0,1746.0
"(2, 0)",0.574554608854402,0.5294172347683079,0.5234470158343484,0.5235117399339988,0.5478185495521526,0.04676810252110598,0.5228902371759515,0.5241332426920462,0.5752427184466019,0.4712713936430318,3284.0,1471.0,1813.0
"(2, 1)",0.5124306780164122,0.48955708697160544,0.4858739521887612,0.48533410290466816,0.5027027027027027,-0.029309586482445835,0.49732620320855614,0.47334200260078024,0.5081967213114754,0.4625158831003812,3221.0,1538.0,1683.0
mean,0.5371833402963476,0.49777079013732695,0.4955594218876728,0.49641251981396467,0.5083525981301461,-0.007182375945046687,0.48563302053088114,0.5071920190970481,0.5337904983114226,0.4590198720811534,3252.5,1504.5,1748.0
std,0.019316829573452123,0.017424193849481427,0.016623823259915686,0.01685494397157083,0.019859912711896917,0.03361470257522449,0.02163908298326566,0.027583009704919077,0.023274768178536635,0.012771610171164585,91.60558571033391,43.50766216043637,63.17436188834834
