,PRC-AUC,AUROC,Accuracy,Balanced Accuracy,F1-Score,MCC,Sensitivity,Specificity,Precision,Negative Predictive Value,Test Cases,Negative Test Cases,Positive Test Cases
"(0, 0)",0.5400337741395034,0.48768775604672177,0.4903169014084507,0.48804029669543814,0.5224085784987628,-0.02388626334091526,0.5174291938997821,0.4586513994910941,0.5274847307051638,0.44866210329807094,3408.0,1572.0,1836.0
"(0, 1)",0.5732656380569067,0.5334997610483688,0.5301905069422022,0.5315514668276446,0.5391194171681976,0.06297397199055536,0.5126506024096386,0.5504523312456506,0.5684702738810955,0.494375,3097.0,1437.0,1660.0
"(1, 0)",0.545062028355301,0.49637082066869304,0.4947756607252612,0.4978533434650456,0.4932182490752158,-0.00429540252766478,0.45714285714285713,0.538563829787234,0.535475234270415,0.4602272727272727,3254.0,1504.0,1750.0
"(1, 1)",0.5746662940114733,0.5402998024911235,0.5293755767456167,0.5341121424195028,0.5176544766708701,0.06855484675490305,0.4702176403207331,0.5980066445182725,0.5757363253856943,0.4931506849315068,3251.0,1505.0,1746.0
"(2, 0)",0.5475559543280677,0.485037625758224,0.48568818514007306,0.48354358187319246,0.5197611600796134,-0.032757232923936376,0.5041367898510756,0.4629503738953093,0.5363849765258216,0.4310126582278481,3284.0,1471.0,1813.0
"(2, 1)",0.5386715166774074,0.50743378093642,0.5032598571872089,0.5037916455150449,0.5085995085995086,0.0075776577172872814,0.4919786096256685,0.5156046814044213,0.5263827082008901,0.4811893203883495,3221.0,1538.0,1683.0
mean,0.5532092009281099,0.5083882578249251,0.5056011146914687,0.506482079465978,0.5167935650153613,0.013027929611704882,0.4922592822082925,0.5207048767236636,0.5449890414948467,0.46810283992884133,3252.5,1504.5,1748.0
std,0.01497742337863097,0.021478775922765897,0.017900964296651344,0.019747835767045304,0.013919158992415834,0.03951073214252443,0.022020754019371393,0.04897558096496313,0.019637985036674285,0.023468153183286922,91.60558571033391,43.50766216043637,63.17436188834834
