,AUROC,Accuracy,Balanced Accuracy,F1-Score,MCC,Sensitivity,Specificity,Precision,Negative Predictive Value,Test Cases,Negative Test Cases,Positive Test Cases
"(0, 0)",0.7894864582813617,0.7235915492957746,0.7272281261953466,0.7261627906976744,0.4538728905957187,0.6802832244008714,0.7741730279898219,0.7786783042394015,0.6746119733924612,3408.0,1572.0,1836.0
"(0, 1)",0.7858848756193878,0.7242492734904746,0.7280940044101248,0.7239819004524887,0.4562528530443524,0.6746987951807228,0.7814892136395268,0.7810320781032078,0.6752856283824413,3097.0,1437.0,1660.0
"(1, 0)",0.7914270516717324,0.7188076213890596,0.7258134498480243,0.7077610986905142,0.45557199149785904,0.6331428571428571,0.8184840425531915,0.8023171614771905,0.6572343833422317,3254.0,1504.0,1750.0
"(1, 1)",0.805712344875615,0.7477699169486312,0.7485314320725494,0.7586815773984696,0.49576108571124833,0.7382588774341352,0.7588039867109635,0.7802663438256658,0.7141963727329581,3251.0,1505.0,1746.0
"(2, 0)",0.7878105217136003,0.7265529841656516,0.7309926083355238,0.7354154390100177,0.4597905679596666,0.6883618312189741,0.7736233854520734,0.7893738140417458,0.6682325308279506,3284.0,1471.0,1813.0
"(2, 1)",0.7903062986632174,0.7361067991307048,0.735514905808641,0.7477744807121663,0.4710840490611247,0.7486631016042781,0.7223667100130039,0.7468879668049793,0.7242503259452412,3221.0,1538.0,1683.0
mean,0.7917712584708191,0.7295130240700494,0.732695754445035,0.7332962144935552,0.4653889063116617,0.6939014478303065,0.7714900610597635,0.7797592780820318,0.6856352024372141,3252.5,1504.5,1748.0
std,0.006482999901585753,0.009686162153596974,0.007746549615048451,0.016574137862165064,0.014712258088950127,0.03924901667090759,0.028560482120916404,0.016757417014931095,0.024647356106679296,91.60558571033391,43.50766216043637,63.17436188834834
