,PRC-AUC,AUROC,Accuracy,Balanced Accuracy,F1-Score,MCC,Sensitivity,Specificity,Precision,Negative Predictive Value,Test Cases,Negative Test Cases,Positive Test Cases
"(0, 0)",0.7991474835131059,0.7818679422574798,0.721244131455399,0.7196527465948211,0.7410032715376226,0.43922636569609136,0.7401960784313726,0.6991094147582697,0.7418122270742358,0.6973350253807107,3408.0,1572.0,1836.0
"(0, 1)",0.8067405691642223,0.7926736172246396,0.7110106554730384,0.7151836993066211,0.7091322716932077,0.4308064799918922,0.6572289156626506,0.7731384829505915,0.7699364855328158,0.6613095238095238,3097.0,1437.0,1660.0
"(1, 0)",0.8100315966140754,0.776855433130699,0.7012907191149355,0.7089202127659575,0.6864516129032258,0.42281758498212924,0.608,0.8098404255319149,0.7881481481481482,0.6397058823529411,3254.0,1504.0,1750.0
"(1, 1)",0.8045563370572266,0.8003847427247093,0.7400799753921871,0.734585364554197,0.7696920141727992,0.4759185133485927,0.8087056128293242,0.6604651162790698,0.734269370774831,0.7484939759036144,3251.0,1505.0,1746.0
"(2, 0)",0.8177642548291159,0.7831259095219473,0.7003654080389768,0.7085573899208939,0.6988984088127295,0.4175634409102805,0.6298952013237727,0.7872195785180149,0.7848797250859106,0.6331328594860579,3284.0,1471.0,1813.0
"(2, 1)",0.7837413303094259,0.7859438491083868,0.717168581185967,0.7133312007862609,0.746874131703251,0.4341118001096901,0.7985739750445633,0.6280884265279584,0.7014613778705637,0.7402298850574712,3221.0,1538.0,1683.0
mean,0.8036635952478619,0.786808582327977,0.715193245110084,0.7167051023214586,0.7253419518038059,0.43674069750644606,0.7070999638819472,0.72631024076097,0.7534178890810841,0.6867011919983866,3252.5,1504.5,1748.0
std,0.010543060149727968,0.007708174354148143,0.013481490765958537,0.008841945352788694,0.02929821636826864,0.018906903820486848,0.07963987178545624,0.06782712535671132,0.030740142727672854,0.045679334725911035,91.60558571033391,43.50766216043637,63.17436188834834
