,AUROC,Accuracy,Balanced Accuracy,F1-Score,MCC,Sensitivity,Specificity,Precision,Negative Predictive Value,Test Cases,Negative Test Cases,Positive Test Cases
"(0, 0)",0.755749271011769,0.7115610328638498,0.7076930432902593,0.7389110225763613,0.4177960735367812,0.7576252723311547,0.6577608142493638,0.7210990150336962,0.6991210277214334,3408.0,1572.0,1836.0
"(0, 1)",0.7717630438245675,0.734258960284146,0.7352812083406696,0.7441715884364314,0.4693480296068724,0.7210843373493976,0.7494780793319415,0.7687861271676301,0.6993506493506494,3097.0,1437.0,1660.0
"(1, 0)",0.7569052051671732,0.7098955132145052,0.7105645896656535,0.7223529411764705,0.419965990893916,0.7017142857142857,0.7194148936170213,0.7442424242424243,0.6745635910224439,3254.0,1504.0,1750.0
"(1, 1)",0.7856454049693081,0.7533066748692709,0.749192078333771,0.7779623477297896,0.5025437673564462,0.804696449026346,0.693687707641196,0.7529474812433011,0.7537906137184116,3251.0,1505.0,1746.0
"(2, 0)",0.7701170974940034,0.7235079171741778,0.727721797742192,0.7329411764705882,0.4532214471935612,0.6872586872586872,0.7681849082256968,0.7851291745431632,0.6658809664113141,3284.0,1471.0,1813.0
"(2, 1)",0.7750721086795439,0.7274138466314809,0.7253198241112262,0.7474108170310704,0.4531013711602708,0.7718360071301248,0.6788036410923277,0.724484104852203,0.7310924369747899,3221.0,1538.0,1683.0
mean,0.7692086885243943,0.726657324172905,0.7259620902472953,0.7439583155701186,0.4526627799579746,0.7407025064683327,0.7112216740262579,0.7494480545137363,0.7039665475331737,3252.5,1504.5,1748.0
std,0.010363613460584785,0.014647640155058955,0.014147016680047433,0.01723312787415686,0.029016610653143166,0.041053004926319976,0.038712452366170096,0.02277906486456104,0.030490660779077815,91.60558571033391,43.50766216043637,63.17436188834834
