,PRC-AUC,AUROC,Accuracy,Balanced Accuracy,F1-Score,MCC,Sensitivity,Specificity,Precision,Negative Predictive Value,Test Cases,Negative Test Cases,Positive Test Cases
"(0, 0)",0.5436320386888464,0.49990541169818226,0.494424882629108,0.49221881288562924,0.5259972489683631,-0.015539779786999056,0.5206971677559913,0.4637404580152672,0.5314063368538077,0.4530764449968925,3408.0,1572.0,1836.0
"(0, 1)",0.5436853407667029,0.4974754969774715,0.49660962221504684,0.4972346588860662,0.5099025463690663,-0.005517196102614444,0.48855421686746986,0.5059151009046625,0.5332018408941486,0.4612944162436548,3097.0,1437.0,1660.0
"(1, 0)",0.5286350022051484,0.48899734042553195,0.49170251997541486,0.48906117021276596,0.525802752293578,-0.021865998602500845,0.524,0.4541223404255319,0.5276179516685846,0.4505277044854881,3254.0,1504.0,1750.0
"(1, 1)",0.5456805493966922,0.5199194742229986,0.5149184866195017,0.5129488189425854,0.5443513435423287,0.02586561766056402,0.5395189003436426,0.4863787375415282,0.5492711370262391,0.4765625,3251.0,1505.0,1746.0
"(2, 0)",0.5643885232628643,0.514760081187196,0.5021315468940317,0.5029243438974429,0.523462547362285,0.005817507078898369,0.49531163816878104,0.5105370496261047,0.5550061804697157,0.4507803121248499,3284.0,1471.0,1813.0
"(2, 1)",0.5069521307128048,0.4775269330650651,0.4824588637069233,0.48276635397036227,0.4900581217497706,-0.03443633467354924,0.47593582887700536,0.4895968790637191,0.5050441361916772,0.46055045871559636,3221.0,1538.0,1683.0
mean,0.5388289308388431,0.4997641229294076,0.49704098700667104,0.49619235979914195,0.5199290933808987,-0.007612697404366865,0.5073362920021484,0.4850484275961356,0.5335912638506956,0.45879863942774696,3252.5,1504.5,1748.0
std,0.017639626656171893,0.01441521730469822,0.009947247695084451,0.009781662203816368,0.01669860559253557,0.01954081985762614,0.022268289020712075,0.020485761228221343,0.016124523707832822,0.009039708345429023,91.60558571033391,43.50766216043637,63.17436188834834
