,PRC-AUC,AUROC,Accuracy,Balanced Accuracy,F1-Score,MCC,Sensitivity,Specificity,Precision,Negative Predictive Value,Test Cases,Negative Test Cases,Positive Test Cases
"(0, 0)",0.5251081435749283,0.46128289455448557,0.47593896713615025,0.4759766502020656,0.4943374858437146,-0.04790285144387173,0.47549019607843135,0.47646310432569977,0.5147405660377359,0.4375,3408.0,1572.0,1836.0
"(0, 1)",0.5847218519290132,0.5349833572284964,0.5227639651275428,0.5228475488593204,0.539563862928349,0.04557650646670001,0.5216867469879518,0.524008350730689,0.5587096774193548,0.486748545572075,3097.0,1437.0,1660.0
"(1, 0)",0.5634380357840592,0.5141373480243161,0.5021511985248924,0.5030281155015197,0.5149700598802395,0.006040461928886984,0.49142857142857144,0.5146276595744681,0.5408805031446541,0.4651442307692308,3254.0,1504.0,1750.0
"(1, 1)",0.5392407993936308,0.4871158756797692,0.4835435250692095,0.4819049141274028,0.5117766792672288,-0.03612175212177499,0.5040091638029782,0.45980066445182727,0.5197873597164796,0.4441591784338896,3251.0,1505.0,1746.0
"(2, 0)",0.6090999616845685,0.5578080057054515,0.5301461632155907,0.5314384779763045,0.5494890510948905,0.06254550325048246,0.5190292333149475,0.5438477226376615,0.5837468982630273,0.4784688995215311,3284.0,1471.0,1813.0
"(2, 1)",0.5196604765427532,0.4788846933343224,0.4837007140639553,0.48454289703429154,0.48529866914268033,-0.030906147480242487,0.46583481877599525,0.5032509752925878,0.5064599483204134,0.46264196054991036,3221.0,1538.0,1683.0
mean,0.5568782114848255,0.5057020290878068,0.4997074221895568,0.49995643395015077,0.5159059680261838,-0.00012804656663662622,0.49624645506481263,0.5036664128354889,0.5373874921502775,0.4624438024744395,3252.5,1504.5,1748.0
std,0.032277407259668045,0.03336979095587661,0.0206014518138871,0.021067439261314522,0.022757608903081303,0.041992461284162515,0.020838366044743695,0.028322186498434574,0.02706532879585019,0.01737515760214881,91.60558571033391,43.50766216043637,63.17436188834834
