,PRC-AUC,AUROC,Accuracy,Balanced Accuracy,F1-Score,MCC,Sensitivity,Specificity,Precision,Negative Predictive Value,Test Cases,Negative Test Cases,Positive Test Cases
"(0, 0)",0.8087611320826281,0.8058256346078153,0.7417840375586855,0.7396763624873189,0.7619047619047619,0.4799277471936424,0.7668845315904139,0.712468193384224,0.7569892473118279,0.7235142118863049,3408.0,1572.0,1836.0
"(0, 1)",0.81021118056765,0.7866331715169655,0.7174685179205683,0.7233579411592088,0.7088186356073212,0.44945439179122304,0.641566265060241,0.8051496172581768,0.79182156133829,0.6603881278538812,3097.0,1437.0,1660.0
"(1, 0)",0.822594609579389,0.7938672112462006,0.7148125384142594,0.7247629179331307,0.6910785619174434,0.4605044525085928,0.5931428571428572,0.8563829787234043,0.8277511961722488,0.644,3254.0,1504.0,1750.0
"(1, 1)",0.835369985880178,0.8299758727114277,0.7619194094124885,0.7584026897740636,0.7842809364548495,0.5200164544203313,0.8058419243986255,0.7109634551495017,0.7638436482084691,0.759403832505323,3251.0,1505.0,1746.0
"(2, 0)",0.8300382340425054,0.7973634784356354,0.707673568818514,0.7190233838772249,0.6973518284993694,0.4422833834278947,0.61003861003861,0.8280081577158396,0.8138337012509198,0.6327272727272727,3284.0,1471.0,1813.0
"(2, 1)",0.816175416512979,0.8103138012110704,0.7382800372555107,0.7347656168508306,0.7644593461860855,0.4766039170664636,0.8128342245989305,0.6566970091027308,0.7215189873417721,0.7622641509433963,3221.0,1538.0,1683.0
mean,0.8205250931108883,0.8039965282881858,0.7303230182300045,0.7333314853469628,0.7346490117616384,0.4714650577346913,0.7050514021382797,0.7616115685556463,0.7792930569372546,0.6970495993193632,3252.5,1504.5,1748.0
std,0.009822091152603461,0.01394194197508786,0.01876082697424263,0.013219261132786882,0.036632254035464065,0.02553245485580409,0.09235846634023935,0.07219540200289426,0.035991198140999194,0.053443192635155345,91.60558571033391,43.50766216043637,63.17436188834834
