,PRC-AUC,AUROC,Accuracy,Balanced Accuracy,F1-Score,MCC,Sensitivity,Specificity,Precision,Negative Predictive Value,Test Cases,Negative Test Cases,Positive Test Cases
"(0, 0)",0.561488408468406,0.5200437115756679,0.5102699530516432,0.510720700493938,0.5262560317910872,0.021378035391432175,0.5049019607843137,0.5165394402035624,0.5494961470065205,0.4718187100522952,3408.0,1572.0,1836.0
"(0, 1)",0.5151759935857898,0.48204383295184916,0.48982886664514047,0.48815156240829705,0.5179987797437461,-0.023659205880729832,0.5114457831325301,0.464857341684064,0.5247218788627935,0.45165652467883705,3097.0,1437.0,1660.0
"(1, 0)",0.5777155116940154,0.529684650455927,0.5187461585740627,0.5165406534954408,0.549482163406214,0.0330478742298538,0.5457142857142857,0.48736702127659576,0.5533024333719583,0.47971204188481675,3254.0,1504.0,1750.0
"(1, 1)",0.5188444864281179,0.48175954150540584,0.49092586896339585,0.491529190594163,0.5049356865091235,-0.01689760153822295,0.4833906071019473,0.49966777408637875,0.5284909204758923,0.4546553808948005,3251.0,1505.0,1746.0
"(2, 0)",0.5527504516936395,0.50177789160017,0.5048721071863581,0.5037393280570905,0.5343642611683849,0.007439880086600226,0.5146166574738004,0.4928619986403807,0.5556879094699225,0.4517133956386293,3284.0,1471.0,1813.0
"(2, 1)",0.5135875089947688,0.49455543733827223,0.5020180068301769,0.5019030664636112,0.5142337976983645,0.003802327295475181,0.5044563279857398,0.49934980494148246,0.5243977764051884,0.4794007490636704,3221.0,1538.0,1683.0
mean,0.5399270601441228,0.5016441775712154,0.5027768268751296,0.5020974169187568,0.5245451200528201,0.0041852182640681,0.5107542703654362,0.4934405634720773,0.539349510932046,0.46482613370217485,3252.5,1504.5,1748.0
std,0.025193121905085884,0.01804924444115114,0.010199896893220801,0.00993206937474428,0.014462057866920371,0.019829197941497147,0.018530526931357486,0.015607042282692324,0.013662677306162965,0.012461490770832761,91.60558571033391,43.50766216043637,63.17436188834834
