,PRC-AUC,AUROC,Accuracy,Balanced Accuracy,F1-Score,MCC,Sensitivity,Specificity,Precision,Negative Predictive Value,Test Cases,Negative Test Cases,Positive Test Cases
"(0, 0)",0.5463017475878882,0.5105226887192535,0.5067488262910798,0.5076356666500357,0.5201256066228946,0.015229034819259383,0.49618736383442263,0.5190839694656488,0.5464907018596281,0.46869615163699024,3408.0,1572.0,1836.0
"(0, 1)",0.5412849190884059,0.49952628887156136,0.5046819502744592,0.5019602418022822,0.5387853277209861,0.003921613190268503,0.5397590361445783,0.4641614474599861,0.5378151260504201,0.4661076170510133,3097.0,1437.0,1660.0
"(1, 0)",0.5349248099472176,0.5062481003039514,0.510141364474493,0.5139148936170213,0.5046612802983219,0.027883614731975318,0.464,0.5638297872340425,0.553133514986376,0.4748040313549832,3254.0,1504.0,1750.0
"(1, 1)",0.5471289191202648,0.508523897051828,0.5084589357120886,0.5106036388822291,0.5128048780487805,0.02118251228229376,0.4816723940435281,0.5395348837209303,0.5482398956975228,0.47291788002329643,3251.0,1505.0,1746.0
"(2, 0)",0.5762352999472898,0.5313863579863386,0.5286236297198539,0.5284565771115252,0.5538904899135448,0.05660605165502692,0.5300606729178158,0.5268524813052345,0.579963789981895,0.4763368162261832,3284.0,1471.0,1813.0
"(2, 1)",0.5306589961349739,0.5247329100690992,0.5237503880782366,0.5253321094367526,0.5182160804020101,0.05073025056284109,0.49019607843137253,0.5604681404421327,0.5496335776149234,0.5011627906976744,3221.0,1538.0,1683.0
mean,0.54608911530434,0.5134900405003386,0.5137341824250351,0.5146505212499743,0.5247472771677564,0.02925884620694416,0.5003125908952862,0.5289884516046626,0.5525461010317942,0.4766708811650235,3252.5,1504.5,1748.0
std,0.014695404304064756,0.011011964027078252,0.00906912980359482,0.009415176463877458,0.016615646487850463,0.01877418558651573,0.026540512886784565,0.03321976898891699,0.013119771355917907,0.011494304658609514,91.60558571033391,43.50766216043637,63.17436188834834
