,PRC-AUC,AUROC,Accuracy,Balanced Accuracy,F1-Score,MCC,Sensitivity,Specificity,Precision,Negative Predictive Value,Test Cases,Negative Test Cases,Positive Test Cases
"(0, 0)",0.5708967802066821,0.5197304961000516,0.5181924882629108,0.5192627517504034,0.5305889079473985,0.03842141040157539,0.5054466230936819,0.5330788804071247,0.5583634175691937,0.47995418098510884,3408.0,1572.0,1836.0
"(0, 1)",0.570110384924815,0.5306742628132571,0.5227639651275428,0.5243433022277,0.5301970756516211,0.04859982884643345,0.5024096385542168,0.546276965901183,0.5612382234185733,0.4872749844816884,3097.0,1437.0,1660.0
"(1, 0)",0.560969493144891,0.5116037234042554,0.5116779348494161,0.5121189209726444,0.5272240404641475,0.024169648787539293,0.5062857142857143,0.5179521276595744,0.5499689633767846,0.47413268411442483,3254.0,1504.0,1750.0
"(1, 1)",0.5091170874632991,0.45378140067662964,0.4700092279298677,0.4708179683605241,0.4824271553018924,-0.05822337934331893,0.4599083619702176,0.48172757475083056,0.50726468730259,0.43465227817745805,3251.0,1505.0,1746.0
"(2, 0)",0.5643964507682471,0.5035297232053569,0.49665042630937883,0.49808843374930584,0.5151070695218539,-0.003803837220942321,0.48428019856591287,0.5118966689326988,0.550125313283208,0.44609004739336494,3284.0,1471.0,1813.0
"(2, 1)",0.5219811335419673,0.4778613025381173,0.48121701334989136,0.4809057839158046,0.49562330214307276,-0.038152514177908714,0.48781937017231136,0.4739921976592978,0.503680981595092,0.4582023884349466,3221.0,1538.0,1683.0
mean,0.5495785550083169,0.49953015145627805,0.5000851759715013,0.5009228601627304,0.5135279251716645,0.001835192882229696,0.4910249844403425,0.5108207358851182,0.5384402644242402,0.46338442726449863,3252.5,1504.5,1748.0
std,0.024576731201143284,0.02614786326846682,0.01936044942214366,0.01968604553406802,0.01847001350960323,0.03928985849645122,0.016301820856523278,0.025843557797236502,0.023686334258330284,0.01876311088518934,91.60558571033391,43.50766216043637,63.17436188834834
