,AUROC,Accuracy,Balanced Accuracy,F1-Score,MCC,Sensitivity,Specificity,Precision,Negative Predictive Value,Test Cases,Negative Test Cases,Positive Test Cases
"(0, 0)",0.7540241605548071,0.7115610328638498,0.7065496682133413,0.7423328964613369,0.41732854880184383,0.7712418300653595,0.6418575063613231,0.7155128852956039,0.7060881735479356,3408.0,1572.0,1836.0
"(0, 1)",0.7622976247369435,0.7197287697772038,0.7199507843482489,0.7327586206896551,0.4389025153919331,0.7168674698795181,0.7230340988169798,0.7493702770780857,0.6885354539430086,3097.0,1437.0,1660.0
"(1, 0)",0.7568394756838907,0.7000614628149969,0.7054874620060789,0.6944270507201002,0.4124158827427249,0.6337142857142857,0.7772606382978723,0.768005540166205,0.6458563535911602,3254.0,1504.0,1750.0
"(1, 1)",0.7799467601313681,0.7446939403260535,0.7414030360805715,0.7677672076105204,0.48525782510973187,0.7857961053837342,0.6970099667774087,0.75054704595186,0.7371749824314828,3251.0,1505.0,1746.0
"(2, 0)",0.7492779131605973,0.7046285018270402,0.7078659563849425,0.7167056074766355,0.41354508272188323,0.6767788196359625,0.7389530931339225,0.7616387337057728,0.6497310221159593,3284.0,1471.0,1813.0
"(2, 1)",0.7607880997692058,0.7100279416330332,0.7067222365164689,0.7376404494382023,0.41879900931073166,0.780154486036839,0.6332899869960988,0.6995205114544486,0.7247023809523809,3221.0,1538.0,1683.0
mean,0.7605290056728021,0.7151169415403628,0.7146631905916087,0.7319386387327418,0.4310414773464748,0.7274254994526164,0.7019008817306008,0.7407658322753293,0.6920147277636546,3252.5,1504.5,1748.0
std,0.009684670495378812,0.014556127178942682,0.01292453976905024,0.022598209493115525,0.025794596708153154,0.057104719940004905,0.05137307173227873,0.024786676973168064,0.03472896429197731,91.60558571033391,43.50766216043637,63.17436188834834
