,PRC-AUC,AUROC,Accuracy,Balanced Accuracy,F1-Score,MCC,Sensitivity,Specificity,Precision,Negative Predictive Value,Test Cases,Negative Test Cases,Positive Test Cases
"(0, 0)",0.5818754851357868,0.5424607926291807,0.5322769953051644,0.5358105074090704,0.5303476723629935,0.07166935381021805,0.49019607843137253,0.5814249363867684,0.5776636713735558,0.49405405405405406,3408.0,1572.0,1836.0
"(0, 1)",0.5766039585928502,0.535819897544248,0.5205037132709073,0.522281610785522,0.5266177876952503,0.04449500424518327,0.4975903614457831,0.5469728601252609,0.5592417061611374,0.48518518518518516,3097.0,1437.0,1660.0
"(1, 0)",0.5411299847524315,0.48618408054711243,0.48094652735095267,0.4816781914893617,0.4944627357078719,-0.03654770102305684,0.472,0.4913563829787234,0.5191703331238215,0.444377630787733,3254.0,1504.0,1750.0
"(1, 1)",0.583022708673798,0.5477741244343977,0.531528760381421,0.5307055899959281,0.5540263543191801,0.061264148822520376,0.5418098510882016,0.5196013289036545,0.566806470940683,0.4943109987357775,3251.0,1505.0,1746.0
"(2, 0)",0.5340688121556201,0.46139427347546214,0.47929354445797806,0.47461025308942173,0.5242070116861435,-0.050685315691208675,0.519580805295091,0.42963970088375253,0.5289163391353172,0.4204923486360612,3284.0,1471.0,1813.0
"(2, 1)",0.5178495465507282,0.4788537868550108,0.48525302701024525,0.48459988085552225,0.5032953864589575,-0.030780766066497805,0.49910873440285203,0.47009102730819247,0.5075528700906344,0.4616858237547893,3221.0,1538.0,1683.0
mean,0.5557584159768691,0.5087478259142353,0.5049670946294448,0.5049476722708044,0.5221594913717329,0.009902454016193059,0.5033809717772167,0.5065143727643922,0.5432252318041916,0.46668434019226673,3252.5,1504.5,1748.0
std,0.02576008507959949,0.034248231750186306,0.02351418924156708,0.025140640062929744,0.01927682864679358,0.050221903044509714,0.022172067087224356,0.04980945373464549,0.025995218663461116,0.02741924293742885,91.60558571033391,43.50766216043637,63.17436188834834
