,PRC-AUC,AUROC,Accuracy,Balanced Accuracy,F1-Score,MCC,Sensitivity,Specificity,Precision,Negative Predictive Value,Test Cases,Negative Test Cases,Positive Test Cases
"(0, 0)",0.5564999117847592,0.4981352591927356,0.4865023474178404,0.48866187696452623,0.4915746658919232,-0.022645588251035558,0.46078431372549017,0.5165394402035624,0.526774595267746,0.4506104328523862,3408.0,1572.0,1836.0
"(0, 1)",0.5518795204067684,0.5009608370852932,0.49951566031643524,0.49746816074318145,0.5297330097087378,-0.005058616957676591,0.5259036144578313,0.46903270702853167,0.5336185819070904,0.46132785763175904,3097.0,1437.0,1660.0
"(1, 0)",0.54874213476406,0.499036094224924,0.5012292562999385,0.5026850303951368,0.5104072398190045,0.005358585305091067,0.48342857142857143,0.5219414893617021,0.5405750798722044,0.46477205447010067,3254.0,1504.0,1750.0
"(1, 1)",0.5608702438745528,0.5035821792954374,0.5019993848046754,0.4993621871349035,0.535704043590479,-0.0012753394124209619,0.5349369988545246,0.46378737541528237,0.5364732912119472,0.46225165562913906,3251.0,1505.0,1746.0
"(2, 0)",0.6050871795043085,0.5424972899480037,0.5240560292326432,0.5291287000037121,0.5270801815431166,0.058183912654695656,0.480419194704909,0.5778382053025153,0.5837801608579088,0.47433035714285715,3284.0,1471.0,1813.0
"(2, 1)",0.587195719197306,0.5466656931125684,0.5327538031667184,0.533387496938327,0.5373501383338456,0.06672840126019126,0.5193107546048723,0.5474642392717816,0.556687898089172,0.5099939430648092,3221.0,1538.0,1683.0
mean,0.5683791182552925,0.5151462254764937,0.5076760802063752,0.5084489086966312,0.5219748798145177,0.016881892433140814,0.5007972412960331,0.5161005760972293,0.5463182678676782,0.47054771679850854,3252.5,1504.5,1748.0
std,0.020643371907651697,0.020918171042274173,0.015736903237949674,0.016720651922062294,0.01617160319471688,0.033408608355867085,0.027253663494195342,0.04037651619720879,0.019079079263406747,0.018951680378828287,91.60558571033391,43.50766216043637,63.17436188834834
