,PRC-AUC,AUROC,Accuracy,Balanced Accuracy,F1-Score,MCC,Sensitivity,Specificity,Precision,Negative Predictive Value,Test Cases,Negative Test Cases,Positive Test Cases
"(0, 0)",0.8221781765543845,0.8156938277148575,0.7435446009389671,0.7442831246154102,0.7553191489361702,0.4871840645392162,0.7347494553376906,0.7538167938931297,0.777073732718894,0.708732057416268,3408.0,1572.0,1836.0
"(0, 1)",0.8215608352116668,0.7979628325410201,0.7381336777526639,0.7417936883232303,0.7388083735909822,0.48341312625264743,0.6909638554216867,0.7926235212247739,0.7937716262975778,0.6894673123486683,3097.0,1437.0,1660.0
"(1, 0)",0.8298275200906852,0.7967872340425532,0.7240319606637984,0.7321193009118541,0.7090084251458197,0.47049678651615756,0.6251428571428571,0.839095744680851,0.8188622754491018,0.6579770594369134,3254.0,1504.0,1750.0
"(1, 1)",0.8324710188398581,0.821395272725889,0.756075053829591,0.7530992529673901,0.7774347460005614,0.5083457409941552,0.7932416953035509,0.7129568106312293,0.7622454595487067,0.7482566248256625,3251.0,1505.0,1746.0
"(2, 0)",0.8289012437245105,0.7994653388942987,0.7228989037758831,0.7319150196687343,0.7200000000000001,0.46494574582344644,0.6453392167677882,0.8184908225696805,0.81419624217119,0.6518678938819708,3284.0,1471.0,1813.0
"(2, 1)",0.8217692865716755,0.8199264889389575,0.7357963365414467,0.7351337902856299,0.7478518518518519,0.47039353466140654,0.7498514557338086,0.7204161248374512,0.7458628841607565,0.724656638325703,3221.0,1538.0,1683.0
mean,0.8261180134987968,0.8085384991429293,0.736746755583725,0.7397240294620415,0.7414037575875643,0.4807964997978382,0.7065480892845636,0.7728999696395192,0.7853353700577045,0.696826264372531,3252.5,1504.5,1748.0
std,0.004417184274400336,0.010633601286813801,0.011372845389796509,0.007570207683279081,0.022537977515782858,0.014561138844503713,0.058881924444303915,0.047541786646112145,0.026418584069223528,0.034510939267857095,91.60558571033391,43.50766216043637,63.17436188834834
