,PRC-AUC,AUROC,Accuracy,Balanced Accuracy,F1-Score,MCC,Sensitivity,Specificity,Precision,Negative Predictive Value,Test Cases,Negative Test Cases,Positive Test Cases
"(0, 0)",0.5405038178503369,0.5026058557434848,0.5061619718309859,0.508142909411432,0.5128798842257598,0.01625712008287009,0.48257080610021785,0.5337150127226463,0.5472513897467572,0.4689770821688094,3408.0,1572.0,1836.0
"(0, 1)",0.5680734712960518,0.5298264037360297,0.5175976751695189,0.5191033444844095,0.525412960609911,0.03813663263568548,0.49819277108433735,0.5400139178844816,0.5557795698924731,0.48228713486637664,3097.0,1437.0,1660.0
"(1, 0)",0.5461590271922501,0.4989525075987842,0.49446834665027656,0.4948104103343465,0.5105623326390956,-0.010349977514781929,0.49028571428571427,0.49933510638297873,0.5325884543761639,0.4570906877662812,3254.0,1504.0,1750.0
"(1, 1)",0.5399017173067363,0.5020991502171076,0.5004613964933866,0.5023326216924875,0.5063829787234042,0.004658265812320923,0.4770904925544101,0.5275747508305648,0.5395077720207254,0.4651435266549502,3251.0,1505.0,1746.0
"(2, 0)",0.5392719901010545,0.48318455388475784,0.4920828258221681,0.4915792469448874,0.5190311418685122,-0.01675045561439758,0.49641478212906787,0.486743711760707,0.5438066465256798,0.43953345610804173,3284.0,1471.0,1813.0
"(2, 1)",0.5141031497183945,0.49299697811898535,0.4821484011176653,0.4842338322411756,0.46912794398472313,-0.03164067695785062,0.43790849673202614,0.5305591677503251,0.5051405071967101,0.46311010215664017,3221.0,1538.0,1683.0
mean,0.541335528910804,0.5016109082165249,0.4988201028473335,0.5000337275181231,0.5072328736752344,5.181807397439351e-05,0.4804105104809622,0.5196569445552839,0.5373457232930848,0.46269033162018314,3252.5,1504.5,1748.0
std,0.015741621721678506,0.014248625125330905,0.011191279563392659,0.01142433084526645,0.018098787743062818,0.022837149078044742,0.020379629217464716,0.019535624596373577,0.016042414944044757,0.012892822278874862,91.60558571033391,43.50766216043637,63.17436188834834
