,PRC-AUC,AUROC,Accuracy,Balanced Accuracy,F1-Score,MCC,Sensitivity,Specificity,Precision,Negative Predictive Value,Test Cases,Negative Test Cases,Positive Test Cases
"(0, 0)",0.5125978989565563,0.44880728655612656,0.4612676056338028,0.46007334231402486,0.48743718592964824,-0.07963755754075727,0.47549019607843135,0.4446564885496183,0.5,0.42057761732851984,3408.0,1572.0,1836.0
"(0, 1)",0.5649133640551472,0.5288628417637146,0.5253471101065548,0.5278747558082015,0.5267224726336124,0.05572701901916011,0.4927710843373494,0.5629784272790536,0.5656984785615491,0.4900060569351908,3097.0,1437.0,1660.0
"(1, 0)",0.5334652122080021,0.4894525075987842,0.4981561155500922,0.49496770516717326,0.5351551380586393,-0.01007103343866859,0.5371428571428571,0.45279255319148937,0.5331820760068066,0.4567404426559356,3254.0,1504.0,1750.0
"(1, 1)",0.5467389908202062,0.5084567288115597,0.5044601661027376,0.5044962762536486,0.5221002669830911,0.008967810007454821,0.5040091638029782,0.5049833887043189,0.5415384615384615,0.46740467404674046,3251.0,1505.0,1746.0
"(2, 0)",0.5633278049421464,0.5069531441290206,0.5051766138855055,0.5044639459032001,0.5329117562517964,0.008880295137105408,0.5113072255929398,0.49762066621346024,0.556422569027611,0.45241038318912236,3284.0,1471.0,1813.0
"(2, 1)",0.5332620993618133,0.5166611035003905,0.5088481837938529,0.5082429511978965,0.5260635110844818,0.016475479841400575,0.5216874628639334,0.49479843953185954,0.5305135951661631,0.4859514687100894,3221.0,1538.0,1683.0
mean,0.5423842283906453,0.49986560205993263,0.500542632512091,0.5000198294406908,0.5217317218235449,5.7002170949175396e-05,0.5070679983030816,0.49297166057830005,0.5378925300500985,0.46218177381093306,3252.5,1504.5,1748.0
std,0.018326423624632927,0.025698098531673593,0.01944774341293181,0.02043098625050854,0.0159431504770295,0.04078351409763791,0.01977840883840762,0.03877046962524016,0.020985339424069174,0.023174921106972904,91.60558571033391,43.50766216043637,63.17436188834834
