,PRC-AUC,AUROC,Accuracy,Balanced Accuracy,F1-Score,MCC,Sensitivity,Specificity,Precision,Negative Predictive Value,Test Cases,Negative Test Cases,Positive Test Cases
"(0, 0)",0.5526363967750587,0.5253222931807724,0.5181924882629108,0.5199030417934773,0.5268011527377523,0.0397199987415151,0.49782135076252726,0.5419847328244275,0.5593635250917993,0.48027057497181513,3408.0,1572.0,1836.0
"(0, 1)",0.541109798490401,0.4970487377484888,0.49015175976751696,0.48948109766833514,0.5119010819165378,-0.020986269282904764,0.4987951807228916,0.4801670146137787,0.5257142857142857,0.4533508541392904,3097.0,1437.0,1660.0
"(1, 0)",0.5275121700449206,0.48288031914893614,0.49262446220036876,0.49085296352583585,0.5215879455230368,-0.018260617701613583,0.5142857142857142,0.46742021276595747,0.5291005291005291,0.45267224726336125,3254.0,1504.0,1750.0
"(1, 1)",0.5586190434401492,0.519832897596024,0.5176868655798216,0.5164891370117934,0.5425904317386231,0.03290741926384171,0.5326460481099656,0.5003322259136213,0.5529131985731273,0.47992351816443596,3251.0,1505.0,1746.0
"(2, 0)",0.5522543493191387,0.5017527690150785,0.5085261875761267,0.5083311366694876,0.5340646651270208,0.016571921372140863,0.5102040816326531,0.5064581917063222,0.5602665051483949,0.45621555419473364,3284.0,1471.0,1813.0
"(2, 1)",0.5429339072226584,0.5256176080393934,0.5181620614715927,0.5189761919663243,0.5206917850525016,0.037936441529369085,0.5008912655971479,0.5370611183355006,0.5421221864951768,0.4957983193277311,3221.0,1538.0,1683.0
mean,0.5458442775487211,0.5087424374547822,0.5075573041430562,0.5073389281058756,0.5262728436825787,0.014648148987058069,0.5091072735184833,0.5055705826932679,0.5449133716872189,0.46970517801022793,3252.5,1504.5,1748.0
std,0.010143702974315999,0.016005772631993247,0.011937737870318292,0.012706184844650796,0.009890224924170332,0.02536678524266412,0.012133337288433804,0.027223349025790836,0.013753572132000711,0.01651488571998422,91.60558571033391,43.50766216043637,63.17436188834834
