,PRC-AUC,AUROC,Accuracy,Balanced Accuracy,F1-Score,MCC,Sensitivity,Specificity,Precision,Negative Predictive Value,Test Cases,Negative Test Cases,Positive Test Cases
"(0, 0)",0.8235334911145619,0.8101874372876094,0.7429577464788732,0.7432353772721981,0.7561247216035634,0.48523494376455645,0.7396514161220044,0.7468193384223919,0.7733485193621867,0.7106537530266344,3408.0,1572.0,1836.0
"(0, 1)",0.8174382944801293,0.7952404607993562,0.732321601549887,0.7363720015762423,0.7314544865565273,0.47297505284431673,0.6801204819277108,0.7926235212247739,0.7911702873160477,0.6820359281437126,3097.0,1437.0,1660.0
"(1, 0)",0.8318543777184605,0.80309023556231,0.7366318377381684,0.7411698328267478,0.7355754396791114,0.48264847976563496,0.6811428571428572,0.8011968085106383,0.7994634473507712,0.683494044242768,3254.0,1504.0,1750.0
"(1, 1)",0.8375753341255956,0.818155974928931,0.74930790525992,0.748128993465843,0.7660063163939131,0.49606094051364075,0.7640320733104238,0.7322259136212624,0.7679907887161773,0.7278731836195509,3251.0,1505.0,1746.0
"(2, 0)",0.8300050996576508,0.7953707324883397,0.7295980511571255,0.7390723316721179,0.7257566399011736,0.47975269632832823,0.6480970766685052,0.8300475866757308,0.8245614035087719,0.6568047337278107,3284.0,1471.0,1813.0
"(2, 1)",0.8077816117292117,0.802335100411288,0.7317603228810928,0.7311035853833987,0.7439241256668643,0.46231649129121327,0.7456922162804516,0.716514954486346,0.7421643997634536,0.7202614379084967,3221.0,1538.0,1683.0
mean,0.8246980348042682,0.8040633235796392,0.7370962441775112,0.7398470203660912,0.7431402883001921,0.4798314340846151,0.7097893535753256,0.7699046871568571,0.7831164743362348,0.6968538467781622,3252.5,1504.5,1748.0
std,0.00987782348080829,0.008097790788132527,0.006966463902577003,0.005337687189741578,0.014071491739937245,0.010442859813948447,0.04209083769434697,0.04065217808582502,0.02598410188953648,0.024841291182333226,91.60558571033391,43.50766216043637,63.17436188834834
