,PRC-AUC,AUROC,Accuracy,Balanced Accuracy,F1-Score,MCC,Sensitivity,Specificity,Precision,Negative Predictive Value,Test Cases,Negative Test Cases,Positive Test Cases
"(0, 0)",0.5568568752838363,0.505175504609534,0.5008802816901409,0.5011371384855894,0.5179937659393596,0.002267490216288255,0.49782135076252726,0.5044529262086515,0.5398700531600709,0.46239067055393585,3408.0,1572.0,1836.0
"(0, 1)",0.5455262600588836,0.5070339814372312,0.5108169195996125,0.510440928641497,0.5305237062286954,0.020829139935896444,0.5156626506024097,0.5052192066805845,0.5462667517549458,0.4745098039215686,3097.0,1437.0,1660.0
"(1, 0)",0.5545060335471079,0.5165,0.5067609096496619,0.5113328267477204,0.49575871819038636,0.022763189797523297,0.45085714285714285,0.5718085106382979,0.5505931612002791,0.47226798462383307,3254.0,1504.0,1750.0
"(1, 1)",0.538867747326882,0.4984258276154704,0.4961550292217779,0.4965808892085565,0.5113365155131265,-0.006819897028385849,0.490836197021764,0.5023255813953489,0.5336239103362391,0.4595744680851064,3251.0,1505.0,1746.0
"(2, 0)",0.5688729828134567,0.518295053887945,0.5210109622411693,0.5202795506281959,0.5486370157819225,0.040345295999702935,0.5273028130170987,0.513256288239293,0.5717703349282297,0.4683622828784119,3284.0,1471.0,1813.0
"(2, 1)",0.5251043266379919,0.49299041049213155,0.48711580254579323,0.48699860998109296,0.49939393939393933,-0.025976630449395313,0.48960190136660725,0.48439531859557866,0.5095856524427953,0.4644638403990025,3221.0,1538.0,1683.0
mean,0.5482890376113597,0.5064034630070521,0.5037899841580259,0.5044616572821087,0.5172739435079049,0.008901431411938296,0.49534700927125824,0.5135763052929591,0.5419516439704267,0.4669281750769764,3252.5,1504.5,1748.0
std,0.013962343131183311,0.009025963221492052,0.010797789464245719,0.010887970100203776,0.018154747669813162,0.02172089523671243,0.02405799571551413,0.027453834177524953,0.018724724657580682,0.005303932917247172,91.60558571033391,43.50766216043637,63.17436188834834
