,PRC-AUC,AUROC,Accuracy,Balanced Accuracy,F1-Score,MCC,Sensitivity,Specificity,Precision,Negative Predictive Value,Test Cases,Negative Test Cases,Positive Test Cases
"(0, 0)",0.8157871649305928,0.8081603718671524,0.7432511737089202,0.7430046233930383,0.7579529737206085,0.4850188586418463,0.7461873638344226,0.739821882951654,0.7700955593029792,0.7139349294045426,3408.0,1572.0,1836.0
"(0, 1)",0.8181668212440122,0.7956680584551148,0.7274782047142396,0.7328355174350848,0.7214521452145213,0.46757921878152126,0.658433734939759,0.8072372999304106,0.7978102189781022,0.671685002895194,3097.0,1437.0,1660.0
"(1, 0)",0.8266248556346537,0.7961477963525836,0.7206515058389674,0.7303316869300912,0.6987073251574413,0.47102004052447993,0.6022857142857143,0.8583776595744681,0.8318863456985004,0.649723200805234,3254.0,1504.0,1750.0
"(1, 1)",0.8357483181478417,0.82780555840973,0.754537065518302,0.7509336956232185,0.7777158774373258,0.5050703114143872,0.7995418098510882,0.7023255813953488,0.7570498915401301,0.7512437810945274,3251.0,1505.0,1746.0
"(2, 0)",0.8351502804837221,0.8005253619995778,0.714068209500609,0.7239813447932317,0.7082945013979497,0.45020117858456304,0.628792057363486,0.8191706322229776,0.8108108108108109,0.641640042598509,3284.0,1471.0,1813.0
"(2, 1)",0.81856389024846,0.8132103178190534,0.7407637379695746,0.737814541034919,0.764057643402091,0.4807655228480624,0.8033273915626857,0.6723016905071522,0.728448275862069,0.7575091575091575,3221.0,1538.0,1683.0
mean,0.8250068884482137,0.8069195774838688,0.7334583162084355,0.7364835682015972,0.7380300777216564,0.4766091884658101,0.7064280119728593,0.7665391244303352,0.7826835170320986,0.6976226857178608,3252.5,1504.5,1748.0
std,0.008105415665835778,0.011260928948922005,0.013960272687550138,0.008761291188331338,0.02987370603626549,0.01687303124593661,0.08043308339260358,0.06655651444792932,0.0346359181011956,0.046240099918486995,91.60558571033391,43.50766216043637,63.17436188834834
