,PRC-AUC,AUROC,Accuracy,Balanced Accuracy,F1-Score,MCC,Sensitivity,Specificity,Precision,Negative Predictive Value,Test Cases,Negative Test Cases,Positive Test Cases
"(0, 0)",0.5526529286945555,0.5067684339780583,0.5017605633802817,0.5037377970696336,0.50839606253619,0.007462641003564951,0.4782135076252723,0.5292620865139949,0.5426452410383189,0.464804469273743,3408.0,1572.0,1836.0
"(0, 1)",0.5368167679342131,0.5011670900721885,0.5043590571520826,0.5024536559599567,0.5335764205408691,0.004901535202037937,0.5289156626506024,0.4759916492693111,0.5383200490496628,0.4665757162346521,3097.0,1437.0,1660.0
"(1, 0)",0.5338467330577507,0.49322644376899694,0.49938537185003073,0.4976994680851064,0.5276891852710931,-0.004592395836694845,0.52,0.4753989361702128,0.5356091818716893,0.45980707395498394,3254.0,1504.0,1750.0
"(1, 1)",0.52708767281337,0.48164080784555496,0.4875422946785604,0.48970898836638466,0.49114233353695785,-0.020562414933457583,0.46048109965635736,0.518936877076412,0.5261780104712042,0.4532791642484039,3251.0,1505.0,1746.0
"(2, 0)",0.5646988342857349,0.5085898617995346,0.5036540803897686,0.5061627201085296,0.5174659561870929,0.012271921503311717,0.4820739106453392,0.53025152957172,0.5584664536741214,0.4537521815008726,3284.0,1471.0,1813.0
"(2, 1)",0.514330588540783,0.48951265890759504,0.49767153058056507,0.4999565377634681,0.4830670926517572,-8.728733198201004e-05,0.44919786096256686,0.5507152145643693,0.5224602626123013,0.4774520856820744,3221.0,1538.0,1683.0
mean,0.5382389208877345,0.49681754939532136,0.4990621496718815,0.49995319455884646,0.5102228417873268,-0.00010100006553663907,0.4864803402566897,0.5134260488610033,0.537279866452883,0.4626117818157884,3252.5,1504.5,1748.0
std,0.01645784088851548,0.009601361849121236,0.0056446116815669686,0.005309689031139096,0.01829281794465466,0.010600043521009841,0.029091880579092077,0.028290527179473186,0.011721801294734161,0.008308749683241513,91.60558571033391,43.50766216043637,63.17436188834834
