,AUROC,Accuracy,Balanced Accuracy,F1-Score,MCC,Sensitivity,Specificity,Precision,Negative Predictive Value,Test Cases,Negative Test Cases,Positive Test Cases
"(0, 0)",0.7785665333422032,0.7130281690140845,0.7160064195313409,0.7178303519907674,0.43112140173602,0.6775599128540305,0.7544529262086515,0.7631901840490798,0.6670416197975253,3408.0,1572.0,1836.0
"(0, 1)",0.7968034979165095,0.7265095253471101,0.7295480460463986,0.7293064876957495,0.45850906452662266,0.6873493975903614,0.7717466945024356,0.776718856364874,0.6812039312039312,3097.0,1437.0,1660.0
"(1, 0)",0.7871956686930093,0.7132759680393362,0.7195957446808511,0.704653371320038,0.4419195111138574,0.636,0.8031914893617021,0.7899219304471257,0.6547425474254742,3254.0,1504.0,1750.0
"(1, 1)",0.8099996955547184,0.7366964011073516,0.7391392951330616,0.7423239012642986,0.4771839170889824,0.7061855670103093,0.772093023255814,0.7823604060913706,0.6937313432835821,3251.0,1505.0,1746.0
"(2, 0)",0.7961088490368864,0.7299025578562729,0.7317179761095465,0.7448950244463619,0.4609574011523346,0.7142857142857143,0.7491502379333786,0.7782451923076923,0.6802469135802469,3284.0,1471.0,1813.0
"(2, 1)",0.7947987485966528,0.7289661595777709,0.7284017795950788,0.7407187407187407,0.4568164425833177,0.7409387997623291,0.7158647594278283,0.7404988123515439,0.7163305139882888,3221.0,1538.0,1683.0
mean,0.7939121655233299,0.7247297968236545,0.7274015435160464,0.7299546462393259,0.45441795636685584,0.6937198985837908,0.7610831884483017,0.7718225636019477,0.6822161448798414,3252.5,1504.5,1748.0
std,0.009603641932737893,0.008748233774111379,0.00766804728256513,0.014603950572068288,0.014620099174418075,0.032765035753402304,0.026580374458443527,0.016122202165452345,0.01952074619023036,91.60558571033391,43.50766216043637,63.17436188834834
