,PRC-AUC,AUROC,Accuracy,Balanced Accuracy,F1-Score,MCC,Sensitivity,Specificity,Precision,Negative Predictive Value,Test Cases,Negative Test Cases,Positive Test Cases
"(0, 0)",0.7960523140183815,0.7774075667869635,0.7098004694835681,0.7068822864175357,0.7343540155788343,0.4149209419241999,0.7445533769063181,0.6692111959287532,0.7244303126656068,0.6916502301117686,3408.0,1572.0,1836.0
"(0, 1)",0.8046366733107172,0.7906096201088277,0.7148853729415563,0.7194525492366124,0.7115321790264618,0.43976540553017773,0.6560240963855422,0.7828810020876826,0.7773019271948608,0.6633254716981132,3097.0,1437.0,1660.0
"(1, 0)",0.8133997762421384,0.7858123100303952,0.7055931161647203,0.7138081306990881,0.6885565669700909,0.43388224423874566,0.6051428571428571,0.8224734042553191,0.7986425339366516,0.641597510373444,3254.0,1504.0,1750.0
"(1, 1)",0.7994237793998467,0.7964545444166639,0.7311596431867118,0.7252718125530401,0.7627578718783931,0.45784446613975754,0.804696449026346,0.6458471760797342,0.7249742002063984,0.7402894135567403,3251.0,1505.0,1746.0
"(2, 0)",0.824245854946889,0.7942362790376776,0.7101096224116931,0.7172543039300348,0.711864406779661,0.43398493736145893,0.6486486486486487,0.7858599592114208,0.7887323943661971,0.6447295036252092,3284.0,1471.0,1813.0
"(2, 1)",0.7829697494189325,0.7835410635074063,0.7146848804719032,0.7110665285147042,0.7435110242813285,0.4286880518870167,0.7914438502673797,0.6306892067620286,0.7010526315789474,0.7342922028766087,3221.0,1538.0,1683.0
mean,0.8034546912228175,0.788010230647989,0.7143721841100255,0.715622601891836,0.725429344085795,0.43484767451355943,0.7084182130628486,0.7228269907208231,0.752522333324777,0.685980722040314,3252.5,1504.5,1748.0
std,0.01305916386941023,0.0065070183912615785,0.008147821435707995,0.005928482654481534,0.02427878470374588,0.012843471084880612,0.07577581919992134,0.07615659708179656,0.03707978145903111,0.039791894784530685,91.60558571033391,43.50766216043637,63.17436188834834
