,PRC-AUC,AUROC,Accuracy,Balanced Accuracy,F1-Score,MCC,Sensitivity,Specificity,Precision,Negative Predictive Value,Test Cases,Negative Test Cases,Positive Test Cases
"(0, 0)",0.5670498483318391,0.5413728539196284,0.5193661971830986,0.5182940012306874,0.5439866369710467,0.036495055768419,0.5321350762527233,0.5044529262086515,0.556378132118451,0.48002421307506055,3408.0,1572.0,1836.0
"(0, 1)",0.5655314026443929,0.5209728265881899,0.50920245398773,0.5089816468378734,0.5279503105590062,0.017917159723320728,0.5120481927710844,0.5059151009046625,0.5448717948717948,0.4729993493819128,3097.0,1437.0,1660.0
"(1, 0)",0.5538474955995097,0.529283434650456,0.5288875230485556,0.5313434650455927,0.5324794144556266,0.06262123841866385,0.49885714285714283,0.5638297872340425,0.5709614126880314,0.4915942028985507,3254.0,1504.0,1750.0
"(1, 1)",0.5560271237420031,0.5127927907357301,0.5069209474007997,0.5058242285166284,0.5314235603624672,0.011621796309300353,0.520618556701031,0.49102990033222593,0.5426865671641791,0.46890862944162437,3251.0,1505.0,1746.0
"(2, 0)",0.5553339746203917,0.5015392270418007,0.5003045066991474,0.49979489471574545,0.5272255834053587,-0.00040799942388906456,0.504688361831219,0.49490142760027195,0.5518697225572979,0.44772447724477243,3284.0,1471.0,1813.0
"(2, 1)",0.5387411767135823,0.5055164202261273,0.5066749456690469,0.5058832415024567,0.5258131900925097,0.011762053394408023,0.5234699940582294,0.488296488946684,0.5281774580335732,0.48358016741790083,3221.0,1538.0,1683.0
mean,0.5560885036086198,0.5185795921936555,0.5118927623313964,0.5116869129748306,0.5314797826410025,0.023334884031703817,0.515302887411905,0.5080709385377564,0.5491575145722213,0.474138506576637,3252.5,1504.5,1748.0
std,0.009272219880943122,0.013749788918325864,0.009470516549837552,0.010382885672210275,0.006056532084825632,0.02073969963450698,0.011343164289600976,0.025760592368751556,0.013135871301015161,0.013873464323521443,91.60558571033391,43.50766216043637,63.17436188834834
