,PRC-AUC,AUROC,Accuracy,Balanced Accuracy,F1-Score,MCC,Sensitivity,Specificity,Precision,Negative Predictive Value,Test Cases,Negative Test Cases,Positive Test Cases
"(0, 0)",0.8005539920091865,0.7801324374816367,0.721244131455399,0.7205217116532787,0.7382920110192837,0.4403327374101356,0.7298474945533769,0.7111959287531806,0.7469342251950948,0.6926889714993805,3408.0,1572.0,1836.0
"(0, 1)",0.8085178874872866,0.7946659288511038,0.711979334840168,0.716227540642738,0.7098243331164608,0.43296886758246617,0.6572289156626506,0.7752261656228253,0.7715700141442716,0.6619132501485443,3097.0,1437.0,1660.0
"(1, 0)",0.8078515648480687,0.775211056231003,0.6982175783650891,0.7062032674772036,0.6815823605706873,0.41806128563840006,0.6005714285714285,0.8118351063829787,0.787856071964018,0.6359375,3254.0,1504.0,1750.0
"(1, 1)",0.8011800626233171,0.7977423479581235,0.7394647800676715,0.7352049107023932,0.7656984785615492,0.47446925721703226,0.7926689576174112,0.6777408637873754,0.7405029427501337,0.7380607814761215,3251.0,1505.0,1746.0
"(2, 0)",0.8206096858997153,0.7890325292481261,0.7192448233861145,0.7267461415271457,0.7202669902912623,0.45315597188228907,0.6547159404302262,0.7987763426240653,0.8004045853000674,0.6524153248195447,3284.0,1471.0,1813.0
"(2, 1)",0.7831967054607936,0.7884289232105343,0.719341819310773,0.715746928475453,0.7476270240089335,0.43814376207570804,0.7956030897207368,0.635890767230169,0.7051079515534492,0.7397881996974282,3221.0,1538.0,1683.0
mean,0.8036516497213947,0.7875355371634213,0.7182487445708693,0.7201084167463687,0.7272151995946962,0.4428553136343385,0.7051059710926384,0.735110862400099,0.7587292984845058,0.6868006712735032,3252.5,1504.5,1748.0
std,0.011276845886449319,0.007797000612430475,0.012259911691619019,0.009124794866886355,0.027243889021434393,0.017543245318770242,0.0732893651666774,0.06488067074411087,0.031876467514192666,0.04053547236478692,91.60558571033391,43.50766216043637,63.17436188834834
