,PRC-AUC,AUROC,Accuracy,Balanced Accuracy,F1-Score,MCC,Sensitivity,Specificity,Precision,Negative Predictive Value,Test Cases,Negative Test Cases,Positive Test Cases
"(0, 0)",0.8204784976961657,0.8109517662026642,0.7362089201877934,0.7359655906467761,0.7511763077774702,0.47094543088378543,0.7391067538126361,0.732824427480916,0.7636465953854812,0.7063151440833845,3408.0,1572.0,1836.0
"(0, 1)",0.828147806045364,0.8035901434548213,0.7355505327736519,0.7379350386933957,0.7407407407407408,0.4748775312333874,0.7048192771084337,0.7710508002783577,0.7805203468979319,0.6933667083854819,3097.0,1437.0,1660.0
"(1, 0)",0.826908459329223,0.7973639817629179,0.7191149354640443,0.7256318389057751,0.7100253807106599,0.454337750116487,0.6394285714285715,0.8118351063829787,0.7981455064194009,0.6592872570194385,3254.0,1504.0,1750.0
"(1, 1)",0.8347462621045899,0.8275207117930685,0.758535835127653,0.7562614880524254,0.777809227285593,0.5136542600871551,0.7869415807560137,0.7255813953488373,0.7688864017907107,0.7459016393442623,3251.0,1505.0,1746.0
"(2, 0)",0.8310008792775545,0.7994900865154336,0.7177222898903776,0.7205582988335246,0.7306015693112468,0.4387339790940768,0.6933259790402647,0.7477906186267845,0.7721130221130221,0.6642512077294686,3284.0,1471.0,1813.0
"(2, 1)",0.8131688136484554,0.8135172577917167,0.7435579012728967,0.7422529046295588,0.7586206896551726,0.4855627043180599,0.7712418300653595,0.7132639791937582,0.7464059804485337,0.7402159244264508,3221.0,1538.0,1683.0
mean,0.8257417863502253,0.8087389912534371,0.7351150691194027,0.736434193293576,0.7448289859134806,0.47301860928882533,0.7224773320352131,0.7503910545519389,0.7716196421758467,0.701556313498081,3252.5,1504.5,1748.0
std,0.007090728085064643,0.01018106857465494,0.014022083061123134,0.011533906751016565,0.02140334854949194,0.023596519737766285,0.049780950545788336,0.03294309276862929,0.015757835394935478,0.03348913653206288,91.60558571033391,43.50766216043637,63.17436188834834
