,PRC-AUC,AUROC,Accuracy,Balanced Accuracy,F1-Score,MCC,Sensitivity,Specificity,Precision,Negative Predictive Value,Test Cases,Negative Test Cases,Positive Test Cases
"(0, 0)",0.8232423792148199,0.8106991842538542,0.7423708920187794,0.7428736549751368,0.7548855388051369,0.48443485616404625,0.7363834422657952,0.7493638676844784,0.7743413516609393,0.7087845968712395,3408.0,1572.0,1836.0
"(0, 1)",0.8322608485719529,0.8120375028296904,0.733613174039393,0.7386518935868736,0.7290640394088669,0.47874091059435125,0.6686746987951807,0.8086290883785665,0.8014440433212996,0.6787383177570093,3097.0,1437.0,1660.0
"(1, 0)",0.83068765281282,0.8028022416413373,0.708358942839582,0.7182021276595745,0.6844030595277686,0.44686387569219094,0.588,0.848404255319149,0.8186157517899761,0.6389584376564847,3254.0,1504.0,1750.0
"(1, 1)",0.8341282718941392,0.8279117337017121,0.7668409720086128,0.7653691589318536,0.7834285714285716,0.5309396003773873,0.7852233676975945,0.7455149501661129,0.7816419612314709,0.749498997995992,3251.0,1505.0,1746.0
"(2, 0)",0.8401544407229312,0.809831029992242,0.7280755176613886,0.7358339554610314,0.7286539045882711,0.4714606810220379,0.661334804191947,0.8103331067301156,0.8112313937753721,0.6600221483942414,3284.0,1471.0,1813.0
"(2, 1)",0.8081277398545111,0.8082053998255329,0.7479043775225085,0.745767937154765,0.7668006892590465,0.4944359788915152,0.7932263814616756,0.6983094928478544,0.7420789327404114,0.7552742616033755,3221.0,1538.0,1683.0
mean,0.828100222178529,0.8119145153740615,0.737860646015044,0.7411164546282057,0.7412059671696102,0.48447931712358816,0.7054737824020321,0.7767591268543793,0.7882255724199115,0.6985461267130572,3252.5,1504.5,1748.0
std,0.010231860907693065,0.0077301911569421025,0.01800563986475849,0.013975949268876842,0.03203258702929566,0.025413351608551894,0.0731646927292628,0.05026094388730052,0.02579788966636924,0.04348609268018933,91.60558571033391,43.50766216043637,63.17436188834834
