,PRC-AUC,AUROC,Accuracy,Balanced Accuracy,F1-Score,MCC,Sensitivity,Specificity,Precision,Negative Predictive Value,Test Cases,Negative Test Cases,Positive Test Cases
"(0, 0)",0.5474473960369501,0.49710830048728566,0.4953051643192488,0.4969690166142793,0.5037507212925563,-0.00604945820001845,0.47549019607843135,0.5184478371501272,0.5355828220858896,0.4583802024746907,3408.0,1572.0,1836.0
"(0, 1)",0.5382792081815555,0.5007459902239437,0.49467226348078785,0.494258872651357,0.5147286821705427,-0.011453099944713939,0.5,0.48851774530271397,0.5303514376996805,0.45822454308093996,3097.0,1437.0,1660.0
"(1, 0)",0.574145341817015,0.5290275455927052,0.5162876459741856,0.5184608662613982,0.5212895377128954,0.03687127916590955,0.4897142857142857,0.5472074468085106,0.5572171651495449,0.4796037296037296,3254.0,1504.0,1750.0
"(1, 1)",0.5319778707308594,0.4950356391257854,0.4921562596124269,0.4929498083897509,0.5049475262368817,-0.014065132487957903,0.4822451317296678,0.5036544850498339,0.5298930144745123,0.45607701564380265,3251.0,1505.0,1746.0
"(2, 0)",0.5667198631282184,0.5080607876567864,0.5097442143727162,0.5116784399099636,0.5261918775750442,0.02324388627110638,0.4931053502482074,0.53025152957172,0.5640378548895899,0.45909358446144793,3284.0,1471.0,1813.0
"(2, 1)",0.5049110312533519,0.480397951827616,0.4908413536168892,0.49131991528534025,0.49662369551872315,-0.017346784795121847,0.48068924539512775,0.5019505851755527,0.5136507936507937,0.4690157958687728,3221.0,1538.0,1683.0
mean,0.5439134518579918,0.5017293691523537,0.4998344835627091,0.5009394865186815,0.5112553400844405,0.0018667816682006316,0.4868740348609533,0.5150049381764098,0.5384555146583352,0.46339914518889724,3252.5,1504.5,1748.0
std,0.022883691203745456,0.01476162814937006,0.009625522291471504,0.010320612128582818,0.010376594021696384,0.02059679817764418,0.008250832559592764,0.01950270908317289,0.017170588615854642,0.008349182076848786,91.60558571033391,43.50766216043637,63.17436188834834
