,AUROC,Accuracy,Balanced Accuracy,F1-Score,MCC,Sensitivity,Specificity,Precision,Negative Predictive Value,Test Cases,Negative Test Cases,Positive Test Cases
"(0, 0)",0.775705843547484,0.7068661971830986,0.7090068851968268,0.7146529562982005,0.4168668739161672,0.6813725490196079,0.7366412213740458,0.7513513513513513,0.6643717728055077,3408.0,1572.0,1836.0
"(0, 1)",0.793271415515926,0.7232805941233452,0.7262088018042945,0.7264602617299712,0.4517805577363686,0.6855421686746987,0.7668754349338901,0.7725729803122878,0.6785714285714286,3097.0,1437.0,1660.0
"(1, 0)",0.7996424772036473,0.7240319606637984,0.7310911854103344,0.7130990415335462,0.46626410404666474,0.6377142857142857,0.824468085106383,0.808695652173913,0.6616862326574173,3254.0,1504.0,1750.0
"(1, 1)",0.8047046309932908,0.7311596431867118,0.7291238064793567,0.7514220705346986,0.4588031791680184,0.7565864833906071,0.7016611295681063,0.7463276836158192,0.713031735313977,3251.0,1505.0,1746.0
"(2, 0)",0.7843865383440018,0.7058465286236297,0.7107003089328039,0.7136929460580913,0.4196201321459574,0.6640926640926641,0.7573079537729436,0.7713004484304933,0.6465467208357516,3284.0,1471.0,1813.0
"(2, 1)",0.794532373378086,0.720894132257063,0.7193330459030758,0.738434681408205,0.4399713931958082,0.7540106951871658,0.6846553966189857,0.7234891676168758,0.7177914110429447,3221.0,1538.0,1683.0
mean,0.7920405464970727,0.718679842672941,0.7209106722877819,0.7262936595937854,0.4422177067014974,0.6965531410131716,0.7452682035623924,0.7622895472501234,0.6803332168711712,3252.5,1504.5,1748.0
std,0.009585570645506768,0.009262079944323555,0.008637217617363909,0.014417877236065045,0.018722162736550748,0.04429589534890633,0.0457062420223539,0.02652158425920403,0.02651860462725061,91.60558571033391,43.50766216043637,63.17436188834834
