,AUROC,Accuracy,Balanced Accuracy,F1-Score,MCC,Sensitivity,Specificity,Precision,Negative Predictive Value,Test Cases,Negative Test Cases,Positive Test Cases
"(0, 0)",0.8044556633792901,0.7394366197183099,0.7375891832559995,0.758957654723127,0.4754512427670846,0.761437908496732,0.7137404580152672,0.7564935064935064,0.7192307692307692,3408.0,1572.0,1836.0
"(0, 1)",0.8069212130358594,0.7303842428156281,0.7308253892396308,0.7423634680654118,0.46055390045565253,0.7246987951807229,0.7369519832985386,0.7609108159392789,0.6985488126649076,3097.0,1437.0,1660.0
"(1, 0)",0.8050309650455928,0.7304855562384758,0.7346143617021277,0.7307338041142155,0.4691637544267811,0.68,0.7892287234042553,0.7896483078964831,0.6794504865483686,3254.0,1504.0,1750.0
"(1, 1)",0.8196334859365307,0.7557674561673331,0.7529504553359744,0.7767154105736782,0.5077904782248058,0.790950744558992,0.7149501661129568,0.7629834254143646,0.7467036780013879,3251.0,1505.0,1746.0
"(2, 0)",0.8003613152685699,0.7277710109622412,0.7269021265330871,0.7488764044943821,0.4522623280435788,0.7352454495311638,0.7185588035350102,0.7630223239839725,0.6877033181522446,3284.0,1471.0,1813.0
"(2, 1)",0.8122634205591445,0.7426265135051227,0.7406334051136315,0.7611639297032555,0.48372583793804824,0.7849079025549613,0.6963589076723017,0.7388143176733781,0.7473831123517097,3221.0,1538.0,1683.0
mean,0.8081110105374979,0.7377452332345183,0.7372524868634085,0.7531351119456784,0.47482459030932517,0.7462068000537619,0.728298173673055,0.7619787829001639,0.7131700294915646,3252.5,1504.5,1748.0
std,0.006249421123119603,0.009642444405927986,0.008300275437606381,0.014665025832254939,0.017847165970371105,0.038074200410412866,0.029699856189131457,0.014919350734458986,0.026867310160590796,91.60558571033391,43.50766216043637,63.17436188834834
