,AUROC,Accuracy,Balanced Accuracy,F1-Score,MCC,Sensitivity,Specificity,Precision,Negative Predictive Value,Test Cases,Negative Test Cases,Positive Test Cases
"(0, 0)",0.7482521952801476,0.6916079812206573,0.6937937600824893,0.6992846924177396,0.3865576713523161,0.6655773420479303,0.7220101781170484,0.7365883062085594,0.6489422527158376,3408.0,1572.0,1836.0
"(0, 1)",0.7829547836439705,0.7142395866968033,0.7173076439369168,0.7167999999999999,0.4341187435444204,0.6746987951807228,0.7599164926931107,0.764505119453925,0.6691176470588235,3097.0,1437.0,1660.0
"(1, 0)",0.7798406155015198,0.7132759680393362,0.7202967325227964,0.7018216682646212,0.44452708197650814,0.6274285714285714,0.8131648936170213,0.7962291515591008,0.6522666666666667,3254.0,1504.0,1750.0
"(1, 1)",0.774352958637303,0.7117809904644725,0.7108532840131977,0.7294253537395323,0.4212141065890944,0.7233676975945017,0.6983388704318937,0.7355853232382061,0.6851368970013038,3251.0,1505.0,1746.0
"(2, 0)",0.7694140400753977,0.7024969549330086,0.7074743065322846,0.7100029682398339,0.41325954227951145,0.6596800882515168,0.7552685248130524,0.7686375321336761,0.6429398148148148,3284.0,1471.0,1813.0
"(2, 1)",0.7874721745103448,0.723377832971127,0.7212336012152427,0.7438919229663696,0.44498022556470235,0.7688651218062983,0.6736020806241872,0.720489977728285,0.7270175438596491,3221.0,1538.0,1683.0
mean,0.7737144612747806,0.7094632190542343,0.7118265547171546,0.7168711009380161,0.42410956188442545,0.6866029360515902,0.7370501733827189,0.7536725683869587,0.6709034703528493,3252.5,1504.5,1748.0
std,0.012776386340458041,0.01003060019263517,0.009445896616814371,0.01565608282760335,0.02036702611247901,0.04642008227720219,0.04545813904466989,0.025404926844737878,0.028769661124491037,91.60558571033391,43.50766216043637,63.17436188834834
