,PRC-AUC,AUROC,Accuracy,Balanced Accuracy,F1-Score,MCC,Sensitivity,Specificity,Precision,Negative Predictive Value,Test Cases,Negative Test Cases,Positive Test Cases
"(0, 0)",0.5426810815727046,0.502141576166797,0.4979460093896714,0.5006091070864308,0.5001460706982179,0.0012174266960458197,0.4662309368191721,0.5349872773536896,0.5393824826717076,0.46183415705656233,3408.0,1572.0,1836.0
"(0, 1)",0.5522207881619804,0.5109942903136555,0.512431385211495,0.5122741487872157,0.5307644499689248,0.024485037340259832,0.5144578313253012,0.5100904662491301,0.5481386392811296,0.4762833008447043,3097.0,1437.0,1660.0
"(1, 0)",0.5409700649035674,0.49809840425531915,0.4990780577750461,0.4972268237082067,0.5283564814814815,-0.005537011496698563,0.5217142857142857,0.47273936170212766,0.5351699882766706,0.45930232558139533,3254.0,1504.0,1750.0
"(1, 1)",0.540856974838172,0.5016714045963626,0.4989234081820978,0.4990664946550825,0.5158989598811292,-0.0018618885133945304,0.49713631156930127,0.5009966777408638,0.5361334156886968,0.46200980392156865,3251.0,1505.0,1746.0
"(2, 0)",0.530315413777722,0.4719877551770336,0.48294762484774667,0.4810615079625471,0.5159635119726339,-0.03769066758992268,0.4991726420297849,0.4629503738953093,0.5339233038348082,0.42857142857142855,3284.0,1471.0,1813.0
"(2, 1)",0.5013793640473996,0.4660040317502262,0.4681775846010556,0.4677278406338301,0.48419150858175247,-0.0644882869707843,0.47771836007130125,0.4577373211963589,0.4908424908424908,0.44472520530638027,3221.0,1538.0,1683.0
mean,0.5347372812169242,0.491816243709899,0.49325067833451874,0.49299432047221886,0.5125534970973565,-0.013979231755749071,0.4960717279215244,0.4899169130229131,0.5305983867659173,0.45545437021367324,3252.5,1504.5,1748.0
std,0.016214082208744207,0.016685517387078,0.0140883924183692,0.014521645658579826,0.01613763750280638,0.028988320531378564,0.01929446164161809,0.02774544950349973,0.018384518935406775,0.015111441768583938,91.60558571033391,43.50766216043637,63.17436188834834
