,AUROC,Accuracy,Balanced Accuracy,F1-Score,MCC,Sensitivity,Specificity,Precision,Negative Predictive Value,Test Cases,Negative Test Cases,Positive Test Cases
"(0, 0)",0.7688457663246244,0.7068661971830986,0.7072689550799116,0.7207156835336874,0.4133897246350717,0.7020697167755992,0.712468193384224,0.7403790924755888,0.671865626874625,3408.0,1572.0,1836.0
"(0, 1)",0.7709485122116859,0.7139166935744269,0.7171466659959252,0.7158434894162925,0.4339076936428789,0.672289156626506,0.7620041753653445,0.7654320987654321,0.6680902989627822,3097.0,1437.0,1660.0
"(1, 0)",0.7741878799392097,0.7092808850645359,0.708544452887538,0.7265895953757224,0.4164375448594643,0.7182857142857143,0.6988031914893617,0.7350877192982456,0.680699481865285,3254.0,1504.0,1750.0
"(1, 1)",0.7927403119803024,0.7228545063057521,0.723501272961834,0.734765969973506,0.4458274843911254,0.7147766323024055,0.7322259136212624,0.7559055118110236,0.68875,3251.0,1505.0,1746.0
"(2, 0)",0.7742623240341022,0.7031059683313033,0.7058458380688156,0.7164873509741203,0.40947254795155247,0.6795366795366795,0.7321549966009517,0.7576875768757687,0.649577804583836,3284.0,1471.0,1813.0
"(2, 1)",0.7611827368769157,0.6985408258304874,0.6961781047683289,0.7218562016614151,0.3949393999494995,0.7486631016042781,0.6436931079323797,0.6969026548672567,0.7006369426751592,3221.0,1538.0,1683.0
mean,0.77369458856114,0.7090941793816007,0.7097475482937255,0.7227097151557906,0.4189957325715987,0.7059368335218639,0.7135582630655873,0.7418991090155526,0.6766033591602812,3252.5,1504.5,1748.0
std,0.009582133421778194,0.007797798264532943,0.008668485913172208,0.0064675377857524126,0.016581512408822108,0.025495946624498545,0.036836047528037104,0.022629784979433944,0.016161843659121926,91.60558571033391,43.50766216043637,63.17436188834834
