,AUROC,Accuracy,Balanced Accuracy,F1-Score,MCC,Sensitivity,Specificity,Precision,Negative Predictive Value,Test Cases,Negative Test Cases,Positive Test Cases
"(0, 0)",0.7829319740336055,0.7165492957746479,0.7157985331537196,0.7338842975206611,0.4309016020248924,0.7254901960784313,0.7061068702290076,0.7424749163879598,0.6877323420074349,3408.0,1572.0,1836.0
"(0, 1)",0.7697101558635376,0.7148853729415563,0.7167414962564245,0.722064841045011,0.432447267257969,0.6909638554216867,0.7425191370911621,0.7560975609756098,0.6753164556962026,3097.0,1437.0,1660.0
"(1, 0)",0.7766859802431612,0.7166564228641672,0.722037613981763,0.711875,0.4454482141762189,0.6508571428571429,0.793218085106383,0.7855172413793103,0.6613082039911308,3254.0,1504.0,1750.0
"(1, 1)",0.7896037644659079,0.7305444478621963,0.7263957864773016,0.7572062084257206,0.4564022154884858,0.7823596792668958,0.6704318936877076,0.7336197636949516,0.7264218862491001,3251.0,1505.0,1746.0
"(2, 0)",0.7692368696059091,0.7061510353227771,0.710783738413145,0.7145814847678202,0.4197016397116618,0.6662989520132377,0.7552685248130524,0.7704081632653061,0.6474358974358975,3284.0,1471.0,1813.0
"(2, 1)",0.7839758790382213,0.7149953430611611,0.7112515810595823,0.7444320712694878,0.4295169506223865,0.7944147355912062,0.6280884265279584,0.7003666841278157,0.7362804878048781,3221.0,1538.0,1683.0
mean,0.7786907705417239,0.7166303196377509,0.7171681248903227,0.7306739838381168,0.4357363148802691,0.7183974268714334,0.715938822909212,0.7480807216384923,0.689082545530774,3252.5,1504.5,1748.0
std,0.0075173186965393395,0.007178017340275132,0.005578012451921351,0.016279013507079117,0.01191206683769336,0.054694073751628165,0.05494036610212841,0.0273296271031476,0.032452677713290135,91.60558571033391,43.50766216043637,63.17436188834834
