,AUROC,Accuracy,Balanced Accuracy,F1-Score,MCC,Sensitivity,Specificity,Precision,Negative Predictive Value,Test Cases,Negative Test Cases,Positive Test Cases
"(0, 0)",0.7660942168781564,0.6971830985915493,0.697047181892265,0.7131739855475264,0.39313794714688,0.69880174291939,0.69529262086514,0.728149829738933,0.6640340218712029,3408.0,1572.0,1836.0
"(0, 1)",0.7629738159317855,0.7013238618017437,0.6968458384686973,0.7314949201741654,0.3973311678740224,0.7590361445783133,0.6346555323590815,0.7058823529411765,0.6951219512195121,3097.0,1437.0,1660.0
"(1, 0)",0.7514808130699088,0.6942224953902889,0.6949650455927052,0.7067491895078102,0.3888330230438039,0.6851428571428572,0.7047872340425532,0.7297626293365794,0.6579764121663563,3254.0,1504.0,1750.0
"(1, 1)",0.7769270434938139,0.7160873577360812,0.7157795892272036,0.7314518475414606,0.4307215730872316,0.7199312714776632,0.7116279069767442,0.7433471318746304,0.6865384615384615,3251.0,1505.0,1746.0
"(2, 0)",0.7554008870897284,0.6979293544457978,0.6939761665409913,0.7279210093252879,0.38848000236190816,0.7319360176503034,0.6560163154316792,0.723949809056192,0.6650585802894555,3284.0,1471.0,1813.0
"(2, 1)",0.7791353448815392,0.7075442409189693,0.7044855732417883,0.7340485601355167,0.4135086949661229,0.7724301841948901,0.6365409622886866,0.6993006993006993,0.7187958883994127,3221.0,1538.0,1683.0
mean,0.7653353535574888,0.7023817348140717,0.7005165658272752,0.7241399187052946,0.4020020680799949,0.7278797029939029,0.6731534286606475,0.7217320753747017,0.6812542192474003,3252.5,1504.5,1748.0
std,0.01017842232160667,0.0074053737444074366,0.007613802894870228,0.01034993819001221,0.015350745841042925,0.030841169008846432,0.03185218024827112,0.014900708663150264,0.021331917990004747,91.60558571033391,43.50766216043637,63.17436188834834
