,PRC-AUC,AUROC,Accuracy,Balanced Accuracy,F1-Score,MCC,Sensitivity,Specificity,Precision,Negative Predictive Value,Test Cases,Negative Test Cases,Positive Test Cases
"(0, 0)",0.5048122680321682,0.4514027479807303,0.4709507042253521,0.47079820053551535,0.49053404916643123,-0.05822811131013039,0.47276688453159044,0.4688295165394402,0.5096887844979449,0.432258064516129,3408.0,1572.0,1836.0
"(0, 1)",0.5529637045257487,0.4934323934569175,0.5030674846625767,0.5031652706860846,0.5198127925117005,0.0063141250555004205,0.5018072289156627,0.5045233124565066,0.53915857605178,0.46713917525773196,3097.0,1437.0,1660.0
"(1, 0)",0.5798257637978722,0.5321964285714286,0.5156730178242164,0.515693009118541,0.5337278106508876,0.03129625347591412,0.5154285714285715,0.5159574468085106,0.5533742331288344,0.47783251231527096,3254.0,1504.0,1750.0
"(1, 1)",0.5414397378115434,0.48396562812769955,0.4976930175330668,0.4990215889760363,0.5070932689405372,-0.0019527028532350884,0.48109965635738833,0.5169435215946844,0.5360561582641991,0.46199524940617576,3251.0,1505.0,1746.0
"(2, 0)",0.5518248785957125,0.4758705069475197,0.48599269183922045,0.4824087534585738,0.5261089275687816,-0.03506571952190569,0.516822945394374,0.4479945615227736,0.5357347055460263,0.4293159609120521,3284.0,1471.0,1813.0
"(2, 1)",0.5258170641435275,0.4724161603799024,0.4709717479043775,0.47040163742527397,0.48828828828828824,-0.05915190608413955,0.483065953654189,0.4577373211963589,0.4936247723132969,0.44726810673443457,3221.0,1538.0,1683.0
mean,0.5427805694844287,0.48488064424403304,0.4907247773314683,0.4902480767000042,0.5109275228544378,-0.019464676872999364,0.49516520671362935,0.48533094668637905,0.5279395383003469,0.4526348448569657,3252.5,1504.5,1748.0
std,0.023412932489283653,0.024732126832413343,0.01646664442295418,0.0169553670337682,0.017187235590522452,0.03383528842391549,0.017174081835027034,0.02808734984407688,0.02004173911371791,0.017891807355182088,91.60558571033391,43.50766216043637,63.17436188834834
