,PRC-AUC,AUROC,Accuracy,Balanced Accuracy,F1-Score,MCC,Sensitivity,Specificity,Precision,Negative Predictive Value,Test Cases,Negative Test Cases,Positive Test Cases
"(0, 0)",0.5488298358858481,0.4895888769700699,0.49970657276995306,0.4980354737314774,0.5280929975089954,-0.003920845693967573,0.5196078431372549,0.47646310432569977,0.5368598761958356,0.4592274678111588,3408.0,1572.0,1836.0
"(0, 1)",0.5704926017300794,0.5332624862707616,0.516951888924766,0.518594419431379,0.5238701464035646,0.03712655748305147,0.49578313253012046,0.5414057063326374,0.5553306342780027,0.48173374613003095,3097.0,1437.0,1660.0
"(1, 0)",0.5427169446997127,0.49195706686930096,0.4880147510755993,0.4873617021276596,0.5102880658436214,-0.025207237182589687,0.496,0.4787234042553192,0.5254237288135594,0.449438202247191,3254.0,1504.0,1750.0
"(1, 1)",0.5934744182622783,0.5480764766547552,0.5392187019378653,0.5421753757045054,0.5393603936039361,0.08434689964461464,0.502290950744559,0.5820598006644518,0.5823373173970784,0.5020057306590258,3251.0,1505.0,1746.0
"(2, 0)",0.5722123604257866,0.4993128785495494,0.5003045066991474,0.5027443611982798,0.5143533589819473,0.005464734234162792,0.4793160507446222,0.5261726716519375,0.5549169859514687,0.45052386495925495,3284.0,1471.0,1813.0
"(2, 1)",0.5314394602153695,0.4979794889150049,0.500776156473145,0.5014149372559836,0.5049261083743841,0.0028281345417515914,0.48722519310754603,0.5156046814044213,0.5239616613418531,0.4788647342995169,3221.0,1538.0,1683.0
mean,0.5598609368698457,0.510029545704907,0.5074954296467459,0.5083877115748808,0.5201485117860748,0.016773040504503876,0.49670386171068376,0.5200715614390777,0.5464717006629662,0.4702989576843631,3252.5,1504.5,1748.0
std,0.020891936580682936,0.022330191576982385,0.016496523678200703,0.017680083047601908,0.011608872874133386,0.03533980505081621,0.012578634142018189,0.03643769050945557,0.020323435449895684,0.018965976844485186,91.60558571033391,43.50766216043637,63.17436188834834
