,PRC-AUC,AUROC,Accuracy,Balanced Accuracy,F1-Score,MCC,Sensitivity,Specificity,Precision,Negative Predictive Value,Test Cases,Negative Test Cases,Positive Test Cases
"(0, 0)",0.5510640093174779,0.5028360899067006,0.5017605633802817,0.5004448768481099,0.5280711506392439,0.0008875943777502197,0.5174291938997821,0.48346055979643765,0.5391600454029511,0.4617253948967193,3408.0,1572.0,1836.0
"(0, 1)",0.578561487724865,0.5289632433701402,0.5195350339037779,0.5219389038408331,0.5215434083601286,0.04385272117792047,0.48855421686746986,0.5553235908141962,0.5593103448275862,0.48451730418943534,3097.0,1437.0,1660.0
"(1, 0)",0.5694810691320517,0.5275345744680852,0.5122925629993854,0.5126903495440729,0.528099910793934,0.025309003648436773,0.5074285714285715,0.5179521276595744,0.5505269683818971,0.47471054235222426,3254.0,1504.0,1750.0
"(1, 1)",0.5415053025151938,0.4902219786659968,0.4835435250692095,0.48250105604457083,0.5080574274831526,-0.0349129717486341,0.4965635738831615,0.4684385382059801,0.5200959808038392,0.44507575757575757,3251.0,1505.0,1746.0
"(2, 0)",0.5556597506461336,0.49094593282220744,0.5039585870889159,0.506182030752294,0.5190434012400353,0.012307390371898104,0.48483177054605625,0.5275322909585316,0.5584498094027954,0.45380116959064326,3284.0,1471.0,1813.0
"(2, 1)",0.5306603716312368,0.5049701482042949,0.49642968022353307,0.4961633469244576,0.5102657004830918,-0.0076660328861042825,0.5020796197266786,0.49024707412223667,0.5187231430325353,0.47361809045226133,3221.0,1538.0,1683.0
mean,0.5544886651611597,0.5075786612395708,0.5029199921108506,0.5033200939923897,0.5191801664999312,0.006629617490211195,0.4994811577252866,0.5071590302594927,0.5410443819752674,0.4655747098428402,3252.5,1504.5,1748.0
std,0.016092068180813317,0.015613761202601611,0.01143021782208254,0.012487131339822544,0.007825152625378012,0.02493270673253439,0.011064660475118455,0.029434372944935363,0.016669021625517578,0.01342026954224996,91.60558571033391,43.50766216043637,63.17436188834834
