,PRC-AUC,AUROC,Accuracy,Balanced Accuracy,F1-Score,MCC,Sensitivity,Specificity,Precision,Negative Predictive Value,Test Cases,Negative Test Cases,Positive Test Cases
"(0, 0)",0.8173423341108003,0.8068428919489763,0.7350352112676056,0.7356994960834207,0.7472712006717045,0.4700706380849102,0.7271241830065359,0.7442748091603053,0.768566493955095,0.7001795332136446,3408.0,1572.0,1836.0
"(0, 1)",0.8296617504807582,0.8081490890493079,0.7339360671617694,0.7389530984061508,0.7294812869336835,0.47931218539085046,0.6692771084337349,0.8086290883785665,0.8015873015873016,0.679135008766803,3097.0,1437.0,1660.0
"(1, 0)",0.8283647822455545,0.7984479483282676,0.7117393976644131,0.7215786474164134,0.6881648936170214,0.4537119897907973,0.5914285714285714,0.8517287234042553,0.8227344992050875,0.6417835671342685,3254.0,1504.0,1750.0
"(1, 1)",0.8301107994010406,0.8233290710993899,0.7609966164257151,0.7592861519258067,0.7785693929894556,0.5190056264058027,0.7823596792668958,0.7362126245847176,0.7748156551332955,0.7446236559139785,3251.0,1505.0,1746.0
"(2, 0)",0.8351003413565752,0.8041780733826961,0.7198538367844093,0.7295418727874783,0.714993804213135,0.4610141803781207,0.6365140650854937,0.822569680489463,0.815547703180212,0.6474050294275013,3284.0,1471.0,1813.0
"(2, 1)",0.8145534625443605,0.8108967746770852,0.7429369760943806,0.740650403677253,0.7628865979381444,0.4845071429519787,0.7914438502673797,0.6898569570871261,0.736318407960199,0.7514164305949008,3221.0,1538.0,1683.0
mean,0.8258555783565148,0.8086406414142872,0.7340830175663822,0.7376182783827537,0.7368945293938575,0.47793696050041,0.6996912429147685,0.775545313850739,0.7865950101701985,0.6940905375085161,3252.5,1504.5,1748.0
std,0.007354916143638681,0.0076170766107435985,0.015839663235542638,0.011594913299676955,0.030081091846011508,0.021082388311449655,0.07375902084831963,0.05623927820678371,0.029890375357173846,0.04284886929097095,91.60558571033391,43.50766216043637,63.17436188834834
