,PRC-AUC,AUROC,Accuracy,Balanced Accuracy,F1-Score,MCC,Sensitivity,Specificity,Precision,Negative Predictive Value,Test Cases,Negative Test Cases,Positive Test Cases
"(0, 0)",0.804853216006039,0.8022115299328666,0.7359154929577465,0.7322173992582615,0.7608926673751328,0.4670926025187997,0.7799564270152506,0.6844783715012722,0.7427385892116183,0.727027027027027,3408.0,1572.0,1836.0
"(0, 1)",0.8085285627415273,0.7801139841201968,0.7164998385534388,0.7190421393297617,0.7210927573062262,0.4372810010399594,0.6837349397590361,0.7543493389004872,0.7627688172043011,0.6737103791174642,3097.0,1437.0,1660.0
"(1, 0)",0.8141754806159093,0.7747676671732521,0.7154271665642287,0.7218294072948328,0.7065906210392903,0.44652770821019516,0.6371428571428571,0.8065159574468085,0.7930298719772404,0.6563852813852814,3254.0,1504.0,1750.0
"(1, 1)",0.8133371933932427,0.8141747820362062,0.7360812057828361,0.72760671758514,0.7740916271721958,0.47044317378670003,0.8419243986254296,0.6132890365448505,0.716374269005848,0.7698081734778982,3251.0,1505.0,1746.0
"(2, 0)",0.816687506296624,0.7794925087825932,0.7198538367844093,0.7248611977173695,0.7273266152934204,0.44782224562733197,0.6767788196359625,0.7729435757987764,0.7860345932094811,0.6598955310504934,3284.0,1471.0,1813.0
"(2, 1)",0.8098021762034364,0.8107484235763895,0.7373486494877367,0.7330900993411511,0.7670704845814978,0.4763482489893374,0.827688651218063,0.6384915474642393,0.7147255002565418,0.7720125786163522,3221.0,1538.0,1683.0
mean,0.8112306892094631,0.7935848159369173,0.7268543650217327,0.7264411600877527,0.7428441287946272,0.4575858300287206,0.7412043488994331,0.7116779712760724,0.7526119401441718,0.7098064951124194,3252.5,1504.5,1748.0
std,0.0039348932714029,0.015953567228573114,0.009696847554130894,0.005122530454147814,0.025551596251222834,0.014362068651613264,0.07895986575160654,0.07111612202261203,0.03082174367424955,0.04901395201128507,91.60558571033391,43.50766216043637,63.17436188834834
