,PRC-AUC,AUROC,Accuracy,Balanced Accuracy,F1-Score,MCC,Sensitivity,Specificity,Precision,Negative Predictive Value,Test Cases,Negative Test Cases,Positive Test Cases
"(0, 0)",0.5700642350154033,0.5274118977531641,0.5217136150234741,0.5194207453973956,0.5529347229840922,0.038799919522098256,0.5490196078431373,0.48982188295165396,0.5569060773480663,0.4818523153942428,3408.0,1572.0,1836.0
"(0, 1)",0.5461299411086225,0.509134240511105,0.5059735227639651,0.5053619488391982,0.527194066749073,0.010697748313573872,0.513855421686747,0.4968684759916493,0.541243654822335,0.46942800788954636,3097.0,1437.0,1660.0
"(1, 0)",0.5487494778847499,0.5016914893617022,0.49846342962507684,0.4993191489361702,0.511377245508982,-0.0013581565591675629,0.488,0.5106382978723404,0.5371069182389937,0.46153846153846156,3254.0,1504.0,1750.0
"(1, 1)",0.5425818897227025,0.5003539176399402,0.5032297754537065,0.5012872327065566,0.532831935203934,0.002570940738778392,0.5274914089347079,0.4750830564784053,0.538281706604325,0.4642857142857143,3251.0,1505.0,1746.0
"(2, 0)",0.5418232132427536,0.48082078110241655,0.4884287454323995,0.48730803251537447,0.5180722891566265,-0.025250410575231304,0.4980694980694981,0.47654656696125086,0.5397489539748954,0.4351334574798262,3284.0,1471.0,1813.0
"(2, 1)",0.521913282593863,0.491245353404001,0.49208320397392113,0.49161198151483476,0.508117859290439,-0.016762443194652248,0.5020796197266786,0.4811443433029909,0.5143031040779062,0.46894803548795944,3221.0,1538.0,1683.0
mean,0.5452103399280158,0.5017762799620548,0.5016487153787571,0.5007181816515883,0.5250880198155246,0.0014495997075665665,0.5130859260434615,0.4883504372597151,0.5379317358444203,0.46353099867929176,3252.5,1504.5,1748.0
std,0.014096225989708848,0.014510847285289268,0.010802905217143811,0.010298758475230435,0.015083294808041726,0.020551904208702204,0.020311224818842937,0.012508353234826996,0.01247271533735076,0.014205338184765508,91.60558571033391,43.50766216043637,63.17436188834834
