,PRC-AUC,AUROC,Accuracy,Balanced Accuracy,F1-Score,MCC,Sensitivity,Specificity,Precision,Negative Predictive Value,Test Cases,Negative Test Cases,Positive Test Cases
"(0, 0)",0.7967723209424097,0.7808662763946403,0.7118544600938967,0.7086513994910941,0.737152034261242,0.41882870183507,0.75,0.6673027989821882,0.7247368421052631,0.6956233421750663,3408.0,1572.0,1836.0
"(0, 1)",0.8052448245120974,0.791195051605168,0.7097190829835325,0.7139321377367508,0.7076422764227642,0.4283484887456081,0.655421686746988,0.7724425887265136,0.768904593639576,0.6599286563614745,3097.0,1437.0,1660.0
"(1, 0)",0.8063105745355074,0.7756529255319149,0.7000614628149969,0.7087120060790273,0.6806282722513088,0.4245748900444373,0.5942857142857143,0.8231382978723404,0.7963246554364471,0.635523613963039,3254.0,1504.0,1750.0
"(1, 1)",0.8007027692163314,0.7957343410472156,0.7302368501999384,0.7240917065299708,0.7626522327469555,0.45607339405446573,0.806987399770905,0.6411960132890365,0.7229348383786557,0.7411674347158218,3251.0,1505.0,1746.0
"(2, 0)",0.8218006467162953,0.7909424081610155,0.7128501827040195,0.7196722590041033,0.7155354449472096,0.4385525433616141,0.6541643684500827,0.7851801495581238,0.7896138482023968,0.6481481481481481,3284.0,1471.0,1813.0
"(2, 1)",0.7891522522197605,0.7877802734759821,0.722135982614095,0.7183647072731445,0.7510431154381084,0.44413899134113366,0.8021390374331551,0.6345903771131339,0.7060669456066946,0.745607333842628,3221.0,1538.0,1683.0
mean,0.8033305646904002,0.7870285460359895,0.7144763369017465,0.7155707026856818,0.7257755626779314,0.43508616823038815,0.7104997011144741,0.7206417042568893,0.7514302872281723,0.687666421534363,3252.5,1504.5,1748.0
std,0.010038502494660933,0.006787394631455332,0.009548146653589516,0.005698539334995765,0.027687891571258314,0.012613627010450705,0.0806027973798017,0.07518375466035579,0.03502666458281979,0.043460269684454676,91.60558571033391,43.50766216043637,63.17436188834834
