,PRC-AUC,AUROC,Accuracy,Balanced Accuracy,F1-Score,MCC,Sensitivity,Specificity,Precision,Negative Predictive Value,Test Cases,Negative Test Cases,Positive Test Cases
"(0, 0)",0.5437808211153399,0.5058194326642164,0.5026408450704225,0.5067043356782917,0.49598572702943805,0.013441088463124742,0.4542483660130719,0.5591603053435115,0.5461689587426326,0.46730462519936206,3408.0,1572.0,1836.0
"(0, 1)",0.5423481419734512,0.507426574775092,0.5043590571520826,0.5034352441079558,0.5275469375192366,0.006854999189496182,0.5162650602409639,0.4906054279749478,0.539332913782253,0.46750663129973474,3097.0,1437.0,1660.0
"(1, 0)",0.5391209278957387,0.5012733662613982,0.5018438844499078,0.5023218085106382,0.5171283884420613,0.004630678171813231,0.496,0.5086436170212766,0.5401369010578718,0.4644808743169399,3254.0,1504.0,1750.0
"(1, 1)",0.5256475761405068,0.4871322396136589,0.5019993848046754,0.5025263250029492,0.5165721110779337,0.00503923046317332,0.49541809851088203,0.5096345514950166,0.5396132252027449,0.4654126213592233,3251.0,1505.0,1746.0
"(2, 0)",0.5531321622700296,0.5018478223780739,0.4945188794153471,0.4957732187993429,0.5137668424135912,-0.008410218465879998,0.48372862658576943,0.5078178110129163,0.5477826358525921,0.44385026737967914,3284.0,1471.0,1813.0
"(2, 1)",0.5175111460119672,0.49295274322047056,0.4958087550450171,0.4962413857847193,0.5021459227467812,-0.0075110444468602985,0.48663101604278075,0.505851755526658,0.5186827105763141,0.47381242387332523,3221.0,1538.0,1683.0
mean,0.5369234625678388,0.49940869648548497,0.5001951343229087,0.5011670529806495,0.5121909882048403,0.0023407888958111964,0.48871519456557805,0.5136189113957211,0.5386195575357348,0.4637279072380441,3252.5,1504.5,1748.0
std,0.011888264252287053,0.007155428766552063,0.0036686428942955015,0.003923070989432022,0.010371230113354377,0.00783967159549686,0.018592849615955198,0.021362931820260004,0.009506418125298406,0.009374566035354533,91.60558571033391,43.50766216043637,63.17436188834834
