,PRC-AUC,AUROC,Accuracy,Balanced Accuracy,F1-Score,MCC,Sensitivity,Specificity,Precision,Negative Predictive Value,Test Cases,Negative Test Cases,Positive Test Cases
"(0, 0)",0.5389168585537285,0.5034812306319192,0.5014671361502347,0.502916645878029,0.5113603681334484,0.005819742140948743,0.4842047930283224,0.5216284987277354,0.5417428397318708,0.4640633842671194,3408.0,1572.0,1836.0
"(0, 1)",0.5545211786208326,0.5221851917062823,0.511785598966742,0.514195822957802,0.5135135135135135,0.02837777816635261,0.4807228915662651,0.5476687543493389,0.5511049723756906,0.47725894481503944,3097.0,1437.0,1660.0
"(1, 0)",0.5264576545693449,0.47705794072948327,0.49139520590043023,0.49069148936170215,0.5139500734214392,-0.01856649421606296,0.5,0.48138297872340424,0.5287009063444109,0.4527829893683552,3254.0,1504.0,1750.0
"(1, 1)",0.5207905968226546,0.47652308266069954,0.4887726853275915,0.4852140440608434,0.5283768444948922,-0.02962119132468639,0.5332187857961054,0.4372093023255814,0.5236220472440944,0.4467073998642227,3251.0,1505.0,1746.0
"(2, 0)",0.5734537606162176,0.5240822475939501,0.5197929354445798,0.5208434964189068,0.5400991542723825,0.04146551891978332,0.5107556536127965,0.530931339225017,0.573019801980198,0.46822541966426856,3284.0,1471.0,1813.0
"(2, 1)",0.5152193795378529,0.48742415356811436,0.4846321018317293,0.485994342568962,0.480275516593613,-0.02803647657035986,0.45573380867498514,0.5162548764629389,0.5076108537392455,0.464327485380117,3221.0,1538.0,1683.0
mean,0.5382265714534386,0.49845897448174153,0.4996409439368846,0.49997597354104095,0.5145959117382148,-9.352048067075638e-05,0.4941059887797457,0.505845958302336,0.5376335702359184,0.462227603893187,3252.5,1504.5,1748.0
std,0.020325669612263564,0.019602990562039672,0.01270371971656563,0.013819716563550641,0.018395091943907437,0.02758827702877935,0.02446537271357903,0.036618038993391624,0.020928564750321222,0.009998100422885344,91.60558571033391,43.50766216043637,63.17436188834834
