,PRC-AUC,AUROC,Accuracy,Balanced Accuracy,F1-Score,MCC,Sensitivity,Specificity,Precision,Negative Predictive Value,Test Cases,Negative Test Cases,Positive Test Cases
"(0, 0)",0.5512952625775454,0.4994227688248044,0.49735915492957744,0.4990582747093748,0.5056277056277056,-0.0018796124914644708,0.477124183006536,0.5209923664122137,0.5377532228360957,0.46037099494097805,3408.0,1572.0,1836.0
"(0, 1)",0.5426717038325986,0.5073475530514542,0.5069422021310946,0.5036012526096034,0.5445869370712796,0.007215293084620701,0.55,0.4572025052192067,0.5392793857058477,0.46794871794871795,3097.0,1437.0,1660.0
"(1, 0)",0.5486409361921517,0.5020706686930091,0.4972341733251383,0.4998119300911854,0.49908144519289643,-0.00037593933202174006,0.4657142857142857,0.5339095744680851,0.537598944591029,0.4620253164556962,3254.0,1504.0,1750.0
"(1, 1)",0.5388359302876211,0.5058156659930815,0.5075361427253153,0.510982673257907,0.5032578343158548,0.021996894563951586,0.46449026345933564,0.5574750830564784,0.5490859851049424,0.47294250281848926,3251.0,1505.0,1746.0
"(2, 0)",0.5701377501209898,0.5084001300375001,0.49908647990255783,0.5024747621134918,0.5088085995819648,0.004932900673393938,0.4699393270821842,0.5350101971447995,0.5546875,0.4502288329519451,3284.0,1471.0,1813.0
"(2, 1)",0.5130781890009173,0.4850030172450428,0.4877367277243092,0.48834902996151375,0.4919950738916256,-0.023287612699015563,0.47474747474747475,0.5019505851755527,0.5105431309904154,0.46618357487922707,3221.0,1538.0,1683.0
mean,0.5441099620019706,0.5013433006408152,0.4993158134563321,0.5007129871238459,0.5088929326135544,0.001433653966577409,0.4836692556683027,0.5177567185793893,0.5381580282047217,0.46328332333250893,3252.5,1504.5,1748.0
std,0.017041415035713384,0.007927529125170389,0.006683626460781975,0.006749441897732282,0.016824030537568223,0.013502545009192592,0.030002581615935546,0.03178904889646589,0.013886204860217603,0.007117596403281505,91.60558571033391,43.50766216043637,63.17436188834834
