,AUROC,Accuracy,Balanced Accuracy,F1-Score,MCC,Sensitivity,Specificity,Precision,Negative Predictive Value,Test Cases,Negative Test Cases,Positive Test Cases
"(0, 0)",0.7616667567507637,0.6939553990610329,0.6954693242861182,0.7041134751773049,0.3897790147336945,0.6759259259259259,0.7150127226463104,0.7347542924807579,0.6538685282140779,3408.0,1572.0,1836.0
"(0, 1)",0.765929899137259,0.706813044882144,0.7058459306956427,0.7245145631067961,0.41128034209967357,0.7192771084337349,0.6924147529575505,0.7298288508557457,0.6810403832991102,3097.0,1437.0,1660.0
"(1, 0)",0.7470246960486322,0.6853103872157345,0.6890159574468084,0.6862745098039216,0.37786254639068606,0.64,0.738031914893617,0.7397622192866579,0.6379310344827587,3254.0,1504.0,1750.0
"(1, 1)",0.7710702773877073,0.7102430021531836,0.7110722943376984,0.7217956290608388,0.4209998120895856,0.699885452462772,0.7222591362126246,0.7451219512195122,0.6747361887026692,3251.0,1505.0,1746.0
"(2, 0)",0.7592858886439541,0.7079780755176613,0.7101301762368093,0.7227522405319456,0.41797643231847204,0.6894649751792609,0.7307953772943576,0.7594167679222357,0.6562881562881563,3284.0,1471.0,1813.0
"(2, 1)",0.787694121664901,0.727103384042223,0.7272634553289339,0.734841628959276,0.45410658641719226,0.7237076648841355,0.7308192457737321,0.7463235294117647,0.7073631214600378,3221.0,1538.0,1683.0
mean,0.7654452732722029,0.7052338821453299,0.7064661897220018,0.7157153411066806,0.41200078900821735,0.6913768544809716,0.721555524963032,0.7425346018627789,0.6685379020744683,3252.5,1504.5,1748.0
std,0.012372143843333556,0.01315003535849346,0.012199683266172831,0.01597443212759666,0.02432192018702928,0.028219583518088644,0.014917276022170224,0.009449103197353316,0.02237616141975307,91.60558571033391,43.50766216043637,63.17436188834834
