,PRC-AUC,AUROC,Accuracy,Balanced Accuracy,F1-Score,MCC,Sensitivity,Specificity,Precision,Negative Predictive Value,Test Cases,Negative Test Cases,Positive Test Cases
"(0, 0)",0.8278328679879503,0.8171469534944313,0.7491197183098591,0.7498690315820985,0.760705289672544,0.49832985248252126,0.7401960784313726,0.7595419847328244,0.7823834196891192,0.7145421903052065,3408.0,1572.0,1836.0
"(0, 1)",0.8292116000404952,0.809047253733095,0.7313529221827575,0.7350477064835542,0.731785944551902,0.46998804645249775,0.6837349397590361,0.7863604732080723,0.7871012482662968,0.6827794561933535,3097.0,1437.0,1660.0
"(1, 0)",0.8345847389212153,0.8068039513677809,0.7255685310387215,0.7345292553191489,0.707117087569695,0.47752048426833843,0.616,0.8530585106382979,0.829869130100077,0.6562659846547314,3254.0,1504.0,1750.0
"(1, 1)",0.845765701996983,0.8312100177719933,0.7582282374653952,0.7550579777983278,0.7799552071668534,0.512626978705731,0.797823596792669,0.7122923588039867,0.7628696604600219,0.752280701754386,3251.0,1505.0,1746.0
"(2, 0)",0.8368904948893099,0.8074668822459441,0.726857490864799,0.7344743361544371,0.7277693474962064,0.46862888508657197,0.661334804191947,0.8076138681169273,0.8090418353576249,0.6592674805771365,3284.0,1471.0,1813.0
"(2, 1)",0.8333602449336611,0.828905400675461,0.7513194660043465,0.7493720189734876,0.7690977226866531,0.5012233155808165,0.7926322043969103,0.706111833550065,0.7469204927211646,0.756794425087108,3221.0,1538.0,1683.0
mean,0.8346076081282691,0.816763409881451,0.7404077276443131,0.743058387718509,0.7460717665239757,0.48805292709607945,0.7152869372619892,0.7708298381750289,0.7863642977657174,0.703655039761987,3252.5,1504.5,1748.0
std,0.005863518226270348,0.010011949788103483,0.012899196100950019,0.00857165898112975,0.02565460475516223,0.01682024580341997,0.06730442401079839,0.051798153614860905,0.027480730741415375,0.04074012614028821,91.60558571033391,43.50766216043637,63.17436188834834
