,PRC-AUC,AUROC,Accuracy,Balanced Accuracy,F1-Score,MCC,Sensitivity,Specificity,Precision,Negative Predictive Value,Test Cases,Negative Test Cases,Positive Test Cases
"(0, 0)",0.5285849568701885,0.48056331664698676,0.4856220657276995,0.4859697483743285,0.5021300766827606,-0.02797792319258648,0.48148148148148145,0.4904580152671756,0.5246290801186944,0.4474753337202554,3408.0,1572.0,1836.0
"(0, 1)",0.5345831563825922,0.49073580333861544,0.4914433322570229,0.49274257782696546,0.5001586797841955,-0.014487158738959626,0.4746987951807229,0.510786360473208,0.528504359490275,0.45703611457036114,3097.0,1437.0,1660.0
"(1, 0)",0.5606006020574168,0.526154255319149,0.5162876459741856,0.5171523556231004,0.5293062200956938,0.034213579074231344,0.5057142857142857,0.5285904255319149,0.555207026348808,0.4789156626506024,3254.0,1504.0,1750.0
"(1, 1)",0.5195785630951361,0.47726897360078857,0.4844663180559828,0.4827640206566124,0.5130737943056363,-0.03440948792639426,0.5057273768613975,0.45980066445182727,0.5206367924528302,0.445016077170418,3251.0,1505.0,1746.0
"(2, 0)",0.5450583468617867,0.5061726566533792,0.5161388550548112,0.5142640038726277,0.5484512645637966,0.028394463630256685,0.5322669608383894,0.49626104690686607,0.5656506447831184,0.46261089987325726,3284.0,1471.0,1813.0
"(2, 1)",0.548195728795908,0.523208447977055,0.5240608506674945,0.524480829097214,0.5307621671258035,0.04891864456383085,0.5151515151515151,0.5338101430429129,0.5473484848484849,0.5015271838729383,3221.0,1538.0,1683.0
mean,0.5394335590105047,0.5006839089226623,0.5030031779561994,0.5028955892418081,0.5206470337596477,0.005775352901729751,0.5025067358712987,0.5032844426123174,0.540329398007035,0.4654302119763054,3252.5,1504.5,1748.0
std,0.013490101345808057,0.01931442462334037,0.016185368666507893,0.01629553416351645,0.01717739301847233,0.03252274832302952,0.01950027873786553,0.02494385100809162,0.016762593150078553,0.019588996507617036,91.60558571033391,43.50766216043637,63.17436188834834
