,PRC-AUC,AUROC,Accuracy,Balanced Accuracy,F1-Score,MCC,Sensitivity,Specificity,Precision,Negative Predictive Value,Test Cases,Negative Test Cases,Positive Test Cases
"(0, 0)",0.8110372793044773,0.8049958214838098,0.7341549295774648,0.7333275125147599,0.7509620670698185,0.46602411700031704,0.7440087145969498,0.72264631043257,0.758046614872364,0.7073474470734745,3408.0,1572.0,1836.0
"(0, 1)",0.8170510480633901,0.7916566055453547,0.7258637391023571,0.7298337399703196,0.7251537714470702,0.45984563711768156,0.6746987951807228,0.7849686847599165,0.7837648705388384,0.6762589928057554,3097.0,1437.0,1660.0
"(1, 0)",0.8223603521417778,0.7884811930091185,0.7234173325138291,0.7302393617021277,0.7133757961783439,0.46411131497077784,0.64,0.8204787234042553,0.8057553956834532,0.6620171673819742,3254.0,1504.0,1750.0
"(1, 1)",0.8258424815873616,0.817851339368961,0.7536142725315288,0.7500745890940089,0.7766936158349595,0.5032148845748211,0.797823596792669,0.7023255813953488,0.7566539923954373,0.749645390070922,3251.0,1505.0,1746.0
"(2, 0)",0.8280061132766379,0.796263146705023,0.7128501827040195,0.7219805371208693,0.7092198581560283,0.44527390913352816,0.63430777716492,0.8096532970768185,0.8041958041958042,0.6423948220064725,3284.0,1471.0,1813.0
"(2, 1)",0.8107376728535738,0.8020092302200463,0.7342440235951568,0.7330041406955657,0.7494145199063232,0.4668884316641204,0.7605466428995841,0.7054616384915474,0.7386035776110791,0.7291666666666666,3221.0,1538.0,1683.0
mean,0.8191724912045363,0.8002095560553855,0.7306907466707259,0.7330766468496086,0.7374699380987573,0.467559715743541,0.708564254439141,0.757589039260076,0.7745033758828294,0.6944717476675443,3252.5,1504.5,1748.0
std,0.006764028166812582,0.009692448016077064,0.012547261694734529,0.008472391579087668,0.023781961394183353,0.017522154564041634,0.062299892185662405,0.049002983387785866,0.025239933022200286,0.03766223188438753,91.60558571033391,43.50766216043637,63.17436188834834
