,AUROC,Accuracy,Balanced Accuracy,F1-Score,MCC,Sensitivity,Specificity,Precision,Negative Predictive Value,Test Cases,Negative Test Cases,Positive Test Cases
"(0, 0)",0.7835098981633932,0.7150821596244131,0.717043772555672,0.7234406152093421,0.43284583948325506,0.6917211328976035,0.7423664122137404,0.7582089552238805,0.673398730525101,3408.0,1572.0,1836.0
"(0, 1)",0.7667349984489105,0.706167258637391,0.708468739257657,0.7116603295310518,0.41609442883292097,0.6765060240963855,0.7404314544189283,0.7506684491978609,0.6645846346033729,3097.0,1437.0,1660.0
"(1, 0)",0.7627817249240121,0.699139520590043,0.7019198328267477,0.7039612942243726,0.4030572047621606,0.6651428571428571,0.7386968085106383,0.7475915221579962,0.6546847377725398,3254.0,1504.0,1750.0
"(1, 1)",0.7986016447656343,0.7286988618886496,0.7245400022072284,0.7555432372505544,0.45266105022428554,0.7806414662084765,0.6684385382059801,0.7320085929108485,0.7242620590352772,3251.0,1505.0,1746.0
"(2, 0)",0.7828878074095127,0.7122411693057247,0.7173253595998085,0.7195013357079253,0.4328814499253269,0.6685052399338114,0.7661454792658056,0.7789203084832905,0.6521990740740741,3284.0,1471.0,1813.0
"(2, 1)",0.7853879188117695,0.721204594846321,0.7201903143729809,0.7357268981753973,0.4408632366784772,0.7427213309566251,0.6976592977893368,0.7288629737609329,0.7124833997343958,3221.0,1538.0,1683.0
mean,0.779983998753872,0.7137555941487571,0.7149146701366824,0.7249722850164405,0.4297338683177377,0.7042063418726264,0.7256229984007384,0.7493768002891349,0.6802687726241268,3252.5,1504.5,1748.0
std,0.012028697632221225,0.009609496716023659,0.00754143843466757,0.01683840855674377,0.01615956286905601,0.04291356658701826,0.03256956473369872,0.016724000311342743,0.028014377049953246,91.60558571033391,43.50766216043637,63.17436188834834
