,AUROC,Accuracy,Balanced Accuracy,F1-Score,MCC,Sensitivity,Specificity,Precision,Negative Predictive Value,Test Cases,Negative Test Cases,Positive Test Cases
"(0, 0)",0.7851050796343416,0.7221244131455399,0.721338705117331,0.7393338838425544,0.4420059963050549,0.7314814814814815,0.7111959287531806,0.7473567056204786,0.6939788950962136,3408.0,1572.0,1836.0
"(0, 1)",0.7737190934929697,0.708750403616403,0.711112089275683,0.7140139505389981,0.42138926496002954,0.6783132530120481,0.743910925539318,0.7536813922356091,0.6668746101060512,3097.0,1437.0,1660.0
"(1, 0)",0.7692197948328268,0.7092808850645359,0.7115820668693009,0.7159159159159161,0.42212932481107424,0.6811428571428572,0.7420212765957447,0.7544303797468355,0.6666666666666666,3254.0,1504.0,1750.0
"(1, 1)",0.7980429876737717,0.7277760689018763,0.7248731795123547,0.7509147199549676,0.4513311959179634,0.7640320733104238,0.6857142857142857,0.738240177089098,0.7146814404432132,3251.0,1505.0,1746.0
"(2, 0)",0.7704459408839326,0.7085870889159561,0.7107458670535295,0.7233304423243713,0.41920112196368486,0.6900165471594043,0.7314751869476547,0.7600243013365735,0.6568986568986569,3284.0,1471.0,1813.0
"(2, 1)",0.7800743223561245,0.721825520024837,0.7191319606220548,0.7453098351335985,0.44213642612172416,0.7789661319073083,0.659297789336801,0.714441416893733,0.7316017316017316,3221.0,1538.0,1683.0
mean,0.7794345364789944,0.716390729944858,0.7164639780750424,0.7314697912850677,0.43303222167992184,0.720658724002254,0.7122692321478309,0.7446957288203878,0.6884503334687556,3252.5,1504.5,1748.0
std,0.009971968442502989,0.007765943850781058,0.0055792521574293185,0.014401240878912163,0.012543248837388088,0.04019062696485649,0.031004140914378996,0.015135769151784727,0.027435461845201795,91.60558571033391,43.50766216043637,63.17436188834834
