,PRC-AUC,AUROC,Accuracy,Balanced Accuracy,F1-Score,MCC,Sensitivity,Specificity,Precision,Negative Predictive Value,Test Cases,Negative Test Cases,Positive Test Cases
"(0, 0)",0.5317232361636076,0.49151130624712425,0.5005868544600939,0.49889820219860637,0.5290536801328167,-0.0021990485912275573,0.5206971677559913,0.4770992366412214,0.5376827896512936,0.4601226993865031,3408.0,1572.0,1836.0
"(0, 1)",0.5452525966138907,0.5082765299192595,0.49983855343881173,0.5027240485952159,0.4978930307941653,0.005451320369047488,0.46265060240963857,0.5427974947807933,0.5389473684210526,0.4665071770334928,3097.0,1437.0,1660.0
"(1, 0)",0.5443005113318831,0.49497397416413375,0.49754148740012294,0.4980414133738602,0.5126676602086437,-0.0039063205346799275,0.49142857142857144,0.504654255319149,0.5358255451713395,0.46027895694360216,3254.0,1504.0,1750.0
"(1, 1)",0.529075858965656,0.48730387064119984,0.4863119040295294,0.48746294330087186,0.49668474984930683,-0.025018676775887604,0.47193585337915234,0.5029900332225914,0.5241730279898219,0.4508636092912448,3251.0,1505.0,1746.0
"(2, 0)",0.5484757634081887,0.495021041102424,0.5,0.4995832275622506,0.5265282583621684,-0.0008290384689036138,0.5035852178709321,0.495581237253569,0.5516616314199396,0.44751381215469616,3284.0,1471.0,1813.0
"(2, 1)",0.5220854813575949,0.4967525016863348,0.4961192176342751,0.49729471723275753,0.4942349641632908,-0.005412535643541083,0.471182412358883,0.523407022106632,0.5196592398427261,0.4749262536873156,3221.0,1538.0,1683.0
mean,0.5368189079734702,0.49563987062674597,0.49673300282713884,0.4973340920439271,0.5095103905850653,-0.005319049940865382,0.4869133042005281,0.5077548798873259,0.5346582670826955,0.46003541808280907,3252.5,1504.5,1748.0
std,0.009712348759000244,0.006432773036369171,0.00491256157307034,0.00473459104407111,0.014226238098804146,0.009451413734142072,0.0204130410511765,0.020789653231368565,0.01043177933815718,0.00917060766477022,91.60558571033391,43.50766216043637,63.17436188834834
