,AUROC,Accuracy,Balanced Accuracy,F1-Score,MCC,Sensitivity,Specificity,Precision,Negative Predictive Value,Test Cases,Negative Test Cases,Positive Test Cases
"(0, 0)",0.7782635389468199,0.7144953051643192,0.7153100001663091,0.726762145464757,0.42935863198845997,0.7047930283224401,0.7258269720101781,0.7501449275362319,0.6779560308972074,3408.0,1572.0,1836.0
"(0, 1)",0.784808335639007,0.7281239909589926,0.7285299863336436,0.7402837754472547,0.4559802805096164,0.7228915662650602,0.7341684064022269,0.7585335018963337,0.6963696369636964,3097.0,1437.0,1660.0
"(1, 0)",0.7866629939209726,0.7135832821143209,0.7171709726443769,0.7155067155067155,0.433935897403439,0.6697142857142857,0.7646276595744681,0.7680209698558322,0.6655092592592593,3254.0,1504.0,1750.0
"(1, 1)",0.8011934255041423,0.7311596431867118,0.7305912327370012,0.7468134414831981,0.460478546137457,0.7382588774341352,0.7229235880398671,0.7555685814771395,0.7042071197411003,3251.0,1505.0,1746.0
"(2, 0)",0.7865935761924885,0.7137637028014616,0.717550150491784,0.7243401759530791,0.43289704647767735,0.6811913954771097,0.7539089055064582,0.7733249843456481,0.6573799644339063,3284.0,1471.0,1813.0
"(2, 1)",0.783644020716613,0.7162371934181931,0.7166692937174082,0.7225258044930176,0.4328992972567322,0.7070707070707071,0.7262678803641093,0.7386716325263811,0.6937888198757765,3221.0,1538.0,1683.0
mean,0.7868609818200073,0.7195605196073331,0.7209702726817538,0.7293720097246702,0.4409249499622303,0.703986643380623,0.7379539019828848,0.7573774329395944,0.682535138528491,3252.5,1504.5,1748.0
std,0.0070000936419872565,0.007233072846794743,0.00614249086897184,0.010758855463883422,0.012386087653232644,0.023224849008465408,0.01575815834917509,0.011360999196745002,0.016986980484171924,91.60558571033391,43.50766216043637,63.17436188834834
