,PRC-AUC,AUROC,Accuracy,Balanced Accuracy,F1-Score,MCC,Sensitivity,Specificity,Precision,Negative Predictive Value,Test Cases,Negative Test Cases,Positive Test Cases
"(0, 0)",0.5371292189240581,0.4999466424964105,0.4935446009389671,0.49547223469540486,0.5002895193977996,-0.009039839880847866,0.47058823529411764,0.5203562340966921,0.5339925834363412,0.4569832402234637,3408.0,1572.0,1836.0
"(0, 1)",0.548519803834201,0.5085771059184546,0.5101711333548595,0.5091373846115149,0.5339477726574501,0.018235556417128266,0.5234939759036145,0.49478079331941544,0.5448275862068965,0.4733688415446072,3097.0,1437.0,1660.0
"(1, 0)",0.5372474613057479,0.49975531914893623,0.509219422249539,0.5066553951367782,0.5422757237030668,0.013304258535692354,0.5405714285714286,0.47273936170212766,0.5439907993099482,0.4693069306930693,3254.0,1504.0,1750.0
"(1, 1)",0.5073841359209592,0.469678772172179,0.4820055367579206,0.48093164061756727,0.5067369654364382,-0.03804479192861487,0.49541809851088203,0.4664451827242525,0.5185851318944844,0.443461781427669,3251.0,1505.0,1746.0
"(2, 0)",0.5541445292899868,0.5033144938942744,0.5021315468940317,0.5045273148118636,0.5164152617568766,0.009014554274133682,0.4815223386651958,0.5275322909585316,0.5567602040816326,0.4522144522144522,3284.0,1471.0,1813.0
"(2, 1)",0.5196903174029981,0.5051285439107668,0.5041912449549829,0.504963001080954,0.5069465884532263,0.00992162197543638,0.48781937017231136,0.5221066319895968,0.5276349614395887,0.48228228228228226,3221.0,1538.0,1683.0
mean,0.5340192444463252,0.4977334795901702,0.5002105808583835,0.5002811618256805,0.5177686385674763,0.0005652265654879912,0.49990224118625837,0.5006600824651026,0.5376318777281486,0.4629362547309239,3252.5,1504.5,1748.0
std,0.016073444944558157,0.012906532341388721,0.0097959731981393,0.00963104976502611,0.015321702572000415,0.01921998784231553,0.02440555884474283,0.024340639946306895,0.012477101014492207,0.013249803163475356,91.60558571033391,43.50766216043637,63.17436188834834
