,PRC-AUC,AUROC,Accuracy,Balanced Accuracy,F1-Score,MCC,Sensitivity,Specificity,Precision,Negative Predictive Value,Test Cases,Negative Test Cases,Positive Test Cases
"(0, 0)",0.5304804185396972,0.49360939951326865,0.5026408450704225,0.5014448103244691,0.5282493737823546,0.0028823321368376415,0.5168845315904139,0.4860050890585242,0.5401252134319864,0.4627498485766202,3408.0,1572.0,1836.0
"(0, 1)",0.5524779420795342,0.5083578573165313,0.5053277365192121,0.505694385055881,0.5203506574827801,0.01135970585051531,0.5006024096385542,0.510786360473208,0.5417209908735332,0.4696097248880358,3097.0,1437.0,1660.0
"(1, 0)",0.5163126733811491,0.4768932370820669,0.4870928088506454,0.4896356382978724,0.4888208269525269,-0.0207185516124423,0.456,0.5232712765957447,0.5267326732673268,0.45255894192064405,3254.0,1504.0,1750.0
"(1, 1)",0.5295317471681116,0.49942307619123727,0.5004613964933866,0.5031580489624125,0.5009219422249539,0.0063152400027581615,0.4667812142038946,0.5395348837209303,0.5404509283819628,0.46586345381526106,3251.0,1505.0,1746.0
"(2, 0)",0.5413413349555496,0.48714867283382385,0.48995127892813645,0.4874687045707731,0.5253612921507509,-0.024951665052306414,0.5113072255929398,0.4636301835486064,0.5402097902097902,0.43494897959183676,3284.0,1471.0,1813.0
"(2, 1)",0.5005804568226666,0.48132939584786905,0.4958087550450171,0.49377659405962016,0.5276323443862709,-0.012484547495703246,0.5389185977421271,0.4486345903771131,0.5168091168091168,0.47066848567530695,3221.0,1538.0,1683.0
mean,0.528454095491118,0.4911269397974662,0.4968804701511367,0.49686303021183803,0.5152227394966062,-0.006266247695056807,0.4984156631279883,0.4953103972956878,0.534341452162286,0.4593999057446175,3252.5,1504.5,1748.0
std,0.016697541374023298,0.010695090558461238,0.00661213328887759,0.006935745990905017,0.015024153196969911,0.01384043440290852,0.028729740383578367,0.0322644723677872,0.009353688010108,0.01244231655148741,91.60558571033391,43.50766216043637,63.17436188834834
