,AUROC,Accuracy,Balanced Accuracy,F1-Score,MCC,Sensitivity,Specificity,Precision,Negative Predictive Value,Test Cases,Negative Test Cases,Positive Test Cases
"(0, 0)",0.7820439527238658,0.7174295774647887,0.7171186116516157,0.733314871226807,0.43330867828093816,0.7211328976034859,0.7131043256997456,0.7459154929577465,0.6864666258420086,3408.0,1572.0,1836.0
"(0, 1)",0.7812089694896497,0.7126251210849209,0.7137449589590092,0.722568578553616,0.42638028707166775,0.6981927710843373,0.7292971468336813,0.7487080103359173,0.6765655261459006,3097.0,1437.0,1660.0
"(1, 0)",0.7770822568389057,0.7132759680393362,0.7205303951367781,0.7008656620711767,0.4454346448610127,0.6245714285714286,0.8164893617021277,0.7983929875821768,0.6514588859416446,3254.0,1504.0,1750.0
"(1, 1)",0.7907616079277552,0.7268532759151031,0.7229135032899119,0.7531962201222901,0.4489804120235245,0.7760595647193586,0.6697674418604651,0.7316414686825053,0.7205146533238027,3251.0,1505.0,1746.0
"(2, 0)",0.7750572476220723,0.7168087697929354,0.7190256336609644,0.7312138728323698,0.43567138895062685,0.697738554881412,0.7403127124405167,0.7680631451123254,0.6652412950519242,3284.0,1471.0,1813.0
"(2, 1)",0.7848831773715121,0.7205836696678051,0.7180556424800286,0.7432972047917856,0.43951189205585167,0.774212715389186,0.6618985695708712,0.7147558968732858,0.7281831187410587,3221.0,1538.0,1683.0
mean,0.7818395353289601,0.7179293969941482,0.7185647908630513,0.7307427349330076,0.43821455054060365,0.7153179887082013,0.7218115930179012,0.7512461669239929,0.6880716841743899,3252.5,1504.5,1748.0
std,0.005130589005519429,0.004795417035509051,0.002845133915640226,0.016472542213839227,0.007531065394144746,0.051686859712438235,0.05121227940519566,0.026634488227594236,0.027863252313658986,91.60558571033391,43.50766216043637,63.17436188834834
