,AUROC,Accuracy,Balanced Accuracy,F1-Score,MCC,Sensitivity,Specificity,Precision,Negative Predictive Value,Test Cases,Negative Test Cases,Positive Test Cases
"(0, 0)",0.7629856225781237,0.7191901408450704,0.7156883533735802,0.7448680351906158,0.43341606701815427,0.7608932461873639,0.6704834605597965,0.7295039164490862,0.7059611520428667,3408.0,1572.0,1836.0
"(0, 1)",0.7692087766514911,0.7213432353890862,0.7220644582505387,0.7325689494886892,0.4430076896901653,0.7120481927710843,0.732080723729993,0.7543075941289088,0.6875816993464052,3097.0,1437.0,1660.0
"(1, 0)",0.7559891717325229,0.6976029502151199,0.702454027355623,0.6942200124300807,0.4056912151175633,0.6382857142857142,0.7666223404255319,0.760899182561308,0.6455767077267637,3254.0,1504.0,1750.0
"(1, 1)",0.7787190845330381,0.7345432174715473,0.7317235789065086,0.7569698676429175,0.4650159433059954,0.7697594501718213,0.693687707641196,0.7445983379501385,0.7219917012448133,3251.0,1505.0,1746.0
"(2, 0)",0.7639780001147389,0.715590742996346,0.7155500927473346,0.7354107648725212,0.4292040410786939,0.7159404302261445,0.7151597552685248,0.7559697146185207,0.6713465220165922,3284.0,1471.0,1813.0
"(2, 1)",0.7644541877120474,0.7115802545793232,0.7070873193033371,0.7451303155006859,0.42397608583368246,0.8068924539512775,0.6072821846553966,0.6921508664627931,0.7418586179507546,3221.0,1538.0,1683.0
mean,0.7658891405536603,0.7166417569160822,0.715761304989487,0.7348613241875851,0.4333851736740424,0.733969914598901,0.6975526953800731,0.7395716020284592,0.6957194000546992,3252.5,1504.5,1748.0
std,0.006925542013261289,0.011092490306972113,0.009547211878275454,0.019797505017889266,0.01810187605693771,0.053672686676068074,0.05028130182089718,0.023509805683396025,0.03188129982775454,91.60558571033391,43.50766216043637,63.17436188834834
