,AUROC,Accuracy,Balanced Accuracy,F1-Score,MCC,Sensitivity,Specificity,Precision,Negative Predictive Value,Test Cases,Negative Test Cases,Positive Test Cases
"(0, 0)",0.7514565905525343,0.6992370892018779,0.7026123002211911,0.7024673439767779,0.4046362696714638,0.659041394335512,0.7461832061068703,0.7520198881292729,0.6520289049471929,3408.0,1572.0,1836.0
"(0, 1)",0.7495694678505253,0.7045527930255086,0.7035037854968936,0.7226432252197637,0.4066461615128332,0.7180722891566265,0.6889352818371608,0.7272727272727273,0.6790123456790124,3097.0,1437.0,1660.0
"(1, 0)",0.7279243920972644,0.6717885679164106,0.6721451367781155,0.6862514688601645,0.3433522931658722,0.6674285714285715,0.6768617021276596,0.7061668681983071,0.63625,3254.0,1504.0,1750.0
"(1, 1)",0.7479657346835482,0.6890187634573978,0.6906249881076061,0.697938452345384,0.38024416367936315,0.6689576174112256,0.7122923588039867,0.7295440349781387,0.6496969696969697,3251.0,1505.0,1746.0
"(2, 0)",0.7449416424846161,0.6842265529841657,0.6841305504508379,0.7054813973303039,0.36655491382940814,0.6850523993381136,0.6832087015635622,0.7271662763466042,0.6376903553299492,3284.0,1471.0,1813.0
"(2, 1)",0.7451511597270031,0.6957466625271654,0.6943445778831688,0.7136177673874928,0.38953703754678964,0.7254901960784313,0.6631989596879063,0.7021276595744681,0.6882591093117408,3221.0,1538.0,1683.0
mean,0.7445014978992486,0.690761738185421,0.6912268898229689,0.7047332758533145,0.3818284732342883,0.6873404112914133,0.6951133683545243,0.7240495757499197,0.6571562808274775,3252.5,1504.5,1748.0
std,0.007761816735975036,0.01074400635797675,0.010838998520691211,0.011497401339571394,0.02202931107974118,0.025626588514509448,0.027186972020713344,0.016497432241299147,0.019761071369353594,91.60558571033391,43.50766216043637,63.17436188834834
