,AUROC,Accuracy,Balanced Accuracy,F1-Score,MCC,Sensitivity,Specificity,Precision,Negative Predictive Value,Test Cases,Negative Test Cases,Positive Test Cases
"(0, 0)",0.7944840467993813,0.7285798122065728,0.7303027657203678,0.7375886524822696,0.4592392460595667,0.7080610021786492,0.7525445292620865,0.7696862048549438,0.6881908086096568,3408.0,1572.0,1836.0
"(0, 1)",0.7988915998021313,0.7274782047142396,0.730077722162135,0.7318932655654384,0.45931169669863686,0.6939759036144578,0.7661795407098121,0.7741935483870968,0.6842759477936606,3097.0,1437.0,1660.0
"(1, 0)",0.7822665273556233,0.7102028272894899,0.7170657294832827,0.6992025518341308,0.43775857586435357,0.6262857142857143,0.807845744680851,0.7913357400722022,0.6500802568218299,3254.0,1504.0,1750.0
"(1, 1)",0.7992910230503134,0.7400799753921871,0.7397672135265039,0.7545744989834448,0.4786782923445437,0.7439862542955327,0.7355481727574751,0.765468473777254,0.7123552123552124,3251.0,1505.0,1746.0
"(2, 0)",0.7975888317735458,0.7289890377588307,0.7338400846218658,0.7368421052631579,0.4655975213089159,0.6872586872586872,0.7804214819850442,0.794136392606756,0.6693877551020408,3284.0,1471.0,1813.0
"(2, 1)",0.7800036237846992,0.724930145917417,0.7244275926865998,0.7364663890541344,0.448806292682411,0.7355912061794415,0.7132639791937582,0.737343656938654,0.711413748378729,3221.0,1538.0,1683.0
mean,0.7920876087609491,0.7267100005464563,0.7292468513667925,0.7327612438637626,0.4582319374930713,0.6991931279687472,0.7593005747648379,0.772027336106151,0.6859506215101883,3252.5,1504.5,1748.0
std,0.007923237704113796,0.008791010775356331,0.007131924677990393,0.01661546819781303,0.01279640000565053,0.03850330014326833,0.030493811667782266,0.018787293977082634,0.02203938831744939,91.60558571033391,43.50766216043637,63.17436188834834
