,AUROC,Accuracy,Balanced Accuracy,F1-Score,MCC,Sensitivity,Specificity,Precision,Negative Predictive Value,Test Cases,Negative Test Cases,Positive Test Cases
"(0, 0)",0.8115714408466244,0.7455985915492958,0.7444972475843603,0.7626608267177661,0.4886006337058175,0.7587145969498911,0.7302798982188295,0.7666483214089158,0.721558768070396,3408.0,1572.0,1836.0
"(0, 1)",0.7938516068449161,0.7203745560219568,0.7263024959965121,0.7117177097203727,0.4554190314784614,0.6439759036144578,0.8086290883785665,0.7953869047619048,0.6628636622932116,3097.0,1437.0,1660.0
"(1, 0)",0.7972104863221885,0.7203441917639828,0.7302329027355623,0.6974734042553192,0.47143273791698975,0.5994285714285714,0.8610372340425532,0.8338632750397457,0.6487975951903807,3254.0,1504.0,1750.0
"(1, 1)",0.8248132418475261,0.7523838818824977,0.7481495435223557,0.7774398672933371,0.5006767321661442,0.8052691867124857,0.6910299003322259,0.7514698022447889,0.7536231884057971,3251.0,1505.0,1746.0
"(2, 0)",0.797976919468616,0.7101096224116931,0.7205243645954533,0.7026858213616489,0.4439520681185474,0.6205184776613348,0.8205302515295717,0.8099352051835853,0.6369393139841689,3284.0,1471.0,1813.0
"(2, 1)",0.8097903227177302,0.7392114250232847,0.7368052513198998,0.76,0.4770682703846605,0.7902554961378491,0.6833550065019506,0.7319757842597688,0.7485754985754985,3221.0,1538.0,1683.0
mean,0.8058690030079335,0.7313370447754518,0.7344186342923572,0.7353296048914073,0.47285824562843687,0.703027038750765,0.7658102298339494,0.7815465488164515,0.6953930044199087,3252.5,1504.5,1748.0
std,0.010711764833660698,0.015275194325508041,0.009766055455176456,0.03210692657408081,0.019066290692881734,0.08385573562333115,0.0677609569882432,0.034924536906278135,0.04752175534263774,91.60558571033391,43.50766216043637,63.17436188834834
