,AUROC,Accuracy,Balanced Accuracy,F1-Score,MCC,Sensitivity,Specificity,Precision,Negative Predictive Value,Test Cases,Negative Test Cases,Positive Test Cases
"(0, 0)",0.8149984477817138,0.7435446009389671,0.7450148846646377,0.7531073446327684,0.4885572732433987,0.7260348583877996,0.7639949109414759,0.7822769953051644,0.70481220657277,3408.0,1572.0,1836.0
"(0, 1)",0.8108613996696599,0.7326444946722634,0.7379352483000897,0.7270929466051418,0.4776779593886973,0.6644578313253012,0.8114126652748782,0.8027656477438136,0.6767266395821242,3097.0,1437.0,1660.0
"(1, 0)",0.8053512537993921,0.7145052243392748,0.7235892857142857,0.6945083853995395,0.4557226936850054,0.6034285714285714,0.84375,0.8179705654531371,0.6464595007641365,3254.0,1504.0,1750.0
"(1, 1)",0.828507495062278,0.7606890187634574,0.7588622118710826,0.7785998861696074,0.5182953556003842,0.7835051546391752,0.7342192691029901,0.7737556561085973,0.7451112609575186,3251.0,1505.0,1746.0
"(2, 0)",0.8051970379347285,0.7210718635809987,0.7295549965259589,0.7195345988977342,0.4596687765698253,0.6480970766685052,0.8110129163834127,0.8086717136958018,0.6515565264882578,3284.0,1471.0,1813.0
"(2, 1)",0.8102081396849239,0.7401428127910586,0.7381446608670659,0.7588591184096802,0.47872291701975345,0.7825311942959001,0.6937581274382315,0.7365771812080537,0.7445917655268667,3221.0,1538.0,1683.0
mean,0.8125206289887826,0.7354330025143367,0.7388502146571868,0.7386170466857452,0.4797741625845107,0.7013424477908755,0.776357981523498,0.7870029599190946,0.6948763166486122,3252.5,1504.5,1748.0
std,0.007904166075237893,0.015153859164217154,0.011248075321897638,0.02787130050838997,0.020612392034531846,0.06798861394729745,0.051190383229295845,0.027134156729731403,0.04009177067058441,91.60558571033391,43.50766216043637,63.17436188834834
