,AUROC,Accuracy,Balanced Accuracy,F1-Score,MCC,Sensitivity,Specificity,Precision,Negative Predictive Value,Test Cases,Negative Test Cases,Positive Test Cases
"(0, 0)",0.7652598995493025,0.7142018779342723,0.7116532787839478,0.7373247033441208,0.4241007842363628,0.7445533769063181,0.6787531806615776,0.7302350427350427,0.6946614583333334,3408.0,1572.0,1836.0
"(0, 1)",0.7721485105348325,0.73296738779464,0.7334687392576569,0.7446742821858598,0.4658157954913426,0.7265060240963855,0.7404314544189283,0.7637745408486384,0.7009222661396575,3097.0,1437.0,1660.0
"(1, 0)",0.7536804711246201,0.6988322065150584,0.702101443768997,0.7017650639074863,0.40367807908268954,0.6588571428571428,0.745345744680851,0.7506510416666666,0.6525029103608847,3254.0,1504.0,1750.0
"(1, 1)",0.7793336834454072,0.7406951707167025,0.7365796714274297,0.766417290108063,0.47697611191439576,0.7920962199312714,0.6810631229235881,0.7423510466988728,0.7384726224783862,3251.0,1505.0,1746.0
"(2, 0)",0.7601293700643026,0.7085870889159561,0.7122206002947966,0.7196015235862877,0.42227146778654495,0.6773303916161059,0.7471108089734875,0.7675,0.6526128266033254,3284.0,1471.0,1813.0
"(2, 1)",0.7702396874736812,0.7143744178826451,0.7114976739011007,0.7393767705382437,0.427197795172535,0.7754010695187166,0.647594278283485,0.7065511640498106,0.7248908296943232,3221.0,1538.0,1683.0
mean,0.766798603698691,0.7182763582932123,0.7179202345723215,0.7348599389450102,0.4366733389473118,0.7291240374876568,0.7067164316569863,0.7435104726665052,0.6940104856016517,3252.5,1504.5,1748.0
std,0.008331891291084833,0.014272426836919878,0.012604063997414297,0.020193871058115716,0.025876477125341187,0.04825625382271216,0.039149493351436304,0.020739211687382478,0.03269892637263964,91.60558571033391,43.50766216043637,63.17436188834834
