,AUROC,Accuracy,Balanced Accuracy,F1-Score,MCC,Sensitivity,Specificity,Precision,Negative Predictive Value,Test Cases,Negative Test Cases,Positive Test Cases
"(0, 0)",0.810657953455626,0.7409037558685446,0.7403228891217216,0.7566822816202811,0.4798564460754178,0.7478213507625272,0.732824427480916,0.7657557166759621,0.713312693498452,3408.0,1572.0,1836.0
"(0, 1)",0.7980496097123359,0.7190829835324507,0.72500419213388,0.7103861517976031,0.45280627952855007,0.6427710843373494,0.8072372999304106,0.7938988095238095,0.6617227609811751,3097.0,1437.0,1660.0
"(1, 0)",0.808674962006079,0.718500307314075,0.7282382218844985,0.6960849369608493,0.46694017119281234,0.5994285714285714,0.8570478723404256,0.8299050632911392,0.6477386934673367,3254.0,1504.0,1750.0
"(1, 1)",0.8278740585981056,0.7533066748692709,0.7493755066159766,0.7774694783573808,0.5025459155356894,0.802405498281787,0.6963455149501662,0.7540365984930032,0.7523330940416367,3251.0,1505.0,1746.0
"(2, 0)",0.7970556330272752,0.7174177831912302,0.727976773232673,0.71,0.4590436038723465,0.6265857694429123,0.8293677770224337,0.8190338860850757,0.6431207169214549,3284.0,1471.0,1813.0
"(2, 1)",0.8150050184395783,0.7510090034150885,0.7485707684973346,0.7711187214611872,0.5009348950806948,0.8027332144979203,0.694408322496749,0.741900054914882,0.7628571428571429,3221.0,1538.0,1683.0
mean,0.8095528725398333,0.7333700846984433,0.7365813919143473,0.736956928366217,0.4770212185475852,0.7036242481251781,0.7695385357035169,0.7840883548306453,0.6968475169611997,3252.5,1504.5,1748.0
std,0.010455379280083454,0.015519142722222046,0.009992604154746653,0.03240521102921752,0.019333037413002956,0.08369436486650128,0.06456045216918738,0.032750705540911244,0.04871518600223269,91.60558571033391,43.50766216043637,63.17436188834834
