,AUROC,Accuracy,Balanced Accuracy,F1-Score,MCC,Sensitivity,Specificity,Precision,Negative Predictive Value,Test Cases,Negative Test Cases,Positive Test Cases
"(0, 0)",0.7849481254192376,0.7165492957746479,0.7157527981506429,0.7340308370044054,0.43083736089303715,0.7260348583877996,0.705470737913486,0.7422048997772829,0.6879652605459057,3408.0,1572.0,1836.0
"(0, 1)",0.7645756302873289,0.7135938004520503,0.7125451702425569,0.7312935474098758,0.42474540228547597,0.7271084337349397,0.697981906750174,0.7355271176112127,0.6888736263736264,3097.0,1437.0,1660.0
"(1, 0)",0.7742851443768997,0.7117393976644131,0.7162511398176292,0.7101359703337454,0.4328932443101631,0.6565714285714286,0.7759308510638298,0.7732166890982504,0.6600678733031674,3254.0,1504.0,1750.0
"(1, 1)",0.792173853478097,0.7280836665641341,0.725434690778733,0.7504234895539243,0.4521228434744398,0.761168384879725,0.6897009966777409,0.7399777282850779,0.7134020618556701,3251.0,1505.0,1746.0
"(2, 0)",0.7688212220600295,0.7122411693057247,0.7105928817592408,0.7359597652975691,0.42009516796112734,0.7264202978488693,0.6947654656696125,0.7457531143827859,0.6732542819499341,3284.0,1471.0,1813.0
"(2, 1)",0.7767360362594814,0.7044396150263893,0.7021028768523605,0.727220630372493,0.4068355880520488,0.7540106951871658,0.6501950585175552,0.7022689540675152,0.7072135785007072,3221.0,1538.0,1683.0
mean,0.7769233353135124,0.7144411574645599,0.7137799262668606,0.7315107066620022,0.4279216011627153,0.725219016434988,0.702340836098733,0.7398247505370209,0.6884627804215019,3252.5,1504.5,1748.0
std,0.009328100480705584,0.007111617498060339,0.006998428560187663,0.011966409947679172,0.0137530618693392,0.0337626217122077,0.03737338792570504,0.02075557382401951,0.018310041341211707,91.60558571033391,43.50766216043637,63.17436188834834
