,AUROC,Accuracy,Balanced Accuracy,F1-Score,MCC,Sensitivity,Specificity,Precision,Negative Predictive Value,Test Cases,Negative Test Cases,Positive Test Cases
"(0, 0)",0.7692942811843426,0.704518779342723,0.7046329558116715,0.7194204513792143,0.40820491100111694,0.7031590413943355,0.7061068702290076,0.7364517969195664,0.6706948640483383,3408.0,1572.0,1836.0
"(0, 1)",0.7752274232629893,0.7016467549241201,0.703363768225302,0.709433962264151,0.4057405033592465,0.6795180722891566,0.7272094641614475,0.7421052631578947,0.6626506024096386,3097.0,1437.0,1660.0
"(1, 0)",0.7620892857142858,0.6945298094652735,0.6997370820668694,0.6895690193628983,0.4006553420320341,0.6308571428571429,0.7686170212765957,0.7603305785123967,0.6415094339622641,3254.0,1504.0,1750.0
"(1, 1)",0.7834168655074912,0.7228545063057521,0.7231802734679742,0.7358545880973322,0.4452638737423304,0.7187857961053837,0.7275747508305648,0.7537537537537538,0.6904161412358134,3251.0,1505.0,1746.0
"(2, 0)",0.7728995175338771,0.7043239951278928,0.707141338538833,0.7174861798079721,0.41205477945054697,0.680088251516823,0.7341944255608429,0.7592364532019704,0.6506024096385542,3284.0,1471.0,1813.0
"(2, 1)",0.7762934941088387,0.7140639552933872,0.7122369182531348,0.7334298118668595,0.42619181102962517,0.7528223410576351,0.6716514954486346,0.7150112866817155,0.7129054520358868,3221.0,1538.0,1683.0
mean,0.7732034778853042,0.706989633409858,0.7083820560606308,0.7175323354630713,0.4163518701024833,0.6942051075367462,0.7225590045845155,0.744481522037883,0.6714631505550827,3252.5,1504.5,1748.0
std,0.006542900990526275,0.009117241291726828,0.0076306522411790124,0.01548941846039396,0.015146773144888756,0.03774546883396802,0.029342107453445402,0.01577705469698761,0.02410852935529721,91.60558571033391,43.50766216043637,63.17436188834834
