,MAE,MedAE,RMSE,MaxAE,MSE,PearsonCorr,R2Coeff,Test Cases
"(0, 0)",0.670710728287982,0.5372833333333336,0.8677597286004455,3.1394999999999995,0.7530069465807188,0.6967988847945729,0.4773029445565541,2100.0
"(0, 1)",0.6789481358276643,0.5466083333333329,0.8768415039166045,3.6528,0.7688510229907327,0.697979243840923,0.4708970971780704,2100.0
"(1, 0)",0.6593319388133031,0.5330499999999997,0.8496372649515275,3.4707,0.7218834819943122,0.7013409118391976,0.48127004461265677,2100.0
"(1, 1)",0.6738306704081631,0.5326500000000001,0.8717309671459675,3.3242499999999993,0.7599148790812439,0.7156617805652217,0.4938439940572269,2100.0
"(2, 0)",0.676106700608122,0.5357291666666663,0.8736659314436535,3.5130000000000003,0.7632921597653065,0.6984969745830312,0.4752597908493539,2100.0
"(2, 1)",0.6667606939909297,0.5312000000000014,0.8642006876418995,3.317,0.7468428285207319,0.7006742153881218,0.48104408855024605,2100.0
mean,0.6709481446560274,0.5360868055555555,0.8673060139500163,3.402875,0.7522985531555076,0.7018253351685114,0.479936326634018,2100.0
std,0.006473624187859913,0.00511821616098043,0.008878700447800458,0.16437408998480693,0.01531989649018587,0.006378904947503768,0.0071524064776898565,0.0
