,MAE,MedAE,RMSE,MaxAE,MSE,PearsonCorr,R2Coeff,Test Cases
"(0, 0)",0.5812412305200384,0.4501329517364503,0.7790812427662812,3.875237452983856,0.6069675828302532,0.7653123882233209,0.578675642056656,2100.0
"(0, 1)",0.5645375022766136,0.4199467340111732,0.7641049226519998,3.816537227630615,0.5838563328210186,0.7754659539568698,0.5982055414000651,2100.0
"(1, 0)",0.5608124190471002,0.4108850526809691,0.7629875480151687,4.21691198348999,0.5821499984261993,0.7689001603552511,0.5816795227422261,2100.0
"(1, 1)",0.5679139276724486,0.42261030673980726,0.7677720695027758,3.317387342453003,0.5894739507085751,0.7810175074837359,0.6073694716193856,2100.0
"(2, 0)",0.5547217474886349,0.4185580134391784,0.7459062396022956,3.7945798683166503,0.5563761182776373,0.7864073791306827,0.6175082935986131,2100.0
"(2, 1)",0.5652730788920607,0.42568351268768323,0.7596587887434567,4.030605163574219,0.5770814753151758,0.7780491985503943,0.5990055315974125,2100.0
mean,0.5657499843161494,0.4246360952158769,0.7632518018803296,3.8418765064080556,0.5826509097298098,0.7758587646167091,0.597074000502393,2100.0
std,0.008086619293503383,0.012269983374954682,0.009879101995623349,0.27548472492203974,0.01506066455698811,0.007100310151247317,0.013565015026673613,0.0
