,MAE,MedAE,RMSE,MaxAE,MSE,PearsonCorr,R2Coeff,Test Cases
"(0, 0)",0.6819866835411943,0.5445500000000014,0.8806183750531054,3.319699999999998,0.7754887224811717,0.6926341721150376,0.4616973009198436,2100.0
"(0, 1)",0.6885647941043084,0.5423250000000004,0.8939447278730552,3.495133333333333,0.7991371764920308,0.688890320383561,0.450054968789512,2100.0
"(1, 0)",0.6688587146258502,0.5444499999999994,0.8594631775308893,3.5452499999999985,0.738676953531493,0.6988256446710723,0.4692026168925846,2100.0
"(1, 1)",0.6900166390589568,0.5488833333333336,0.8922933035341679,3.2978000000000005,0.7961873395319188,0.7058222011624485,0.469684020074841,2100.0
"(2, 0)",0.6865114970521541,0.550139999999999,0.8918600530083329,3.4722999999999993,0.7954143541520264,0.6888404927368657,0.45317675647618816,2100.0
"(2, 1)",0.6729789963718821,0.529249999999999,0.8748745705751044,3.485600000000001,0.7654055142389734,0.7031008805389316,0.4681455038440826,2100.0
mean,0.681486220792391,0.5432663888888888,0.8821757012624426,3.4359638888888884,0.7783850100712689,0.6963522852679861,0.461993527832842,2100.0
std,0.007960369335145571,0.0068214191811576,0.012289921618413671,0.09294719449507972,0.021568338883776367,0.0066742373384676415,0.00784552785996582,0.0
