,MAE,MedAE,RMSE,MaxAE,MSE,PearsonCorr,R2Coeff,Test Cases
"(0, 0)",0.5783039325319586,0.4219584226608275,0.7834957546131256,3.5855938816070556,0.613865597496791,0.763464550155447,0.5738874100609522,2100.0
"(0, 1)",0.5825221907212621,0.44251780509948735,0.7738156864317427,3.7398676866292955,0.5987907165678292,0.7690897675792874,0.5879280942015727,2100.0
"(1, 0)",0.5687249049609616,0.42987057685852054,0.7721910144059343,3.688080668449402,0.5962789627292658,0.7623751740620572,0.5715267526547998,2100.0
"(1, 1)",0.5781422509426163,0.44538533210754383,0.7801246744977277,3.6882369512319566,0.6085945077601856,0.7740032654052427,0.5946338547035213,2100.0
"(2, 0)",0.5702619236425275,0.4265916633605955,0.7763288076814177,3.9253417253494263,0.6026864176360516,0.7691473906620436,0.5856713673833154,2100.0
"(2, 1)",0.5874750468559208,0.46394596099853525,0.7719474485962188,3.259688746929169,0.5959028633942118,0.7708512985709131,0.5859271833395172,2100.0
mean,0.5775717082758745,0.43837829351425167,0.7763172310376945,3.647801610032717,0.6026865109307225,0.7681552410724986,0.5832624437239464,2100.0
std,0.006521042133580137,0.014147189464787034,0.004250614624903481,0.20135519752295417,0.0066096919314096786,0.004056631836790048,0.00805810909905824,0.0
