,MAE,MedAE,RMSE,MaxAE,MSE,PearsonCorr,R2Coeff,Test Cases
"(0, 0)",0.6207495096165508,0.45923031330108643,0.8387353256296184,3.920690655708313,0.7034769464590219,0.7272123316290425,0.5116840154580683,2100.0
"(0, 1)",0.6098578785398178,0.4689400053024293,0.8106463842757528,4.1950578689575195,0.6571475603393514,0.7480953233921565,0.5477684605199635,2100.0
"(1, 0)",0.619353658161135,0.4630457401275634,0.8202687676956815,4.425484809875488,0.6728408512569918,0.7314269779133098,0.5165110250326086,2100.0
"(1, 1)",0.6140001084977673,0.45597910881042486,0.8289112642372991,4.183273196220398,0.6870938839794776,0.7468928386961035,0.542347826583906,2100.0
"(2, 0)",0.6175195015873228,0.47831915616989135,0.8296860371045067,3.962744951248169,0.688378920166181,0.7358454472425051,0.5267603709515842,2100.0
"(2, 1)",0.5997634628864981,0.4649864292144774,0.7975785701124416,3.132371020317078,0.6361315755026069,0.7552115594614679,0.557973607083034,2100.0
mean,0.613540686548182,0.46508345882097873,0.8209710581758833,3.969937083721161,0.6741782896172718,0.7407807463890975,0.5338408842715275,2100.0
std,0.007131792356507505,0.007203781979920233,0.013594530328118536,0.40981891197085374,0.022234615334633404,0.009958757590672055,0.0167835151447813,0.0
