,MAE,MedAE,RMSE,MaxAE,MSE,PearsonCorr,R2Coeff,Test Cases
"(0, 0)",0.6903392316687675,0.5337578439712525,0.9150431271262599,4.160615015029907,0.8373039245010047,0.666523235667558,0.41878850144046864,2100.0
"(0, 1)",0.6877038955898511,0.5246976113319397,0.9193073851635949,4.8067878723144535,0.8451260684163262,0.667366352008641,0.4184066318723586,2100.0
"(1, 0)",0.6494524733358906,0.4751051330566406,0.8752989425075003,4.532373485565186,0.7661482387547484,0.6940577365707867,0.44946234174606925,2100.0
"(1, 1)",0.6535466353170928,0.5213004398345947,0.8620535343948613,3.3267435175180435,0.7431362961626723,0.7170402835428293,0.5050196937957445,2100.0
"(2, 0)",0.6761568759238435,0.5234067529439926,0.9033573421002826,4.32494631767273,0.8160544875264871,0.6826710041491609,0.43898729079748666,2100.0
"(2, 1)",0.6856218134140685,0.5317847633361816,0.912429217045506,3.7458745002746583,0.832527076118275,0.6718882470919085,0.42150499262434205,2100.0
mean,0.6738034875415857,0.518342090745767,0.8979149247230008,4.149556784729163,0.8067160152465856,0.6832578098384808,0.4420282420460783,2100.0
std,0.01640719047625542,0.01984347364806301,0.021559295124686847,0.49148858262970063,0.03841114307329844,0.017888961445600707,0.03041848668660294,0.0
