,MAE,MedAE,RMSE,MaxAE,MSE,PearsonCorr,R2Coeff,Test Cases
"(0, 0)",0.5905051108913761,0.45177932024002065,0.7880872309917915,3.4784867191314697,0.6210814836523093,0.7580523294519573,0.5688785287179164,2100.0
"(0, 1)",0.5982378689558733,0.46156081438064583,0.7962301697156906,3.9571580028533937,0.6339824831654775,0.7529683765190904,0.563710052857467,2100.0
"(1, 0)",0.5791160886557329,0.4298001527786255,0.7778448454999717,3.6337741374969483,0.6050426036708748,0.7562236543589733,0.5652293886229859,2100.0
"(1, 1)",0.5978949055155119,0.4553328132629395,0.8035981596610231,3.530197426080704,0.6457700022105831,0.7594329670940817,0.5698723974562165,2100.0
"(2, 0)",0.5924475455189036,0.4503627797961235,0.7938067366151532,3.8081885623931884,0.6301291350955992,0.7552079943778502,0.56680533146882,2100.0
"(2, 1)",0.582147210881256,0.44532402276992794,0.7745020390016458,3.5301176428794863,0.599853408417707,0.7673393528854361,0.583182082743918,2100.0
mean,0.5900581217364423,0.44902665053804713,0.7890115302475459,3.656320415139198,0.6226431860354252,0.7582041124478981,0.569612963644554,2100.0
std,0.007263415041477166,0.009912980143147957,0.010197606182383053,0.17201477383180022,0.01607825704123678,0.00456978497157863,0.0064118455203509275,0.0
