,MAE,MedAE,RMSE,MaxAE,MSE,PearsonCorr,R2Coeff,Test Cases
"(0, 0)",0.6473223235424076,0.4974171912670136,0.85102606579906,3.638439598083496,0.724245364669426,0.7156087731279308,0.4972676928808468,2100.0
"(0, 1)",0.6506996467364685,0.49665858507156374,0.8696196898722559,3.756018762588501,0.7562384050135186,0.7010589635339842,0.4795767666905977,2100.0
"(1, 0)",0.634793653168281,0.48311938762664797,0.8480407448850342,3.4000806117057802,0.7191731049851636,0.7026017174154853,0.48321766327980564,2100.0
"(1, 1)",0.6634791058897972,0.5133423948287963,0.8770669020714624,3.451641330718994,0.7692463507092322,0.7054522391439855,0.4876285868599085,2100.0
"(2, 0)",0.6467268274826663,0.48738684892654394,0.863515788506067,3.6647167587280274,0.7456595169992547,0.705873469531947,0.4873816979521094,2100.0
"(2, 1)",0.6378341370809646,0.482548656463623,0.8552183198871247,4.282621078491211,0.7313983746705565,0.7050304739992601,0.49177591902190865,2100.0
mean,0.6468092823167642,0.4934121773640314,0.8607479185035007,3.698919690052668,0.7409935195078586,0.7059376061254321,0.48780805444752956,2100.0
std,0.009293515115485996,0.010677507958871745,0.010321836064842452,0.2884575875027105,0.017800273979384242,0.004646205647516684,0.00569017407841555,0.0
