,MAE,MedAE,RMSE,MaxAE,MSE,PearsonCorr,R2Coeff,Test Cases
"(0, 0)",0.6533578045397997,0.49870950222015376,0.8663019219637788,3.9594475650787353,0.7504790199981369,0.7034659060518405,0.4790576956741801,2100.0
"(0, 1)",0.6667060882508755,0.49772008478641505,0.8972685070519651,4.580773954391479,0.8050907737472625,0.6810504199513369,0.44595786090283396,2100.0
"(1, 0)",0.6440109085592485,0.48576885700225836,0.8685620566339376,3.9484485268592833,0.7544000462241753,0.6961090262646124,0.45790434040550676,2100.0
"(1, 1)",0.6457637920260428,0.5043571901321411,0.8509592500155156,3.4754131281375886,0.7241316451869689,0.7247235142103111,0.5176781092275207,2100.0
"(2, 0)",0.6491369297281617,0.48462854862213134,0.868521645430811,4.184867534637451,0.7543298485818434,0.7022218067541639,0.4814211079606545,2100.0
"(2, 1)",0.657566314057651,0.5201058769226075,0.8731517747829348,3.976423625946045,0.7623940218065889,0.6969031595945503,0.4702380884420597,2100.0
mean,0.6527569728602965,0.4985483432809512,0.8707941926464905,4.02089572250843,0.7584708925908292,0.7007456388044693,0.4753762004354593,2100.0
std,0.007708993804387506,0.011946114400926805,0.01372467281854621,0.32886265878339266,0.024033234756998877,0.012965864816812271,0.022496853818006646,0.0
