,MAE,MedAE,RMSE,MaxAE,MSE,PearsonCorr,R2Coeff,Test Cases
"(0, 0)",0.675839197845805,0.5400333333333343,0.8749183074301163,3.138499999999999,0.7654820446763795,0.6913924375303876,0.4686434002182456,2100.0
"(0, 1)",0.6760843411942554,0.5363166666666674,0.8790240046819406,3.5489333333333333,0.7726832008070763,0.6961866784782921,0.4682598939408684,2100.0
"(1, 0)",0.6640380865268329,0.534724999999999,0.8541094073657346,3.4112999999999993,0.7295028797506464,0.6988195908019982,0.47579490914162126,2100.0
"(1, 1)",0.685402401643991,0.5411300000000003,0.8853331304519372,3.2837400000000008,0.7838147518758268,0.7039297106840889,0.47792502143377713,2100.0
"(2, 0)",0.6781440159503195,0.5290499999999985,0.8831018609191932,3.5283000000000007,0.779868896758942,0.690190827222987,0.4638637869394616,2100.0
"(2, 1)",0.6765023563492063,0.5358916666666664,0.8715738820191752,3.1216999999999997,0.759641031817975,0.6956299721914316,0.4721510484039073,2100.0
mean,0.6760017332517348,0.5361911111111111,0.8746767654780164,3.338745555555556,0.7651654676144743,0.6960248694848642,0.47110634334631357,2100.0
std,0.0062766053677677505,0.003924403902207345,0.010296773639827657,0.17107824895477564,0.017902247202857307,0.004582113460226696,0.004764301542217137,0.0
