,MAE,MedAE,RMSE,MaxAE,MSE,PearsonCorr,R2Coeff,Test Cases
"(0, 0)",0.6280031579366752,0.48910204648971567,0.8323359392240968,3.7094034576416015,0.6927831157240593,0.7261312672774355,0.5191070994839956,2100.0
"(0, 1)",0.6325782509514264,0.4875579690933225,0.8358498818716931,3.7416673946380614,0.6986450250249232,0.7225078775088742,0.5192110048252584,2100.0
"(1, 0)",0.6124629799370255,0.46528898000717156,0.815618021670141,3.9814459800720217,0.6652327572731146,0.7253323803666161,0.521978037855698,2100.0
"(1, 1)",0.6338673533661024,0.4933409070968626,0.8361385126645494,3.3911173701286312,0.6991276123608848,0.7346356289402024,0.5343325290001855,2100.0
"(2, 0)",0.6268617838628235,0.47900318503379813,0.8352794430055918,3.9073950386047365,0.6976917479077317,0.7248905570963454,0.5203580843377824,2100.0
"(2, 1)",0.6331918056692395,0.505133934020996,0.8302623627347109,3.1618679046630858,0.6893355909738247,0.72393908994886,0.5210039298132654,2100.0
mean,0.6278275552872153,0.48657117029031105,0.8309140268617972,3.6488161909580232,0.6904693082107564,0.7262394668563888,0.5226651142193642,2100.0
std,0.007358183411629297,0.012301698148738821,0.007154591188112959,0.28674177574598936,0.011814501926080422,0.003923563459033957,0.005311511126260942,0.0
