,MAE,MedAE,RMSE,MaxAE,MSE,PearsonCorr,R2Coeff,Test Cases
"(0, 0)",0.6383283104666642,0.48156982421874994,0.8446878468341182,3.62733549118042,0.7134975585892588,0.7143680377432675,0.5047282436979279,2100.0
"(0, 1)",0.6710381837385042,0.5207215547561646,0.892487820357314,4.03277099609375,0.7965345094861491,0.6775283959145413,0.4518460552636304,2100.0
"(1, 0)",0.6570548202341512,0.5103921699523926,0.8738584155556586,4.147155408859253,0.763628530437446,0.6804334978974768,0.45127294998912315,2100.0
"(1, 1)",0.6700048900389954,0.5090346765518189,0.8799354027924198,3.320976805686951,0.774286313087458,0.6994791441226154,0.48427162241864274,2100.0
"(2, 0)",0.6588646448254585,0.5025313329696657,0.8754145593373007,3.42618501663208,0.7663506506997204,0.6934370731591808,0.47315717109612176,2100.0
"(2, 1)",0.6517368767722732,0.4927876138687135,0.8756631770341554,4.242769441604614,0.7667859996135507,0.6852395814381266,0.46718625108239276,2100.0
mean,0.6578379543460078,0.5028395287195842,0.8736745369851612,3.7995321933428445,0.7635139269855973,0.6917476217125347,0.4720770489246398,2100.0
std,0.01111903116589682,0.012706464285092112,0.014378122595162234,0.3581797907404662,0.024922569668293326,0.012562273378265636,0.01862792861670104,0.0
