,MAE,MedAE,RMSE,MaxAE,MSE,PearsonCorr,R2Coeff,Test Cases
"(0, 0)",0.6367923215883119,0.4892187499999998,0.8409500797855654,3.9936983013153076,0.7071970366913488,0.7271865689246355,0.509101728243786,2100.0
"(0, 1)",0.6437287435340031,0.4872436952590943,0.8573272100820477,4.0417320871353155,0.7350099451470675,0.7149595838459658,0.4941856303090486,2100.0
"(1, 0)",0.6420669128470478,0.4893553733825684,0.8590339454368012,3.903308334350586,0.7379393194127172,0.6998330324001432,0.46973266491704924,2100.0
"(1, 1)",0.623533301866906,0.4646697998046876,0.8317514092935551,3.925403534770012,0.6918104068618149,0.739208663585183,0.5392062952758891,2100.0
"(2, 0)",0.6219820313947542,0.48268132209777814,0.8303192830869995,4.104668259024621,0.6894301118661089,0.7304350317202141,0.5260377085405787,2100.0
"(2, 1)",0.6299025525777112,0.48561856746673593,0.8348248260436392,4.160629463195801,0.6969324901787924,0.7268449339663158,0.5157251005863519,2100.0
mean,0.6330009773014557,0.483131251335144,0.8423677922881013,4.021573329965274,0.7097198850263083,0.7230779690737429,0.5089981879787839,2100.0
std,0.008488273577471374,0.008562747813951594,0.011678507694840032,0.09188761870977856,0.019740947932849064,0.012593857981230293,0.022395424559853133,0.0
