,MAE,MedAE,RMSE,MaxAE,MSE,PearsonCorr,R2Coeff,Test Cases
"(0, 0)",0.6590072051020409,0.52735,0.8539380122320392,3.475699999999998,0.7292101287348064,0.7057356550658793,0.4938214198155988,2100.0
"(0, 1)",0.6607553371882086,0.5298999999999998,0.8590498322117834,3.4745,0.7379666142230933,0.7083257156972301,0.49215092898976853,2100.0
"(1, 0)",0.641285111904762,0.5075499999999995,0.8314992665449628,3.5831999999999993,0.6913910302648111,0.7148824880258147,0.5031812650794238,2100.0
"(1, 1)",0.6648926023809524,0.5158633333333325,0.8595380309401831,3.2821000000000002,0.7388056266325271,0.7202851363850126,0.5079042200141105,2100.0
"(2, 0)",0.655247335942761,0.5255500000000001,0.85781228395578,3.7514,0.7358419145054318,0.7086871784313847,0.49413100189825565,2100.0
"(2, 1)",0.6587624274376418,0.5222500000000003,0.85315277550526,3.2415000000000007,0.7278696583523285,0.7066770311574809,0.49422790506668424,2100.0
mean,0.6566583366593944,0.5214105555555554,0.8524983668983347,3.4680666666666666,0.7268474954521663,0.7107655341271336,0.4975694568106403,2100.0
std,0.007448264771621608,0.007616582887131656,0.009696900939917907,0.17298804069132093,0.01638759212676511,0.005161717298611819,0.005840903009826309,0.0
