,MAE,MedAE,RMSE,MaxAE,MSE,PearsonCorr,R2Coeff,Test Cases
"(0, 0)",0.5997715451144036,0.45699450016021714,0.8044486717363055,3.899931240081787,0.6471376654583062,0.7496209632902984,0.5507917241167934,2100.0
"(0, 1)",0.5983370375048547,0.4472576546669005,0.811382125308879,4.253426704406738,0.6583409532707535,0.744465562477648,0.5469471991242827,2100.0
"(1, 0)",0.585401037434453,0.44867921352386486,0.7820392892462005,3.912812578678131,0.6115854499247024,0.7539769984643521,0.5605278399243262,2100.0
"(1, 1)",0.5879685371107999,0.4626216197013856,0.7788526564059585,3.8994153141975403,0.606611460390618,0.7738625858341314,0.5959547017665361,2100.0
"(2, 0)",0.6013510726258868,0.47072457313537597,0.8016188057772184,4.063867735862732,0.6425927097756939,0.7522844532886045,0.5582370018970757,2100.0
"(2, 1)",0.5802947578535194,0.42569013833999647,0.7840203784051436,3.637142038345337,0.6146879537545445,0.761496449438193,0.5728740571430435,2100.0
mean,0.5921873312739862,0.45199461658795687,0.7937269878132843,3.9444326019287117,0.6301593654291031,0.7559511687988713,0.5642220873286763,2100.0
std,0.008006233537029228,0.014224975599238243,0.012523348032918203,0.18671562616391446,0.019899377565093974,0.009494751208515681,0.016381292840290353,0.0
