,MAE,MedAE,RMSE,MaxAE,MSE,PearsonCorr,R2Coeff,Test Cases
"(0, 0)",0.6754235579941223,0.5311749999999998,0.8765620159057826,3.5430499999999987,0.7683609677288096,0.6858595120763157,0.46664500616731874,2100.0
"(0, 1)",0.6695290512055404,0.5198375000000002,0.8736687712386113,3.472800000000001,0.7632971218375849,0.6962847001688621,0.47471914479749844,2100.0
"(1, 0)",0.651491787034262,0.5162229166666659,0.8426690422270376,3.4547000000000003,0.710091114727833,0.7044652262715329,0.4897437862879097,2100.0
"(1, 1)",0.6704821248241177,0.5216999999999999,0.8776523558750191,3.310376666666666,0.7702736577729712,0.7048256589138775,0.48694432911661023,2100.0
"(2, 0)",0.6632890704825598,0.5116813888888883,0.8724482955245507,3.538725,0.7611660283636938,0.6956489910512105,0.4767214417022947,2100.0
"(2, 1)",0.6602243980244623,0.5115828571428565,0.8595776279776292,3.5778,0.7388736985196475,0.7030868373460312,0.4865815684124626,2100.0
mean,0.6650733315941774,0.5186999437830685,0.867096351458105,3.4829086111111116,0.7520104314917567,0.698361820971305,0.48022587941401573,2100.0
std,0.007825064058314563,0.006732633182855557,0.012423718436882064,0.08794128081143786,0.021377178928383467,0.006700001761904616,0.008197237626850495,0.0
