,MAE,MedAE,RMSE,MaxAE,MSE,PearsonCorr,R2Coeff,Test Cases
"(0, 0)",0.6770277222222223,0.55295,0.8756235022017561,3.2649999999999992,0.7667165176080687,0.6931270470637138,0.46778649528616145,2100.0
"(0, 1)",0.6823099886621314,0.5470000000000009,0.8833551345336158,3.6069999999999998,0.7803162937069025,0.693838250258921,0.46300700165089337,2100.0
"(1, 0)",0.661625552154195,0.5364000000000002,0.8531584273306814,3.3263999999999996,0.7278793021253616,0.700090879123491,0.47696157712909926,2100.0
"(1, 1)",0.6846369616780046,0.5426500000000007,0.8870618073316887,3.4379999999999997,0.7868786500265621,0.7082254139838832,0.4758842527986551,2100.0
"(2, 0)",0.6793255546485262,0.5471999999999998,0.8795108068007794,3.4717999999999996,0.773539259279358,0.6958251639412008,0.46821522072846566,2100.0
"(2, 1)",0.6700786099773243,0.5358999999999997,0.8668964980562802,3.2251,0.7515095383422422,0.7032914223586233,0.4778013491726848,2100.0
mean,0.6758340648904007,0.5436833333333336,0.874267696042467,3.388883333333333,0.7644732601814158,0.6990663627883055,0.47160931612765994,2100.0
std,0.007832102682110707,0.006109191617736602,0.011369073753497811,0.13098265046265567,0.019779634303413042,0.005414532647726423,0.005558727548061124,0.0
