,MAE,MedAE,RMSE,MaxAE,MSE,PearsonCorr,R2Coeff,Test Cases
"(0, 0)",0.6884235991307635,0.5426999999999998,0.8876202123530378,3.4262000000000006,0.7878696413776518,0.686447485242687,0.4531031307328882,2100.0
"(0, 1)",0.6901040908163265,0.5424866666666655,0.8951403430048325,3.3449,0.8012762336748092,0.6877300883989219,0.448582926312014,2100.0
"(1, 0)",0.6733085444444443,0.5492666666666648,0.863756788328411,3.3941000000000003,0.7460757893834113,0.6955756156399976,0.46388597246572927,2100.0
"(1, 1)",0.6911657636621316,0.5393499999999998,0.8936644339910922,3.1399,0.7986361205806192,0.7060655043898393,0.46805296208511316,2100.0
"(2, 0)",0.6918078937641723,0.5498,0.8967431982664764,3.4198000000000004,0.804148363637189,0.682588817520544,0.4471723898580676,2100.0
"(2, 1)",0.67521248276644,0.5312999999999991,0.8768208264785802,3.640614285714285,0.7688147617465804,0.6994960921648052,0.46577653264947094,2100.0
mean,0.6850037290973797,0.5424838888888881,0.8856243004037383,3.3942523809523806,0.7844701517333768,0.6929839338927991,0.4577623190172139,2100.0
std,0.007687894990164251,0.0062513851551495294,0.011821601742821063,0.1469117273180828,0.02082116676635894,0.008151063367533346,0.008423577742985092,0.0
