,MAE,MedAE,RMSE,MaxAE,MSE,PearsonCorr,R2Coeff,Test Cases
"(0, 0)",0.6654967197496267,0.5257106280326842,0.8690245505286817,3.4047752952575685,0.7552036694215771,0.6949218974683972,0.4757780973214045,2100.0
"(0, 1)",0.6977228145431904,0.5485819840431214,0.909113140956633,3.534118537902832,0.8264867030600349,0.6677642387880041,0.4312337492486349,2100.0
"(1, 0)",0.6634791099334046,0.5085087704658509,0.8787749180280601,3.915346984863281,0.7722453565552236,0.6737102558907887,0.4450810839343594,2100.0
"(1, 1)",0.6851001757949592,0.5228793239593506,0.8978380574827733,3.850019941329956,0.8061131774644398,0.6864659789648212,0.46307272370223374,2100.0
"(2, 0)",0.6995855373486167,0.5360752582550049,0.9308387463329607,4.006664218902587,0.8664607716747179,0.660145079322917,0.40433449927060616,2100.0
"(2, 1)",0.6644694695106573,0.5094962346553802,0.8859428178738671,4.1597062110900875,0.7848946765422881,0.6770696805163682,0.4546031417830563,2100.0
mean,0.6793089711467425,0.5252086999018987,0.8952553718671626,3.811771864891052,0.8019007257863803,0.6766795218252161,0.4456838825433825,2100.0
std,0.015520526303057853,0.014117599143209047,0.020458370643054304,0.262668878192899,0.03683177129646639,0.01147749854382712,0.0231175545159083,0.0
