,MAE,MedAE,RMSE,MaxAE,MSE,PearsonCorr,R2Coeff,Test Cases
"(0, 0)",0.6847952333333334,0.5499999999999998,0.8841813454441657,3.351,0.781776651631455,0.6888838715568746,0.45733255758432134,2100.0
"(0, 1)",0.693881775510204,0.557275,0.89737938928068,3.5592000000000006,0.8052897683057662,0.6870881875411586,0.44582091812016,2100.0
"(1, 0)",0.6715109965986394,0.5438500000000015,0.8647202185562302,3.2007000000000003,0.7477410563799345,0.6936057159652204,0.46268934739207057,2100.0
"(1, 1)",0.6987685514739229,0.5649000000000006,0.9023994165215344,3.4736999999999996,0.8143247069384058,0.6988843951587588,0.4576032756421443,2100.0
"(2, 0)",0.6910381784580498,0.5547500000000005,0.892496282541495,3.4278000000000004,0.7965496143503882,0.6883730470762427,0.452396299522311,2100.0
"(2, 1)",0.6867415746031745,0.5448,0.8869734350254651,3.3223999999999996,0.786721874440873,0.6870990721748748,0.4533334835435342,2100.0
mean,0.6877893849962207,0.5525958333333337,0.888025014561595,3.389133333333333,0.788733945341137,0.6906557149121882,0.45486264696742357,2100.0
std,0.008595180406292164,0.007324963263085649,0.012063119580604636,0.11473441312681898,0.021303115365608322,0.004284480622785574,0.00524472456489611,0.0
