,MAE,MedAE,RMSE,MaxAE,MSE,PearsonCorr,R2Coeff,Test Cases
"(0, 0)",0.7420697097725811,0.5559894466400146,0.993443255391315,4.582692584991455,0.9869295016824935,0.6101735268430649,0.31492644682473914,2100.0
"(0, 1)",0.7233790317576556,0.5383454740047454,0.9819130330171303,4.783466005325318,0.9641532044089,0.6209411250022755,0.33649531058247273,2100.0
"(1, 0)",0.724631682886822,0.542482829093933,0.9695310418775944,3.9079350441694256,0.9399904411642538,0.6200785678962888,0.3245430713242108,2100.0
"(1, 1)",0.7037306264850356,0.5375816488265991,0.9319670373578938,4.306817436218262,0.8685625587216498,0.667262072306005,0.42147710521801207,2100.0
"(2, 0)",0.7252211221703462,0.5445444011688232,0.9779067280392384,4.694273247718812,0.956301568744409,0.6236059137821216,0.3425716761608997,2100.0
"(2, 1)",0.7185378230436926,0.554098769724369,0.9518299223625588,4.144122200012207,0.9059802011047147,0.6371991891994752,0.37046489158772566,2100.0
mean,0.7229283326860222,0.5455070949097474,0.9677651696742885,4.403217753072579,0.9369862459710702,0.6298767325048719,0.3517464169496767,2100.0
std,0.011273732229152527,0.00716322839792005,0.020416227280421126,0.31178030139855767,0.03928030698173777,0.018505272203856445,0.03564934432855653,0.0
