,MAE,MedAE,RMSE,MaxAE,MSE,PearsonCorr,R2Coeff,Test Cases
"(0, 0)",0.6133270700822273,0.46545533418655394,0.8251885324208226,3.9097963762283325,0.680936114038831,0.7366180398235384,0.5273306529649043,2100.0
"(0, 1)",0.6113779130318335,0.4733838129043577,0.8090356522965486,4.2610414028167725,0.6545386866869018,0.7481680367697737,0.549563818243801,2100.0
"(1, 0)",0.6081585678625675,0.46669034361839284,0.8051173985929255,4.141999635696411,0.6482140255170398,0.7397462453947506,0.5342073327277579,2100.0
"(1, 1)",0.6133378484046175,0.47150038719177245,0.8244397758539785,4.1490724086761475,0.6797009440101583,0.7494829075275403,0.5472720372686204,2100.0
"(2, 0)",0.6214929049142769,0.4647914457321167,0.8356185243131952,4.387853384017944,0.6982583181753619,0.7330877193429307,0.5199685844628903,2100.0
"(2, 1)",0.6052261904916593,0.46873148083686833,0.7964792513645027,3.4603241205215456,0.6343791978541587,0.7544911774282863,0.5591912752523271,2100.0
mean,0.6121534157978636,0.46842546741167695,0.8159798558069955,4.051681221326192,0.666004547713742,0.7435990210478033,0.5395889501533834,2100.0
std,0.005075317181285764,0.0031403934311834652,0.013469321843980387,0.30119771962697084,0.02198097683710126,0.007617967117371211,0.013582865285791631,0.0
