,MAE,MedAE,RMSE,MaxAE,MSE,PearsonCorr,R2Coeff,Test Cases
"(0, 0)",0.6849637849811565,0.5465591666666654,0.8859957415532325,3.3064999999999984,0.7849884540504624,0.6797554491122683,0.4551030965219708,2100.0
"(0, 1)",0.6750498835721158,0.5212333333333339,0.8852010895615253,3.4929333333333323,0.7835809689609117,0.689000169213284,0.46076033864074606,2100.0
"(1, 0)",0.6605183017218231,0.5235199999999995,0.8552802813566753,3.5782583333333333,0.7315043596775537,0.6956559910615511,0.4743566886821019,2100.0
"(1, 1)",0.6812562919983456,0.5313416666666684,0.8902242318071503,3.303699999999999,0.7924991828966308,0.6978333611864889,0.47214058815002546,2100.0
"(2, 0)",0.6681396600016385,0.5156059523809521,0.8803472331143414,3.5481666666666674,0.7750112508520766,0.6924881425637468,0.46720327116779703,2100.0
"(2, 1)",0.6669008434488792,0.512248611111112,0.864947125877564,3.464895000000001,0.7481335305638585,0.7013779090789747,0.4801472231997044,2100.0
mean,0.6728047942873264,0.5250847883597886,0.8769992838784147,3.4490755555555555,0.7692862911669156,0.6926851703693856,0.468285201060391,2100.0
std,0.008484174553417625,0.011344569156787655,0.012591554457778396,0.10812249154301459,0.021975072493262606,0.006972434962179167,0.008406312584143552,0.0
