,MAE,MedAE,RMSE,MaxAE,MSE,PearsonCorr,R2Coeff,Test Cases
"(0, 0)",0.6171026158135562,0.4731705808639528,0.8214586380106823,3.8125812435150146,0.6747942939623652,0.7335030933972662,0.5315939752139348,2100.0
"(0, 1)",0.6266066908998149,0.479109492301941,0.8387459159930228,3.3967289328575134,0.703494711594975,0.7226125251153417,0.5158735790233006,2100.0
"(1, 0)",0.6115844019332103,0.46345502257347104,0.8261272639211649,4.284477806091308,0.68248625619387,0.721786489855387,0.5095800443447318,2100.0
"(1, 1)",0.6222819798239639,0.4689656352996827,0.8305795520365209,3.590547069311142,0.6898623922611877,0.7381432871187837,0.5405038080854341,2100.0
"(2, 0)",0.6197123306569599,0.4767543077468873,0.8220103239557668,3.890622320175171,0.6757009726898646,0.7353501092075652,0.5354760753187937,2100.0
"(2, 1)",0.6255266052720093,0.4687797737121583,0.8321797801133103,3.5634510993957518,0.6925231864294374,0.725855530152648,0.5187889771594691,2100.0
mean,0.6204691040665857,0.47170580208301555,0.8285169123384112,3.756401411890984,0.6864769688552834,0.7295418391411653,0.525302743190944,2100.0
std,0.0051215018995096825,0.0052692999806379,0.0060576253192616445,0.28697789753226477,0.010051153997612132,0.006392210795558293,0.011200373540638364,0.0
