,MAE,MedAE,RMSE,MaxAE,MSE,PearsonCorr,R2Coeff,Test Cases
"(0, 0)",0.685015330706727,0.5410166666666658,0.8822432834648437,3.296700000000001,0.7783532112188286,0.6800113919951085,0.4597089263964438,2100.0
"(0, 1)",0.6877948483560091,0.5311416666666693,0.8957481037895253,3.6653000000000002,0.8023646654425303,0.6731824129227485,0.44783389640816507,2100.0
"(1, 0)",0.654096093803683,0.5231288095238089,0.8500066178387043,3.4971200000000007,0.7225112503695932,0.696689786209553,0.4808189437502247,2100.0
"(1, 1)",0.6805341018896448,0.5278249999999993,0.8871208289945358,3.66575,0.7869833652359525,0.6945376783071654,0.4758145052077004,2100.0
"(2, 0)",0.6779912964852607,0.5300333333333338,0.8858301222839505,3.763650000000001,0.7846950055455987,0.682904413200357,0.4605459835247473,2100.0
"(2, 1)",0.6840952327097507,0.5373249999999994,0.886528225546558,3.630966666666667,0.7859322946907288,0.6761699398326108,0.45388213590150084,2100.0
mean,0.678254483991846,0.5317450793650794,0.8812461969863529,3.5865811111111117,0.776806632083872,0.6839159370779239,0.463100731864797,2100.0
std,0.011252671445749611,0.005916067879806339,0.01455240120949134,0.15155977608981558,0.025339901023276597,0.008826761159029861,0.01163088506837252,0.0
