,PRC-AUC,AUROC,Accuracy,Balanced Accuracy,F1-Score,MCC,Sensitivity,Specificity,Precision,Negative Predictive Value,Test Cases,Negative Test Cases,Positive Test Cases
"(0, 0)",0.08153654536465602,0.5911943734821963,0.9735735735735735,0.5360015138612925,0.12000000000000001,0.1344247501130873,0.07692307692307693,0.995079950799508,0.2727272727272727,0.9782345828295043,1665.0,1626.0,39.0
"(0, 1)",0.0583439991330448,0.47647559250251986,0.9773936170212766,0.5294794854960562,0.10526315789473682,0.14457924577865916,0.061224489795918366,0.9977344811961939,0.375,0.9795373665480427,2256.0,2207.0,49.0
"(1, 0)",0.06277108407745605,0.539025268900211,0.9698364008179959,0.5169831712212444,0.06349206349206349,0.06931745489655262,0.0392156862745098,0.994750656167979,0.16666666666666666,0.9747942386831275,1956.0,1905.0,51.0
"(1, 1)",0.03905039545688858,0.570700628013906,0.9796437659033079,0.4992219917012448,0.0,-0.005416995478511306,0.0,0.9984439834024896,0.0,0.9811416921508664,1965.0,1928.0,37.0
"(2, 0)",0.04264522185570359,0.4643785353921419,0.9663437021927588,0.4989468141126909,0.0,-0.00816898211481682,0.0,0.9978936282253817,0.0,0.9683188553909045,1961.0,1899.0,62.0
"(2, 1)",0.021736570840107675,0.6010758889507597,0.9862244897959184,0.499741468459152,0.0,-0.002619637635152517,0.0,0.999482936918304,0.0,0.9867279224093926,1960.0,1934.0,26.0
mean,0.05101396945464278,0.5404750478736225,0.9755025915508052,0.5133957408086135,0.048125870231133384,0.05535263925996974,0.029560542165584184,0.9972309394516428,0.13573232323232323,0.9781257763353063,1960.5,1916.5,44.0
std,0.019122045864793588,0.05330292203212269,0.006524268622820891,0.015158513973240606,0.05101466819035021,0.06518886903721545,0.03151855021339343,0.0017327356147969698,0.14846063543735016,0.0056623306833548165,170.62702990245518,168.15543404838274,11.51810169544733
