,PRC-AUC,AUROC,Accuracy,Balanced Accuracy,F1-Score,MCC,Sensitivity,Specificity,Precision,Negative Predictive Value,Test Cases,Negative Test Cases,Positive Test Cases
"(0, 0)",0.09165224326641047,0.6146355694326174,0.9765765765765766,0.5375390292364463,0.13333333333333336,0.189498941802024,0.07692307692307693,0.9981549815498155,0.5,0.9783001808318263,1665.0,1626.0,39.0
"(0, 1)",0.0644381107930872,0.6194067114838685,0.9738475177304965,0.5276670704530113,0.0923076923076923,0.0961188083154785,0.061224489795918366,0.9941096511101042,0.1875,0.9794642857142857,2256.0,2207.0,49.0
"(1, 0)",0.061700236854834334,0.5974370850702486,0.9734151329243353,0.5283618959394781,0.10344827586206895,0.15137107437765113,0.058823529411764705,0.9979002624671915,0.42857142857142855,0.9753719856336582,1956.0,1905.0,51.0
"(1, 1)",0.05413412092591031,0.6216005943703039,0.978117048346056,0.49844398340248963,0.0,-0.007666652070111755,0.0,0.9968879668049793,0.0,0.9811128126595202,1965.0,1928.0,37.0
"(2, 0)",0.08420138107143113,0.5473466510387471,0.9663437021927588,0.5067480337698959,0.02941176470588235,0.042757919375086134,0.016129032258064516,0.9973670352817272,0.16666666666666666,0.9687979539641943,1961.0,1899.0,62.0
"(2, 1)",0.04322095161751751,0.5609836130777185,0.9857142857142858,0.5374274122981465,0.125,0.15502323699111345,0.07692307692307693,0.9979317476732161,0.3333333333333333,0.9877175025588536,1960.0,1934.0,26.0
mean,0.06655784075486515,0.593568370745584,0.9756690439140847,0.5226979041832446,0.0805835110348295,0.10451722146520691,0.04833720088531691,0.9970586074811724,0.2693452380952381,0.9784607868937231,1960.5,1916.5,44.0
std,0.016673693512393582,0.029184565068513288,0.005817836004673608,0.014925603603789667,0.049206828819272914,0.06884523724500939,0.029676593006585948,0.0013840389346544567,0.1695275123046212,0.00572514720634146,170.62702990245518,168.15543404838274,11.51810169544733
