,PRC-AUC,AUROC,Accuracy,Balanced Accuracy,F1-Score,MCC,Sensitivity,Specificity,Precision,Negative Predictive Value,Test Cases,Negative Test Cases,Positive Test Cases
"(0, 0)",0.07689842627403717,0.5647254549468571,0.9741741741741742,0.5363090169363232,0.12244897959183675,0.14214711879841618,0.07692307692307693,0.9956949569495694,0.3,0.9782477341389728,1665.0,1626.0,39.0
"(0, 1)",0.046417567721301456,0.5370620382271623,0.9685283687943262,0.5449035073929889,0.1234567901234568,0.11070496182889045,0.10204081632653061,0.9877661984594472,0.15625,0.9802158273381295,2256.0,2207.0,49.0
"(1, 0)",0.0538473323226923,0.5409345890587206,0.9729038854805726,0.5280994287478771,0.10169491525423728,0.14032032919299953,0.058823529411764705,0.9973753280839895,0.375,0.9753593429158111,1956.0,1905.0,51.0
"(1, 1)",0.05296286142875497,0.6404970842211506,0.9699745547073791,0.534057138050914,0.0923076923076923,0.07811756477828503,0.08108108108108109,0.9870331950207469,0.10714285714285714,0.982447083118224,1965.0,1928.0,37.0
"(2, 0)",0.09317828001937196,0.5502768859671474,0.9688934217236104,0.5314681751006471,0.11594202898550726,0.18464968927419362,0.06451612903225806,0.9984202211690363,0.5714285714285714,0.970317297850563,1961.0,1899.0,62.0
"(2, 1)",0.06014116723899337,0.6702927372524063,0.9841836734693877,0.5366518176756025,0.1142857142857143,0.12404821878839864,0.07692307692307693,0.9963805584281282,0.2222222222222222,0.9876986160943106,1960.0,1934.0,26.0
mean,0.06390760583419187,0.5839647982789073,0.9731096797249084,0.5352481806507255,0.11168935342474079,0.1299979804435306,0.07671795161629806,0.9937784096851529,0.28867394179894185,0.9790476502426685,1960.5,1916.5,44.0
std,0.01615868089224052,0.05196939479964093,0.005360396244806376,0.005214284598165255,0.011214618754551332,0.03250681847756399,0.01372020012638692,0.0045929869004917015,0.15407580092743436,0.005450115004424076,170.62702990245518,168.15543404838274,11.51810169544733
