,PRC-AUC,AUROC,Accuracy,Balanced Accuracy,F1-Score,MCC,Sensitivity,Specificity,Precision,Negative Predictive Value,Test Cases,Negative Test Cases,Positive Test Cases
"(0, 0)",0.12298635521091304,0.7104661431229695,0.975975975975976,0.49969249692496925,0.0,-0.0037966046201924186,0.0,0.9993849938499385,0.0,0.9765625,1665.0,1626.0,39.0
"(0, 1)",0.089013192897442,0.6416319132999824,0.9782801418439716,0.5099775297522724,0.039215686274509796,0.09773728708750039,0.02040816326530612,0.9995468962392388,0.5,0.9787045252883763,2256.0,2207.0,49.0
"(1, 0)",0.1028208718636889,0.6782769800833719,0.9739263803680982,0.5,0.0,0.0,0.0,1.0,,0.9739263803680982,1956.0,1905.0,51.0
"(1, 1)",0.058104669746747245,0.600398115958282,0.9806615776081425,0.49974066390041494,0.0,-0.0031259109767342577,0.0,0.9994813278008299,0.0,0.9811608961303462,1965.0,1928.0,37.0
"(2, 0)",0.07769845484602422,0.6509368258336306,0.96838347781744,0.5,0.0,0.0,0.0,1.0,,0.96838347781744,1961.0,1899.0,62.0
"(2, 1)",0.028707387343287587,0.5023963885132448,0.986734693877551,0.5,0.0,0.0,0.0,1.0,,0.986734693877551,1960.0,1934.0,26.0
mean,0.0798884886513505,0.6306843944685802,0.9773270412485301,0.5015684484296093,0.006535947712418299,0.015135795248428952,0.003401360544217687,0.9997355363150012,0.16666666666666666,0.9775787455803019,1960.5,1916.5,44.0
std,0.03045602478603443,0.06650220786637207,0.005684901935642991,0.003762816552644142,0.014614823382351566,0.03697343421631,0.007605673392856425,0.0002686106813222791,0.23570226039551584,0.00572794389651467,170.62702990245518,168.15543404838274,11.51810169544733
