,PRC-AUC,AUROC,Accuracy,Balanced Accuracy,F1-Score,MCC,Sensitivity,Specificity,Precision,Negative Predictive Value,Test Cases,Negative Test Cases,Positive Test Cases
"(0, 0)",0.1484028097877342,0.7339309931560855,0.975975975975976,0.49969249692496925,0.0,-0.0037966046201924186,0.0,0.9993849938499385,0.0,0.9765625,1665.0,1626.0,39.0
"(0, 1)",0.11695329848999486,0.7011549522391649,0.9782801418439716,0.5,0.0,0.0,0.0,1.0,,0.9782801418439716,2256.0,2207.0,49.0
"(1, 0)",0.09498565049245664,0.7155421748751996,0.9739263803680982,0.5,0.0,0.0,0.0,1.0,,0.9739263803680982,1956.0,1905.0,51.0
"(1, 1)",0.06569375939200212,0.6677273746775823,0.9806615776081425,0.49974066390041494,0.0,-0.0031259109767342577,0.0,0.9994813278008299,0.0,0.9811608961303462,1965.0,1928.0,37.0
"(2, 0)",0.04233617698974279,0.5607747711019382,0.96838347781744,0.5,0.0,0.0,0.0,1.0,,0.96838347781744,1961.0,1899.0,62.0
"(2, 1)",0.02726241478385516,0.5848480630021478,0.986734693877551,0.5,0.0,0.0,0.0,1.0,,0.986734693877551,1960.0,1934.0,26.0
mean,0.08260568498929763,0.6606630548420197,0.9773270412485301,0.49990552680423067,0.0,-0.0011537525994877794,0.0,0.9998110536084613,0.0,0.9775080150062344,1960.5,1916.5,44.0
std,0.042096729464731995,0.06556801708428285,0.005684901935642991,0.0001343268683648021,0.0,0.0016430994954447775,0.0,0.0002686537367296042,0.0,0.005716213892263661,170.62702990245518,168.15543404838274,11.51810169544733
