,PRC-AUC,AUROC,Accuracy,Balanced Accuracy,F1-Score,MCC,Sensitivity,Specificity,Precision,Negative Predictive Value,Test Cases,Negative Test Cases,Positive Test Cases
"(0, 0)",0.10471934125418217,0.6434856656258869,0.9765765765765766,0.5250260194909642,0.09302325581395347,0.15463205815381967,0.05128205128205128,0.998769987699877,0.5,0.9777242624924745,1665.0,1626.0,39.0
"(0, 1)",0.06787417735072018,0.6210295627086357,0.9738475177304965,0.5176895407007388,0.06349206349206349,0.06566953439951775,0.04081632653061224,0.9945627548708654,0.14285714285714285,0.9790365744870652,2256.0,2207.0,49.0
"(1, 0)",0.03352043287154846,0.4688075755236477,0.9693251533742331,0.49763779527559054,0.0,-0.011124381572805857,0.0,0.9952755905511811,0.0,0.9738058551617874,1956.0,1905.0,51.0
"(1, 1)",0.06138862015234994,0.5537596725356061,0.9786259541984733,0.4987033195020747,0.0,-0.006996878197704077,0.0,0.9974066390041494,0.0,0.9811224489795919,1965.0,1928.0,37.0
"(2, 0)",0.05748319449613288,0.4962204216140923,0.9668536460989291,0.49921011058451814,0.0,-0.007072739229192675,0.0,0.9984202211690363,0.0,0.9683350357507661,1961.0,1899.0,62.0
"(2, 1)",0.036754707675939864,0.5948611884496062,0.9862244897959184,0.499741468459152,0.0,-0.002619637635152517,0.0,0.999482936918304,0.0,0.9867279224093926,1960.0,1934.0,26.0
mean,0.060290078966812245,0.5630273477429125,0.9752422229624379,0.5063347090021731,0.02608588655100283,0.032081325986413715,0.015349729635443921,0.9973196883689023,0.10714285714285714,0.9777920165468462,1960.5,1916.5,44.0
std,0.02349145569041952,0.06361028733782871,0.006339892985922687,0.010850517869606996,0.03786319097707277,0.06093423586989912,0.021917025710092547,0.001815707552354612,0.18327147998024587,0.005741946203407905,170.62702990245518,168.15543404838274,11.51810169544733
