,PRC-AUC,AUROC,Accuracy,Balanced Accuracy,F1-Score,MCC,Sensitivity,Specificity,Precision,Negative Predictive Value,Test Cases,Negative Test Cases,Positive Test Cases
"(0, 0)",0.16487827006029016,0.709283438988236,0.975975975975976,0.49969249692496925,0.0,-0.0037966046201924186,0.0,0.9993849938499385,0.0,0.9765625,1665.0,1626.0,39.0
"(0, 1)",0.10248136971283779,0.5901953894380588,0.9778368794326241,0.5097509778718918,0.03846153846153846,0.078007462307861,0.02040816326530612,0.9990937924784775,0.3333333333333333,0.9786950732356857,2256.0,2207.0,49.0
"(1, 0)",0.07965852308924772,0.6640419947506562,0.9739263803680982,0.5,0.0,0.0,0.0,1.0,,0.9739263803680982,1956.0,1905.0,51.0
"(1, 1)",0.05581045604208553,0.5709249186946282,0.9801526717557252,0.4994813278008299,0.0,-0.004421831562265572,0.0,0.9989626556016598,0.0,0.9811512990320937,1965.0,1928.0,37.0
"(2, 0)",0.08443263789180801,0.6473271161392244,0.96838347781744,0.5,0.0,0.0,0.0,1.0,,0.96838347781744,1961.0,1899.0,62.0
"(2, 1)",0.04073942814692132,0.5004375149152812,0.986734693877551,0.5,0.0,0.0,0.0,1.0,,0.986734693877551,1960.0,1934.0,26.0
mean,0.0880001141571984,0.6137017288210141,0.9771683465379025,0.5014874670996151,0.006410256410256409,0.011631504354233836,0.003401360544217687,0.9995735736550126,0.1111111111111111,0.9775755707218114,1960.5,1916.5,44.0
std,0.03973246610709079,0.06832746884442682,0.005626931450603143,0.0037006710701088666,0.01433376908653711,0.029741608383609945,0.007605673392856425,0.00044431435404255945,0.15713484026367722,0.005726635578550892,170.62702990245518,168.15543404838274,11.51810169544733
