,PRC-AUC,AUROC,Accuracy,Balanced Accuracy,F1-Score,MCC,Sensitivity,Specificity,Precision,Negative Predictive Value,Test Cases,Negative Test Cases,Positive Test Cases
"(0, 0)",0.17430053749595611,0.7434241650108808,0.975975975975976,0.49969249692496925,0.0,-0.0037966046201924186,0.0,0.9993849938499385,0.0,0.9765625,1665.0,1626.0,39.0
"(0, 1)",0.0961514837886979,0.684061844039836,0.9773936170212766,0.5095244259915113,0.037735849056603765,0.06600150292726258,0.02040816326530612,0.9986406887177164,0.25,0.9786856127886323,2256.0,2207.0,49.0
"(1, 0)",0.13267958761968104,0.759158046420668,0.9734151329243353,0.49973753280839894,0.0,-0.003700532452412642,0.0,0.9994750656167979,0.0,0.9739130434782609,1956.0,1905.0,51.0
"(1, 1)",0.0920595149666771,0.6724585062240664,0.9806615776081425,0.49974066390041494,0.0,-0.0031259109767342577,0.0,0.9994813278008299,0.0,0.9811608961303462,1965.0,1928.0,37.0
"(2, 0)",0.08477733139881367,0.638281608316771,0.96838347781744,0.5,0.0,0.0,0.0,1.0,,0.96838347781744,1961.0,1899.0,62.0
"(2, 1)",0.05127718515378882,0.5661443003738764,0.986734693877551,0.5,0.0,0.0,0.0,1.0,,0.986734693877551,1960.0,1934.0,26.0
mean,0.1052076067372691,0.6772547450643498,0.9770940792041203,0.5014491866042157,0.0062893081761006275,0.009229742479653876,0.003401360544217687,0.9994970126642139,0.0625,0.9775733706820384,1960.5,1916.5,44.0
std,0.03896433201675794,0.06457594975409392,0.005721561501958199,0.0036135057300151437,0.014063320613206223,0.025439303507633553,0.007605673392856425,0.0004569024556454032,0.10825317547305482,0.005728746949608426,170.62702990245518,168.15543404838274,11.51810169544733
