,PRC-AUC,AUROC,Accuracy,Balanced Accuracy,F1-Score,MCC,Sensitivity,Specificity,Precision,Negative Predictive Value,Test Cases,Negative Test Cases,Positive Test Cases
"(0, 0)",0.1494774010878192,0.7611331882549595,0.975975975975976,0.5122055066704513,0.047619047619047616,0.08705670891972468,0.02564102564102564,0.998769987699877,0.3333333333333333,0.9771359807460891,1665.0,1626.0,39.0
"(0, 1)",0.0721229363926652,0.6483868581415347,0.9782801418439716,0.5199550595045449,0.07547169811320753,0.13828276050197344,0.04081632653061224,0.9990937924784775,0.5,0.9791296625222025,2256.0,2207.0,49.0
"(1, 0)",0.06827483279468775,0.657516339869281,0.9729038854805726,0.5090165199938242,0.03636363636363636,0.06361091189397168,0.0196078431372549,0.9984251968503937,0.25,0.9743852459016393,1956.0,1905.0,51.0
"(1, 1)",0.04106728759772099,0.6060544465627453,0.9806615776081425,0.49974066390041494,0.0,-0.0031259109767342577,0.0,0.9994813278008299,0.0,0.9811608961303462,1965.0,1928.0,37.0
"(2, 0)",0.07514649419161852,0.686006217194109,0.96838347781744,0.5,0.0,0.0,0.0,1.0,,0.96838347781744,1961.0,1899.0,62.0
"(2, 1)",0.033509559898690755,0.5810496380558428,0.9862244897959184,0.499741468459152,0.0,-0.002619637635152517,0.0,0.999482936918304,0.0,0.9867279224093926,1960.0,1934.0,26.0
mean,0.07326641866053374,0.6566911146797455,0.9770715914203368,0.506776536421398,0.026575730349315253,0.04720080545063051,0.014344199218148798,0.9992088736246472,0.21666666666666665,0.977820530921185,1960.5,1916.5,44.0
std,0.037539454505664135,0.05791210118967589,0.005659470051867855,0.007671178139181739,0.02900645991334212,0.05384619785649803,0.01567038561859517,0.0005156285356238887,0.19436506316151,0.00567951364986754,170.62702990245518,168.15543404838274,11.51810169544733
