,PRC-AUC,AUROC,Accuracy,Balanced Accuracy,F1-Score,MCC,Sensitivity,Specificity,Precision,Negative Predictive Value,Test Cases,Negative Test Cases,Positive Test Cases
"(0, 0)",0.1272579912384857,0.710868262528779,0.975975975975976,0.49969249692496925,0.0,-0.0037966046201924186,0.0,0.9993849938499385,0.0,0.9765625,1665.0,1626.0,39.0
"(0, 1)",0.07166011405944525,0.6944786070295811,0.9782801418439716,0.5199550595045449,0.07547169811320753,0.13828276050197344,0.04081632653061224,0.9990937924784775,0.5,0.9791296625222025,2256.0,2207.0,49.0
"(1, 0)",0.06493120970004061,0.6086768565693995,0.9739263803680982,0.5,0.0,0.0,0.0,1.0,,0.9739263803680982,1956.0,1905.0,51.0
"(1, 1)",0.06079958570698532,0.6319670292699338,0.9806615776081425,0.49974066390041494,0.0,-0.0031259109767342577,0.0,0.9994813278008299,0.0,0.9811608961303462,1965.0,1928.0,37.0
"(2, 0)",0.08061202267144957,0.6727904329952946,0.96838347781744,0.5,0.0,0.0,0.0,1.0,,0.96838347781744,1961.0,1899.0,62.0
"(2, 1)",0.0709483066666941,0.5679937952430197,0.9872448979591837,0.5192307692307693,0.07407407407407407,0.1948607379378834,0.038461538461538464,1.0,1.0,0.9872383869321082,1960.0,1934.0,26.0
mean,0.07936820500718343,0.6477958306060013,0.9774120752621355,0.5064364982601164,0.024924295364546933,0.05437016380715503,0.013212977498691783,0.9996600190215409,0.375,0.9777335506283658,1960.5,1916.5,44.0
std,0.022280441789451048,0.049885457736287914,0.005827023670668396,0.009306070055577017,0.035250585502247314,0.08101473764416563,0.018698332394433605,0.0003593844488811511,0.414578098794425,0.005878314742983622,170.62702990245518,168.15543404838274,11.51810169544733
