,PRC-AUC,AUROC,Accuracy,Balanced Accuracy,F1-Score,MCC,Sensitivity,Specificity,Precision,Negative Predictive Value,Test Cases,Negative Test Cases,Positive Test Cases
"(0, 0)",0.10701888010233486,0.7217649099567918,0.975975975975976,0.49969249692496925,0.0,-0.0037966046201924186,0.0,0.9993849938499385,0.0,0.9765625,1665.0,1626.0,39.0
"(0, 1)",0.088794517180716,0.7082520366551696,0.9778368794326241,0.4997734481196194,0.0,-0.0031377880184088034,0.0,0.9995468962392388,0.0,0.978270509977827,2256.0,2207.0,49.0
"(1, 0)",0.05641711858924184,0.6484535021357625,0.9739263803680982,0.5,0.0,0.0,0.0,1.0,,0.9739263803680982,1956.0,1905.0,51.0
"(1, 1)",0.06130130063318652,0.6961351912078053,0.9801526717557252,0.4994813278008299,0.0,-0.004421831562265572,0.0,0.9989626556016598,0.0,0.9811512990320937,1965.0,1928.0,37.0
"(2, 0)",0.06734673626053378,0.6071107034262515,0.96838347781744,0.5,0.0,0.0,0.0,1.0,,0.96838347781744,1961.0,1899.0,62.0
"(2, 1)",0.041866631468085204,0.5702012568610294,0.986734693877551,0.5,0.0,0.0,0.0,1.0,,0.986734693877551,1960.0,1934.0,26.0
mean,0.07045753070568304,0.6586529333738016,0.9771683465379025,0.49982454547423644,0.0,-0.001892704033477799,0.0,0.9996490909484729,0.0,0.9775048101788352,1960.5,1916.5,44.0
std,0.021529296417997643,0.05542628923523588,0.005626931450603143,0.00019587368471534204,0.0,0.0019286672127631506,0.0,0.0003917473694306841,0.0,0.0057149765625281465,170.62702990245518,168.15543404838274,11.51810169544733
