,PRC-AUC,AUROC,Accuracy,Balanced Accuracy,F1-Score,MCC,Sensitivity,Specificity,Precision,Negative Predictive Value,Test Cases,Negative Test Cases,Positive Test Cases
"(0, 0)",0.15825956337017572,0.7403254801778787,0.975975975975976,0.5122055066704513,0.047619047619047616,0.08705670891972468,0.02564102564102564,0.998769987699877,0.3333333333333333,0.9771359807460891,1665.0,1626.0,39.0
"(0, 1)",0.09102534035822878,0.6620631941041029,0.9769503546099291,0.5092978741111306,0.03703703703703703,0.057642142447682315,0.02040816326530612,0.9981875849569551,0.2,0.9786761439360284,2256.0,2207.0,49.0
"(1, 0)",0.07182903621231562,0.7125109361329833,0.9729038854805726,0.5090165199938242,0.03636363636363636,0.06361091189397168,0.0196078431372549,0.9984251968503937,0.25,0.9743852459016393,1956.0,1905.0,51.0
"(1, 1)",0.044835036234501045,0.6389480767074128,0.9811704834605598,0.5,0.0,0.0,0.0,1.0,,0.9811704834605598,1965.0,1928.0,37.0
"(2, 0)",0.0672084782148872,0.6373473305135131,0.96838347781744,0.5,0.0,0.0,0.0,1.0,,0.96838347781744,1961.0,1899.0,62.0
"(2, 1)",0.04655544184112752,0.5728959509983296,0.9857142857142858,0.49948293691830403,0.0,-0.0037056730001664416,0.0,0.9989658738366081,0.0,0.9867211440245148,1960.0,1934.0,26.0
mean,0.07995214937187264,0.6606818281057034,0.9768497438431272,0.5050004729489518,0.020169953503286837,0.03410068171020204,0.01094283867393111,0.9990581072239723,0.19583333333333333,0.977745412647712,1960.5,1916.5,44.0
std,0.03836579309028505,0.054397443067286826,0.0055568268054451714,0.0052751218756720486,0.020496616437297794,0.03647928252139908,0.011105167917237334,0.0007099563859059763,0.12268693220279547,0.005663760177993991,170.62702990245518,168.15543404838274,11.51810169544733
