,PRC-AUC,AUROC,Accuracy,Balanced Accuracy,F1-Score,MCC,Sensitivity,Specificity,Precision,Negative Predictive Value,Test Cases,Negative Test Cases,Positive Test Cases
"(0, 0)",0.03402802913528885,0.4734285804396506,0.5399399399399399,0.4891664301258397,0.042499999999999996,-0.0065783596735070225,0.4358974358974359,0.5424354243542435,0.022339027595269383,0.9756637168141593,1665.0,1626.0,39.0
"(0, 1)",0.03819322307318324,0.5513440537066662,0.488031914893617,0.5188269236104047,0.044665012406947896,0.010981819241808412,0.5510204081632653,0.4866334390575442,0.02327586206896552,0.9799270072992701,2256.0,2207.0,49.0
"(1, 0)",0.040097465667582634,0.5202408522464105,0.4729038854805726,0.5194843291647367,0.05325987144168962,0.012443083463471631,0.5686274509803921,0.47034120734908136,0.027938342967244702,0.9760348583877996,1956.0,1905.0,51.0
"(1, 1)",0.01618612271343509,0.4427357855781092,0.46055979643765904,0.4732743635751935,0.032846715328467155,-0.014574724343789404,0.4864864864864865,0.4600622406639004,0.0169971671388102,0.9790286975717439,1965.0,1928.0,37.0
"(2, 0)",0.028473000203645155,0.4519271603050842,0.4630290668026517,0.45750734682090743,0.05049594229035167,-0.02980957146195118,0.45161290322580644,0.46340179041600843,0.026743075453677174,0.962800875273523,1961.0,1899.0,62.0
"(2, 1)",0.02816471859939276,0.6267003420571157,0.5204081632653061,0.6241746877734469,0.038854805725971366,0.056849839242762566,0.7307692307692307,0.5175801447776629,0.01995798319327731,0.9930555555555556,1960.0,1934.0,26.0
mean,0.03085709323208795,0.5110627957221727,0.4908121278032911,0.5137390135117549,0.043770391198904614,0.004885347744799168,0.5374023192537695,0.49007570776974013,0.022875243069540713,0.9777517851503418,1960.5,1916.5,44.0
std,0.007931249113312258,0.06411031695455692,0.029734951373023105,0.05424962936637702,0.006845767411694333,0.027411807440035706,0.09900059843245715,0.03030852402482204,0.00374400214513255,0.008863831548996145,170.62702990245518,168.15543404838274,11.51810169544733
