,PRC-AUC,AUROC,Accuracy,Balanced Accuracy,F1-Score,MCC,Sensitivity,Specificity,Precision,Negative Predictive Value,Test Cases,Negative Test Cases,Positive Test Cases
"(0, 0)",0.03446830383831569,0.5226921499984231,0.5045045045045045,0.5210757876809538,0.04844290657439447,0.012750537334069386,0.5384615384615384,0.503690036900369,0.025362318840579712,0.978494623655914,1665.0,1626.0,39.0
"(0, 1)",0.03535001651054944,0.5351710235521486,0.4924645390070922,0.5510250316710281,0.049792531120331954,0.029760294570739594,0.6122448979591837,0.48980516538287266,0.025951557093425604,0.9827272727272728,2256.0,2207.0,49.0
"(1, 0)",0.028992970578021065,0.5035561731254181,0.5209611451942741,0.5155318820441562,0.05257836198179979,0.009908578381339649,0.5098039215686274,0.521259842519685,0.02771855010660981,0.9754420432220039,1956.0,1905.0,51.0
"(1, 1)",0.017860433562911508,0.44767018055399793,0.4910941475826972,0.47558035213636873,0.03288201160541586,-0.013278178777934928,0.4594594594594595,0.491701244813278,0.017051153460381142,0.9793388429752066,1965.0,1928.0,37.0
"(2, 0)",0.03279006483568598,0.4976303317535544,0.5007649158592555,0.5003949447077409,0.059558117195004805,0.0002764251358125805,0.5,0.5007898894154819,0.031664964249233915,0.9684317718940937,1961.0,1899.0,62.0
"(2, 1)",0.019350526394129146,0.5445668602338716,0.4969387755102041,0.5174210484448334,0.027613412228796846,0.007972739756251573,0.5384615384615384,0.4963805584281282,0.01417004048582996,0.9876543209876543,1960.0,1934.0,26.0
mean,0.028135385953268807,0.5085477865362357,0.5011213379430045,0.5135048411141803,0.045144556784290614,0.007898399400046309,0.5264052259850579,0.5006044562433024,0.023653097372676693,0.9786814792436909,1960.5,1916.5,44.0
std,0.007039254624387238,0.03177111730931937,0.009984732906585338,0.022710738114172967,0.011204210546960774,0.012987648003798036,0.04675063912047175,0.010407796318850724,0.00608873691381653,0.005956758380909191,170.62702990245518,168.15543404838274,11.51810169544733
