,PRC-AUC,AUROC,Accuracy,Balanced Accuracy,F1-Score,MCC,Sensitivity,Specificity,Precision,Negative Predictive Value,Test Cases,Negative Test Cases,Positive Test Cases
"(0, 0)",0.12015405861561687,0.7444255211782888,0.975975975975976,0.49969249692496925,0.0,-0.0037966046201924186,0.0,0.9993849938499385,0.0,0.9765625,1665.0,1626.0,39.0
"(0, 1)",0.07042524853667088,0.6601028268126461,0.9773936170212766,0.5095244259915113,0.037735849056603765,0.06600150292726258,0.02040816326530612,0.9986406887177164,0.25,0.9786856127886323,2256.0,2207.0,49.0
"(1, 0)",0.08983742408526045,0.6933920024702795,0.9729038854805726,0.4994750656167979,0.0,-0.005234682146836666,0.0,0.9989501312335958,0.0,0.973899692937564,1956.0,1905.0,51.0
"(1, 1)",0.06568845346290823,0.68040680722216,0.9801526717557252,0.4994813278008299,0.0,-0.004421831562265572,0.0,0.9989626556016598,0.0,0.9811512990320937,1965.0,1928.0,37.0
"(2, 0)",0.10511876731546535,0.6278856443968811,0.96838347781744,0.5,0.0,0.0,0.0,1.0,,0.96838347781744,1961.0,1899.0,62.0
"(2, 1)",0.10583047571455285,0.6129086787049559,0.986734693877551,0.5,0.0,0.0,0.0,1.0,,0.986734693877551,1960.0,1934.0,26.0
mean,0.09284240462174577,0.6698535801308685,0.9769240536547569,0.501362219389018,0.0062893081761006275,0.008758064099661319,0.003401360544217687,0.9993230782338184,0.0625,0.9775695460755469,1960.5,1916.5,44.0
std,0.01963933711578328,0.04344634418509916,0.005728512972329287,0.0036565005032792456,0.014063320613206223,0.025681851459089147,0.007605673392856425,0.0005251871236384119,0.10825317547305482,0.00572916962100683,170.62702990245518,168.15543404838274,11.51810169544733
