,PRC-AUC,AUROC,Accuracy,Balanced Accuracy,F1-Score,MCC,Sensitivity,Specificity,Precision,Negative Predictive Value,Test Cases,Negative Test Cases,Positive Test Cases
"(0, 0)",0.1559045291784372,0.735507932002397,0.975975975975976,0.5122055066704513,0.047619047619047616,0.08705670891972468,0.02564102564102564,0.998769987699877,0.3333333333333333,0.9771359807460891,1665.0,1626.0,39.0
"(0, 1)",0.09592888862614718,0.7117520320316618,0.9787234042553191,0.5201816113849255,0.07692307692307691,0.16145214460588586,0.04081632653061224,0.9995468962392388,0.6666666666666666,0.979138925876609,2256.0,2207.0,49.0
"(1, 0)",0.08773026107797799,0.7142967423189748,0.9729038854805726,0.4994750656167979,0.0,-0.005234682146836666,0.0,0.9989501312335958,0.0,0.973899692937564,1956.0,1905.0,51.0
"(1, 1)",0.034827001103253055,0.6279998878546597,0.9806615776081425,0.5129948413143434,0.05,0.09047846501945911,0.02702702702702703,0.9989626556016598,0.3333333333333333,0.981651376146789,1965.0,1928.0,37.0
"(2, 0)",0.11542245373651813,0.7040250386451272,0.9688934217236104,0.5080645161290323,0.031746031746031744,0.12500822882723647,0.016129032258064516,1.0,1.0,0.9688775510204082,1961.0,1899.0,62.0
"(2, 1)",0.06110747738709958,0.684989260997534,0.986734693877551,0.5189722376899213,0.07142857142857144,0.13596969392918404,0.038461538461538464,0.999482936918304,0.5,0.9872318692543411,1960.0,1934.0,26.0
mean,0.09182010185157218,0.6964284823083924,0.9773154931535286,0.5119822964675785,0.046286121286121286,0.09912175985910891,0.024679158319711316,0.9992854346154458,0.47222222222222215,0.9779892326636334,1960.5,1916.5,44.0
std,0.03849019918764842,0.03403998940364829,0.00568752601205869,0.006939535762604849,0.025626011086147538,0.053265835472572555,0.013777792442252712,0.0004282275877661273,0.3105649968749708,0.005782654190139845,170.62702990245518,168.15543404838274,11.51810169544733
