,PRC-AUC,AUROC,Accuracy,Balanced Accuracy,F1-Score,MCC,Sensitivity,Specificity,Precision,Negative Predictive Value,Test Cases,Negative Test Cases,Positive Test Cases
"(0, 0)",0.027081240167134406,0.5125997413820291,0.5093093093093093,0.49850979279023555,0.044444444444444446,-0.0009017170997859968,0.48717948717948717,0.509840098400984,0.023284313725490197,0.9764428739693758,1665.0,1626.0,39.0
"(0, 1)",0.030620307262723204,0.5889239248032697,0.5310283687943262,0.570735045264141,0.05366726296958855,0.04129995951699541,0.6122448979591837,0.5292251925690983,0.02806361085126286,0.9839932603201348,2256.0,2207.0,49.0
"(1, 0)",0.030091585426664336,0.5362359116875097,0.5301635991820041,0.5107148371159488,0.05159958720330238,0.006842709923652387,0.49019607843137253,0.531233595800525,0.027233115468409588,0.9749518304431599,1956.0,1905.0,51.0
"(1, 1)",0.03254212410748748,0.5824969160031401,0.5180661577608142,0.5821044073118762,0.04824120603015075,0.04465327872778336,0.6486486486486487,0.5155601659751037,0.025052192066805846,0.9870903674280039,1965.0,1928.0,37.0
"(2, 0)",0.03159489288693499,0.4729229305746657,0.4982151963284039,0.48347602303419457,0.055662188099808066,-0.011565258974933147,0.46774193548387094,0.49921011058451814,0.02959183673469388,0.9663608562691132,1961.0,1899.0,62.0
"(2, 1)",0.012455725692906799,0.45366319306339997,0.548469387755102,0.4866160210007159,0.024255788313120176,-0.006156465845812073,0.4230769230769231,0.5501551189245087,0.012485811577752554,0.9860982391102873,1960.0,1934.0,26.0
mean,0.0273976459239752,0.524473769585669,0.5225420031883267,0.5220260210861853,0.04631174617673573,0.012362084374649992,0.521514661796581,0.5225373803757897,0.024285146737402483,0.9791562379233457,1960.5,1916.5,44.0
std,0.0068930700319438255,0.05077971266578045,0.01627506942509384,0.039587261966001874,0.01051325007261371,0.02236801375635156,0.08076331546186308,0.01651844667559781,0.0056560086764861975,0.0073405239938626726,170.62702990245518,168.15543404838274,11.51810169544733
