,PRC-AUC,AUROC,Accuracy,Balanced Accuracy,F1-Score,MCC,Sensitivity,Specificity,Precision,Negative Predictive Value,Test Cases,Negative Test Cases,Positive Test Cases
"(0, 0)",0.02224122614392418,0.4302835336045668,0.4810810810810811,0.4465181190273441,0.03571428571428571,-0.03236928836346959,0.41025641025641024,0.482779827798278,0.01866977829638273,0.9715346534653465,1665.0,1626.0,39.0
"(0, 1)",0.025796895937940222,0.4589941096511101,0.5164007092198581,0.43355094643203906,0.030222222222222216,-0.038785631114589186,0.3469387755102041,0.520163117353874,0.015799256505576207,0.9728813559322034,2256.0,2207.0,49.0
"(1, 0)",0.04240734874875818,0.629365446966188,0.5449897750511248,0.5851165663115641,0.0670859538784067,0.05441499685339075,0.6274509803921569,0.5427821522309711,0.035437430786267994,0.9819563152896487,1956.0,1905.0,51.0
"(1, 1)",0.022500806081902146,0.4882808119322642,0.49872773536895676,0.5059787484580016,0.03714565004887586,0.0032506098796056793,0.5135135135135135,0.49844398340248963,0.019269776876267748,0.9816138917262512,1965.0,1928.0,37.0
"(2, 0)",0.030001301978958526,0.4601488049737553,0.48036715961244264,0.48206186617744484,0.055607043558850794,-0.01256374487381142,0.4838709677419355,0.4802527646129542,0.029498525073746312,0.9661016949152542,1961.0,1899.0,62.0
"(2, 1)",0.01118556917474667,0.37063479436798985,0.475,0.37349852835892133,0.01342281879194631,-0.057932752015764706,0.2692307692307692,0.47776628748707345,0.00688298918387414,0.9798515376458112,1960.0,1934.0,26.0
mean,0.02568885801103832,0.47295125024931245,0.49942774338891055,0.47112079579421917,0.0398663290357646,-0.013997634939106413,0.4418769027741649,0.5003646888142735,0.02092629278701919,0.975656574829086,1960.5,1916.5,44.0
std,0.00940312009725351,0.07889686512834275,0.024701858325258553,0.06567180009370512,0.017347370878659337,0.03619876401044127,0.11629906474075376,0.02387227352390249,0.009268162997966156,0.0058986138673932055,170.62702990245518,168.15543404838274,11.51810169544733
