,PRC-AUC,AUROC,Accuracy,Balanced Accuracy,F1-Score,MCC,Sensitivity,Specificity,Precision,Negative Predictive Value,Test Cases,Negative Test Cases,Positive Test Cases
"(0, 0)",0.12667209683955838,0.7484467152363832,0.975975975975976,0.49969249692496925,0.0,-0.0037966046201924186,0.0,0.9993849938499385,0.0,0.9765625,1665.0,1626.0,39.0
"(0, 1)",0.10766068867895007,0.7188075048778007,0.9778368794326241,0.4997734481196194,0.0,-0.0031377880184088034,0.0,0.9995468962392388,0.0,0.978270509977827,2256.0,2207.0,49.0
"(1, 0)",0.08922967627813477,0.708820956204004,0.9739263803680982,0.5,0.0,0.0,0.0,1.0,,0.9739263803680982,1956.0,1905.0,51.0
"(1, 1)",0.04945968048787739,0.6308035213636873,0.9806615776081425,0.49974066390041494,0.0,-0.0031259109767342577,0.0,0.9994813278008299,0.0,0.9811608961303462,1965.0,1928.0,37.0
"(2, 0)",0.05518510134079481,0.6380183118449438,0.96838347781744,0.5,0.0,0.0,0.0,1.0,,0.96838347781744,1961.0,1899.0,62.0
"(2, 1)",0.038049153608235214,0.6424608225280408,0.986734693877551,0.5,0.0,0.0,0.0,1.0,,0.986734693877551,1960.0,1934.0,26.0
mean,0.0777093995389251,0.6812263053424766,0.977253164179972,0.4998677681575006,0.0,-0.00167671726922258,0.0,0.9997355363150012,0.0,0.9775064096952105,1960.5,1916.5,44.0
std,0.03241776253669949,0.045834021798003284,0.005674907450179861,0.00013430534066113955,0.0,0.0016912990529742036,0.0,0.0002686106813222791,0.0,0.005715998175277548,170.62702990245518,168.15543404838274,11.51810169544733
