,PRC-AUC,AUROC,Accuracy,Balanced Accuracy,F1-Score,MCC,Sensitivity,Specificity,Precision,Negative Predictive Value,Test Cases,Negative Test Cases,Positive Test Cases
"(0, 0)",0.03965989849701705,0.5633298640678714,0.5303303303303303,0.534298419907276,0.05097087378640777,0.0207835876992156,0.5384615384615384,0.5301353013530136,0.0267515923566879,0.9795454545454545,1665.0,1626.0,39.0
"(0, 1)",0.03435726417398094,0.5440758995034353,0.5341312056737588,0.522433259665443,0.045413260672116255,0.013109933001563094,0.5102040816326531,0.5346624376982329,0.02376425855513308,0.9800664451827242,2256.0,2207.0,49.0
"(1, 0)",0.03981439787492841,0.5566054243219598,0.5107361963190185,0.5293654469661881,0.05528134254689042,0.01872054384079303,0.5490196078431373,0.5097112860892389,0.029106029106029108,0.9768611670020121,1956.0,1905.0,51.0
"(1, 1)",0.024387217598281823,0.5629275541101267,0.4951653944020356,0.5704342828305484,0.046153846153846156,0.038302795068357716,0.6486486486486487,0.49221991701244816,0.023928215353938187,0.9864864864864865,1965.0,1928.0,37.0
"(2, 0)",0.03656906819741768,0.47181029064533114,0.4849566547679755,0.49223275408109535,0.05783582089552238,-0.005438816832864977,0.5,0.48446550816219064,0.030693069306930693,0.9674027339642481,1961.0,1899.0,62.0
"(2, 1)",0.011898392073122557,0.3779134515949408,0.48418367346938773,0.3971243337841063,0.015579357351509249,-0.04709027459075807,0.3076923076923077,0.48655635987590484,0.007992007992007992,0.9812304483837331,1960.0,1934.0,26.0
mean,0.031114373069124745,0.5127770807072775,0.5065839091604177,0.5076480828724429,0.04520575023438203,0.006397961364384401,0.5090043640463809,0.5062918016985049,0.023705862111787827,0.9785987892607765,1960.5,1916.5,44.0
std,0.01002908291327893,0.06811469493362393,0.020165476782018577,0.05446057319981877,0.013981761909883454,0.027150389698104516,0.1021261744203301,0.020203098064349567,0.007463660887759884,0.005781617012097207,170.62702990245518,168.15543404838274,11.51810169544733
