,PRC-AUC,AUROC,Accuracy,Balanced Accuracy,F1-Score,MCC,Sensitivity,Specificity,Precision,Negative Predictive Value,Test Cases,Negative Test Cases,Positive Test Cases
"(0, 0)",0.04882225640225413,0.4377739931245466,0.5165165165165165,0.4271217712177122,0.031287605294825514,-0.044141863783428395,0.3333333333333333,0.5209102091020911,0.016414141414141416,0.9702176403207331,1665.0,1626.0,39.0
"(0, 1)",0.022531089760337943,0.45585012437235883,0.4800531914893617,0.44490628149764666,0.03297609233305854,-0.03213982284558426,0.40816326530612246,0.4816492976891708,0.01718213058419244,0.9734432234432234,2256.0,2207.0,49.0
"(1, 0)",0.022895807894681867,0.4446605938963512,0.495398773006135,0.47378415933302453,0.04453049370764763,-0.016710565238229478,0.45098039215686275,0.4965879265091864,0.023421588594704685,0.971252566735113,1956.0,1905.0,51.0
"(1, 1)",0.0230955221373356,0.5368537624761691,0.505852417302799,0.5361178086800493,0.04146100691016782,0.01963734232728401,0.5675675675675675,0.5046680497925311,0.02151639344262295,0.9838220424671386,1965.0,1928.0,37.0
"(2, 0)",0.03632254132753078,0.5752518303351509,0.5507394186639469,0.5496016579184291,0.07165437302423604,0.03487550982757383,0.5483870967741935,0.5508162190626645,0.038331454340473504,0.9739292364990689,1961.0,1899.0,62.0
"(2, 1)",0.03670759502275764,0.65010739002466,0.4760204081632653,0.6396269190995147,0.03928905519176801,0.06403055081292965,0.8076923076923077,0.47156153050672184,0.020134228187919462,0.9945474372955289,1960.0,1934.0,26.0
mean,0.03172913542414966,0.5167496157048728,0.5040967875236707,0.5118597662910628,0.04353310441028393,0.004258525183424224,0.5193539938050645,0.504365538777061,0.022833322760675744,0.977868691126801,1960.5,1916.5,44.0
std,0.009791409672113739,0.07826632511005273,0.02508286263787377,0.07239981252415005,0.01338848278853316,0.03841384940745886,0.1516291894981077,0.02608992509388376,0.007333705471688921,0.008670243300392672,170.62702990245518,168.15543404838274,11.51810169544733
