,PRC-AUC,AUROC,Accuracy,Balanced Accuracy,F1-Score,MCC,Sensitivity,Specificity,Precision,Negative Predictive Value,Test Cases,Negative Test Cases,Positive Test Cases
"(0, 0)",0.13268135295255298,0.6922209606711451,0.975975975975976,0.49969249692496925,0.0,-0.0037966046201924186,0.0,0.9993849938499385,0.0,0.9765625,1665.0,1626.0,39.0
"(0, 1)",0.07251915749581034,0.6271048519090464,0.9778368794326241,0.5197285076241643,0.07407407407407406,0.12230682338352085,0.04081632653061224,0.9986406887177164,0.4,0.9791203909373611,2256.0,2207.0,49.0
"(1, 0)",0.06557421674984444,0.6719417425762956,0.9734151329243353,0.49973753280839894,0.0,-0.003700532452412642,0.0,0.9994750656167979,0.0,0.9739130434782609,1956.0,1905.0,51.0
"(1, 1)",0.06022794011249802,0.6687296736570596,0.9801526717557252,0.5127355052147583,0.04878048780487805,0.07681247484287942,0.02702702702702703,0.9984439834024896,0.25,0.9816420193778684,1965.0,1928.0,37.0
"(2, 0)",0.10312626278270881,0.6210314426947969,0.96838347781744,0.5,0.0,0.0,0.0,1.0,,0.96838347781744,1961.0,1899.0,62.0
"(2, 1)",0.04606125285433091,0.5907843449208496,0.986734693877551,0.5189722376899213,0.07142857142857144,0.13596969392918404,0.038461538461538464,0.999482936918304,0.5,0.9872318692543411,1960.0,1934.0,26.0
mean,0.08003169715795759,0.6453021694048654,0.9770831386306087,0.5084777133770354,0.03238052221792059,0.05459864251382988,0.017717482003196287,0.9992379447508744,0.22999999999999998,0.9778088834775452,1960.5,1916.5,44.0
std,0.029203259201423096,0.03500545555976408,0.00567900887416162,0.008946941858008909,0.03336054541447703,0.05984551022675972,0.01822209113045713,0.0005331804727741859,0.20396078054371142,0.005926985694373681,170.62702990245518,168.15543404838274,11.51810169544733
