,PRC-AUC,AUROC,Accuracy,Balanced Accuracy,F1-Score,MCC,Sensitivity,Specificity,Precision,Negative Predictive Value,Test Cases,Negative Test Cases,Positive Test Cases
"(0, 0)",0.07286776866276073,0.6848881950357966,0.9735735735735735,0.5109754943703283,0.043478260869565216,0.05131039736817276,0.02564102564102564,0.996309963099631,0.14285714285714285,0.97708082026538,1665.0,1626.0,39.0
"(0, 1)",0.03907385252475437,0.5125158355140879,0.9574468085106383,0.5292621806312013,0.07692307692307691,0.05531520459437932,0.08163265306122448,0.9768917082011781,0.07272727272727272,0.97955474784189,2256.0,2207.0,49.0
"(1, 0)",0.04354362332007085,0.5608820956204005,0.9688139059304703,0.5164582368380423,0.061538461538461535,0.06222390327826928,0.0392156862745098,0.9937007874015747,0.14285714285714285,0.974768280123584,1956.0,1905.0,51.0
"(1, 1)",0.03659449256398076,0.6087669619827296,0.9653944020356234,0.51846893574072,0.05555555555555556,0.03795889540339206,0.05405405405405406,0.9828838174273858,0.05714285714285714,0.9818652849740933,1965.0,1928.0,37.0
"(2, 0)",0.02839035008186082,0.4040751499091202,0.9648138704742478,0.49815692469720907,0.0,-0.010814840100539815,0.0,0.9963138493944181,0.0,0.9682702149437052,1961.0,1899.0,62.0
"(2, 1)",0.028870601399519264,0.633690637180813,0.9734693877551021,0.5312226553177949,0.07142857142857144,0.05819363119361353,0.07692307692307693,0.9855222337125129,0.06666666666666667,0.9875647668393782,1960.0,1934.0,26.0
mean,0.041556781425491136,0.5674698125404912,0.9672519913799427,0.5174240712658825,0.05148732105253844,0.04236453195621453,0.04624441599231516,0.9886037265394502,0.08037518037518038,0.9781840191646718,1960.5,1916.5,44.0
std,0.014996715124406406,0.09095684150332867,0.005576657885078357,0.011145802004733585,0.025420780129932496,0.024967174074207676,0.02848083200999461,0.007350696538890419,0.05009044415487531,0.0059804804314054156,170.62702990245518,168.15543404838274,11.51810169544733
