,PRC-AUC,AUROC,Accuracy,Balanced Accuracy,F1-Score,MCC,Sensitivity,Specificity,Precision,Negative Predictive Value,Test Cases,Negative Test Cases,Positive Test Cases
"(0, 0)",0.029264233139714435,0.5402592487463336,0.5231231231231231,0.5806604219888353,0.05924170616113745,0.048824285193234715,0.6410256410256411,0.5202952029520295,0.031055900621118012,0.9837209302325581,1665.0,1626.0,39.0
"(0, 1)",0.029138378385039423,0.5357350914992187,0.5110815602836879,0.5106525618856514,0.04336513443191674,0.006212587119399476,0.5102040816326531,0.5111010421386497,0.022644927536231884,0.9791666666666666,2256.0,2207.0,49.0
"(1, 0)",0.04782344738621921,0.5784468117955844,0.5419222903885481,0.5644588544079049,0.06276150627615062,0.04120211489760685,0.5882352941176471,0.5406824146981627,0.03314917127071823,0.9800190294957184,1956.0,1905.0,51.0
"(1, 1)",0.018727449742319213,0.4484411797689806,0.4580152671755725,0.4852318604911966,0.034451495920217595,-0.00805845361782203,0.5135135135135135,0.45695020746887965,0.017823639774859287,0.9799777530589544,1965.0,1928.0,37.0
"(2, 0)",0.045202118286072554,0.5246904143097385,0.5140234574196838,0.515041872632455,0.06293018682399214,0.010531483546468668,0.5161290322580645,0.5139547130068457,0.033507853403141365,0.9701789264413518,1961.0,1899.0,62.0
"(2, 1)",0.019494390250829184,0.5028239599077242,0.5096938775510204,0.48593986158619046,0.024365482233502538,-0.006435883266125257,0.46153846153846156,0.5103412616339194,0.01251303441084463,0.986013986013986,1960.0,1934.0,26.0
mean,0.031608336198365665,0.52173278433793,0.5096432626569393,0.5236642388320389,0.047852585307819516,0.015379355645460405,0.5384410040143301,0.5088874736497478,0.0251157545028189,0.9798462153182058,1960.5,1916.5,44.0
std,0.011342994720274857,0.03977797949547846,0.025528903733480785,0.0366437598911997,0.014892349762510297,0.02205351547478706,0.058925953207957016,0.025400867708632733,0.00804525659055793,0.004950088190102837,170.62702990245518,168.15543404838274,11.51810169544733
