,PRC-AUC,AUROC,Accuracy,Balanced Accuracy,F1-Score,MCC,Sensitivity,Specificity,Precision,Negative Predictive Value,Test Cases,Negative Test Cases,Positive Test Cases
"(0, 0)",0.025711715197304322,0.4796101807171918,0.5009009009009009,0.481691739994323,0.04152249134948097,-0.01107622435080775,0.46153846153846156,0.5018450184501845,0.021739130434782608,0.974910394265233,1665.0,1626.0,39.0
"(0, 1)",0.023197601251123107,0.4811684528818324,0.4769503546099291,0.4932080670963447,0.04065040650406504,-0.003964545516140479,0.5102040816326531,0.47621205256003624,0.021168501270110076,0.9776744186046512,2256.0,2207.0,49.0
"(1, 0)",0.030356287443827748,0.5403221656116515,0.5204498977505112,0.5438937779836344,0.05823293172690763,0.027994586323761072,0.5686274509803921,0.5191601049868766,0.030687830687830688,0.9782393669634025,1956.0,1905.0,51.0
"(1, 1)",0.03356506091372281,0.5198216889088259,0.4900763358778626,0.514824212178984,0.038387715930902115,0.008061898898176902,0.5405405405405406,0.48910788381742737,0.01990049751243781,0.9822916666666667,1965.0,1928.0,37.0
"(2, 0)",0.03233776758953544,0.5164347959027671,0.5272819989801122,0.5218875808999643,0.06458123107971746,0.015340459959905942,0.5161290322580645,0.5276461295418642,0.03444564047362755,0.9709302325581395,1961.0,1899.0,62.0
"(2, 1)",0.03172397144026041,0.6396666931827222,0.5265306122448979,0.6083048285737014,0.03734439834024896,0.049609615006091845,0.6923076923076923,0.5243019648397105,0.019189765458422176,0.9921722113502935,1960.0,1934.0,26.0
mean,0.0294820673059623,0.5295039962008318,0.5070316833940357,0.5273017011211586,0.04678652915522036,0.014327631720164588,0.548224543209634,0.5063788590326833,0.02452189430620182,0.9793697150680645,1960.5,1916.5,44.0
std,0.0037489181667323063,0.05376355834905142,0.01914979821030696,0.04136111002456339,0.010588732545565594,0.020214882606980615,0.0721404076249968,0.018999005556843352,0.005849179934701847,0.00667961870413191,170.62702990245518,168.15543404838274,11.51810169544733
