,PRC-AUC,AUROC,Accuracy,Balanced Accuracy,F1-Score,MCC,Sensitivity,Specificity,Precision,Negative Predictive Value,Test Cases,Negative Test Cases,Positive Test Cases
"(0, 0)",0.032510947773924714,0.5369949853344688,0.48768768768768767,0.5374917210710568,0.05116796440489433,0.022693985932925813,0.5897435897435898,0.48523985239852396,0.026744186046511628,0.9801242236024845,1665.0,1626.0,39.0
"(0, 1)",0.036317388417203555,0.4977760927660597,0.523936170212766,0.48728997715987166,0.03935599284436494,-0.007420981025702359,0.4489795918367347,0.5256003624830086,0.0205799812909261,0.9772535804549284,2256.0,2207.0,49.0
"(1, 0)",0.029615788009953264,0.48248674798003194,0.5051124744376279,0.4692295815964181,0.043478260869565216,-0.019616555040654602,0.43137254901960786,0.5070866141732283,0.022892819979188347,0.9708542713567839,1956.0,1905.0,51.0
"(1, 1)",0.042602718518355454,0.4962291129303578,0.5465648854961832,0.4773396321632837,0.032573289902280124,-0.01238261437992858,0.40540540540540543,0.5492738589211619,0.016968325791855202,0.9796484736355227,1965.0,1928.0,37.0
"(2, 0)",0.02591489001852612,0.4240092408568177,0.4885262621111678,0.4472685114406564,0.04748338081671415,-0.03690928733068696,0.4032258064516129,0.4913112164296998,0.025227043390514632,0.9618556701030928,1961.0,1899.0,62.0
"(2, 1)",0.0167454153481295,0.5004574019568848,0.5295918367346939,0.5529393047490255,0.03151260504201681,0.024263719418457973,0.5769230769230769,0.5289555325749742,0.016198704103671708,0.9893617021276596,1960.0,1934.0,26.0
mean,0.03061785801434877,0.48965893030410346,0.5135698861133543,0.495259788030052,0.04092858231330593,-0.00489528873759812,0.4759416698966712,0.5145779061634329,0.021435176767111274,0.976516320213412,1960.5,1916.5,44.0
std,0.008116567775670934,0.03373348150296332,0.021684986522078765,0.03758511887384741,0.0072486293723144106,0.022043392009787,0.07759343090739453,0.02232412569349714,0.003932626743978664,0.008518295995709925,170.62702990245518,168.15543404838274,11.51810169544733
