,PRC-AUC,AUROC,Accuracy,Balanced Accuracy,F1-Score,MCC,Sensitivity,Specificity,Precision,Negative Predictive Value,Test Cases,Negative Test Cases,Positive Test Cases
"(0, 0)",0.14986540764845407,0.757167187056486,0.975975975975976,0.49969249692496925,0.0,-0.0037966046201924186,0.0,0.9993849938499385,0.0,0.9765625,1665.0,1626.0,39.0
"(0, 1)",0.07002298426189248,0.5860527264825277,0.9782801418439716,0.5199550595045449,0.07547169811320753,0.13828276050197344,0.04081632653061224,0.9990937924784775,0.5,0.9791296625222025,2256.0,2207.0,49.0
"(1, 0)",0.1264077989127791,0.7407750501775513,0.9739263803680982,0.5,0.0,0.0,0.0,1.0,,0.9739263803680982,1956.0,1905.0,51.0
"(1, 1)",0.055238001717429805,0.6609355725019626,0.9806615776081425,0.49974066390041494,0.0,-0.0031259109767342577,0.0,0.9994813278008299,0.0,0.9811608961303462,1965.0,1928.0,37.0
"(2, 0)",0.09572623525835164,0.6643309721585214,0.96838347781744,0.5,0.0,0.0,0.0,1.0,,0.96838347781744,1961.0,1899.0,62.0
"(2, 1)",0.035369041508170926,0.6084440378649272,0.9862244897959184,0.499741468459152,0.0,-0.002619637635152517,0.0,0.999482936918304,0.0,0.9867279224093926,1960.0,1934.0,26.0
mean,0.08877157821784633,0.6696175910403293,0.9772420072349246,0.5031882814648468,0.012578616352201255,0.02145676787831571,0.006802721088435374,0.9995738418412583,0.125,0.9776484732079131,1960.5,1916.5,44.0
std,0.03984375696079975,0.06265903996395515,0.005545658032364051,0.0074993579674832445,0.028126641226412445,0.05226664416361972,0.01521134678571285,0.00032816536983399654,0.21650635094610965,0.005742254012653879,170.62702990245518,168.15543404838274,11.51810169544733
