,PRC-AUC,AUROC,Accuracy,Balanced Accuracy,F1-Score,MCC,Sensitivity,Specificity,Precision,Negative Predictive Value,Test Cases,Negative Test Cases,Positive Test Cases
"(0, 0)",0.07432235367377606,0.6355300091462454,0.9687687687687687,0.5335414892610465,0.10344827586206896,0.09552415299207492,0.07692307692307693,0.990159901599016,0.15789473684210525,0.9781287970838396,1665.0,1626.0,39.0
"(0, 1)",0.049999637996768626,0.45466650638506423,0.9671985815602837,0.5342463219995747,0.0975609756097561,0.0831603745623479,0.08163265306122448,0.9868599909379248,0.12121212121212122,0.979757085020243,2256.0,2207.0,49.0
"(1, 0)",0.05930845934680961,0.5960938706191137,0.9688139059304703,0.5259996912150687,0.08955223880597013,0.09199620398465096,0.058823529411764705,0.9931758530183727,0.1875,0.9752577319587629,1956.0,1905.0,51.0
"(1, 1)",0.03394728589795184,0.5780601659751037,0.9704834605597964,0.5210622967365706,0.06451612903225806,0.05108803870473681,0.05405405405405406,0.9880705394190872,0.08,0.9819587628865979,1965.0,1928.0,37.0
"(2, 0)",0.04104452972991465,0.5327804107424962,0.9678735339112697,0.49973670352817273,0.0,-0.004081363974348952,0.0,0.9994734070563455,0.0,0.9683673469387755,1961.0,1899.0,62.0
"(2, 1)",0.027587930521431395,0.5964322647362978,0.9836734693877551,0.4984488107549121,0.0,-0.006424980066581747,0.0,0.9968976215098242,0.0,0.9866939611054247,1960.0,1934.0,26.0
mean,0.047701699527775365,0.5655938712673868,0.9711352866863906,0.5188392189158909,0.05917960321834221,0.05187707103381332,0.04523888557502003,0.9924395522567616,0.09110114300903775,0.9783606141656072,1960.5,1916.5,44.0
std,0.01574125222424293,0.05817979578958026,0.005697320961592602,0.014665292680263328,0.04356656114259364,0.042864818237004776,0.033376033249535676,0.004569978454107931,0.07232204217463806,0.005684606161986949,170.62702990245518,168.15543404838274,11.51810169544733
