,PRC-AUC,AUROC,Accuracy,Balanced Accuracy,F1-Score,MCC,Sensitivity,Specificity,Precision,Negative Predictive Value,Test Cases,Negative Test Cases,Positive Test Cases
"(0, 0)",0.03554973826487406,0.47475320907055224,0.47387387387387386,0.4553410918724572,0.03736263736263736,-0.027046516776537414,0.4358974358974359,0.4747847478474785,0.01951779563719862,0.9722921914357683,1665.0,1626.0,39.0
"(0, 1)",0.01857733534069601,0.4175119980026446,0.4570035460992908,0.44310311347012754,0.03314917127071823,-0.033280924602730605,0.42857142857142855,0.4576347983688265,0.017241379310344827,0.9730250481695568,2256.0,2207.0,49.0
"(1, 0)",0.025838866541776154,0.47290412227883283,0.45245398773006135,0.47081982399258915,0.04460303300624442,-0.018682789949204883,0.49019607843137253,0.45144356955380577,0.02336448598130841,0.9706546275395034,1956.0,1905.0,51.0
"(1, 1)",0.027910626492447656,0.5742682516541437,0.4875318066157761,0.5665442413367725,0.04549763033175355,0.036203117685704736,0.6486486486486487,0.48443983402489627,0.023575638506876228,0.986272439281943,1965.0,1928.0,37.0
"(2, 0)",0.03375049466845172,0.47088450627664813,0.45690973992860784,0.48555266778780004,0.0566873339238264,-0.010151378314206101,0.5161290322580645,0.4549763033175355,0.02999062792877226,0.9664429530201343,1961.0,1899.0,62.0
"(2, 1)",0.01678409047420272,0.47760719115424394,0.5158163265306123,0.47007000238644503,0.022657054582904224,-0.013705745441638044,0.4230769230769231,0.5170630816959669,0.01164021164021164,0.9852216748768473,1960.0,1934.0,26.0
mean,0.02640185863040805,0.4813215464061776,0.47393154679637034,0.4819051568076986,0.0399928100796807,-0.011110706233102051,0.49041992448064553,0.47339038913475157,0.02088835650078533,0.9756514890539588,1960.5,1916.5,44.0
std,0.007000049083131028,0.046453332872558366,0.022274386736031666,0.04010669637172161,0.010681338454956746,0.02254276515280315,0.07856033300082084,0.02273147095523526,0.005728744917866202,0.007442466812350844,170.62702990245518,168.15543404838274,11.51810169544733
