,PRC-AUC,AUROC,Accuracy,Balanced Accuracy,F1-Score,MCC,Sensitivity,Specificity,Precision,Negative Predictive Value,Test Cases,Negative Test Cases,Positive Test Cases
"(0, 0)",0.03700905514506229,0.4549941653262687,0.4984984984984985,0.45543570820323587,0.03690888119953863,-0.02696073214072584,0.41025641025641024,0.5006150061500615,0.01932367149758454,0.972520908004779,1665.0,1626.0,39.0
"(0, 1)",0.022209664282395833,0.44123059282616534,0.487145390070922,0.4485311115837364,0.03341687552213868,-0.030014641942607206,0.40816326530612246,0.48889895786135024,0.017421602787456445,0.973826714801444,2256.0,2207.0,49.0
"(1, 0)",0.028412862419367444,0.47878132880448765,0.5189161554192229,0.47631619576964646,0.04467005076142132,-0.015111763570671772,0.43137254901960786,0.521259842519685,0.023554603854389723,0.9716242661448141,1956.0,1905.0,51.0
"(1, 1)",0.025878903904785915,0.5723617808680049,0.5124681933842239,0.5792517102164405,0.04771371769383699,0.0430924769121622,0.6486486486486487,0.5098547717842323,0.02476780185758514,0.9869477911646586,1965.0,1928.0,37.0
"(2, 0)",0.03741903864156863,0.5420425011466137,0.5425803161652218,0.5297864750547827,0.06659729448491156,0.02092017582120727,0.5161290322580645,0.5434439178515008,0.035595105672969966,0.9717514124293786,1961.0,1899.0,62.0
"(2, 1)",0.01135863744515811,0.4399212473152494,0.5096938775510204,0.4290231485164267,0.018386108273748723,-0.03249379596824563,0.34615384615384615,0.5118924508790073,0.00944386149003148,0.9831181727904668,1960.0,1934.0,26.0
mean,0.027048026973056374,0.4882219360477982,0.5115504051815182,0.4863907248907114,0.04128215465593265,-0.00676138014814683,0.46012062527378333,0.5126608245076395,0.021684441193336217,0.97663154422259,1960.5,1916.5,44.0
std,0.008940323326560789,0.051170498329898964,0.01725956600873522,0.05210638486454725,0.014713464492344473,0.02867138450591947,0.09804815405023101,0.01702808622505711,0.007959145933385476,0.0060848749564189645,170.62702990245518,168.15543404838274,11.51810169544733
