,PRC-AUC,AUROC,Accuracy,Balanced Accuracy,F1-Score,MCC,Sensitivity,Specificity,Precision,Negative Predictive Value,Test Cases,Negative Test Cases,Positive Test Cases
"(0, 0)",0.03651349133515293,0.5796354117387328,0.5459459459459459,0.5798325290945217,0.05970149253731343,0.048456326332106316,0.6153846153846154,0.544280442804428,0.03137254901960784,0.9833333333333333,1665.0,1626.0,39.0
"(0, 1)",0.023438469919161153,0.49415126267997,0.49556737588652483,0.522678305576875,0.045302013422818796,0.01322419083353583,0.5510204081632653,0.4943362029904848,0.023622047244094488,0.9802336028751123,2256.0,2207.0,49.0
"(1, 0)",0.02421083363261444,0.44126395965210236,0.47392638036809814,0.47230199166280684,0.04456824512534819,-0.017676487102810376,0.47058823529411764,0.47401574803149604,0.023391812865497075,0.9709677419354839,1956.0,1905.0,51.0
"(1, 1)",0.03456009293123509,0.5823987888303241,0.49770992366412214,0.5452226085006169,0.04267701260911736,0.024588790954616645,0.5945945945945946,0.495850622406639,0.022132796780684104,0.984552008238929,1965.0,1928.0,37.0
"(2, 0)",0.03554163419773446,0.4896804769912857,0.5130035696073432,0.47550918140277565,0.0535183349851338,-0.01715132424358284,0.43548387096774194,0.5155344918378094,0.028511087645195353,0.965483234714004,1961.0,1899.0,62.0
"(2, 1)",0.015469249888131243,0.37137061490732637,0.4775510204081633,0.4127356614430037,0.01727447216890595,-0.03996215082486253,0.34615384615384615,0.4793174767321613,0.008858267716535433,0.9819915254237288,1960.0,1934.0,26.0
mean,0.02828896198400489,0.49308341913329023,0.5006173693133662,0.5013800462800999,0.04384026180810625,0.0019132243248338409,0.5022042617596969,0.500555830800503,0.022981426878602385,0.9777602410867653,1960.5,1916.5,44.0
std,0.007789679529005292,0.07414003201894678,0.024105735257284017,0.054624841790547336,0.013260246013376059,0.029746541758849238,0.09445607275815351,0.023637781954627676,0.007091669853308655,0.007048305636950796,170.62702990245518,168.15543404838274,11.51810169544733
