,PRC-AUC,AUROC,Accuracy,Balanced Accuracy,F1-Score,MCC,Sensitivity,Specificity,Precision,Negative Predictive Value,Test Cases,Negative Test Cases,Positive Test Cases
"(0, 0)",0.018939824245876494,0.3858296275270445,0.5039039039039039,0.44569022613303055,0.035046728971962614,-0.03286181980550965,0.38461538461538464,0.5067650676506765,0.01835985312117503,0.9716981132075472,1665.0,1626.0,39.0
"(0, 1)",0.03303892354245691,0.5574840720157569,0.5212765957446809,0.5557733741434951,0.050966608084358524,0.03253919116207488,0.5918367346938775,0.5197100135931129,0.02662993572084481,0.9828620394173093,2256.0,2207.0,49.0
"(1, 0)",0.029987628744468905,0.5042149143121816,0.48057259713701433,0.5043384282846997,0.05046728971962617,0.0027678216949349834,0.5294117647058824,0.47926509186351707,0.02649656526005888,0.9743863393810032,1956.0,1905.0,51.0
"(1, 1)",0.015978735484034636,0.4263485477178423,0.5124681933842239,0.446709936077156,0.028397565922920896,-0.028990162750185643,0.3783783783783784,0.5150414937759336,0.014752370916754479,0.9773622047244095,1965.0,1928.0,37.0
"(2, 0)",0.03214338160058809,0.4729229305746658,0.52371239163692,0.4966408466255584,0.05846774193548387,-0.0023542216510712903,0.46774193548387094,0.5255397577672459,0.03118279569892473,0.967992240543162,1961.0,1899.0,62.0
"(2, 1)",0.030291676600415037,0.5803038739957044,0.48622448979591837,0.5309641237769469,0.02892960462873674,0.01417734850908216,0.5769230769230769,0.48500517063081694,0.01483679525222552,0.9884088514225501,1960.0,1934.0,26.0
mean,0.026730028369640012,0.48785066102386593,0.5046930286004435,0.4966861558401478,0.042045923210514806,-0.0024536404734457596,0.48815121246674514,0.5052210992135505,0.02204305266166391,0.9771182981159968,1960.5,1916.5,44.0
std,0.006691803803017135,0.06840788898718282,0.01643527159444274,0.04046200927554621,0.01174363907620098,0.02293907145941833,0.0851663528525863,0.01733973567288367,0.006364724640044269,0.006839268702772493,170.62702990245518,168.15543404838274,11.51810169544733
