,PRC-AUC,AUROC,Accuracy,Balanced Accuracy,F1-Score,MCC,Sensitivity,Specificity,Precision,Negative Predictive Value,Test Cases,Negative Test Cases,Positive Test Cases
"(0, 0)",0.0325645971114585,0.5528432207398997,0.5249249249249249,0.5315308922319992,0.050420168067226885,0.01909587227919723,0.5384615384615384,0.52460024600246,0.02644836272040302,0.9793340987370838,1665.0,1626.0,39.0
"(0, 1)",0.0251013217871238,0.5324708950186328,0.49024822695035464,0.5299372127645803,0.04643449419568823,0.017461238344757834,0.5714285714285714,0.48844585410058905,0.024200518582541054,0.9808917197452229,2256.0,2207.0,49.0
"(1, 0)",0.03374180838182367,0.5458288302197519,0.5040899795501023,0.5259533734753744,0.054580896686159834,0.01654320222303035,0.5490196078431373,0.5028871391076115,0.028717948717948718,0.9765545361875637,1956.0,1905.0,51.0
"(1, 1)",0.03515809329275735,0.5004205450263541,0.5221374045801527,0.4516373219692722,0.028955532574974147,-0.026331952605895156,0.3783783783783784,0.524896265560166,0.015053763440860216,0.9777777777777777,1965.0,1928.0,37.0
"(2, 0)",0.0297017639091071,0.4536853012621244,0.4941356450790413,0.4579659922879614,0.04980842911877395,-0.029419956927665823,0.41935483870967744,0.4965771458662454,0.026476578411405296,0.9632277834525026,1961.0,1899.0,62.0
"(2, 1)",0.012939443902523006,0.4807692307692308,0.4739795918367347,0.46784265372683165,0.022748815165876776,-0.014734743456402978,0.46153846153846156,0.4741468459152017,0.011661807580174927,0.9849624060150376,1960.0,1934.0,26.0
mean,0.028201171397465568,0.5110030038393323,0.5015859621535518,0.49414457440933646,0.04215805596811664,-0.00289772335716309,0.4863635660599608,0.5019255827587122,0.02209316324222221,0.9771247203191981,1960.5,1916.5,44.0
std,0.007559961155475361,0.03590659359682188,0.01788622476608492,0.03535108853744865,0.011905396910424542,0.02109052779840147,0.07146478101471498,0.018369740946752706,0.006388494223752042,0.006762364022058069,170.62702990245518,168.15543404838274,11.51810169544733
