,PRC-AUC,AUROC,Accuracy,Balanced Accuracy,F1-Score,MCC,Sensitivity,Specificity,Precision,Negative Predictive Value,Test Cases,Negative Test Cases,Positive Test Cases
"(0, 0)",0.019838937156749704,0.4195603494496483,0.4840840840840841,0.49810767338442613,0.04449388209121245,-0.0011454377757943628,0.5128205128205128,0.4833948339483395,0.023255813953488372,0.9763975155279503,1665.0,1626.0,39.0
"(0, 1)",0.03791203530147091,0.6300731438928087,0.5044326241134752,0.5970520514503943,0.05733558178752107,0.056589863506601154,0.6938775510204082,0.5002265518803806,0.02990325417766051,0.9865951742627346,2256.0,2207.0,49.0
"(1, 0)",0.027116974696642628,0.49601152797076836,0.5086912065439673,0.509232669445731,0.051332675222112545,0.005885849220186242,0.5098039215686274,0.5086614173228347,0.02702702702702703,0.9748490945674044,1956.0,1905.0,51.0
"(1, 1)",0.019953624228331926,0.4802904564315353,0.5150127226463105,0.4877691488168667,0.034447821681864235,-0.006653439783931173,0.4594594594594595,0.5160788381742739,0.017894736842105262,0.9802955665024631,1965.0,1928.0,37.0
"(2, 0)",0.03717888808077729,0.5191526949667906,0.4691483936766956,0.5074742224260647,0.06131650135256989,0.005243338574158912,0.5483870967741935,0.46656134807793576,0.03247373447946514,0.9693654266958425,1961.0,1899.0,62.0
"(2, 1)",0.02846329757248464,0.5842216211916316,0.4913265306122449,0.5904661522551905,0.03484995159728945,0.04141616079001103,0.6923076923076923,0.4886246122026887,0.01787487586891758,0.9916054564533053,1960.0,1934.0,26.0
mean,0.028410626172742846,0.5215516323171973,0.49544926027946284,0.5316836529631123,0.04729606895542827,0.016889389088538636,0.5694427056584823,0.4939246002677422,0.024738240391443983,0.97985137233495,1960.5,1916.5,44.0
std,0.0072322222865451175,0.06888057808876032,0.015687992968843236,0.04448667030830714,0.010340003861846497,0.023501483473312035,0.091179626821654,0.016509653998476113,0.005595990856611486,0.007424527280286087,170.62702990245518,168.15543404838274,11.51810169544733
