,PRC-AUC,AUROC,Accuracy,Balanced Accuracy,F1-Score,MCC,Sensitivity,Specificity,Precision,Negative Predictive Value,Test Cases,Negative Test Cases,Positive Test Cases
"(0, 0)",0.025022495460050812,0.47137855993944555,0.4666666666666667,0.4766770744630523,0.041036717062634995,-0.014140149042349294,0.48717948717948717,0.4661746617466175,0.02142051860202931,0.974293059125964,1665.0,1626.0,39.0
"(0, 1)",0.01883969771208634,0.45281710327991637,0.44636524822695034,0.46759845759781027,0.03700848111025443,-0.019000163048589678,0.4897959183673469,0.44540099682827367,0.019230769230769232,0.9751984126984127,2256.0,2207.0,49.0
"(1, 0)",0.02823530574535151,0.4772579898100973,0.49744376278118607,0.46529257372240235,0.042843232716650435,-0.022123153714557354,0.43137254901960786,0.49921259842519683,0.022540983606557378,0.9704081632653061,1956.0,1905.0,51.0
"(1, 1)",0.0366101849478803,0.49499551418638554,0.4900763358778626,0.4618075025232702,0.030947775628626693,-0.02076716307720075,0.43243243243243246,0.49118257261410786,0.0160481444332999,0.9783057851239669,1965.0,1928.0,37.0
"(2, 0)",0.031751091824373134,0.5206050722791282,0.5068842427332994,0.5269581613412831,0.06570048309178744,0.018868774685243245,0.5483870967741935,0.5055292259083728,0.03494347379239465,0.97165991902834,1961.0,1899.0,62.0
"(2, 1)",0.010304803844307927,0.3771378569723967,0.49948979591836734,0.46179699307930955,0.021934197407776673,-0.017483098761445097,0.4230769230769231,0.500517063081696,0.011258955987717503,0.9847405900305188,1960.0,1934.0,26.0
mean,0.025127263255675006,0.46569868274456167,0.48448767536738874,0.47668846045452135,0.03991181450295511,-0.01244082549314982,0.46870740114166515,0.4846695197673774,0.020907140942127995,0.9757676548787515,1960.5,1916.5,44.0
std,0.008608545012292561,0.04481043308573766,0.02120012177782005,0.02303163061520058,0.013459148686844204,0.014228513450607478,0.04458456848826273,0.021695889129228662,0.007296793593298713,0.004744326152448879,170.62702990245518,168.15543404838274,11.51810169544733
