,PRC-AUC,AUROC,Accuracy,Balanced Accuracy,F1-Score,MCC,Sensitivity,Specificity,Precision,Negative Predictive Value,Test Cases,Negative Test Cases,Positive Test Cases
"(0, 0)",0.12749172239081555,0.7099378686094553,0.9741741741741742,0.5488220266818052,0.15686274509803919,0.17458676737941678,0.10256410256410256,0.995079950799508,0.3333333333333333,0.9788263762855415,1665.0,1626.0,39.0
"(0, 1)",0.05442092387932193,0.5579048112221782,0.9654255319148937,0.5333401144780522,0.09302325581395349,0.07652736780395114,0.08163265306122448,0.9850475758948799,0.10810810810810811,0.9797205948625507,2256.0,2207.0,49.0
"(1, 0)",0.10578473509736627,0.6097009932581956,0.9734151329243353,0.5092789871854253,0.037037037037037035,0.07557034408896904,0.0196078431372549,0.9989501312335958,0.3333333333333333,0.9743983614951357,1956.0,1905.0,51.0
"(1, 1)",0.060751001911464715,0.6466580688572391,0.9770992366412213,0.5111794886172479,0.0425531914893617,0.04271033026632869,0.02702702702702703,0.9953319502074689,0.1,0.9815856777493606,1965.0,1928.0,37.0
"(2, 0)",0.07477485607699397,0.5861404134603951,0.96838347781744,0.507801219657205,0.03125,0.08553002783348851,0.016129032258064516,0.9994734070563455,0.5,0.968861664114344,1961.0,1899.0,62.0
"(2, 1)",0.09806296064360004,0.6556658181528916,0.9857142857142858,0.5374274122981465,0.125,0.15502323699111345,0.07692307692307693,0.9979317476732161,0.3333333333333333,0.9877175025588536,1960.0,1934.0,26.0
mean,0.08688103333326042,0.6276679955933925,0.9740353065310584,0.5246415414863137,0.08095437157306525,0.10165801239387794,0.053980622495125065,0.9953024604775024,0.28468468468468466,0.9785183628442976,1960.5,1916.5,44.0
std,0.02586700047072604,0.04971097816555281,0.006484102466240503,0.015940885118692363,0.047822003268360176,0.04692814960010153,0.03413715643824901,0.004879010939214507,0.14068195703307612,0.005856606921512164,170.62702990245518,168.15543404838274,11.51810169544733
