,PRC-AUC,AUROC,Accuracy,Balanced Accuracy,F1-Score,MCC,Sensitivity,Specificity,Precision,Negative Predictive Value,Test Cases,Negative Test Cases,Positive Test Cases
"(0, 0)",0.038404592976433644,0.5861797079509257,0.4948948948948949,0.56620777746239,0.056116722783389444,0.04006512562914889,0.6410256410256411,0.491389913899139,0.029342723004694836,0.982779827798278,1665.0,1626.0,39.0
"(0, 1)",0.029081050711745236,0.49490027093755495,0.5226063829787234,0.49658785127100225,0.04096170970614426,-0.0019918025143823835,0.46938775510204084,0.5237879474399637,0.021415270018621976,0.9780033840947546,2256.0,2207.0,49.0
"(1, 0)",0.027997444961661566,0.43011682363234005,0.4897750511247444,0.4518141114713602,0.04038461538461539,-0.03071645290376071,0.4117647058823529,0.49186351706036746,0.021233569261880688,0.9689762150982419,1956.0,1905.0,51.0
"(1, 1)",0.021446734980455448,0.45041774139284513,0.4910941475826972,0.48883452955029716,0.03474903474903474,-0.00607141741020561,0.4864864864864865,0.49118257261410786,0.018018018018018018,0.9803312629399586,1965.0,1928.0,37.0
"(2, 0)",0.027346992685668366,0.4342778032580815,0.4956654767975523,0.4353522227318283,0.04444444444444445,-0.04524879600401038,0.3709677419354839,0.49973670352817273,0.023638232271325797,0.9605263157894737,1961.0,1899.0,62.0
"(2, 1)",0.01519569307749851,0.47555882586906373,0.5045918367346939,0.5023267838676319,0.02607823470411234,0.0010648616529239884,0.5,0.5046535677352637,0.013388259526261586,0.9868554095045501,1960.0,1934.0,26.0
mean,0.026578751565577128,0.47857519550680183,0.49977129835221773,0.4901872127257516,0.040455793628623435,-0.007149746925047701,0.47993872173866753,0.5004357037128356,0.021172678683467148,0.9762454025375428,1960.5,1916.5,44.0
std,0.007125383337469381,0.053162726069570336,0.011258579436913184,0.04173061307054203,0.00913524632288421,0.02686825369865808,0.08468374248564423,0.011579690538104625,0.004889447863393509,0.0088974386757521,170.62702990245518,168.15543404838274,11.51810169544733
