,PRC-AUC,AUROC,Accuracy,Balanced Accuracy,F1-Score,MCC,Sensitivity,Specificity,Precision,Negative Predictive Value,Test Cases,Negative Test Cases,Positive Test Cases
"(0, 0)",0.09992258661738909,0.6267306903838269,0.975975975975976,0.5372315261614155,0.13043478260869565,0.17405725314117224,0.07692307692307693,0.997539975399754,0.42857142857142855,0.9782870928829915,1665.0,1626.0,39.0
"(0, 1)",0.04691529445899495,0.5748222261265177,0.9725177304964538,0.5070323553073245,0.03125,0.02522687467477785,0.02040816326530612,0.993656547349343,0.06666666666666667,0.9785809906291834,2256.0,2207.0,49.0
"(1, 0)",0.07285459621697912,0.6463846430960836,0.9723926380368099,0.5182955071792497,0.06896551724137931,0.0976454671407276,0.0392156862745098,0.9973753280839895,0.2857142857142857,0.9748589020010262,1956.0,1905.0,51.0
"(1, 1)",0.05800749525853797,0.6110238869574969,0.978117048346056,0.5249523382303465,0.0851063829787234,0.09532838604898443,0.05405405405405406,0.995850622406639,0.2,0.9820971867007673,1965.0,1928.0,37.0
"(2, 0)",0.07474306901793815,0.5444631300005096,0.96838347781744,0.51560243931441,0.06060606060606061,0.1210195172977298,0.03225806451612903,0.9989468141126909,0.5,0.9693408277976495,1961.0,1899.0,62.0
"(2, 1)",0.05693946810704054,0.5523029194177074,0.985204081632653,0.5371688807572985,0.12121212121212123,0.14256871870755664,0.07692307692307693,0.9974146845915202,0.2857142857142857,0.9877112135176651,1960.0,1934.0,26.0
mean,0.06823041827947997,0.592621249330357,0.9754318253842315,0.5233805078250074,0.08292914410783003,0.10930770283515807,0.04996368699269214,0.9967973286573227,0.29444444444444445,0.9784793689215472,1960.5,1916.5,44.0
std,0.017100289420398648,0.03797848285799126,0.005329342151022858,0.011090974258099276,0.03437816473299546,0.046254694794216546,0.021497620345263188,0.0016657222429143673,0.1421255517546976,0.005700636978629871,170.62702990245518,168.15543404838274,11.51810169544733
