,PRC-AUC,AUROC,Accuracy,Balanced Accuracy,F1-Score,MCC,Sensitivity,Specificity,Precision,Negative Predictive Value,Test Cases,Negative Test Cases,Positive Test Cases
"(0, 0)",0.1045405059096088,0.5936386286939792,0.9741741741741742,0.5363090169363232,0.12244897959183675,0.14214711879841618,0.07692307692307693,0.9956949569495694,0.3,0.9782477341389728,1665.0,1626.0,39.0
"(0, 1)",0.047143795204988584,0.49870541782639644,0.9738475177304965,0.5176895407007388,0.06349206349206349,0.06566953439951775,0.04081632653061224,0.9945627548708654,0.14285714285714285,0.9790365744870652,2256.0,2207.0,49.0
"(1, 0)",0.05520119722193935,0.6044104781020019,0.971881390593047,0.5180330399876486,0.06779661016949153,0.09005172774583706,0.0392156862745098,0.9968503937007874,0.25,0.9748459958932238,1956.0,1905.0,51.0
"(1, 1)",0.043851372497925006,0.5782634294045083,0.973027989821883,0.5091047998205674,0.03636363636363636,0.025979784597302914,0.02702702702702703,0.9911825726141079,0.05555555555555555,0.9815100154083205,1965.0,1928.0,37.0
"(2, 0)",0.03665448394580324,0.4033829349912518,0.9668536460989291,0.49921011058451814,0.0,-0.007072739229192675,0.0,0.9984202211690363,0.0,0.9683350357507661,1961.0,1899.0,62.0
"(2, 1)",0.059249275311919036,0.6668821096173734,0.9862244897959184,0.5376859438389945,0.12903225806451613,0.17094874549301206,0.07692307692307693,0.9984488107549121,0.4,0.9877237851662404,1960.0,1934.0,26.0
mean,0.05777343834869733,0.5575471664392518,0.9743348680357414,0.5196720753114651,0.06985559128025738,0.08128736196748222,0.04348419894638381,0.9958599516765464,0.19140211640211638,0.9782831901407648,1960.5,1916.5,44.0
std,0.022168959505693274,0.08476538072474338,0.005849823392387599,0.013773546372296679,0.04530303696987785,0.06181995354888397,0.02715194569433616,0.0025108419673996007,0.13915576526512574,0.005928549020154696,170.62702990245518,168.15543404838274,11.51810169544733
