,PRC-AUC,AUROC,Accuracy,Balanced Accuracy,F1-Score,MCC,Sensitivity,Specificity,Precision,Negative Predictive Value,Test Cases,Negative Test Cases,Positive Test Cases
"(0, 0)",0.0942181976246956,0.6299870691014602,0.9753753753753753,0.5369240230863848,0.12765957446808512,0.16151963924373783,0.07692307692307693,0.9969249692496925,0.375,0.9782739891369946,1665.0,1626.0,39.0
"(0, 1)",0.04604348767300977,0.4683058542855294,0.9711879432624113,0.5163302294184552,0.05797101449275362,0.05078910863289275,0.04081632653061224,0.9918441323062981,0.1,0.9789803220035778,2256.0,2207.0,49.0
"(1, 0)",0.06738084321598445,0.5990427667129844,0.9703476482617587,0.5077041840358191,0.03333333333333333,0.03628147977013152,0.0196078431372549,0.9958005249343832,0.1111111111111111,0.9743194658448896,1956.0,1905.0,51.0
"(1, 1)",0.0285879292284038,0.5633761354715712,0.9765903307888041,0.49766597510373445,0.0,-0.009396890729395011,0.0,0.9953319502074689,0.0,0.9810838445807771,1965.0,1928.0,37.0
"(2, 0)",0.05894139456907356,0.528958365183713,0.9678735339112697,0.5075379231853777,0.03076923076923077,0.06749522651514515,0.016129032258064516,0.9989468141126909,0.3333333333333333,0.9688457609805925,1961.0,1899.0,62.0
"(2, 1)",0.03962784375469043,0.540490016705115,0.985204081632653,0.5181966430673773,0.06451612903225806,0.08254253410348604,0.038461538461538464,0.9979317476732161,0.2,0.9872122762148338,1960.0,1934.0,26.0
mean,0.0557999493443096,0.5550267012433955,0.9744298188720454,0.5140598296495247,0.052374880349276814,0.06487184958933305,0.0319896362184245,0.9961300230806249,0.18657407407407403,0.9781192764602776,1960.5,1916.5,44.0
std,0.021280535567486575,0.05170035857410438,0.005653986406727924,0.012225160147864903,0.03962117385025651,0.05194790510782774,0.024382420092317985,0.0022703454842194844,0.1324276402567759,0.005666764129292088,170.62702990245518,168.15543404838274,11.51810169544733
