,PRC-AUC,AUROC,Accuracy,Balanced Accuracy,F1-Score,MCC,Sensitivity,Specificity,Precision,Negative Predictive Value,Test Cases,Negative Test Cases,Positive Test Cases
"(0, 0)",0.11863932053840788,0.6334011417037246,0.9771771771771772,0.5378465323114769,0.13636363636363635,0.20922309249351914,0.07692307692307693,0.998769987699877,0.6,0.9783132530120482,1665.0,1626.0,39.0
"(0, 1)",0.050790646324659974,0.608583079810991,0.9738475177304965,0.5176895407007388,0.06349206349206349,0.06566953439951775,0.04081632653061224,0.9945627548708654,0.14285714285714285,0.9790365744870652,2256.0,2207.0,49.0
"(1, 0)",0.048450301034108266,0.4939786938397407,0.971881390593047,0.5084915856106222,0.03508771929824561,0.04893937686693825,0.0196078431372549,0.9973753280839895,0.16666666666666666,0.9743589743589743,1956.0,1905.0,51.0
"(1, 1)",0.057553512916290586,0.6042671302007401,0.978117048346056,0.5116981608164181,0.044444444444444446,0.04994149669161806,0.02702702702702703,0.9963692946058091,0.125,0.9816044966785897,1965.0,1928.0,37.0
"(2, 0)",0.0510957333705108,0.5425351203519679,0.9678735339112697,0.49973670352817273,0.0,-0.004081363974348952,0.0,0.9994734070563455,0.0,0.9683673469387755,1961.0,1899.0,62.0
"(2, 1)",0.08132980138856556,0.6840446265213587,0.9857142857142858,0.5374274122981465,0.125,0.15502323699111345,0.07692307692307693,0.9979317476732161,0.3333333333333333,0.9877175025588536,1960.0,1934.0,26.0
mean,0.06797655259542384,0.5944682987380872,0.9757684922453888,0.5188149892109292,0.06739797726639832,0.08745256224472629,0.04021622509017467,0.9974137533316837,0.22797619047619044,0.9782330246723845,1960.5,1916.5,44.0
std,0.02521658514158368,0.06141409259174264,0.005590900138632452,0.01432417218782815,0.048653222056218755,0.07203837352505481,0.02860987934692623,0.0016109224075119939,0.19282254000763557,0.005976539357255835,170.62702990245518,168.15543404838274,11.51810169544733
