,PRC-AUC,AUROC,Accuracy,Balanced Accuracy,F1-Score,MCC,Sensitivity,Specificity,Precision,Negative Predictive Value,Test Cases,Negative Test Cases,Positive Test Cases
"(0, 0)",0.04416019069875017,0.630775538524616,0.4966966966966967,0.5671302866874823,0.05630630630630631,0.04062020839988347,0.6410256410256411,0.4932349323493235,0.02944640753828033,0.9828431372549019,1665.0,1626.0,39.0
"(0, 1)",0.02599999018778349,0.4673996467640069,0.49556737588652483,0.48276818656778525,0.03885135135135136,-0.01004753318134745,0.46938775510204084,0.49614861803352966,0.02026431718061674,0.9768064228367529,2256.0,2207.0,49.0
"(1, 0)",0.030673076923927536,0.50741598476661,0.5061349693251533,0.5079203334877258,0.05108055009823182,0.005048875469282039,0.5098039215686274,0.5060367454068242,0.02688728024819028,0.974721941354904,1956.0,1905.0,51.0
"(1, 1)",0.02603550678070036,0.47642144218907706,0.4865139949109415,0.45999214982617476,0.030739673390970224,-0.021757101479768184,0.43243243243243246,0.487551867219917,0.01593625498007968,0.9781477627471384,1965.0,1928.0,37.0
"(2, 0)",0.03258516076793973,0.48037167269700515,0.4961754207037226,0.48242283714688544,0.055449330783938815,-0.012302468683985096,0.46774193548387094,0.49710373880989994,0.029471544715447155,0.9662231320368475,1961.0,1899.0,62.0
"(2, 1)",0.017146555089463944,0.5621072309283272,0.5209183673469387,0.5295720308646885,0.028955532574974144,0.01354391288188605,0.5384615384615384,0.5206825232678387,0.01487778958554729,0.9882237487733072,1960.0,1934.0,26.0
mean,0.029433413408094206,0.5207485859782738,0.5003344708116629,0.5049676374301236,0.04356379075096211,0.002517648900991805,0.5098088706790253,0.5001264041812222,0.022813932374693577,0.9778276908339752,1960.5,1916.5,44.0
std,0.008191960471723799,0.05836026926446854,0.010813605828149404,0.03536044795294659,0.011256151753097913,0.02060167403281447,0.06761338998634728,0.010708694424711316,0.006078528304968765,0.006815296796345041,170.62702990245518,168.15543404838274,11.51810169544733
