,PRC-AUC,AUROC,Accuracy,Balanced Accuracy,F1-Score,MCC,Sensitivity,Specificity,Precision,Negative Predictive Value,Test Cases,Negative Test Cases,Positive Test Cases
"(0, 0)",0.02119991925537818,0.4164695493108777,0.45105105105105103,0.4311429652758066,0.03382663847780127,-0.041824681233044905,0.41025641025641024,0.45202952029520294,0.017640573318632856,0.9696569920844327,1665.0,1626.0,39.0
"(0, 1)",0.02508457964549141,0.5421432732585558,0.4720744680851064,0.5505811749257927,0.049481245011971264,0.029559494442930802,0.6326530612244898,0.4685092886270956,0.02574750830564784,0.9828897338403042,2256.0,2207.0,49.0
"(1, 0)",0.051622932904763226,0.5569965519016005,0.5286298568507157,0.5290103442951983,0.055327868852459015,0.01851890303618817,0.5294117647058824,0.5286089238845144,0.02918918918918919,0.976721629485936,1956.0,1905.0,51.0
"(1, 1)",0.024270041894808535,0.5073735561287429,0.5450381679389313,0.5295783335202422,0.0407725321888412,0.016145617800716355,0.5135135135135135,0.5456431535269709,0.021229050279329607,0.983177570093458,1965.0,1928.0,37.0
"(2, 0)",0.03049265786047786,0.4764816796616216,0.5395206527281999,0.520405476566614,0.06424870466321245,0.014326772211522404,0.5,0.540810953133228,0.03433001107419712,0.9706994328922496,1961.0,1899.0,62.0
"(2, 1)",0.011399051595338782,0.3832829528279373,0.5204081632653061,0.39650783549439184,0.014675052410901468,-0.047428406988406946,0.2692307692307692,0.5237849017580145,0.007543103448275862,0.9815891472868217,1960.0,1934.0,26.0
mean,0.02734486385937633,0.48045792718155594,0.5094537266532183,0.4928710216796743,0.043055340267531106,-0.0017837167883490203,0.4758442531551775,0.509897790204171,0.022613239269212076,0.9774557509472004,1960.5,1916.5,44.0
std,0.012287703415972451,0.06316775649515165,0.03527529268635519,0.05750116227007865,0.01600461804362353,0.030720022606791308,0.11288035756124246,0.03614336674348125,0.008603312160152102,0.005573146291287661,170.62702990245518,168.15543404838274,11.51810169544733
