,PRC-AUC,AUROC,Accuracy,Balanced Accuracy,F1-Score,MCC,Sensitivity,Specificity,Precision,Negative Predictive Value,Test Cases,Negative Test Cases,Positive Test Cases
"(0, 0)",0.17315222424500634,0.6758286813637367,0.9765765765765766,0.5125130097454821,0.048780487804878044,0.10927560765417892,0.02564102564102564,0.9993849938499385,0.5,0.9771497294046904,1665.0,1626.0,39.0
"(0, 1)",0.08803065057169646,0.6805757191866325,0.9782801418439716,0.5099775297522724,0.039215686274509796,0.09773728708750039,0.02040816326530612,0.9995468962392388,0.5,0.9787045252883763,2256.0,2207.0,49.0
"(1, 0)",0.11511822204395254,0.7141938140085431,0.9734151329243353,0.49973753280839894,0.0,-0.003700532452412642,0.0,0.9994750656167979,0.0,0.9739130434782609,1956.0,1905.0,51.0
"(1, 1)",0.060418990619820666,0.6235421105753055,0.9806615776081425,0.49974066390041494,0.0,-0.0031259109767342577,0.0,0.9994813278008299,0.0,0.9811608961303462,1965.0,1928.0,37.0
"(2, 0)",0.10645370895188178,0.6221525760587066,0.96838347781744,0.5,0.0,0.0,0.0,1.0,,0.96838347781744,1961.0,1899.0,62.0
"(2, 1)",0.04730393309521458,0.6721919497255588,0.9862244897959184,0.499741468459152,0.0,-0.002619637635152517,0.0,0.999482936918304,0.0,0.9867279224093926,1960.0,1934.0,26.0
mean,0.09841295492126205,0.6647474751530805,0.9772568994277308,0.5036183674442867,0.014666029013231307,0.032927802279563316,0.0076748648177219604,0.9995618700708516,0.2,0.977673265754751,1960.5,1916.5,44.0
std,0.041014517212466295,0.03262385264134592,0.005582952559482084,0.005443252671482284,0.02092387630738696,0.050031027870791944,0.010958512855046273,0.00020154394105180543,0.2449489742783178,0.005714417304715137,170.62702990245518,168.15543404838274,11.51810169544733
