,PRC-AUC,AUROC,Accuracy,Balanced Accuracy,F1-Score,MCC,Sensitivity,Specificity,Precision,Negative Predictive Value,Test Cases,Negative Test Cases,Positive Test Cases
"(0, 0)",0.08285440419621447,0.5763080707730155,0.975975975975976,0.5372315261614155,0.13043478260869565,0.17405725314117224,0.07692307692307693,0.997539975399754,0.42857142857142855,0.9782870928829915,1665.0,1626.0,39.0
"(0, 1)",0.04040746442649344,0.3803297485736479,0.9711879432624113,0.5263077591707277,0.08450704225352113,0.07804770461944187,0.061224489795918366,0.991391028545537,0.13636363636363635,0.9794091316025068,2256.0,2207.0,49.0
"(1, 0)",0.05143595698703171,0.5625340950028305,0.9698364008179959,0.5169831712212444,0.06349206349206349,0.06931745489655262,0.0392156862745098,0.994750656167979,0.16666666666666666,0.9747942386831275,1956.0,1905.0,51.0
"(1, 1)",0.030548580770220084,0.595744084333296,0.978117048346056,0.49844398340248963,0.0,-0.007666652070111755,0.0,0.9968879668049793,0.0,0.9811128126595202,1965.0,1928.0,37.0
"(2, 0)",0.03334645572624842,0.4600638706280046,0.9668536460989291,0.49921011058451814,0.0,-0.007072739229192675,0.0,0.9984202211690363,0.0,0.9683350357507661,1961.0,1899.0,62.0
"(2, 1)",0.017923775401441626,0.5730252167687535,0.986734693877551,0.5,0.0,0.0,0.0,1.0,,0.986734693877551,1960.0,1934.0,26.0
mean,0.04275277291794163,0.5246675143465913,0.9747842847298199,0.5130294250900659,0.04640564805904671,0.05111383689297705,0.029560542165584184,0.9964983080145476,0.1463203463203463,0.9781121675760772,1960.5,1916.5,44.0
std,0.020586966813334124,0.07799358156636423,0.006527505603149807,0.01500645661872394,0.05043974920704187,0.06535204202801229,0.03151855021339343,0.0027788214648220336,0.15684264072714185,0.005651924512255849,170.62702990245518,168.15543404838274,11.51810169544733
