,PRC-AUC,AUROC,Accuracy,Balanced Accuracy,F1-Score,MCC,Sensitivity,Specificity,Precision,Negative Predictive Value,Test Cases,Negative Test Cases,Positive Test Cases
"(0, 0)",0.027272747405744237,0.43854669315923933,0.49309309309309307,0.4526681805279591,0.0365296803652968,-0.028635045123987474,0.41025641025641024,0.495079950799508,0.019115890083632018,0.9722222222222222,1665.0,1626.0,39.0
"(0, 1)",0.03083200376362266,0.5281063036904838,0.4791666666666667,0.49434082649824773,0.04081632653061224,-0.00330268133920316,0.5102040816326531,0.47847757136384234,0.021258503401360544,0.9777777777777777,2256.0,2207.0,49.0
"(1, 0)",0.025607109290695658,0.4604497967165869,0.49795501022494887,0.44647213215995063,0.03913894324853229,-0.03412045297458303,0.39215686274509803,0.5007874015748032,0.02059732234809475,0.9685279187817258,1956.0,1905.0,51.0
"(1, 1)",0.03176744132268603,0.5336576202758776,0.5139949109414759,0.5270130088594819,0.04020100502512562,0.014691287025514518,0.5405405405405406,0.5134854771784232,0.020876826722338204,0.9831181727904668,1965.0,1928.0,37.0
"(2, 0)",0.02691235489766928,0.43429479012723166,0.48291687914329423,0.4599746895649663,0.05056179775280898,-0.02802349870848876,0.43548387096774194,0.48446550816219064,0.0268389662027833,0.9633507853403142,1961.0,1899.0,62.0
"(2, 1)",0.015362016082596224,0.5352796118049479,0.5096938775510204,0.48593986158619046,0.024365482233502538,-0.006435883266125257,0.46153846153846156,0.5103412616339194,0.01251303441084463,0.986013986013986,1960.0,1934.0,26.0
mean,0.026292278793835677,0.4883891359623946,0.4961367396034165,0.47773478319946605,0.03860220585931308,-0.014304379064478859,0.4583633712801509,0.4971061951187811,0.020200090528175573,0.9751684771544155,1960.5,1916.5,44.0
std,0.005352140082510026,0.04475205738759327,0.012767329732997486,0.027965861197147317,0.007721809761153743,0.01736835364341306,0.05271255480044331,0.012701164009650698,0.004204699659968026,0.007958920009561643,170.62702990245518,168.15543404838274,11.51810169544733
