,PRC-AUC,AUROC,Accuracy,Balanced Accuracy,F1-Score,MCC,Sensitivity,Specificity,Precision,Negative Predictive Value,Test Cases,Negative Test Cases,Positive Test Cases
"(0, 0)",0.026378993965259993,0.4831109849560034,0.5009009009009009,0.4942047497398051,0.04372842347525892,-0.003506004595515232,0.48717948717948717,0.501230012300123,0.02289156626506024,0.9760479041916168,1665.0,1626.0,39.0
"(0, 1)",0.023492668477232123,0.4799385998169091,0.49157801418439717,0.4507966303875424,0.03369839932603202,-0.028690096908122062,0.40816326530612246,0.4934299954689624,0.01757469244288225,0.9740608228980322,2256.0,2207.0,49.0
"(1, 0)",0.035379410544753305,0.5253975605990427,0.48057259713701433,0.5138798826617261,0.05223880597014926,0.00885583858179786,0.5490196078431373,0.47874015748031495,0.02742409402546523,0.9754010695187165,1956.0,1905.0,51.0
"(1, 1)",0.023085089385636436,0.5029017606818437,0.4997455470737914,0.5064974206571717,0.03721841332027424,0.003532590562998895,0.5135135135135135,0.4994813278008299,0.019308943089430895,0.981651376146789,1965.0,1928.0,37.0
"(2, 0)",0.029151761532626767,0.4723793507618611,0.49056603773584906,0.49512901527119535,0.058435438265787,-0.003409846356466642,0.5,0.49025803054239075,0.031031031031031032,0.9677754677754677,1961.0,1899.0,62.0
"(2, 1)",0.04609230866993806,0.6614628907803676,0.5510204081632653,0.6207143425344046,0.039301310043668124,0.055477500462638045,0.6923076923076923,0.5491209927611168,0.020224719101123594,0.9925233644859813,1960.0,1934.0,26.0
mean,0.030596705429241117,0.5208651912660046,0.5023972508658697,0.5135370068753077,0.04410346506686159,0.005376663624555143,0.5250305943583254,0.5020434193922896,0.02307584099249887,0.9779100008361006,1960.5,1916.5,44.0
std,0.00805974211203284,0.06527146266425408,0.02275533277669211,0.05193842472836946,0.008664678365581019,0.02530562467535918,0.08602998797504015,0.022284719489978923,0.004740030966488182,0.007690203267835918,170.62702990245518,168.15543404838274,11.51810169544733
