,PRC-AUC,AUROC,Accuracy,Balanced Accuracy,F1-Score,MCC,Sensitivity,Specificity,Precision,Negative Predictive Value,Test Cases,Negative Test Cases,Positive Test Cases
"(0, 0)",0.029261421677421705,0.5169678619863122,0.5261261261261261,0.48209385940013244,0.041312272174969626,-0.010851220149357183,0.4358974358974359,0.528290282902829,0.021683673469387755,0.9750283768444948,1665.0,1626.0,39.0
"(0, 1)",0.019638118711094242,0.42921871965823033,0.4649822695035461,0.4571585770692509,0.03517186250999201,-0.025033440991288312,0.4489795918367347,0.4653375623017671,0.018302828618968387,0.9743833017077799,2256.0,2207.0,49.0
"(1, 0)",0.04379352793645519,0.5890690134321445,0.48057259713701433,0.5615871545468581,0.06099815157116452,0.039314478026266426,0.6470588235294118,0.47611548556430444,0.03200775945683802,0.9805405405405405,1956.0,1905.0,51.0
"(1, 1)",0.033857762419025016,0.5420965571380509,0.5053435114503817,0.5491126499943928,0.04330708661417323,0.026702254896127778,0.5945945945945946,0.5036307053941909,0.02247191011235955,0.9847870182555781,1965.0,1928.0,37.0
"(2, 0)",0.029640627585220028,0.4784861302213389,0.50790413054564,0.4962798756561178,0.05853658536585366,-0.00260415820715081,0.4838709677419355,0.5086887835703001,0.03115264797507788,0.9679358717434869,1961.0,1899.0,62.0
"(2, 1)",0.01940112545182248,0.5114748230053298,0.4739795918367347,0.5247593667965953,0.028275212064090484,0.011348628956168968,0.5769230769230769,0.4725956566701138,0.014492753623188406,0.9881081081081081,1960.0,1934.0,26.0
mean,0.029265430630173107,0.5112188509069011,0.49315137109990714,0.5118319139105578,0.04460019505004059,0.006479423755127812,0.5312207484205316,0.49244307940058424,0.023351928875970002,0.9784638695333313,1960.5,1916.5,44.0
std,0.008389334129966773,0.04973705815869529,0.021497703853745054,0.03685093357737592,0.011768581359846682,0.021934509232300576,0.07917864856481877,0.02261757224295923,0.00636802599186652,0.006789679560185323,170.62702990245518,168.15543404838274,11.51810169544733
