,PRC-AUC,AUROC,Accuracy,Balanced Accuracy,F1-Score,MCC,Sensitivity,Specificity,Precision,Negative Predictive Value,Test Cases,Negative Test Cases,Positive Test Cases
"(0, 0)",0.06600506714092888,0.602540448481408,0.9735735735735735,0.5234885041158104,0.08333333333333333,0.09690060936137275,0.05128205128205128,0.9956949569495694,0.2222222222222222,0.9776570048309179,1665.0,1626.0,39.0
"(0, 1)",0.047725269397660086,0.5395541089113489,0.9720744680851063,0.5467159224360338,0.136986301369863,0.13275210460626477,0.10204081632653061,0.991391028545537,0.20833333333333334,0.9802867383512545,2256.0,2207.0,49.0
"(1, 0)",0.059978917643962223,0.6301888734496424,0.9698364008179959,0.5169831712212444,0.06349206349206349,0.06931745489655262,0.0392156862745098,0.994750656167979,0.16666666666666666,0.9747942386831275,1956.0,1905.0,51.0
"(1, 1)",0.06179729192971946,0.7013709767859145,0.9770992366412213,0.5111794886172479,0.0425531914893617,0.04271033026632869,0.02702702702702703,0.9953319502074689,0.1,0.9815856777493606,1965.0,1928.0,37.0
"(2, 0)",0.06423703837613325,0.5703213915643208,0.96838347781744,0.5,0.0,0.0,0.0,1.0,,0.96838347781744,1961.0,1899.0,62.0
"(2, 1)",0.014245271621212212,0.5162477129902155,0.9816326530612245,0.49741468459152016,0.0,-0.008303116536947373,0.0,0.9948293691830403,0.0,0.9866666666666667,1960.0,1934.0,26.0
mean,0.052331476018269346,0.5933705853638084,0.9737666349994271,0.5159636284969761,0.05439414828077025,0.05556289709892858,0.03659426348501978,0.9953329935089323,0.13944444444444443,0.9782289673497946,1960.5,1916.5,44.0
std,0.018021147985726196,0.06120889530971386,0.004477839832597029,0.01645780236516896,0.0479572157182965,0.050311462870241075,0.03482256572041039,0.0025180617619324805,0.081657217896325,0.005711900766984584,170.62702990245518,168.15543404838274,11.51810169544733
