,PRC-AUC,AUROC,Accuracy,Balanced Accuracy,F1-Score,MCC,Sensitivity,Specificity,Precision,Negative Predictive Value,Test Cases,Negative Test Cases,Positive Test Cases
"(0, 0)",0.11926221284199409,0.5938278613555367,0.9693693693693693,0.6089270508089696,0.2608695652173913,0.24770730211262446,0.23076923076923078,0.9870848708487084,0.3,0.981651376146789,1665.0,1626.0,39.0
"(0, 1)",0.06572587401850623,0.5942270882072811,0.9725177304964538,0.5369649445641419,0.11428571428571428,0.11222015142507243,0.08163265306122448,0.9922972360670593,0.19047619047619047,0.9798657718120806,2256.0,2207.0,49.0
"(1, 0)",0.06857463805935572,0.65514898872935,0.9698364008179959,0.5265246255982707,0.09230769230769231,0.1002820504991244,0.058823529411764705,0.9942257217847769,0.21428571428571427,0.9752832131822863,1956.0,1905.0,51.0
"(1, 1)",0.04793133150589618,0.627635415498486,0.9689567430025445,0.5335384658517439,0.08955223880597014,0.07435778652503365,0.08108108108108109,0.9859958506224067,0.1,0.9824289405684754,1965.0,1928.0,37.0
"(2, 0)",0.06487342572342053,0.5675015712853964,0.9617542070372259,0.5121795851806553,0.05063291139240506,0.04597780445682491,0.03225806451612903,0.9921011058451816,0.11764705882352941,0.9691358024691358,1961.0,1899.0,62.0
"(2, 1)",0.028533483917072677,0.5909136106912736,0.9806122448979592,0.5348420968896667,0.09523809523809525,0.08860149848497444,0.07692307692307693,0.9927611168562565,0.125,0.9876543209876543,1960.0,1934.0,26.0
mean,0.06581682767770757,0.6048757559612207,0.9705077826035914,0.5421627948155746,0.11714770287454473,0.11152443225060904,0.09358127262708449,0.9907443170040647,0.17456816059757232,0.9793365708610703,1960.5,1916.5,44.0
std,0.027612954956448405,0.02849743063296692,0.005581481225509497,0.030973107664195844,0.06701610359806036,0.06438922021389583,0.0637255733699619,0.003065386696874359,0.06930743198312003,0.005843393406103362,170.62702990245518,168.15543404838274,11.51810169544733
