,PRC-AUC,AUROC,Accuracy,Balanced Accuracy,F1-Score,MCC,Sensitivity,Specificity,Precision,Negative Predictive Value,Test Cases,Negative Test Cases,Positive Test Cases
"(0, 0)",0.021634840303241046,0.4498218059103668,0.4762762762762763,0.4440580944270981,0.03539823008849558,-0.03386934348139209,0.41025641025641024,0.477859778597786,0.018497109826589597,0.97125,1665.0,1626.0,39.0
"(0, 1)",0.02301820607588293,0.438798627742896,0.4875886524822695,0.42880260395957204,0.030201342281879193,-0.04151667984620147,0.3673469387755102,0.4902582691436339,0.015748031496062992,0.97214734950584,2256.0,2207.0,49.0
"(1, 0)",0.02837749039916528,0.46040862539241423,0.49897750511247446,0.4660799752972055,0.04296875000000001,-0.021621486783166496,0.43137254901960786,0.5007874015748032,0.022610483042137718,0.970498474059003,1956.0,1905.0,51.0
"(1, 1)",0.022705731631007503,0.5072754289559269,0.4910941475826972,0.5285970617920825,0.04030710172744722,0.015552031917050478,0.5675675675675675,0.4896265560165975,0.020895522388059702,0.9833333333333333,1965.0,1928.0,37.0
"(2, 0)",0.035865094274773066,0.4948190049092052,0.4895461499235084,0.48680120267033583,0.05655042412818096,-0.00923958367558703,0.4838709677419355,0.48973143759873616,0.03003003003003003,0.9667359667359667,1961.0,1899.0,62.0
"(2, 1)",0.015599317216995198,0.5266486357489459,0.5346938775510204,0.5365523824675842,0.02978723404255319,0.0167656985699004,0.5384615384615384,0.5346432264736298,0.015317286652078774,0.988527724665392,1960.0,1934.0,26.0
mean,0.024533446650177506,0.4796286881099592,0.49636276815470765,0.481815220102313,0.03920218037809269,-0.012321560549899366,0.46647932863709496,0.49715111156753117,0.02051641057249314,0.9754154747165892,1960.5,1916.5,44.0
std,0.0062854328133228965,0.0319659150417633,0.01839740790423001,0.04019347711691036,0.009133234164836994,0.02249316544161072,0.07062043252256944,0.018028766770643925,0.004981360666163719,0.007769235913253172,170.62702990245518,168.15543404838274,11.51810169544733
