,PRC-AUC,AUROC,Accuracy,Balanced Accuracy,F1-Score,MCC,Sensitivity,Specificity,Precision,Negative Predictive Value,Test Cases,Negative Test Cases,Positive Test Cases
"(0, 0)",0.04693453885989023,0.5491847226164569,0.5075075075075075,0.5351263128015895,0.05092592592592593,0.0212514475209272,0.5641025641025641,0.506150061500615,0.02666666666666667,0.9797619047619047,1665.0,1626.0,39.0
"(0, 1)",0.02617883645205954,0.5338302063009164,0.5283687943262412,0.5693757339818574,0.05338078291814947,0.04049557894464798,0.6122448979591837,0.526506570004531,0.027906976744186046,0.9839119390347163,2256.0,2207.0,49.0
"(1, 0)",0.03434272212026237,0.5337038752508878,0.47648261758691207,0.5213215995059441,0.053604436229205174,0.013610753109619938,0.5686274509803921,0.47401574803149604,0.028128031037827354,0.9762162162162162,1956.0,1905.0,51.0
"(1, 1)",0.01783126934703308,0.4840753616687227,0.517557251908397,0.5155741841426489,0.038539553752535496,0.008472463715758582,0.5135135135135135,0.5176348547717843,0.020021074815595362,0.9822834645669292,1965.0,1928.0,37.0
"(2, 0)",0.03830065221266535,0.5225585622313952,0.5022947475777665,0.5245884930948377,0.06513409961685823,0.017209693939299366,0.5483870967741935,0.5007898894154819,0.034623217922606926,0.9713993871297242,1961.0,1899.0,62.0
"(2, 1)",0.01148390296580611,0.41038899053376815,0.5316326530612245,0.4780844801527325,0.02340425531914894,-0.01005212177585976,0.4230769230769231,0.5330920372285419,0.012035010940919038,0.98565965583174,1960.0,1934.0,26.0
mean,0.02917865365961945,0.5056236197670245,0.5106405953280081,0.5240118006132684,0.047498175626970535,0.01516463590906555,0.5383254077344616,0.509698193492075,0.0248968296879669,0.9798720945902052,1960.5,1916.5,44.0
std,0.012083157396735376,0.04708580157883792,0.018479865273539717,0.026986109774166822,0.013262985309138133,0.015088476848115824,0.059225343037432474,0.019399175559013725,0.0071465139000644745,0.004844159260036089,170.62702990245518,168.15543404838274,11.51810169544733
