,PRC-AUC,AUROC,Accuracy,Balanced Accuracy,F1-Score,MCC,Sensitivity,Specificity,Precision,Negative Predictive Value,Test Cases,Negative Test Cases,Positive Test Cases
"(0, 0)",0.028342277241832782,0.48482984829848297,0.5213213213213214,0.49214684454536856,0.0432172869147659,-0.004756061212823316,0.46153846153846156,0.5227552275522755,0.022670025188916875,0.9758897818599311,1665.0,1626.0,39.0
"(0, 1)",0.020483618334089727,0.4253627141839971,0.46808510638297873,0.4487669104796427,0.03381642512077295,-0.029922156783396624,0.42857142857142855,0.4689623923878568,0.01760268231349539,0.973659454374412,2256.0,2207.0,49.0
"(1, 0)",0.04505715388962737,0.46690340178065975,0.49591002044989774,0.483588080901652,0.04642166344294004,-0.010461374806784699,0.47058823529411764,0.4965879265091864,0.024415055951169887,0.9722507708119219,1956.0,1905.0,51.0
"(1, 1)",0.02843780217815275,0.5434563193899293,0.5195928753180662,0.5166115285409891,0.03869653767820774,0.009038117416392738,0.5135135135135135,0.5197095435684648,0.020105820105820106,0.9823529411764705,1965.0,1928.0,37.0
"(2, 0)",0.0401491311273349,0.4899013062902377,0.49974502804691484,0.4920671321068814,0.05763688760806917,-0.005552281222558068,0.4838709677419355,0.5002632964718273,0.030643513789581207,0.9674134419551935,1961.0,1899.0,62.0
"(2, 1)",0.017926789864612713,0.5189722376899213,0.48520408163265305,0.5114748230053296,0.027000964320154294,0.005253905003044577,0.5384615384615384,0.48448810754912097,0.013847675568743818,0.9873551106427819,1960.0,1934.0,26.0
mean,0.030066128772608374,0.4882376379388713,0.49830973885863866,0.49077588659664384,0.04113162751415169,-0.006066641934354231,0.48275735752016585,0.49879441567312194,0.021547462152954545,0.9764869168034519,1960.5,1916.5,44.0
std,0.00975712506812654,0.03745331515211687,0.01859932878760431,0.022044998786194283,0.009694290045335202,0.012561117204215414,0.03555413949653597,0.01876703382463322,0.005309546913402177,0.006597371596401585,170.62702990245518,168.15543404838274,11.51810169544733
