,PRC-AUC,AUROC,Accuracy,Balanced Accuracy,F1-Score,MCC,Sensitivity,Specificity,Precision,Negative Predictive Value,Test Cases,Negative Test Cases,Positive Test Cases
"(0, 0)",0.08371245862915874,0.6026666035891128,0.9603603603603603,0.5792884851925442,0.17500000000000002,0.15475609043853894,0.1794871794871795,0.9790897908979089,0.17073170731707318,0.9802955665024631,1665.0,1626.0,39.0
"(0, 1)",0.05019434138946926,0.5536373135570495,0.9716312056737588,0.5265343110511083,0.0857142857142857,0.08055427755203134,0.061224489795918366,0.9918441323062981,0.14285714285714285,0.9794183445190157,2256.0,2207.0,49.0
"(1, 0)",0.0685306760727342,0.671735885955432,0.9703476482617587,0.5172456384128454,0.06451612903225806,0.0734997233415693,0.0392156862745098,0.9952755905511811,0.18181818181818182,0.9748071979434447,1956.0,1905.0,51.0
"(1, 1)",0.0292768998208626,0.5581683862285522,0.9669211195928753,0.5192469440394751,0.057971014492753624,0.04133855007226358,0.05405405405405406,0.9844398340248963,0.0625,0.9818934299017071,1965.0,1928.0,37.0
"(2, 0)",0.09289997253612252,0.5707588034449371,0.9658337582865885,0.5610932748985035,0.19277108433734938,0.20771660538736667,0.12903225806451613,0.9931542917324908,0.38095238095238093,0.9721649484536082,1961.0,1899.0,62.0
"(2, 1)",0.04394311482214359,0.6896925463368069,0.9795918367346939,0.5343250338079707,0.09090909090909093,0.08233699501146331,0.07692307692307693,0.9917269906928645,0.1111111111111111,0.9876416065911432,1960.0,1934.0,26.0
mean,0.061426243878415145,0.6077765898519818,0.969114321485006,0.5396222812337412,0.11114693408095629,0.10670037363387219,0.08998945743320912,0.9892551050342733,0.17499508734264832,0.9793701823185637,1960.5,1916.5,44.0
std,0.022372377607179108,0.0541440656327166,0.005913800125913902,0.022911553159046662,0.05291221698100922,0.05651736416452968,0.04899262742238915,0.005638906957854001,0.10021002310950508,0.004972895112582825,170.62702990245518,168.15543404838274,11.51810169544733
