,PRC-AUC,AUROC,Accuracy,Balanced Accuracy,F1-Score,MCC,Sensitivity,Specificity,Precision,Negative Predictive Value,Test Cases,Negative Test Cases,Positive Test Cases
"(0, 0)",0.05687991255897579,0.5712460970763554,0.4996996996996997,0.5811808118081181,0.05875706214689265,0.04911892205234895,0.6666666666666666,0.4956949569495695,0.030732860520094562,0.9841269841269841,1665.0,1626.0,39.0
"(0, 1)",0.031131376815736828,0.5088725113969467,0.5168439716312057,0.47368761732150944,0.037102473498233215,-0.015354162924747701,0.42857142857142855,0.5188038060715904,0.019390581717451522,0.9761295822676896,2256.0,2207.0,49.0
"(1, 0)",0.030589469083607563,0.518727806083063,0.5030674846625767,0.5445113478462251,0.058139534883720936,0.02837242832183016,0.5882352941176471,0.5007874015748032,0.03058103975535168,0.9784615384615385,1956.0,1905.0,51.0
"(1, 1)",0.026696093596066856,0.5334052932600651,0.4778625954198473,0.521854323202871,0.03932584269662921,0.011896493270868653,0.5675675675675675,0.47614107883817425,0.020368574199806012,0.9828693790149893,1965.0,1928.0,37.0
"(2, 0)",0.030779168645625608,0.4927041397000119,0.5048444671086181,0.4790976575107442,0.054527750730282376,-0.01463153721843488,0.45161290322580644,0.506582411795682,0.029015544041450778,0.9658634538152611,1961.0,1899.0,62.0
"(2, 1)",0.019260851172658917,0.5218956328056639,0.5035714285714286,0.5207819584758571,0.027972027972027972,0.009510666524871975,0.5384615384615384,0.5031023784901758,0.014358974358974359,0.9878172588832488,1960.0,1934.0,26.0
mean,0.03255614531211192,0.5244752467203511,0.5009816078488959,0.5201856193608875,0.04597078198796439,0.011485468337789526,0.5401858997684424,0.5001853389533325,0.02407459576552148,0.979211366094952,1960.5,1916.5,44.0
std,0.011631896751162062,0.024357730624051936,0.01164564542419857,0.0368907837712036,0.011772471286709149,0.022759535822804815,0.08099570332533854,0.012875891120415464,0.006339652403242335,0.0070690893462051554,170.62702990245518,168.15543404838274,11.51810169544733
