,PRC-AUC,AUROC,Accuracy,Balanced Accuracy,F1-Score,MCC,Sensitivity,Specificity,Precision,Negative Predictive Value,Test Cases,Negative Test Cases,Positive Test Cases
"(0, 0)",0.12339772866352457,0.686252247137856,0.975975975975976,0.49969249692496925,0.0,-0.0037966046201924186,0.0,0.9993849938499385,0.0,0.9765625,1665.0,1626.0,39.0
"(0, 1)",0.06693089157308295,0.6009496684944934,0.9782801418439716,0.5199550595045449,0.07547169811320753,0.13828276050197344,0.04081632653061224,0.9990937924784775,0.5,0.9791296625222025,2256.0,2207.0,49.0
"(1, 0)",0.09480996923268711,0.6983274149554836,0.9739263803680982,0.5,0.0,0.0,0.0,1.0,,0.9739263803680982,1956.0,1905.0,51.0
"(1, 1)",0.05422114530715914,0.586793484355725,0.9801526717557252,0.4994813278008299,0.0,-0.004421831562265572,0.0,0.9989626556016598,0.0,0.9811512990320937,1965.0,1928.0,37.0
"(2, 0)",0.08905469858241309,0.6836450423822386,0.96838347781744,0.5,0.0,0.0,0.0,1.0,,0.96838347781744,1961.0,1899.0,62.0
"(2, 1)",0.02035717019608685,0.5292737252406332,0.986734693877551,0.5,0.0,0.0,0.0,1.0,,0.986734693877551,1960.0,1934.0,26.0
mean,0.07479526725915896,0.6308735970944049,0.9772422236064604,0.503188147371724,0.012578616352201255,0.02167738738658591,0.006802721088435374,0.9995735736550126,0.16666666666666666,0.9776480022695643,1960.5,1916.5,44.0
std,0.032697523459202446,0.06266667065387521,0.005638122485107387,0.0075009141313830225,0.028126641226412445,0.052180190860780004,0.01521134678571285,0.00044431435404255945,0.23570226039551584,0.0057430620138268,170.62702990245518,168.15543404838274,11.51810169544733
