,PRC-AUC,AUROC,Accuracy,Balanced Accuracy,F1-Score,MCC,Sensitivity,Specificity,Precision,Negative Predictive Value,Test Cases,Negative Test Cases,Positive Test Cases
"(0, 0)",0.02478035516315679,0.46626927807739615,0.48768768768768767,0.43738764310720035,0.03397508493771234,-0.03788260363553468,0.38461538461538464,0.490159901599016,0.017772511848341232,0.9707673568818515,1665.0,1626.0,39.0
"(0, 1)",0.018205088028375466,0.41814079505839485,0.5181737588652482,0.42447962420128904,0.028596961572832886,-0.04409193020721628,0.32653061224489793,0.5224286361576801,0.014953271028037384,0.9721753794266442,2256.0,2207.0,49.0
"(1, 0)",0.04072029256971047,0.41155884926148933,0.4948875255623722,0.43535587463331793,0.03703703703703704,-0.04120546562036174,0.37254901960784315,0.49816272965879266,0.019487179487179488,0.9673802242609582,1956.0,1905.0,51.0
"(1, 1)",0.022329796535501965,0.5264663003252215,0.5119592875318066,0.5392298418750701,0.04195804195804195,0.0213326778193874,0.5675675675675675,0.5108921161825726,0.021784232365145227,0.984015984015984,1965.0,1928.0,37.0
"(2, 0)",0.02595605416195308,0.4197200563964056,0.49719530851606325,0.4517445514617201,0.048262548262548256,-0.03377509854165098,0.4032258064516129,0.5002632964718273,0.02566735112936345,0.9625126646403243,1961.0,1899.0,62.0
"(2, 1)",0.05327621017693248,0.44533052263145334,0.4785714285714286,0.4322249622146209,0.019193857965451058,-0.03103714904538092,0.38461538461538464,0.47983453981385726,0.00984251968503937,0.9830508474576272,1960.0,1934.0,26.0
mean,0.030877966105938376,0.4479143002917268,0.4980791661224344,0.45340374958220314,0.034837255288937254,-0.027776594871792865,0.40651729585044843,0.5002902033139577,0.01825117759051769,0.9733170761138982,1960.5,1916.5,44.0
std,0.012204041993337533,0.039826903905300796,0.013515132568039927,0.03923488791213769,0.009311136854610354,0.02238671508534626,0.07578382050194504,0.013711885449287992,0.005013658728019774,0.007842182854827717,170.62702990245518,168.15543404838274,11.51810169544733
