,PRC-AUC,AUROC,Accuracy,Balanced Accuracy,F1-Score,MCC,Sensitivity,Specificity,Precision,Negative Predictive Value,Test Cases,Negative Test Cases,Positive Test Cases
"(0, 0)",0.034947232201688286,0.5563913331441007,0.5381381381381382,0.5132699403917116,0.04708798017348203,0.008052202910327348,0.48717948717948717,0.5393603936039361,0.024739583333333332,0.9777034559643255,1665.0,1626.0,39.0
"(0, 1)",0.026300722506353076,0.5089834755832555,0.5190602836879432,0.5346855552370472,0.04741000877963125,0.02023556472718382,0.5510204081632653,0.5183507023108291,0.024770642201834864,0.9811320754716981,2256.0,2207.0,49.0
"(1, 0)",0.035045519096707216,0.5163192836189594,0.5035787321063395,0.49706654315269416,0.04897159647404505,-0.001869898154629062,0.49019607843137253,0.5039370078740157,0.02577319587628866,0.973630831643002,1956.0,1905.0,51.0
"(1, 1)",0.019047610994615483,0.4887013569586184,0.5063613231552163,0.49661461253784905,0.03578528827037773,-0.0018407770715993936,0.4864864864864865,0.5067427385892116,0.018575851393188854,0.9809236947791165,1965.0,1928.0,37.0
"(2, 0)",0.029889412667391542,0.44607518388285855,0.5135135135135135,0.46017003856019295,0.04980079681274901,-0.027898809109327953,0.4032258064516129,0.517114270668773,0.02653927813163482,0.9636898920510304,1961.0,1899.0,62.0
"(2, 1)",0.02543047663268802,0.5626044069684194,0.49642857142857144,0.4981902792140641,0.025666337611056272,-0.0008282119312200303,0.5,0.4963805584281282,0.013171225937183385,0.986639260020555,1960.0,1934.0,26.0
mean,0.028443495683240602,0.5131791733593687,0.512846760338287,0.49999949484892653,0.042453668020223566,-0.0006916547715442121,0.48635137778537074,0.5136476119124823,0.022261629478910652,0.9772865349882878,1960.5,1916.5,44.0
std,0.00562625374986069,0.03966467265769743,0.013392911017070684,0.022319445906855244,0.0088391893145903,0.01447618848118568,0.04338531765955984,0.013756260192931505,0.00481811120247388,0.007232994627573375,170.62702990245518,168.15543404838274,11.51810169544733
