,PRC-AUC,AUROC,Accuracy,Balanced Accuracy,F1-Score,MCC,Sensitivity,Specificity,Precision,Negative Predictive Value,Test Cases,Negative Test Cases,Positive Test Cases
"(0, 0)",0.026573721111036144,0.5119531964550414,0.5285285285285285,0.5083498911912196,0.04617253948967193,0.005060080201747801,0.48717948717948717,0.5295202952029521,0.02423469387755102,0.9772985244040863,1665.0,1626.0,39.0
"(0, 1)",0.026673576382841253,0.5415514642649085,0.47650709219858156,0.5328916342250538,0.046811945117029866,0.019207134218379142,0.5918367346938775,0.4739465337562302,0.024369747899159664,0.9812382739212008,2256.0,2207.0,49.0
"(1, 0)",0.028693492182540845,0.5096804075961093,0.495398773006135,0.5214914312181566,0.053691275167785234,0.013700409836427578,0.5490196078431373,0.49396325459317586,0.028225806451612902,0.9761410788381742,1956.0,1905.0,51.0
"(1, 1)",0.018119077926443797,0.4331193226421442,0.5216284987277354,0.46463216328361556,0.03092783505154639,-0.01925361125556734,0.40540540540540543,0.5238589211618258,0.01607717041800643,0.9786821705426356,1965.0,1928.0,37.0
"(2, 0)",0.040997071277225836,0.4864020112453074,0.4895461499235084,0.4946024223275408,0.058325493885230485,-0.003778631739229406,0.5,0.4892048446550816,0.030969030969030968,0.9677083333333333,1961.0,1899.0,62.0
"(2, 1)",0.012700251357261294,0.46913531143107157,0.46938775510204084,0.4655158698591998,0.022556390977443608,-0.015808841406645603,0.46153846153846156,0.46949327817993797,0.011560693641618497,0.9848156182212582,1960.0,1934.0,26.0
mean,0.025626198372891526,0.4919736189390971,0.4968327995810882,0.4979139020174643,0.04308091328145125,-0.00014557669081463812,0.4991632827767282,0.49666452125820054,0.022572857209496578,0.9776473332101148,1960.5,1916.5,44.0
std,0.008860998710071124,0.03461005615940731,0.021759911428231193,0.026001679504226143,0.012499393949197721,0.014241907419076483,0.059755752909076094,0.02286323209435953,0.006731812281188556,0.005268210351772103,170.62702990245518,168.15543404838274,11.51810169544733
