,PRC-AUC,AUROC,Accuracy,Balanced Accuracy,F1-Score,MCC,Sensitivity,Specificity,Precision,Negative Predictive Value,Test Cases,Negative Test Cases,Positive Test Cases
"(0, 0)",0.02617918689602653,0.5096350963509635,0.5255255255255256,0.5193253855615478,0.048192771084337345,0.011705953080232714,0.5128205128205128,0.525830258302583,0.025284450063211124,0.9782608695652174,1665.0,1626.0,39.0
"(0, 1)",0.0251031136018312,0.5066902157328722,0.45611702127659576,0.4925376584707286,0.04065676309616888,-0.004368960192520459,0.5306122448979592,0.45446307204349795,0.02113821138211382,0.9775828460038987,2256.0,2207.0,49.0
"(1, 0)",0.03981430834157725,0.5405691935566876,0.5117586912065439,0.5203489269723638,0.053518334985133795,0.012973467306774933,0.5294117647058824,0.5112860892388451,0.028183716075156576,0.9759519038076152,1956.0,1905.0,51.0
"(1, 1)",0.027355077753883884,0.5445777727935404,0.516030534351145,0.5280503532578221,0.04036326942482341,0.015257133359777271,0.5405405405405406,0.5155601659751037,0.020964360587002098,0.9831849653808111,1965.0,1928.0,37.0
"(2, 0)",0.032564948986903874,0.47415447858805143,0.4482406935237124,0.45767296879512137,0.05087719298245614,-0.029772575066226506,0.46774193548387094,0.4476040021063718,0.026901669758812616,0.9626274065685164,1961.0,1899.0,62.0
"(2, 1)",0.020795466524023535,0.513006125208814,0.5204081632653061,0.5103412616339194,0.026915113871635605,0.0047364659304569975,0.5,0.5206825232678387,0.013829787234042552,0.9872549019607844,1960.0,1934.0,26.0
mean,0.028635350350707713,0.5147721470384882,0.4963467715248047,0.5047127591152506,0.0434205742407592,0.0017552474030824924,0.5135211664081276,0.49590435182237336,0.02271703251672313,0.9774771488811406,1960.5,1916.5,44.0
std,0.006083079797102889,0.023446690109550503,0.03159102085109232,0.02378836160445852,0.008848312311779493,0.015532563095567593,0.024336918105408056,0.03210080473341794,0.00480512078614736,0.007655610510800316,170.62702990245518,168.15543404838274,11.51810169544733
