,PRC-AUC,AUROC,Accuracy,Balanced Accuracy,F1-Score,MCC,Sensitivity,Specificity,Precision,Negative Predictive Value,Test Cases,Negative Test Cases,Positive Test Cases
"(0, 0)",0.026936421316302292,0.4888195035796512,0.5033033033033033,0.4954347620399281,0.043930635838150295,-0.002761944742476127,0.48717948717948717,0.503690036900369,0.023002421307506054,0.9761620977353993,1665.0,1626.0,39.0
"(0, 1)",0.041068554713973526,0.5685250085534893,0.4995567375886525,0.5546498617571178,0.05046257359125316,0.03186645456935272,0.6122448979591837,0.4970548255550521,0.02631578947368421,0.9829749103942652,2256.0,2207.0,49.0
"(1, 0)",0.032383409025532696,0.5430600586691369,0.49028629856850714,0.5188667593021461,0.05318138651471985,0.01202961794176122,0.5490196078431373,0.48871391076115483,0.027944111776447105,0.9758909853249476,1956.0,1905.0,51.0
"(1, 1)",0.02035845690017066,0.46330043736682747,0.46513994910941475,0.4623542110575306,0.03133640552995391,-0.020513296926008843,0.4594594594594595,0.46524896265560167,0.016221374045801526,0.9781897491821155,1965.0,1928.0,37.0
"(2, 0)",0.0414050775349815,0.5547826530092239,0.5140234574196838,0.546246751261275,0.07024390243902438,0.03237361058889534,0.5806451612903226,0.5118483412322274,0.037383177570093455,0.9739478957915831,1961.0,1899.0,62.0
"(2, 1)",0.010824262780096558,0.3367870495585077,0.4760204081632653,0.39298782913053854,0.015340364333652927,-0.0490074105638783,0.3076923076923077,0.4782833505687694,0.007866273352999017,0.9809119830328739,1960.0,1934.0,26.0
mean,0.028829363711842877,0.49254578512280606,0.4913883590254711,0.4950900290914227,0.04408254470779243,0.0006645051446076677,0.49937348690398303,0.49080657127886235,0.023122191254421897,0.9780129369101974,1960.5,1916.5,44.0
std,0.010955217671100212,0.07887534595111735,0.01657007070436675,0.05511552813537646,0.017303710594493163,0.028970484619106063,0.10024409832633373,0.01561079804828827,0.0092844347503811,0.0030959585304779357,170.62702990245518,168.15543404838274,11.51810169544733
