,PRC-AUC,AUROC,Accuracy,Balanced Accuracy,F1-Score,MCC,Sensitivity,Specificity,Precision,Negative Predictive Value,Test Cases,Negative Test Cases,Positive Test Cases
"(0, 0)",0.04828806622618943,0.5383984609076861,0.5483483483483483,0.5184974926672343,0.0481012658227848,0.011244557439878579,0.48717948717948717,0.5498154981549815,0.02529960053262317,0.9781181619256017,1665.0,1626.0,39.0
"(0, 1)",0.026909386885964504,0.42377222751356997,0.46941489361702127,0.4494465661207845,0.03389830508474576,-0.02952077671405082,0.42857142857142855,0.4703217036701405,0.01764705882352941,0.9737335834896811,2256.0,2207.0,49.0
"(1, 0)",0.029817762857468247,0.5130152848540992,0.5020449897750511,0.496279141577891,0.04882812499999999,-0.0023717698291957786,0.49019607843137253,0.5023622047244094,0.025693730729701953,0.9735503560528993,1956.0,1905.0,51.0
"(1, 1)",0.06260409624775376,0.5981552091510598,0.5226463104325699,0.5711842547942133,0.0467479674796748,0.03872749770550003,0.6216216216216216,0.520746887966805,0.024287222808870117,0.9862475442043221,1965.0,1928.0,37.0
"(2, 0)",0.035392724505124026,0.5091898962102295,0.5002549719530852,0.5001316482359137,0.059500959692898266,9.21416160943016e-05,0.5,0.5002632964718273,0.03163265306122449,0.9683995922528033,1961.0,1899.0,62.0
"(2, 1)",0.018645746391550744,0.5758491766764775,0.4770408163265306,0.5642550314215258,0.03210576015108593,0.029448421254584363,0.6538461538461539,0.47466390899689764,0.016456921587608905,0.9902912621359223,1960.0,1934.0,26.0
mean,0.03694296385234178,0.5263967092188536,0.503291721742101,0.5166323558029271,0.0448637305385316,0.00793667857880178,0.5302357949416773,0.5030289166641769,0.023502864590593003,0.9783900833435384,1960.5,1916.5,44.0
std,0.014582167354264408,0.05589542627530699,0.026621499498663954,0.04172881631612174,0.009371972827889465,0.02233320959079167,0.07993514180053274,0.02703497523683439,0.0051425124673247745,0.007619793877957577,170.62702990245518,168.15543404838274,11.51810169544733
