,PRC-AUC,AUROC,Accuracy,Balanced Accuracy,F1-Score,MCC,Sensitivity,Specificity,Precision,Negative Predictive Value,Test Cases,Negative Test Cases,Positive Test Cases
"(0, 0)",0.026966187948778468,0.5003784653231147,0.5033033033033033,0.4954347620399281,0.043930635838150295,-0.002761944742476127,0.48717948717948717,0.503690036900369,0.023002421307506054,0.9761620977353993,1665.0,1626.0,39.0
"(0, 1)",0.022618472346088887,0.5196730255310098,0.523936170212766,0.517222566416689,0.04448398576512455,0.010053051087558397,0.5102040816326531,0.524241051200725,0.023255813953488372,0.9796782387806944,2256.0,2207.0,49.0
"(1, 0)",0.025922673962119492,0.45586948690237244,0.4560327198364008,0.44403273120271736,0.039711191335740074,-0.03579145452970116,0.43137254901960786,0.4566929133858268,0.020813623462630087,0.967741935483871,1956.0,1905.0,51.0
"(1, 1)",0.022812814282942774,0.49435067847930914,0.5139949109414759,0.5270130088594819,0.04020100502512562,0.014691287025514518,0.5405405405405406,0.5134854771784232,0.020876826722338204,0.9831181727904668,1965.0,1928.0,37.0
"(2, 0)",0.03548434631083082,0.5412526117311318,0.5216726160122387,0.5267925393670693,0.06573705179282868,0.01876677542070051,0.532258064516129,0.5213270142180095,0.03503184713375796,0.971540726202159,1961.0,1899.0,62.0
"(2, 1)",0.021201022233629407,0.5308845756105322,0.4933673469387755,0.5156113276588974,0.02742409402546523,0.007145120320501739,0.5384615384615384,0.49276111685625645,0.01407035175879397,0.9875647668393782,1960.0,1934.0,26.0
mean,0.02583425284739831,0.507068140596245,0.50205117787416,0.5043511559241304,0.04358132729707242,0.002017139097016313,0.5066693768916594,0.5020329349566016,0.02284181405641911,0.9776343229719947,1960.5,1916.5,44.0
std,0.004749571215243088,0.028054920857136196,0.023098635247665734,0.028946658948348178,0.011396444289874057,0.01818601023686638,0.038459373423456567,0.022880314678695758,0.006241092054239951,0.006708484864007046,170.62702990245518,168.15543404838274,11.51810169544733
