,PRC-AUC,AUROC,Accuracy,Balanced Accuracy,F1-Score,MCC,Sensitivity,Specificity,Precision,Negative Predictive Value,Test Cases,Negative Test Cases,Positive Test Cases
"(0, 0)",0.17738728962320405,0.7417210710568645,0.9765765765765766,0.5125130097454821,0.048780487804878044,0.10927560765417892,0.02564102564102564,0.9993849938499385,0.5,0.9771497294046904,1665.0,1626.0,39.0
"(0, 1)",0.0857839779344832,0.656108116105527,0.9782801418439716,0.5099775297522724,0.039215686274509796,0.09773728708750039,0.02040816326530612,0.9995468962392388,0.5,0.9787045252883763,2256.0,2207.0,49.0
"(1, 0)",0.13291588456371728,0.68792136277083,0.9734151329243353,0.49973753280839894,0.0,-0.003700532452412642,0.0,0.9994750656167979,0.0,0.9739130434782609,1956.0,1905.0,51.0
"(1, 1)",0.055869018084968504,0.6324296287989234,0.9806615776081425,0.49974066390041494,0.0,-0.0031259109767342577,0.0,0.9994813278008299,0.0,0.9811608961303462,1965.0,1928.0,37.0
"(2, 0)",0.07353518190617128,0.6331897942890146,0.96838347781744,0.5,0.0,0.0,0.0,1.0,,0.96838347781744,1961.0,1899.0,62.0
"(2, 1)",0.06611004541324514,0.6009665102219394,0.986734693877551,0.5,0.0,0.0,0.0,1.0,,0.986734693877551,1960.0,1934.0,26.0
mean,0.09860023292096493,0.6587227472071832,0.9773419334413362,0.503661456034428,0.014666029013231307,0.033364408552088734,0.0076748648177219604,0.9996480472511342,0.25,0.9776743943327775,1960.5,1916.5,44.0
std,0.042932207085450765,0.04551036489917396,0.0057210675228955,0.005413333774655064,0.02092387630738696,0.049729431974596616,0.010958512855046273,0.00025327459238407533,0.25,0.005716205846008673,170.62702990245518,168.15543404838274,11.51810169544733
