,PRC-AUC,AUROC,Accuracy,Balanced Accuracy,F1-Score,MCC,Sensitivity,Specificity,Precision,Negative Predictive Value,Test Cases,Negative Test Cases,Positive Test Cases
"(0, 0)",0.021832276707423815,0.43266471126249717,0.4810810810810811,0.4465181190273441,0.03571428571428571,-0.03236928836346959,0.41025641025641024,0.482779827798278,0.01866977829638273,0.9715346534653465,1665.0,1626.0,39.0
"(0, 1)",0.036145009800018925,0.6049952377870043,0.4920212765957447,0.580731069047465,0.05445544554455445,0.04709447582135392,0.673469387755102,0.4879927503398278,0.028374892519346516,0.9853613906678865,2256.0,2207.0,49.0
"(1, 0)",0.034822540079683884,0.5494416139159075,0.5219836400817995,0.5542226339354639,0.06030150753768844,0.03458333969056456,0.5882352941176471,0.5202099737532808,0.03177966101694915,0.9792490118577075,1956.0,1905.0,51.0
"(1, 1)",0.019515579421557596,0.4825333632387574,0.5155216284987277,0.4482659526746664,0.028571428571428574,-0.02815007357182643,0.3783783783783784,0.5181535269709544,0.014846235418875928,0.9774951076320939,1965.0,1928.0,37.0
"(2, 0)",0.030677653832411736,0.4799385075336765,0.4849566547679755,0.49223275408109535,0.05783582089552238,-0.005438816832864977,0.5,0.48446550816219064,0.030693069306930693,0.9674027339642481,1961.0,1899.0,62.0
"(2, 1)",0.011501560339912363,0.41947736854665496,0.48520408163265305,0.47353034762548724,0.02323330106485963,-0.012118028140581376,0.46153846153846156,0.4855222337125129,0.011916583912611719,0.9853095487932844,1960.0,1934.0,26.0
mean,0.025749103363501388,0.4948418003807497,0.4967947271096636,0.49925014606525364,0.04335196488805654,0.000600268100529351,0.501979655341,0.4965206367895074,0.022713370078516124,0.9777254077300945,1960.5,1916.5,44.0
std,0.008868329119226822,0.06459400535904586,0.015965408925834913,0.05123787938939092,0.014730441238952199,0.030078674372662696,0.10179931408684259,0.016108963854962976,0.007881826155466898,0.006621742857284884,170.62702990245518,168.15543404838274,11.51810169544733
