,PRC-AUC,AUROC,Accuracy,Balanced Accuracy,F1-Score,MCC,Sensitivity,Specificity,Precision,Negative Predictive Value,Test Cases,Negative Test Cases,Positive Test Cases
"(0, 0)",0.1420262536636882,0.7307692307692307,0.975975975975976,0.5122055066704513,0.047619047619047616,0.08705670891972468,0.02564102564102564,0.998769987699877,0.3333333333333333,0.9771359807460891,1665.0,1626.0,39.0
"(0, 1)",0.09683925342094857,0.678111389549023,0.9778368794326241,0.5197285076241643,0.07407407407407406,0.12230682338352085,0.04081632653061224,0.9986406887177164,0.4,0.9791203909373611,2256.0,2207.0,49.0
"(1, 0)",0.0893724264909299,0.6833770778652669,0.9734151329243353,0.5092789871854253,0.037037037037037035,0.07557034408896904,0.0196078431372549,0.9989501312335958,0.3333333333333333,0.9743983614951357,1956.0,1905.0,51.0
"(1, 1)",0.04110790636874839,0.623387910732309,0.9806615776081425,0.5129948413143434,0.05,0.09047846501945911,0.02702702702702703,0.9989626556016598,0.3333333333333333,0.981651376146789,1965.0,1928.0,37.0
"(2, 0)",0.10800114271696179,0.6778907404576262,0.9688934217236104,0.5080645161290323,0.031746031746031744,0.12500822882723647,0.016129032258064516,1.0,1.0,0.9688775510204082,1961.0,1899.0,62.0
"(2, 1)",0.05536482729797456,0.6233096014636863,0.986734693877551,0.5189722376899213,0.07142857142857144,0.13596969392918404,0.038461538461538464,0.999482936918304,0.5,0.9872318692543411,1960.0,1934.0,26.0
mean,0.08878530165987523,0.6694743251395238,0.9772529469237066,0.513540766102223,0.05198412698412699,0.1060650440280157,0.027947132175920462,0.9991344000285255,0.48333333333333334,0.9780692549333541,1960.5,1916.5,44.0
std,0.03331446257673808,0.03730711778134843,0.005599172532329337,0.004435125959861427,0.015927119726507056,0.022550361068185983,0.009051195602902535,0.0004673934129455454,0.23863035105460587,0.00572602044251288,170.62702990245518,168.15543404838274,11.51810169544733
