,PRC-AUC,AUROC,Accuracy,Balanced Accuracy,F1-Score,MCC,Sensitivity,Specificity,Precision,Negative Predictive Value,Test Cases,Negative Test Cases,Positive Test Cases
"(0, 0)",0.04444822069653862,0.5558709433248178,0.5021021021021022,0.5448717948717949,0.052571428571428575,0.02714661023484433,0.5897435897435898,0.5,0.02751196172248804,0.9806996381182147,1665.0,1626.0,39.0
"(0, 1)",0.03230473301982238,0.5266915103150458,0.5478723404255319,0.5294563679572418,0.04672897196261682,0.01725289775733149,0.5102040816326531,0.5487086542818306,0.024485798237022526,0.9805668016194332,2256.0,2207.0,49.0
"(1, 0)",0.0710467643539083,0.5483711594874169,0.5276073619631901,0.5761926817971283,0.06477732793522267,0.048609252898591256,0.6274509803921569,0.5249343832020997,0.03415154749199573,0.9813542688910697,1956.0,1905.0,51.0
"(1, 1)",0.017230872322601114,0.46834697768307726,0.5165394402035624,0.46203880228776495,0.030612244897959183,-0.02065584588335076,0.40540540540540543,0.5186721991701245,0.015906680805938492,0.9784735812133072,1965.0,1928.0,37.0
"(2, 0)",0.031003578877216453,0.4417520256841462,0.5002549719530852,0.45332433029268376,0.04854368932038835,-0.03267131221195256,0.4032258064516129,0.5034228541337546,0.025826446280991736,0.9627391742195368,1961.0,1899.0,62.0
"(2, 1)",0.057704257243952305,0.5252565428366875,0.48214285714285715,0.528895871450163,0.02870813397129187,0.013234233636436067,0.5769230769230769,0.4808686659772492,0.014720314033366046,0.9883103081827843,1960.0,1934.0,26.0
mean,0.04228973775233986,0.5110481932218652,0.5127531789650548,0.5157966414427961,0.04532363277648458,0.008819306071983302,0.5188254900914159,0.5127677927941764,0.023767124761967098,0.9786906287073909,1960.5,1916.5,44.0
std,0.017908366187481997,0.041781227742475675,0.021114688597074067,0.044052845393708594,0.012488796815854056,0.027688755205047155,0.08803970198025393,0.021379632692376967,0.0067112927160655,0.007764077169233123,170.62702990245518,168.15543404838274,11.51810169544733
