,PRC-AUC,AUROC,Accuracy,Balanced Accuracy,F1-Score,MCC,Sensitivity,Specificity,Precision,Negative Predictive Value,Test Cases,Negative Test Cases,Positive Test Cases
"(0, 0)",0.05757912739952355,0.6748825180559498,0.4840840840840841,0.6232377708392469,0.06528835690968444,0.07467758062959537,0.7692307692307693,0.47724477244772445,0.03409090909090909,0.9885350318471338,1665.0,1626.0,39.0
"(0, 1)",0.0421418828518095,0.5097972129495205,0.4725177304964539,0.5208751375493559,0.0449438202247191,0.012194485813567307,0.5714285714285714,0.4703217036701405,0.023391812865497075,0.9801699716713881,2256.0,2207.0,49.0
"(1, 0)",0.04128056175747161,0.5594565385209201,0.49897750511247446,0.5710359734444959,0.06309751434034418,0.04528638722631803,0.6470588235294118,0.49501312335958003,0.033165829145728645,0.9812695109261186,1956.0,1905.0,51.0
"(1, 1)",0.013706506330210878,0.3528653134462263,0.4529262086513995,0.37660508018391836,0.020054694621695533,-0.06729835215344268,0.2972972972972973,0.4559128630705394,0.010377358490566037,0.9712707182320443,1965.0,1928.0,37.0
"(2, 0)",0.05175155035946424,0.5308056872037915,0.5140234574196838,0.5228430922896601,0.0647693817468106,0.01599264849316643,0.532258064516129,0.5134281200631912,0.034482758620689655,0.9711155378486056,1961.0,1899.0,62.0
"(2, 1)",0.02657147199436776,0.5313220905258135,0.4775510204081633,0.5834858006522949,0.033962264150943396,0.03826412250889803,0.6923076923076923,0.47466390899689764,0.017408123791102514,0.9913606911447084,1960.0,1934.0,26.0
mean,0.03883851678214125,0.526521560117037,0.48334666769537654,0.5330138091598288,0.0486860053323662,0.019852812086350414,0.5849302030516452,0.48109741526801225,0.025486132000748837,0.9806202436116663,1960.5,1916.5,44.0
std,0.014815144676503406,0.09449275217010934,0.019417311974377082,0.07836660799644912,0.01728462285501675,0.044084151714484474,0.15002551232064273,0.018464072743717093,0.009236473477523606,0.007706906376260815,170.62702990245518,168.15543404838274,11.51810169544733
