,PRC-AUC,AUROC,Accuracy,Balanced Accuracy,F1-Score,MCC,Sensitivity,Specificity,Precision,Negative Predictive Value,Test Cases,Negative Test Cases,Positive Test Cases
"(0, 0)",0.07005387976830943,0.5509035859589365,0.9741741741741742,0.498769987699877,0.0,-0.007600063349715145,0.0,0.997539975399754,0.0,0.9765201685731487,1665.0,1626.0,39.0
"(0, 1)",0.041969580300141585,0.4639921215427721,0.976063829787234,0.5088447703503693,0.03571428571428571,0.046363051852212754,0.02040816326530612,0.9972813774354327,0.14285714285714285,0.9786571809693198,2256.0,2207.0,49.0
"(1, 0)",0.04112276122270671,0.5330760125572539,0.9708588957055214,0.5175081056044465,0.06557377049180327,0.07824026509312483,0.0392156862745098,0.9958005249343832,0.2,0.9748201438848921,1956.0,1905.0,51.0
"(1, 1)",0.026536464554130414,0.4746271167432994,0.9786259541984733,0.4987033195020747,0.0,-0.006996878197704077,0.0,0.9974066390041494,0.0,0.9811224489795919,1965.0,1928.0,37.0
"(2, 0)",0.04872085276929634,0.5025140566342217,0.9678735339112697,0.49973670352817273,0.0,-0.004081363974348952,0.0,0.9994734070563455,0.0,0.9683673469387755,1961.0,1899.0,62.0
"(2, 1)",0.0779475817472982,0.5143584440378649,0.9862244897959184,0.5376859438389945,0.12903225806451613,0.17094874549301206,0.07692307692307693,0.9984488107549121,0.4,0.9877237851662404,1960.0,1934.0,26.0
mean,0.05105852006031378,0.5065785562457248,0.9756368129287653,0.5102081384206558,0.03838671904510085,0.046145626152763575,0.02275782107714881,0.9976584557641628,0.12380952380952381,0.9778685124186614,1960.5,1916.5,44.0
std,0.01766337714546473,0.030491444614827893,0.005865897439054341,0.014041730561411619,0.047229072980414934,0.06434465422714956,0.02817804233820093,0.0011247409713659522,0.14630753805464017,0.0059121235535425165,170.62702990245518,168.15543404838274,11.51810169544733
