,PRC-AUC,AUROC,Accuracy,Balanced Accuracy,F1-Score,MCC,Sensitivity,Specificity,Precision,Negative Predictive Value,Test Cases,Negative Test Cases,Positive Test Cases
"(0, 0)",0.02385521328030535,0.49118491184911844,0.48348348348348347,0.4978001703093954,0.04444444444444444,-0.0013316252728929065,0.5128205128205128,0.482779827798278,0.023228803716608595,0.9763681592039801,1665.0,1626.0,39.0
"(0, 1)",0.0314895685430807,0.5569107570531611,0.5048758865248227,0.5274358950648678,0.04611443210930828,0.015997251759641163,0.5510204081632653,0.5038513819664703,0.02406417112299465,0.9805996472663139,2256.0,2207.0,49.0
"(1, 0)",0.03406776182809862,0.4871802789357213,0.5393660531697342,0.4677319746796357,0.04250797024442083,-0.020651963894618045,0.39215686274509803,0.5433070866141733,0.02247191011235955,0.9709193245778611,1956.0,1905.0,51.0
"(1, 1)",0.018722108202012325,0.45400639228440054,0.49312977099236643,0.476617696534709,0.03300970873786408,-0.012713464316893585,0.4594594594594595,0.49377593360995853,0.017119838872104734,0.9794238683127572,1965.0,1928.0,37.0
"(2, 0)",0.03577389537968907,0.5417537243710611,0.5344212136664966,0.5177725118483412,0.06358974358974358,0.012468697969871517,0.5,0.5355450236966824,0.033953997809419496,0.9704198473282443,1961.0,1899.0,62.0
"(2, 1)",0.018015116925218358,0.4713427730490812,0.4826530612244898,0.4532654522313261,0.021235521235521235,-0.02139737310623322,0.4230769230769231,0.48345398138572904,0.01089108910891089,0.9842105263157894,1960.0,1934.0,26.0
mean,0.02698727735973407,0.5003964729237572,0.5063215781768989,0.49010395011137914,0.04181697006021707,-0.004604746143520846,0.47308902771087635,0.5071188725118819,0.02195496845706632,0.9769902288341576,1960.5,1916.5,44.0
std,0.007144124064584849,0.036878097060968916,0.02287435939831259,0.026639302024922352,0.01291682906037416,0.014899188792256966,0.054180381542374575,0.024009580010496884,0.007024993838217152,0.005024870819245052,170.62702990245518,168.15543404838274,11.51810169544733
