,PRC-AUC,AUROC,Accuracy,Balanced Accuracy,F1-Score,MCC,Sensitivity,Specificity,Precision,Negative Predictive Value,Test Cases,Negative Test Cases,Positive Test Cases
"(0, 0)",0.1377641271548631,0.689248430945848,0.9681681681681682,0.5457469959314978,0.13114754098360654,0.12118671917256262,0.10256410256410256,0.988929889298893,0.18181818181818182,0.9786975045648204,1665.0,1626.0,39.0
"(0, 1)",0.05197004105399307,0.6162026206042,0.9720744680851063,0.5267608629314888,0.08695652173913043,0.08322971709150148,0.061224489795918366,0.9922972360670593,0.15,0.9794275491949911,2256.0,2207.0,49.0
"(1, 0)",0.03411810536650451,0.5182388966085122,0.9693251533742331,0.49763779527559054,0.0,-0.011124381572805857,0.0,0.9952755905511811,0.0,0.9738058551617874,1956.0,1905.0,51.0
"(1, 1)",0.03913935986546251,0.586323875742963,0.9684478371501273,0.5200249523382303,0.06060606060606061,0.04514443147609937,0.05405405405405406,0.9859958506224067,0.06896551724137931,0.9819214876033058,1965.0,1928.0,37.0
"(2, 0)",0.05637564615086091,0.5412483650138443,0.9668536460989291,0.49921011058451814,0.0,-0.007072739229192675,0.0,0.9984202211690363,0.0,0.9683350357507661,1961.0,1899.0,62.0
"(2, 1)",0.044513630215720704,0.5923852517699468,0.9780612244897959,0.552521676875348,0.12244897959183673,0.11159757553938882,0.11538461538461539,0.9896587383660806,0.13043478260869565,0.9881259679917398,1960.0,1934.0,26.0
mean,0.06064681830123413,0.5906079067808857,0.9704884162277266,0.5236503989894455,0.06685985048677238,0.05716022041292562,0.055537876966448387,0.9917629210124429,0.08853641361137614,0.9783855667112352,1960.5,1916.5,44.0
std,0.03527801920909736,0.05489412879528691,0.0037411057601931096,0.020891036282858117,0.05260944737972578,0.05271855459286743,0.04471492823998552,0.0041363578871557,0.07105766098884071,0.0061987648883290196,170.62702990245518,168.15543404838274,11.51810169544733
