,PRC-AUC,AUROC,Accuracy,Balanced Accuracy,F1-Score,MCC,Sensitivity,Specificity,Precision,Negative Predictive Value,Test Cases,Negative Test Cases,Positive Test Cases
"(0, 0)",0.020191243291532945,0.4291008294698332,0.4894894894894895,0.4633361718232567,0.038461538461538464,-0.02218324614111643,0.4358974358974359,0.4907749077490775,0.020118343195266272,0.973170731707317,1665.0,1626.0,39.0
"(0, 1)",0.025818311543149577,0.5187575709939617,0.5057624113475178,0.5378665285779014,0.04782237403928267,0.02207911896047542,0.5714285714285714,0.5043044857272315,0.024955436720142603,0.9814814814814815,2256.0,2207.0,49.0
"(1, 0)",0.03622389501569759,0.5412588132365808,0.5306748466257669,0.5205187586845762,0.05360824742268041,0.013102872761392645,0.5098039215686274,0.531233595800525,0.028291621327529923,0.9758919961427194,1956.0,1905.0,51.0
"(1, 1)",0.022004119802375068,0.531582931479197,0.4814249363867684,0.5236696758999664,0.03958529688972667,0.012880475437804066,0.5675675675675675,0.47977178423236516,0.0205078125,0.9829968119022316,1965.0,1928.0,37.0
"(2, 0)",0.04204948705935989,0.5461957906538245,0.4701682814890362,0.5236032546841292,0.06480648064806481,0.016560561280298782,0.5806451612903226,0.46656134807793576,0.034318398474737846,0.9714912280701754,1961.0,1899.0,62.0
"(2, 1)",0.07473099259552435,0.6073701376183278,0.48418367346938773,0.5489022353034763,0.030680728667305854,0.022395321051212922,0.6153846153846154,0.4824198552223371,0.015732546705998034,0.9893955461293743,1960.0,1934.0,26.0
mean,0.03683634155127324,0.5290443455752875,0.4936172731346611,0.519649437495551,0.04582744435476648,0.010805850558344566,0.5467878788561901,0.49251099613491206,0.02398735982061245,0.9790712992388833,1960.5,1916.5,44.0
std,0.018627970179087305,0.05272454132707113,0.019686322749118194,0.02705341378425012,0.011160708088125635,0.015233624993760131,0.05853103231876254,0.020732595124615064,0.006074710945622091,0.0061939600453854125,170.62702990245518,168.15543404838274,11.51810169544733
