,PRC-AUC,AUROC,Accuracy,Balanced Accuracy,F1-Score,MCC,Sensitivity,Specificity,Precision,Negative Predictive Value,Test Cases,Negative Test Cases,Positive Test Cases
"(0, 0)",0.031066612405107247,0.5159428517362097,0.4966966966966967,0.4920522282145898,0.04337899543378996,-0.004808283439110341,0.48717948717948717,0.4969249692496925,0.022700119474313024,0.9758454106280193,1665.0,1626.0,39.0
"(0, 1)",0.021417004146405832,0.4491090500540951,0.4773936170212766,0.4635020297199079,0.035977105478331974,-0.02129855975139897,0.4489795918367347,0.4780244676030811,0.018739352640545145,0.9750462107208873,2256.0,2207.0,49.0
"(1, 0)",0.029716664358179823,0.4728320724615305,0.48517382413087934,0.47807626987803,0.04549763033175355,-0.013979501674667522,0.47058823529411764,0.48556430446194226,0.02390438247011952,0.9716386554621849,1956.0,1905.0,51.0
"(1, 1)",0.024699119973605303,0.5439329370864641,0.49363867684478374,0.5166395648760794,0.03864734299516908,0.00904790079418393,0.5405405405405406,0.4927385892116183,0.02004008016032064,0.9824198552223371,1965.0,1928.0,37.0
"(2, 0)",0.03592248924562859,0.5167235726783196,0.48699643039265683,0.5088883792828144,0.061567164179104475,0.006223862018144558,0.532258064516129,0.4855186940494997,0.032673267326732675,0.9695057833859095,1961.0,1899.0,62.0
"(2, 1)",0.04008321929665899,0.5795481664147641,0.536734693877551,0.5755309840108186,0.03404255319148936,0.034644245467073835,0.6153846153846154,0.5356773526370218,0.0175054704595186,0.9904397705544933,1960.0,1934.0,26.0
mean,0.0304841849042643,0.5130147750718972,0.49610565649397403,0.50578157599704,0.04318513193493973,0.0016382772357042494,0.5158217557919375,0.4957413962021426,0.022593778755258264,0.9774826143289719,1960.5,1916.5,44.0
std,0.006302455448813809,0.0430184940804605,0.019191045550961003,0.03590767577762467,0.00912339722232731,0.01815165603815884,0.05496704980304816,0.018829341933642385,0.005009889200512696,0.007055286796940312,170.62702990245518,168.15543404838274,11.51810169544733
