,PRC-AUC,AUROC,Accuracy,Balanced Accuracy,F1-Score,MCC,Sensitivity,Specificity,Precision,Negative Predictive Value,Test Cases,Negative Test Cases,Positive Test Cases
"(0, 0)",0.03128749645745525,0.5226921499984231,0.4924924924924925,0.5149257261803387,0.04735062006764375,0.00903127539079991,0.5384615384615384,0.491389913899139,0.024764150943396228,0.97796817625459,1665.0,1626.0,39.0
"(0, 1)",0.01844196427264271,0.4491275440851465,0.48936170212765956,0.4696189304901843,0.03678929765886287,-0.017716779439572478,0.4489795918367347,0.4902582691436339,0.01918047079337402,0.975653742110009,2256.0,2207.0,49.0
"(1, 0)",0.0295219232052396,0.47057794246307444,0.5,0.47614636405743405,0.044921875,-0.015204914465176255,0.45098039215686275,0.5013123359580053,0.023638232271325797,0.9715157680569685,1956.0,1905.0,51.0
"(1, 1)",0.019000508562753544,0.4699170124481328,0.49923664122137407,0.4929839071436582,0.03529411764705882,-0.003814584131979797,0.4864864864864865,0.4994813278008299,0.018311291963377416,0.9806517311608961,1965.0,1928.0,37.0
"(2, 0)",0.032562287759549606,0.5074147683840391,0.4895461499235084,0.5180060812991557,0.0636108512628625,0.012607198964574526,0.5483870967741935,0.48762506582411796,0.033763654419066536,0.9706498951781971,1961.0,1899.0,62.0
"(2, 1)",0.017995819516064222,0.5207620714342535,0.5183673469387755,0.4903348977806062,0.024793388429752067,-0.004426413845712489,0.46153846153846156,0.5191313340227508,0.012738853503184714,0.9862475442043221,1960.0,1934.0,26.0
mean,0.024801666628950822,0.4900819148021783,0.4981673887839683,0.49366931782522955,0.04212669167769667,-0.0032540362545110976,0.48913892787571295,0.49819970777474615,0.02206610898228745,0.9771144761608305,1960.5,1916.5,44.0
std,0.006390003324683998,0.02819401818528794,0.009971713318158092,0.01798692180954161,0.01205741013506554,0.01122638839579952,0.040374770875468,0.010572974778719242,0.006532059714472606,0.005352942996662789,170.62702990245518,168.15543404838274,11.51810169544733
