,PRC-AUC,AUROC,Accuracy,Balanced Accuracy,F1-Score,MCC,Sensitivity,Specificity,Precision,Negative Predictive Value,Test Cases,Negative Test Cases,Positive Test Cases
"(0, 0)",0.12516845050377828,0.6704197811208881,0.9705705705705706,0.5720030277225849,0.19672131147540986,0.19074062728091035,0.15384615384615385,0.990159901599016,0.2727272727272727,0.9799147900182593,1665.0,1626.0,39.0
"(0, 1)",0.05241637850638994,0.5355085396188379,0.9689716312056738,0.5251749997688246,0.07894736842105263,0.06749347067576901,0.061224489795918366,0.9891255097417309,0.1111111111111111,0.9793629430237775,2256.0,2207.0,49.0
"(1, 0)",0.0786850136618875,0.5487365549894498,0.9693251533742331,0.5453450671607226,0.14285714285714285,0.14735029591385423,0.09803921568627451,0.9926509186351706,0.2631578947368421,0.9762519359834796,1956.0,1905.0,51.0
"(1, 1)",0.04299353267334804,0.6025288774251429,0.9669211195928753,0.5325011214534036,0.08450704225352113,0.06775668089835576,0.08108108108108109,0.9839211618257261,0.08823529411764706,0.9823925427239772,1965.0,1928.0,37.0
"(2, 0)",0.06347514366339652,0.549491243268953,0.9643039265680775,0.5212972871969968,0.07894736842105263,0.088524935018937,0.04838709677419355,0.9942074776197999,0.21428571428571427,0.9696969696969697,1961.0,1899.0,62.0
"(2, 1)",0.052473573991204045,0.6516685227905497,0.9744897959183674,0.5507119560894121,0.10714285714285714,0.09451831818070988,0.11538461538461539,0.9860392967942089,0.1,0.9880829015544041,1960.0,1934.0,26.0
mean,0.06920201550000073,0.5930589198689703,0.9690970328716331,0.5411722432319908,0.11485384842850604,0.10939738799475603,0.09299377542803945,0.989350711035942,0.17491954782976457,0.9792836805001447,1960.5,1916.5,44.0
std,0.027396621138602573,0.05273223120026822,0.003136596823623854,0.0172485259368231,0.04290571960565367,0.0451000343366533,0.035049426331987786,0.003550364435399006,0.07756789183362692,0.005606430773347752,170.62702990245518,168.15543404838274,11.51810169544733
