,PRC-AUC,AUROC,Accuracy,Balanced Accuracy,F1-Score,MCC,Sensitivity,Specificity,Precision,Negative Predictive Value,Test Cases,Negative Test Cases,Positive Test Cases
"(0, 0)",0.058975348573664516,0.5018292490617214,0.4924924924924925,0.5149257261803387,0.04735062006764375,0.00903127539079991,0.5384615384615384,0.491389913899139,0.024764150943396228,0.97796817625459,1665.0,1626.0,39.0
"(0, 1)",0.023511261623998213,0.494826294813349,0.48847517730496454,0.5190534754907853,0.04470198675496689,0.011113692496234498,0.5510204081632653,0.4870865428183054,0.023295944779982744,0.9799453053783045,2256.0,2207.0,49.0
"(1, 0)",0.04434720266769332,0.6068653183058,0.5419222903885481,0.5549174000308785,0.06079664570230607,0.03510867836160183,0.5686274509803921,0.5412073490813648,0.03211517165005537,0.9791073124406457,1956.0,1905.0,51.0
"(1, 1)",0.025796016947724175,0.4882667937647191,0.5002544529262086,0.5200109341706852,0.039138943248532294,0.010879791751380909,0.5405405405405406,0.4994813278008299,0.02030456852791878,0.9826530612244898,1965.0,1928.0,37.0
"(2, 0)",0.03860611067112,0.5261173113183509,0.5053544110147884,0.5183670522685964,0.06370656370656372,0.012855522414207557,0.532258064516129,0.5044760400210637,0.033880903490759756,0.9706180344478217,1961.0,1899.0,62.0
"(2, 1)",0.0139285795858832,0.4507199109060537,0.4943877551020408,0.4402394399809084,0.019782393669634024,-0.02734885445668927,0.38461538461538464,0.49586349534643226,0.01015228426395939,0.9835897435897436,1960.0,1934.0,26.0
mean,0.03419408667834724,0.511437479694999,0.5038144298715072,0.5112523380203654,0.04591285885827446,0.008606684326255904,0.5192538978795417,0.5032507781611891,0.02408550394267871,0.9789802722225992,1960.5,1916.5,44.0
std,0.014899685484304506,0.048155517585585214,0.0178866577066202,0.034523308599912775,0.014550850807054748,0.01837045393660521,0.06132638249264798,0.017855652005788505,0.00785217023552991,0.004215752056195925,170.62702990245518,168.15543404838274,11.51810169544733
