,PRC-AUC,AUROC,Accuracy,Balanced Accuracy,F1-Score,MCC,Sensitivity,Specificity,Precision,Negative Predictive Value,Test Cases,Negative Test Cases,Positive Test Cases
"(0, 0)",0.02204978962619393,0.4809978869019459,0.47927927927927927,0.4956476487841801,0.04410143329658214,-0.0026354663794100957,0.5128205128205128,0.4784747847478475,0.02304147465437788,0.9761606022584692,1665.0,1626.0,39.0
"(0, 1)",0.025000875225469208,0.5520190858400451,0.5022163120567376,0.5659867027916741,0.05232067510548522,0.038475781824105756,0.6326530612244898,0.4993203443588582,0.027288732394366196,0.9839285714285714,2256.0,2207.0,49.0
"(1, 0)",0.0486498937363901,0.6375379548144717,0.5424335378323109,0.5933456847305851,0.06867845993756505,0.05964448335994921,0.6470588235294118,0.5396325459317586,0.03626373626373627,0.982791586998088,1956.0,1905.0,51.0
"(1, 1)",0.01890625490128123,0.47011326679376475,0.49363867684478374,0.503385387462151,0.036786060019361085,0.0018407770715993936,0.5135135135135135,0.4932572614107884,0.019076305220883535,0.9814241486068112,1965.0,1928.0,37.0
"(2, 0)",0.035688124017586,0.5046034415396898,0.4941356450790413,0.5125745298883962,0.06238185255198489,0.008802109244978805,0.532258064516129,0.4928909952606635,0.03313253012048193,0.9699481865284975,1961.0,1899.0,62.0
"(2, 1)",0.011457987436895127,0.4056956487152972,0.49387755102040815,0.4589531461299817,0.021696252465483234,-0.0187850854530859,0.4230769230769231,0.4948293691830403,0.011133603238866396,0.9845679012345679,1960.0,1934.0,26.0
mean,0.026958820823969266,0.5084945474342023,0.5009301670187601,0.5216488499644947,0.04766078889607694,0.014557099944689527,0.5435634831134967,0.49973421681549274,0.024989396982118703,0.9798034995091675,1960.5,1916.5,44.0
std,0.012108916619847613,0.07229399440096441,0.019756921351010707,0.04496108020340638,0.01573347091996071,0.0264798223035263,0.076530160667004,0.018959824064670856,0.008460204515961751,0.005190838191893127,170.62702990245518,168.15543404838274,11.51810169544733
