,PRC-AUC,AUROC,Accuracy,Balanced Accuracy,F1-Score,MCC,Sensitivity,Specificity,Precision,Negative Predictive Value,Test Cases,Negative Test Cases,Positive Test Cases
"(0, 0)",0.03106631148782579,0.5285583625067021,0.47267267267267266,0.517291134449806,0.047722342733188726,0.010480025254878974,0.5641025641025641,0.470479704797048,0.02491506228765572,0.9782608695652174,1665.0,1626.0,39.0
"(0, 1)",0.025061536391177017,0.5184154314195093,0.5279255319148937,0.4993064738355696,0.041404140414041404,-0.0004050677155420529,0.46938775510204084,0.5292251925690983,0.021657250470809793,0.9782244556113903,2256.0,2207.0,49.0
"(1, 0)",0.02625025780328956,0.46972363748649065,0.5097137014314929,0.4906746950748803,0.04766633565044687,-0.005945613432483557,0.47058823529411764,0.510761154855643,0.02510460251046025,0.973,1956.0,1905.0,51.0
"(1, 1)",0.016783324413730188,0.4445721655265224,0.5063613231552163,0.4833604351239206,0.03386454183266932,-0.00904790079418393,0.4594594594594595,0.5072614107883817,0.017580144777662874,0.9799599198396793,1965.0,1928.0,37.0
"(2, 0)",0.03906288223402864,0.5545193565373967,0.5461499235084141,0.5706356486435985,0.07676348547717843,0.04959763995329105,0.5967741935483871,0.5444971037388099,0.041019955654102,0.9763928234183191,1961.0,1899.0,62.0
"(2, 1)",0.011018765865933037,0.4235144379922043,0.47959183673469385,0.4517142629862382,0.021113243761996164,-0.02211214726589932,0.4230769230769231,0.48035160289555323,0.010826771653543307,0.9841101694915254,1960.0,1934.0,26.0
mean,0.024873846365997373,0.4898838985781375,0.5070691649028972,0.5021637750190022,0.044755681644920144,0.0037611560000101944,0.4972315217639154,0.507096028274089,0.023517297892372325,0.9783247063210219,1960.5,1916.5,44.0
std,0.009119803545608682,0.047173438023841385,0.02552094105017698,0.036414549437875,0.016983261931467788,0.022698035950178722,0.06163231439004707,0.025684042699542328,0.009224743263960743,0.0033725435910183085,170.62702990245518,168.15543404838274,11.51810169544733
