,PRC-AUC,AUROC,Accuracy,Balanced Accuracy,F1-Score,MCC,Sensitivity,Specificity,Precision,Negative Predictive Value,Test Cases,Negative Test Cases,Positive Test Cases
"(0, 0)",0.08603711826983623,0.6471205096666351,0.96996996996997,0.5466695051565901,0.13793103448275865,0.13291195617303514,0.10256410256410256,0.9907749077490775,0.21052631578947367,0.9787363304981774,1665.0,1626.0,39.0
"(0, 1)",0.06287077824704707,0.5872409679775852,0.9680851063829787,0.5346994257603359,0.1,0.0868971704996784,0.08163265306122448,0.9877661984594472,0.12903225806451613,0.9797752808988764,2256.0,2207.0,49.0
"(1, 0)",0.05122055491082308,0.5441202202665844,0.9606339468302658,0.5313416705264783,0.09411764705882353,0.07643082798714737,0.0784313725490196,0.984251968503937,0.11764705882352941,0.9755463059313215,1956.0,1905.0,51.0
"(1, 1)",0.03967248493911635,0.5535423909386565,0.9776081424936387,0.49818464730290457,0.0,-0.008283045052066106,0.0,0.9963692946058091,0.0,0.9811031664964249,1965.0,1928.0,37.0
"(2, 0)",0.04677606816365362,0.5204012298493265,0.9673635900050994,0.49947340705634546,0.0,-0.005773393277818495,0.0,0.9989468141126909,0.0,0.9683511995916284,1961.0,1899.0,62.0
"(2, 1)",0.019807235244238962,0.559024739479755,0.975,0.4940537745604964,0.0,-0.012634485076212516,0.0,0.9881075491209927,0.0,0.9865771812080537,1960.0,1934.0,26.0
mean,0.05106403996245255,0.5685750096964238,0.9697767926136587,0.5174037383938584,0.05534144692359703,0.04492483854229396,0.04377135469572444,0.9910361220919923,0.07620093877958654,0.9783482441040805,1960.5,1916.5,44.0
std,0.020362063751553174,0.04031904149585463,0.005491299663806356,0.02076047090457308,0.05701907177396785,0.05658401159854075,0.044420671668949335,0.00510528631839733,0.08162106068656778,0.005557034653180369,170.62702990245518,168.15543404838274,11.51810169544733
