,PRC-AUC,AUROC,Accuracy,Balanced Accuracy,F1-Score,MCC,Sensitivity,Specificity,Precision,Negative Predictive Value,Test Cases,Negative Test Cases,Positive Test Cases
"(0, 0)",0.0876141867896151,0.6218106411833348,0.9687687687687687,0.5585675087520106,0.16129032258064516,0.15178499006042603,0.1282051282051282,0.988929889298893,0.21739130434782608,0.9792935444579781,1665.0,1626.0,39.0
"(0, 1)",0.05043129616587789,0.5464385119702616,0.9711879432624113,0.5362852889230001,0.10958904109589039,0.10311149217636242,0.08163265306122448,0.9909379247847757,0.16666666666666666,0.9798387096774194,2256.0,2207.0,49.0
"(1, 0)",0.06759045887536294,0.6219082908754052,0.9688139059304703,0.5164582368380423,0.061538461538461535,0.06222390327826928,0.0392156862745098,0.9937007874015747,0.14285714285714285,0.974768280123584,1956.0,1905.0,51.0
"(1, 1)",0.03375537428335078,0.5901928899854212,0.9674300254452927,0.5327604575529887,0.08571428571428572,0.06930647332829563,0.08108108108108109,0.9844398340248963,0.09090909090909091,0.9824016563146998,1965.0,1928.0,37.0
"(2, 0)",0.0675409049040578,0.5853420306103382,0.9648138704742478,0.521560583668824,0.07999999999999999,0.09297853175570926,0.04838709677419355,0.9947340705634544,0.23076923076923078,0.9697125256673511,1961.0,1899.0,62.0
"(2, 1)",0.040472396267775546,0.6839054172301329,0.9795918367346939,0.5343250338079707,0.09090909090909093,0.08233699501146331,0.07692307692307693,0.9917269906928645,0.1111111111111111,0.9876416065911432,1960.0,1934.0,26.0
mean,0.05790076954767334,0.6082662969758156,0.9701010584359809,0.533326184923806,0.09817353363972896,0.09362373093508765,0.07590745371986901,0.9907449161277432,0.15995075777684475,0.9789427204720292,1960.5,1916.5,44.0
std,0.018313250182156154,0.04235893215081496,0.004650747654071117,0.013355120847731517,0.03160815737687463,0.029376392337498593,0.028575276082975623,0.003383800467069798,0.051322559141339,0.005644808519890233,170.62702990245518,168.15543404838274,11.51810169544733
