,PRC-AUC,AUROC,Accuracy,Balanced Accuracy,F1-Score,MCC,Sensitivity,Specificity,Precision,Negative Predictive Value,Test Cases,Negative Test Cases,Positive Test Cases
"(0, 0)",0.020267749950093415,0.39824013624751636,0.4966966966966967,0.4294871794871795,0.03233256351039261,-0.04265951292854159,0.358974358974359,0.5,0.016928657799274487,0.9701670644391408,1665.0,1626.0,39.0
"(0, 1)",0.022538753985999374,0.46806543188186006,0.512854609929078,0.4916037099026289,0.04017467248908296,-0.004897589327879193,0.46938775510204084,0.513819664703217,0.020985401459854013,0.9775862068965517,2256.0,2207.0,49.0
"(1, 0)",0.02454705319117191,0.4648139570788946,0.45194274028629855,0.4705573568009881,0.04456327985739751,-0.01885267578691378,0.49019607843137253,0.45091863517060365,0.02334267040149393,0.9706214689265537,1956.0,1905.0,51.0
"(1, 1)",0.017931074149784412,0.4203207356734328,0.5246819338422392,0.4529340024671975,0.029106029106029108,-0.02563327543704737,0.3783783783783784,0.5274896265560166,0.015135135135135135,0.9778846153846154,1965.0,1928.0,37.0
"(2, 0)",0.02731132631430233,0.4264893237527391,0.47730749617542073,0.44927720871766125,0.04828226555246054,-0.03552326521541186,0.41935483870967744,0.47919957872564506,0.02561576354679803,0.9619450317124736,1961.0,1899.0,62.0
"(2, 1)",0.014993857213645403,0.5222535995545303,0.5025510204081632,0.5012926577042399,0.025974025974025976,0.0005915725589633286,0.5,0.5025853154084798,0.013333333333333334,0.9868020304568528,1960.0,1934.0,26.0
mean,0.02126496913416614,0.45003053069816223,0.4943390828896494,0.4658586858466492,0.03673880608156479,-0.021162457689471743,0.4360485682659714,0.4956688034273271,0.019223493612648152,0.9741677363026979,1960.5,1916.5,44.0
std,0.004090419402772397,0.04057726032624703,0.02388874357758984,0.024850652013846713,0.008163269086923853,0.015445944750364643,0.054280452287067515,0.024773739028320755,0.004427339045782483,0.007779271765908896,170.62702990245518,168.15543404838274,11.51810169544733
