,PRC-AUC,AUROC,Accuracy,Balanced Accuracy,F1-Score,MCC,Sensitivity,Specificity,Precision,Negative Predictive Value,Test Cases,Negative Test Cases,Positive Test Cases
"(0, 0)",0.03109149902899981,0.4983126754344467,0.5213213213213214,0.47963383479988647,0.04091456077015644,-0.012335652293908423,0.4358974358974359,0.523370233702337,0.021464646464646464,0.9747995418098511,1665.0,1626.0,39.0
"(0, 1)",0.02827925193663225,0.5407377268986435,0.5,0.5249438243806811,0.04568527918781726,0.014544118667486667,0.5510204081632653,0.49886724059809695,0.02383053839364519,0.9804096170970614,2256.0,2207.0,49.0
"(1, 0)",0.02641984612506196,0.4943543821728166,0.5245398773006135,0.5173691523853636,0.0529531568228106,0.011084201849465968,0.5098039215686274,0.5249343832020997,0.027926960257787327,0.975609756097561,1956.0,1905.0,51.0
"(1, 1)",0.029854481207460475,0.5843332959515533,0.5083969465648855,0.5639228440058315,0.04545454545454545,0.03475526116838335,0.6216216216216216,0.5062240663900415,0.02358974358974359,0.9858585858585859,1965.0,1928.0,37.0
"(2, 0)",0.035880254450986374,0.49639029030559373,0.5022947475777665,0.4855823948088128,0.05609284332688588,-0.010091371007705408,0.46774193548387094,0.5034228541337546,0.029835390946502057,0.9666329625884732,1961.0,1899.0,62.0
"(2, 1)",0.011812012072936563,0.43150902871688807,0.47244897959183674,0.4480948214143664,0.020833333333333332,-0.02378458113251625,0.4230769230769231,0.47311271975180974,0.010679611650485437,0.9838709677419355,1960.0,1934.0,26.0
mean,0.02722289080367957,0.507606233246657,0.5048336453927372,0.5032578119658236,0.04365561981592483,0.002361996208534317,0.501527040968624,0.5049885829630233,0.022887815217135014,0.9778635718655782,1960.5,1916.5,44.0
std,0.007484398281633744,0.04683891136994169,0.017085339025560545,0.0371104822808415,0.011378741426164534,0.01970006483399655,0.06897331351398094,0.01728795074106594,0.006138795556494755,0.006417241758444992,170.62702990245518,168.15543404838274,11.51810169544733
