,PRC-AUC,AUROC,Accuracy,Balanced Accuracy,F1-Score,MCC,Sensitivity,Specificity,Precision,Negative Predictive Value,Test Cases,Negative Test Cases,Positive Test Cases
"(0, 0)",0.026501299762674038,0.4979342101113319,0.4858858858858859,0.49903018260951837,0.04464285714285714,-0.0005869707310492052,0.5128205128205128,0.48523985239852396,0.023337222870478413,0.9764851485148515,1665.0,1626.0,39.0
"(0, 1)",0.028096763095386855,0.539193475305845,0.5044326241134752,0.5172318134322147,0.04444444444444444,0.01004753318134745,0.5306122448979592,0.5038513819664703,0.0231935771632471,0.9797356828193833,2256.0,2207.0,49.0
"(1, 0)",0.0221347358872057,0.43939066440224384,0.5040899795501023,0.4496217384591632,0.039603960396039604,-0.03211802765486464,0.39215686274509803,0.5070866141732283,0.020855057351407715,0.9689067201604814,1956.0,1905.0,51.0
"(1, 1)",0.020242374188409823,0.49293484355725015,0.49770992366412214,0.492205898844903,0.03519061583577713,-0.004237606314327685,0.4864864864864865,0.4979253112033195,0.018255578093306288,0.9805924412665986,1965.0,1928.0,37.0
"(2, 0)",0.03695236568617022,0.49944792675262023,0.4910759816420194,0.4797898724286127,0.05492424242424242,-0.01414656334038416,0.46774193548387094,0.4918378093733544,0.029175050301810865,0.9658738366080661,1961.0,1899.0,62.0
"(2, 1)",0.018264842700416804,0.4932781799379524,0.4872448979591837,0.47456447378887917,0.023323615160349857,-0.011643383332772326,0.46153846153846156,0.4875904860392968,0.011964107676969093,0.9853709508881923,1960.0,1934.0,26.0
mean,0.025365396886710575,0.4936965500112073,0.4950732154691315,0.48540732992721525,0.04035495590061843,-0.00878083636534176,0.4752260839953982,0.4955885758590322,0.02113009890953658,0.9761607967095957,1960.5,1916.5,44.0
std,0.006192857236132238,0.029071437158677826,0.007500225029352747,0.021112130476718206,0.009701160526667954,0.013063291899512402,0.044256117409667874,0.008073340378160206,0.005263150112554568,0.006779805835168747,170.62702990245518,168.15543404838274,11.51810169544733
