,PRC-AUC,AUROC,Accuracy,Balanced Accuracy,F1-Score,MCC,Sensitivity,Specificity,Precision,Negative Predictive Value,Test Cases,Negative Test Cases,Positive Test Cases
"(0, 0)",0.028121977993323742,0.5483804838048381,0.512912912912913,0.5629198599678304,0.05587892898719442,0.038069312732496585,0.6153846153846154,0.5104551045510455,0.02926829268292683,0.9822485207100592,1665.0,1626.0,39.0
"(0, 1)",0.024271879814350673,0.49662946284086806,0.4676418439716312,0.4784729478560794,0.03843074459567654,-0.012577408974512335,0.4897959183673469,0.46714997734481195,0.02,0.9763257575757576,2256.0,2207.0,49.0
"(1, 0)",0.020492784655045143,0.3811435335288971,0.48517382413087934,0.43036899799289796,0.03636363636363636,-0.04438993308200661,0.37254901960784315,0.4881889763779528,0.019114688128772636,0.9667359667359667,1956.0,1905.0,51.0
"(1, 1)",0.02332393370378344,0.5445917909610856,0.5068702290076336,0.5101281260513626,0.037735849056603765,0.005507012506482554,0.5135135135135135,0.5067427385892116,0.01958762886597938,0.9819095477386934,1965.0,1928.0,37.0
"(2, 0)",0.04423767448443432,0.5138018311844944,0.49260581336053033,0.5039834208157095,0.06043437204910293,0.0027884214516435005,0.5161290322580645,0.4918378093733544,0.0320962888665998,0.9688796680497925,1961.0,1899.0,62.0
"(2, 1)",0.025161908563823686,0.5345040171824039,0.5051020408163265,0.5405297907883223,0.03,0.018548181227005273,0.5769230769230769,0.5041365046535677,0.015400410677618069,0.9888438133874239,1960.0,1934.0,26.0
mean,0.027601693202460167,0.5031751865837645,0.4950511106999856,0.5044005239120337,0.04314058850870234,0.0013242643101848278,0.5140491960090768,0.49475185181499065,0.02257788487031612,0.9774905456996156,1960.5,1916.5,44.0
std,0.007777130820814611,0.057427992686150654,0.01535450478795584,0.042653100803149366,0.011040352139990156,0.025656530680805846,0.07619834446332575,0.014673511694242613,0.0059785527815276514,0.007769893890003404,170.62702990245518,168.15543404838274,11.51810169544733
