,PRC-AUC,AUROC,Accuracy,Balanced Accuracy,F1-Score,MCC,Sensitivity,Specificity,Precision,Negative Predictive Value,Test Cases,Negative Test Cases,Positive Test Cases
"(0, 0)",0.02888849070176279,0.48777872394108557,0.5015015015015015,0.44446021383290757,0.03488372093023256,-0.033603458003866805,0.38461538461538464,0.5043050430504306,0.018270401948842874,0.9715639810426541,1665.0,1626.0,39.0
"(0, 1)",0.03347048425083038,0.5194973322360208,0.4867021276595745,0.5381023274738078,0.047697368421052634,0.022229584213434395,0.5918367346938775,0.4843679202537381,0.024850042844901457,0.9816345270890725,2256.0,2207.0,49.0
"(1, 0)",0.0432795209410822,0.5857958931604139,0.5010224948875256,0.5720858422109001,0.0633397312859885,0.0459528092778329,0.6470588235294118,0.49711286089238843,0.033299697275479316,0.9813471502590674,1956.0,1905.0,51.0
"(1, 1)",0.027802086282428147,0.44841314343389027,0.4926208651399491,0.4365958281933386,0.027317073170731707,-0.0344727914828867,0.3783783783783784,0.4948132780082988,0.01417004048582996,0.9764585465711362,1965.0,1928.0,37.0
"(2, 0)",0.03801623657084605,0.5115170972837997,0.5242223355430903,0.5047053627545908,0.06042296072507553,0.0032975241163576375,0.4838709677419355,0.5255397577672459,0.0322234156820623,0.9689320388349515,1961.0,1899.0,62.0
"(2, 1)",0.02224579661128312,0.548603929679421,0.5341836734693878,0.5552660886166574,0.03181336161187699,0.025344096383582322,0.5769230769230769,0.5336091003102379,0.016357688113413305,0.9894534995206136,1960.0,1934.0,26.0
mean,0.03228376922637211,0.5169343532891052,0.5067088330335048,0.5085359438470337,0.04424570269082632,0.004791294084075625,0.5104472276470108,0.5066246600470566,0.02319521439175487,0.9782316238862493,1960.5,1916.5,44.0
std,0.006922792339647263,0.0434472787575178,0.01693014800887364,0.05226888784868316,0.013946253418214812,0.030107692068265447,0.10302762556895546,0.017400512905008825,0.007514505498613917,0.006847144099575202,170.62702990245518,168.15543404838274,11.51810169544733
