,PRC-AUC,AUROC,Accuracy,Balanced Accuracy,F1-Score,MCC,Sensitivity,Specificity,Precision,Negative Predictive Value,Test Cases,Negative Test Cases,Positive Test Cases
"(0, 0)",0.1329237592648365,0.6947598322137067,0.975975975975976,0.49969249692496925,0.0,-0.0037966046201924186,0.0,0.9993849938499385,0.0,0.9765625,1665.0,1626.0,39.0
"(0, 1)",0.07257836188106556,0.6773947458457783,0.9782801418439716,0.5199550595045449,0.07547169811320753,0.13828276050197344,0.04081632653061224,0.9990937924784775,0.5,0.9791296625222025,2256.0,2207.0,49.0
"(1, 0)",0.06844604701631937,0.6576089753486697,0.9734151329243353,0.49973753280839894,0.0,-0.003700532452412642,0.0,0.9994750656167979,0.0,0.9739130434782609,1956.0,1905.0,51.0
"(1, 1)",0.052343713459787,0.6225468206796008,0.9796437659033079,0.4992219917012448,0.0,-0.005416995478511306,0.0,0.9984439834024896,0.0,0.9811416921508664,1965.0,1928.0,37.0
"(2, 0)",0.09966684706046541,0.6107586335762456,0.96838347781744,0.5,0.0,0.0,0.0,1.0,,0.96838347781744,1961.0,1899.0,62.0
"(2, 1)",0.05201922709162517,0.5819644419696126,0.9862244897959184,0.5187137061490733,0.06896551724137931,0.10953392997868282,0.038461538461538464,0.9989658738366081,0.3333333333333333,0.9872253449156873,1960.0,1934.0,26.0
mean,0.07966299262901651,0.6408389082722689,0.9769871640434915,0.5062201311813719,0.024072869225764473,0.039150426321589986,0.013212977498691783,0.9992272848640521,0.16666666666666666,0.9777259534807429,1960.5,1916.5,44.0
std,0.028645523512628907,0.03922298778746715,0.005505494776297226,0.009282921148213498,0.03409594694363142,0.06052646854715065,0.018698332394433605,0.0004801168657985274,0.21081851067789198,0.005874377492952377,170.62702990245518,168.15543404838274,11.51810169544733
