,PRC-AUC,AUROC,Accuracy,Balanced Accuracy,F1-Score,MCC,Sensitivity,Specificity,Precision,Negative Predictive Value,Test Cases,Negative Test Cases,Positive Test Cases
"(0, 0)",0.022443963722959266,0.45086258554893244,0.4870870870870871,0.43708014003216955,0.03393665158371041,-0.038069312732496585,0.38461538461538464,0.48954489544895446,0.01775147928994083,0.9707317073170731,1665.0,1626.0,39.0
"(0, 1)",0.027280389886064446,0.4507180307555737,0.48404255319148937,0.43696771866879963,0.03161397670549085,-0.036761211730139534,0.3877551020408163,0.48618033529678295,0.01647875108412836,0.9728014505893019,2256.0,2207.0,49.0
"(1, 0)",0.023220528901074976,0.45097009932581955,0.5168711656441718,0.44664196387216304,0.038657171922685654,-0.03404900897873866,0.37254901960784315,0.5207349081364829,0.0203862660944206,0.96875,1956.0,1905.0,51.0
"(1, 1)",0.024660650188882433,0.5209010878098015,0.4717557251908397,0.5054881125939217,0.03710575139146568,0.002989138476509995,0.5405405405405406,0.4704356846473029,0.01921229586935639,0.9816017316017316,1965.0,1928.0,37.0
"(2, 0)",0.055887793584088435,0.5233654385160271,0.5226925038245793,0.5273191323107238,0.0658682634730539,0.019137201357170057,0.532258064516129,0.5223802001053186,0.035106382978723406,0.9715964740450539,1961.0,1899.0,62.0
"(2, 1)",0.013738210524122076,0.46104128549836926,0.48316326530612247,0.4724962214620953,0.023143683702989394,-0.01259298200903059,0.46153846153846156,0.48345398138572904,0.011869436201780416,0.9852476290832455,1960.0,1934.0,26.0
mean,0.027871922801198604,0.4763097545757539,0.49426871670738165,0.47099888148997887,0.03838758312989931,-0.016557695936120883,0.4465427621431959,0.4954550008367618,0.020134101919724996,0.9751214987727344,1960.5,1916.5,44.0
std,0.013206130056430935,0.03260966985010566,0.0187309833970815,0.0347984200851353,0.01326004379206498,0.021789910220272397,0.06972999044773333,0.019386333183283325,0.0072160202908963115,0.006085592563900743,170.62702990245518,168.15543404838274,11.51810169544733
