,PRC-AUC,AUROC,Accuracy,Balanced Accuracy,F1-Score,MCC,Sensitivity,Specificity,Precision,Negative Predictive Value,Test Cases,Negative Test Cases,Positive Test Cases
"(0, 0)",0.06838247340409122,0.5514239757782194,0.4858858858858859,0.5115431923550005,0.046770601336302904,0.006986897945611492,0.5384615384615384,0.48462484624846247,0.024447031431897557,0.9776674937965261,1665.0,1626.0,39.0
"(0, 1)",0.03860979319344904,0.511554145899411,0.5394503546099291,0.5051968227254654,0.0423963133640553,0.0030402361003120533,0.46938775510204084,0.5410058903488899,0.0222007722007722,0.978688524590164,2256.0,2207.0,49.0
"(1, 0)",0.05541026645287647,0.4098193608151922,0.4810838445807771,0.42826926046008956,0.03608736942070276,-0.04573617426957662,0.37254901960784315,0.483989501312336,0.018962075848303395,0.9664570230607966,1956.0,1905.0,51.0
"(1, 1)",0.019810806670105548,0.36619659078165306,0.5033078880407125,0.3757709992149826,0.018108651911468814,-0.06756489864325042,0.24324324324324326,0.508298755186722,0.009404388714733543,0.9722222222222222,1965.0,1928.0,37.0
"(2, 0)",0.037509189463472904,0.5405221763576754,0.48036715961244264,0.5444716234350847,0.06940639269406393,0.031170743223567103,0.6129032258064516,0.47604002106371773,0.036786060019361085,0.9741379310344828,1961.0,1899.0,62.0
"(2, 1)",0.014137376601867485,0.4361824834937555,0.4954081632653061,0.4597287407525257,0.021760633036597428,-0.01842976049078062,0.4230769230769231,0.4963805584281282,0.01116751269035533,0.9846153846153847,1960.0,1934.0,26.0
mean,0.038976650964310446,0.46928312218765106,0.49758388266584225,0.4708301064905247,0.039088326960531855,-0.015088826022352836,0.44327028421634,0.4983899287647094,0.02049464015090385,0.975631429886596,1960.5,1916.5,44.0
std,0.018803250063171063,0.06936303803070165,0.020395299309956833,0.056616545543058464,0.017022273210390095,0.033316933193192504,0.11827856826516131,0.02165914269497779,0.009094690590892645,0.005660179666850842,170.62702990245518,168.15543404838274,11.51810169544733
