,PRC-AUC,AUROC,Accuracy,Balanced Accuracy,F1-Score,MCC,Sensitivity,Specificity,Precision,Negative Predictive Value,Test Cases,Negative Test Cases,Positive Test Cases
"(0, 0)",0.10989272424031842,0.619847352319677,0.9765765765765766,0.5250260194909642,0.09302325581395347,0.15463205815381967,0.05128205128205128,0.998769987699877,0.5,0.9777242624924745,1665.0,1626.0,39.0
"(0, 1)",0.06771583502740423,0.5826498247690557,0.9769503546099291,0.5192754038634031,0.07142857142857142,0.10103897708932304,0.04081632653061224,0.9977344811961939,0.2857142857142857,0.9791018230324589,2256.0,2207.0,49.0
"(1, 0)",0.0520049938089113,0.522062683341053,0.9723926380368099,0.5182955071792497,0.06896551724137931,0.0976454671407276,0.0392156862745098,0.9973753280839895,0.2857142857142857,0.9748589020010262,1956.0,1905.0,51.0
"(1, 1)",0.03042164024129536,0.5114107883817427,0.9791348600508906,0.49896265560165975,0.0,-0.00625660224366877,0.0,0.9979253112033195,0.0,0.9811320754716981,1965.0,1928.0,37.0
"(2, 0)",0.041069169866135735,0.41681105505444294,0.9678735339112697,0.49973670352817273,0.0,-0.004081363974348952,0.0,0.9994734070563455,0.0,0.9683673469387755,1961.0,1899.0,62.0
"(2, 1)",0.028315825877818765,0.5883183517619919,0.986734693877551,0.5,0.0,0.0,0.0,1.0,,0.986734693877551,1960.0,1934.0,26.0
mean,0.0549033648436473,0.5401833426046605,0.9766104428438379,0.5102160482772415,0.03890289074731736,0.05716308936097544,0.02188567734786222,0.9985464192066208,0.21428571428571427,0.9779865173023307,1960.5,1916.5,44.0
std,0.027970301548134884,0.06688756132732701,0.005818265538340835,0.01085900534595328,0.039646353459764486,0.06338332515345992,0.022210335834474668,0.0009520731212851214,0.19166296949998196,0.005628028518067844,170.62702990245518,168.15543404838274,11.51810169544733
