,PRC-AUC,AUROC,Accuracy,Balanced Accuracy,F1-Score,MCC,Sensitivity,Specificity,Precision,Negative Predictive Value,Test Cases,Negative Test Cases,Positive Test Cases
"(0, 0)",0.1977939363590901,0.7497792285615164,0.975975975975976,0.49969249692496925,0.0,-0.0037966046201924186,0.0,0.9993849938499385,0.0,0.9765625,1665.0,1626.0,39.0
"(0, 1)",0.08607242890464334,0.6644489241097435,0.9778368794326241,0.5097509778718918,0.03846153846153846,0.078007462307861,0.02040816326530612,0.9990937924784775,0.3333333333333333,0.9786950732356857,2256.0,2207.0,49.0
"(1, 0)",0.13571579843125717,0.7436621892851629,0.9729038854805726,0.4994750656167979,0.0,-0.005234682146836666,0.0,0.9989501312335958,0.0,0.973899692937564,1956.0,1905.0,51.0
"(1, 1)",0.07262663618861381,0.593676404620388,0.9806615776081425,0.49974066390041494,0.0,-0.0031259109767342577,0.0,0.9994813278008299,0.0,0.9811608961303462,1965.0,1928.0,37.0
"(2, 0)",0.05486339683936069,0.6233459036165044,0.96838347781744,0.5,0.0,0.0,0.0,1.0,,0.96838347781744,1961.0,1899.0,62.0
"(2, 1)",0.049868701939389214,0.6007477527642988,0.986734693877551,0.5,0.0,0.0,0.0,1.0,,0.986734693877551,1960.0,1934.0,26.0
mean,0.09949014977705904,0.6626100671596022,0.9770827483653844,0.5014432007190123,0.006410256410256409,0.010975044094016275,0.003401360544217687,0.999485040893807,0.08333333333333333,0.9775727223330978,1960.5,1916.5,44.0
std,0.05217191267942697,0.06362882065490659,0.00578650632626711,0.003719811129308118,0.01433376908653711,0.030038980347135872,0.007605673392856425,0.0004040611808529311,0.14433756729740646,0.0057304783715448615,170.62702990245518,168.15543404838274,11.51810169544733
