,PRC-AUC,AUROC,Accuracy,Balanced Accuracy,F1-Score,MCC,Sensitivity,Specificity,Precision,Negative Predictive Value,Test Cases,Negative Test Cases,Positive Test Cases
"(0, 0)",0.139840291707536,0.7902198252751759,0.975975975975976,0.49969249692496925,0.0,-0.0037966046201924186,0.0,0.9993849938499385,0.0,0.9765625,1665.0,1626.0,39.0
"(0, 1)",0.07452253708038209,0.6618366422237223,0.9773936170212766,0.49954689623923876,0.0,-0.00443848662399214,0.0,0.9990937924784775,0.0,0.9782608695652174,2256.0,2207.0,49.0
"(1, 0)",0.043696453389565806,0.5840306726365088,0.9739263803680982,0.5,0.0,0.0,0.0,1.0,,0.9739263803680982,1956.0,1905.0,51.0
"(1, 1)",0.056881401876048315,0.717653078389593,0.9806615776081425,0.49974066390041494,0.0,-0.0031259109767342577,0.0,0.9994813278008299,0.0,0.9811608961303462,1965.0,1928.0,37.0
"(2, 0)",0.08285016077615762,0.7033795376174218,0.96838347781744,0.5,0.0,0.0,0.0,1.0,,0.96838347781744,1961.0,1899.0,62.0
"(2, 1)",0.057997072704275954,0.7131691989499642,0.986734693877551,0.5,0.0,0.0,0.0,1.0,,0.986734693877551,1960.0,1934.0,26.0
mean,0.07596465292232764,0.6950481591820642,0.9771792871114142,0.49983000951077045,0.0,-0.001893500370153136,0.0,0.9996600190215409,0.0,0.9775048029597754,1960.5,1916.5,44.0
std,0.03124587508029056,0.06244237280056364,0.005669710515619248,0.00017969222444057554,0.0,0.0019310458167044657,0.0,0.0003593844488811511,0.0,0.005715784516037163,170.62702990245518,168.15543404838274,11.51810169544733
