,PRC-AUC,AUROC,Accuracy,Balanced Accuracy,F1-Score,MCC,Sensitivity,Specificity,Precision,Negative Predictive Value,Test Cases,Negative Test Cases,Positive Test Cases
"(0, 0)",0.08429734486404128,0.5884504998896143,0.9681681681681682,0.5332339861860157,0.1016949152542373,0.09227988738313536,0.07692307692307693,0.9895448954489545,0.15,0.9781155015197568,1665.0,1626.0,39.0
"(0, 1)",0.06249054505033835,0.5096307666700572,0.9729609929078015,0.547169026196795,0.1408450704225352,0.13993720255317152,0.10204081632653061,0.9922972360670593,0.22727272727272727,0.9803043867502238,2256.0,2207.0,49.0
"(1, 0)",0.060565471716040764,0.6257217847769029,0.9677914110429447,0.5159333024548403,0.05970149253731343,0.05637772120674572,0.0392156862745098,0.9926509186351706,0.125,0.9747422680412371,1956.0,1905.0,51.0
"(1, 1)",0.02667984215381099,0.5282886621060895,0.9765903307888041,0.49766597510373445,0.0,-0.009396890729395011,0.0,0.9953319502074689,0.0,0.9810838445807771,1965.0,1928.0,37.0
"(2, 0)",0.06089911858261238,0.5156703867910105,0.9673635900050994,0.49947340705634546,0.0,-0.005773393277818495,0.0,0.9989468141126909,0.0,0.9683511995916284,1961.0,1899.0,62.0
"(2, 1)",0.055459182648095365,0.6595139607032058,0.985204081632653,0.5371688807572985,0.12121212121212123,0.14256871870755664,0.07692307692307693,0.9974146845915202,0.2857142857142857,0.9877112135176651,1960.0,1934.0,26.0
mean,0.05839858416915652,0.5712126768228133,0.9730130957575785,0.5217740962925049,0.07057559990436786,0.06933220764056595,0.04918377607453237,0.9943644165104774,0.13133116883116883,0.9783847356668813,1960.5,1916.5,44.0
std,0.016897518060925456,0.057424226606893496,0.006378031196155712,0.01882315971636603,0.0556032738539315,0.06175514661908038,0.039307028208481774,0.0032061326085750155,0.10639806560259303,0.005943698931294891,170.62702990245518,168.15543404838274,11.51810169544733
