,PRC-AUC,AUROC,Accuracy,Balanced Accuracy,F1-Score,MCC,Sensitivity,Specificity,Precision,Negative Predictive Value,Test Cases,Negative Test Cases,Positive Test Cases
"(0, 0)",0.1454902442151381,0.7151733055792096,0.975975975975976,0.49969249692496925,0.0,-0.0037966046201924186,0.0,0.9993849938499385,0.0,0.9765625,1665.0,1626.0,39.0
"(0, 1)",0.09266074840744878,0.6981542957010625,0.9782801418439716,0.5099775297522724,0.039215686274509796,0.09773728708750039,0.02040816326530612,0.9995468962392388,0.5,0.9787045252883763,2256.0,2207.0,49.0
"(1, 0)",0.07691111306782744,0.717302248983583,0.9739263803680982,0.5,0.0,0.0,0.0,1.0,,0.9739263803680982,1956.0,1905.0,51.0
"(1, 1)",0.04956361693079146,0.628287260289335,0.9806615776081425,0.49974066390041494,0.0,-0.0031259109767342577,0.0,0.9994813278008299,0.0,0.9811608961303462,1965.0,1928.0,37.0
"(2, 0)",0.1011081708347118,0.6625898180706313,0.96838347781744,0.5,0.0,0.0,0.0,1.0,,0.96838347781744,1961.0,1899.0,62.0
"(2, 1)",0.07213247216745253,0.5922261554371172,0.986734693877551,0.5,0.0,0.0,0.0,1.0,,0.986734693877551,1960.0,1934.0,26.0
mean,0.08964439427056169,0.6689555140101565,0.9773270412485301,0.5015684484296093,0.006535947712418299,0.015135795248428952,0.003401360544217687,0.9997355363150012,0.16666666666666666,0.9775787455803019,1960.5,1916.5,44.0
std,0.029817634881385,0.04638225829069773,0.005684901935642991,0.003762816552644142,0.014614823382351566,0.03697343421631,0.007605673392856425,0.0002686106813222791,0.23570226039551584,0.00572794389651467,170.62702990245518,168.15543404838274,11.51810169544733
