,PRC-AUC,AUROC,Accuracy,Balanced Accuracy,F1-Score,MCC,Sensitivity,Specificity,Precision,Negative Predictive Value,Test Cases,Negative Test Cases,Positive Test Cases
"(0, 0)",0.06731314107826634,0.6121203519727505,0.9615615615615616,0.5423644621061595,0.1111111111111111,0.09194057579617954,0.10256410256410256,0.9821648216482165,0.12121212121212122,0.9785539215686274,1665.0,1626.0,39.0
"(0, 1)",0.06032719708264921,0.5007351377342963,0.9756205673758865,0.5385508077268062,0.12698412698412698,0.1431135854216359,0.08163265306122448,0.9954689623923878,0.2857142857142857,0.97992863514719,2256.0,2207.0,49.0
"(1, 0)",0.07287764554749866,0.6895990942308682,0.9565439672801636,0.52924193299367,0.08602150537634408,0.06429438395289731,0.0784313725490196,0.9800524934383202,0.09523809523809523,0.9754440961337513,1956.0,1905.0,51.0
"(1, 1)",0.023643157530007515,0.5055862397667377,0.9745547073791349,0.4966286307053942,0.0,-0.011305222566363534,0.0,0.9932572614107884,0.0,0.9810450819672131,1965.0,1928.0,37.0
"(2, 0)",0.057220930028428846,0.5636497987056005,0.9653238143804181,0.5062214408262413,0.028571428571428574,0.034157272340879515,0.016129032258064516,0.9963138493944181,0.125,0.9687660010240655,1961.0,1899.0,62.0
"(2, 1)",0.043537639067253144,0.7369839312703841,0.9760204081632653,0.5135430753321136,0.04081632653061224,0.028776201795654592,0.038461538461538464,0.9886246122026887,0.043478260869565216,0.9870934434692824,1960.0,1934.0,26.0
mean,0.05415328505568395,0.6014457589467729,0.9682708376900716,0.5210917249483975,0.06558408309560383,0.058496132790147225,0.0528697831489916,0.9893136667478032,0.11177379383901122,0.9784718632183549,1960.5,1916.5,44.0
std,0.016405644065091183,0.08852096255293437,0.007580459632169244,0.01683411837941483,0.04572565693823392,0.04943033382155896,0.03719972486815551,0.0063218176963650225,0.08939649453212563,0.005574542630436073,170.62702990245518,168.15543404838274,11.51810169544733
