,PRC-AUC,AUROC,Accuracy,Balanced Accuracy,F1-Score,MCC,Sensitivity,Specificity,Precision,Negative Predictive Value,Test Cases,Negative Test Cases,Positive Test Cases
"(0, 0)",0.021449295231497682,0.4580849654650393,0.5015015015015015,0.4694862333238717,0.03935185185185185,-0.018460853402017568,0.4358974358974359,0.5030750307503075,0.020606060606060607,0.9738095238095238,1665.0,1626.0,39.0
"(0, 1)",0.022364998344326217,0.4674736228882128,0.512854609929078,0.4916037099026289,0.04017467248908296,-0.004897589327879193,0.46938775510204084,0.513819664703217,0.020985401459854013,0.9775862068965517,2256.0,2207.0,49.0
"(1, 0)",0.025168084996236125,0.4931501209407647,0.48517382413087934,0.5448664505172147,0.05799812909260992,0.028622593216871786,0.6078431372549019,0.4818897637795276,0.030451866404715127,0.9786780383795309,1956.0,1905.0,51.0
"(1, 1)",0.025134217563422614,0.551110238869575,0.5145038167938931,0.5405265223729954,0.042168674698795185,0.022040194186364742,0.5675675675675675,0.5134854771784232,0.021897810218978103,0.9840954274353877,1965.0,1928.0,37.0
"(2, 0)",0.029059939294037253,0.456292785676672,0.522182559918409,0.4880497375528716,0.05639476334340382,-0.00837475890201299,0.45161290322580644,0.5244865718799369,0.03007518796992481,0.9669902912621359,1961.0,1899.0,62.0
"(2, 1)",0.010805959875970203,0.39183438071752447,0.4897959183673469,0.3999681807334341,0.015748031496062992,-0.04578040258106674,0.3076923076923077,0.4922440537745605,0.00808080808080808,0.9814432989690721,1960.0,1934.0,26.0
mean,0.02233041588424835,0.46965768575963135,0.5043353717735181,0.48908347240050265,0.04197268716196779,-0.004475136134956661,0.47333351779001004,0.5048334270109954,0.022016189123390123,0.9771004644587005,1960.5,1916.5,44.0
std,0.005697818456891401,0.04753980484186457,0.013423165620750752,0.04846155732670591,0.01392051053213717,0.024885180591333003,0.09686650497497777,0.014316962559468085,0.007453947026159576,0.0055311285202065035,170.62702990245518,168.15543404838274,11.51810169544733
