,PRC-AUC,AUROC,Accuracy,Balanced Accuracy,F1-Score,MCC,Sensitivity,Specificity,Precision,Negative Predictive Value,Test Cases,Negative Test Cases,Positive Test Cases
"(0, 0)",0.033142064675507545,0.5742895890497366,0.5267267267267267,0.5825054404390198,0.05966587112171839,0.04995429350197539,0.6410256410256411,0.5239852398523985,0.03128911138923655,0.9838337182448037,1665.0,1626.0,39.0
"(0, 1)",0.029932349506599308,0.5177496463016562,0.49822695035460995,0.4941050276023413,0.04067796610169491,-0.003437189009765565,0.4897959183673469,0.49841413683733576,0.021220159151193633,0.9777777777777777,2256.0,2207.0,49.0
"(1, 0)",0.027902678895226327,0.5204055375431013,0.516359918200409,0.5131696773197467,0.052104208416833664,0.008398797982005126,0.5098039215686274,0.5165354330708661,0.027455121436114043,0.9752229930624381,1956.0,1905.0,51.0
"(1, 1)",0.019815650113718816,0.45338959291241443,0.4951653944020356,0.4511466861051924,0.02935420743639922,-0.02656117285713658,0.40540540540540543,0.49688796680497926,0.015228426395939087,0.9775510204081632,1965.0,1928.0,37.0
"(2, 0)",0.045254775041707385,0.5610677945947782,0.5068842427332994,0.5425606006556931,0.06929740134744947,0.02978867870280228,0.5806451612903226,0.5044760400210637,0.0368474923234391,0.9735772357723578,1961.0,1899.0,62.0
"(2, 1)",0.030678291919149454,0.5574337761514597,0.45051020408163267,0.5508113912974306,0.030603060306030605,0.02338767745090255,0.6538461538461539,0.44777662874870733,0.01566820276497696,0.9897142857142858,1960.0,1934.0,26.0
mean,0.03112096835865147,0.530722656092191,0.4989789060831189,0.5223831372365706,0.046950452455021045,0.013588514295130532,0.5467537002505828,0.4980125742225585,0.024618085576816565,0.9796128384966378,1960.5,1916.5,44.0
std,0.007567757335908149,0.040388805362867854,0.024148356958297642,0.04240510641275747,0.014741315811153767,0.024528024548707603,0.08764838759057578,0.024442204830958745,0.007978322224460222,0.00552528802556587,170.62702990245518,168.15543404838274,11.51810169544733
