,PRC-AUC,AUROC,Accuracy,Balanced Accuracy,F1-Score,MCC,Sensitivity,Specificity,Precision,Negative Predictive Value,Test Cases,Negative Test Cases,Positive Test Cases
"(0, 0)",0.05874968655610704,0.46350963509635096,0.5171171171171172,0.4649683035291891,0.03827751196172249,-0.021212639716882347,0.41025641025641024,0.519680196801968,0.020075282308657464,0.9735023041474654,1665.0,1626.0,39.0
"(0, 1)",0.04104279670666135,0.5365765699120608,0.4671985815602837,0.5181565149847887,0.044515103338632754,0.010613905177368587,0.5714285714285714,0.4648844585410059,0.02315963606286187,0.9799426934097422,2256.0,2207.0,49.0
"(1, 0)",0.02111417158588591,0.379290823941125,0.4943762781186094,0.40646904431063763,0.031341821743388835,-0.059620226424962404,0.3137254901960784,0.49921259842519683,0.016494845360824743,0.9645030425963489,1956.0,1905.0,51.0
"(1, 1)",0.030849999728676167,0.5660115509700573,0.4870229007633588,0.5795390826511159,0.04725897920604914,0.04327789033796486,0.6756756756756757,0.483402489626556,0.024485798237022526,0.9872881355932204,1965.0,1928.0,37.0
"(2, 0)",0.03505137070268975,0.4926107119196861,0.5017848036715962,0.4853190983369855,0.056038647342995164,-0.01027557562805386,0.46774193548387094,0.5028962611901,0.029804727646454265,0.9665991902834008,1961.0,1899.0,62.0
"(2, 1)",0.022875310150494193,0.4991448572110413,0.49642857142857144,0.4981902792140641,0.025666337611056272,-0.0008282119312200303,0.5,0.4963805584281282,0.013171225937183385,0.986639260020555,1960.0,1934.0,26.0
mean,0.0349472225717524,0.48952402484172025,0.49398804210992275,0.4921070538377968,0.04051640020064077,-0.006340809697630866,0.48980468050676773,0.4944094271688259,0.02119858592550071,0.9764124376751221,1960.5,1916.5,44.0
std,0.012633261433637424,0.059153020151186834,0.015099883568038527,0.052402920566522994,0.010100346727608784,0.031238908542880132,0.11484264904069175,0.016982689268039003,0.005424368664352124,0.008962270905531467,170.62702990245518,168.15543404838274,11.51810169544733
