,PRC-AUC,AUROC,Accuracy,Balanced Accuracy,F1-Score,MCC,Sensitivity,Specificity,Precision,Negative Predictive Value,Test Cases,Negative Test Cases,Positive Test Cases
"(0, 0)",0.02036411281731321,0.4465890812754282,0.4720720720720721,0.466931592392847,0.03934426229508197,-0.020032968000005556,0.46153846153846156,0.47232472324723246,0.02054794520547945,0.973384030418251,1665.0,1626.0,39.0
"(0, 1)",0.023657685345993974,0.4885938063490009,0.4804964539007092,0.5049980118916619,0.042483660130718956,0.002916719781480549,0.5306122448979592,0.47938377888536476,0.022127659574468085,0.9787234042553191,2256.0,2207.0,49.0
"(1, 0)",0.028197684025200703,0.43810406052184653,0.5260736196319018,0.4704492820750347,0.043343653250773995,-0.018871681259179637,0.4117647058823529,0.5291338582677165,0.02287581699346405,0.9710982658959537,1956.0,1905.0,51.0
"(1, 1)",0.023166586961174376,0.5323258943590894,0.4956743002544529,0.5309310866883481,0.04065827686350435,0.016818528399519923,0.5675675675675675,0.49429460580912865,0.02108433734939759,0.9834881320949432,1965.0,1928.0,37.0
"(2, 0)",0.037909115746826885,0.5093257911634307,0.4987251402345742,0.5149441981348417,0.0629170638703527,0.01045978806372171,0.532258064516129,0.4976303317535545,0.03343465045592705,0.9702258726899384,1961.0,1899.0,62.0
"(2, 1)",0.02778484039590573,0.5816561928247553,0.4933673469387755,0.55355580303874,0.03121951219512195,0.02451359475280431,0.6153846153846154,0.4917269906928645,0.016016016016016016,0.9895941727367326,1960.0,1934.0,26.0
mean,0.026846670882069146,0.49943247108225847,0.4944014888387476,0.5069683290369121,0.043327738100925654,0.002633996956390217,0.519854276631181,0.4940823814426436,0.022681070932458705,0.9777523130151896,1960.5,1916.5,44.0
std,0.005639433931587882,0.049348539214495946,0.016913801950421466,0.03095341714513022,0.009609523422039325,0.016919053196970516,0.06677859086069944,0.017963998678274914,0.0052837234861500305,0.0070009263703493686,170.62702990245518,168.15543404838274,11.51810169544733
