,PRC-AUC,AUROC,Accuracy,Balanced Accuracy,F1-Score,MCC,Sensitivity,Specificity,Precision,Negative Predictive Value,Test Cases,Negative Test Cases,Positive Test Cases
"(0, 0)",0.027640821758649223,0.5408900242848582,0.5033033033033033,0.5204607815308921,0.04833141542002301,0.012378342755594594,0.5384615384615384,0.502460024600246,0.02530120481927711,0.9784431137724551,1665.0,1626.0,39.0
"(0, 1)",0.03389283198449736,0.5619596275302146,0.4977836879432624,0.543766124483323,0.04869857262804366,0.02552064498624912,0.5918367346938775,0.4956955142727685,0.025394045534150613,0.9820466786355476,2256.0,2207.0,49.0
"(1, 0)",0.03843241668901136,0.551253152179507,0.4938650306748466,0.5302454840203799,0.05534351145038169,0.01928262831010721,0.5686274509803921,0.49186351706036746,0.029087261785356068,0.9770594369134515,1956.0,1905.0,51.0
"(1, 1)",0.0199968249369865,0.4093725468206797,0.49363867684478374,0.4503686778064372,0.029268292682926828,-0.026984505470961827,0.40540540540540543,0.4953319502074689,0.015182186234817813,0.977482088024565,1965.0,1928.0,37.0
"(2, 0)",0.03327246958620531,0.4670369804141399,0.49311575726670065,0.4886442779731268,0.05692599620493359,-0.007948503159598752,0.4838709677419355,0.4934175882043181,0.03024193548387097,0.9669762641898865,1961.0,1899.0,62.0
"(2, 1)",0.01885028042536519,0.5727865722695092,0.5127551020408163,0.5633800015909634,0.03242147922998987,0.029010332891640303,0.6153846153846154,0.5113753877973113,0.01664932362122789,0.98998998998999,1960.0,1934.0,26.0
mean,0.028680940896785825,0.5172164839164848,0.4990769263456188,0.5161442245675204,0.04516487793604978,0.008543156718838442,0.5339311187779607,0.49835733035708,0.023642659579783412,0.9786662619209826,1960.5,1916.5,44.0
std,0.0072626306949961465,0.059100496698543954,0.007058106084570002,0.037180496192125316,0.010642196470174769,0.019880371125699976,0.07098940103346027,0.006697148312960803,0.005766261321369018,0.006835495970982944,170.62702990245518,168.15543404838274,11.51810169544733
