,PRC-AUC,AUROC,Accuracy,Balanced Accuracy,F1-Score,MCC,Sensitivity,Specificity,Precision,Negative Predictive Value,Test Cases,Negative Test Cases,Positive Test Cases
"(0, 0)",0.03624428452639375,0.5577790393288549,0.5057057057057057,0.5467168133219793,0.052934407364787106,0.02826269010670442,0.5897435897435898,0.503690036900369,0.027710843373493974,0.9808383233532935,1665.0,1626.0,39.0
"(0, 1)",0.021872048538039042,0.4834802067632672,0.5035460992907801,0.48684612041463615,0.03945111492281304,-0.007669986782465528,0.46938775510204084,0.5043044857272315,0.020590868397493287,0.9771729587357331,2256.0,2207.0,49.0
"(1, 0)",0.025599505277781362,0.46504039936184444,0.5224948875255624,0.4876949204878802,0.04693877551020408,-0.007853331305692643,0.45098039215686275,0.5244094488188976,0.024757804090419805,0.9727361246348588,1956.0,1905.0,51.0
"(1, 1)",0.04551920758239187,0.585426713020074,0.5374045801526718,0.5654508242682517,0.046169989506820566,0.03566678894207684,0.5945945945945946,0.5363070539419087,0.024017467248908297,0.9857006673021925,1965.0,1928.0,37.0
"(2, 0)",0.042661601650909764,0.5528631367952572,0.5303416624171341,0.5702746776741578,0.07622868605817452,0.049238827107754464,0.6129032258064516,0.5276461295418642,0.040641711229946524,0.9766081871345029,1961.0,1899.0,62.0
"(2, 1)",0.05132399518944926,0.5421207541166175,0.514795918367347,0.5074974146845915,0.026612077789150458,0.0034325794284995625,0.5,0.5149948293691831,0.013669821240799159,0.9871159563924677,1960.0,1934.0,26.0
mean,0.03720344046082751,0.5311183748976526,0.5190481422432002,0.5274134618085827,0.0480558418586583,0.016846261249479518,0.5362682595672565,0.5185586640499089,0.025231419263510173,0.980028702925508,1960.5,1916.5,44.0
std,0.010559012283116669,0.04260236212172725,0.012334219472879408,0.03482447605127705,0.015034350507625097,0.022078906159924205,0.06480341966625457,0.012033132356381798,0.008170351832619821,0.005100534745030741,170.62702990245518,168.15543404838274,11.51810169544733
