,PRC-AUC,AUROC,Accuracy,Balanced Accuracy,F1-Score,MCC,Sensitivity,Specificity,Precision,Negative Predictive Value,Test Cases,Negative Test Cases,Positive Test Cases
"(0, 0)",0.06728133873067398,0.5999306146907623,0.975975975975976,0.5122055066704513,0.047619047619047616,0.08705670891972468,0.02564102564102564,0.998769987699877,0.3333333333333333,0.9771359807460891,1665.0,1626.0,39.0
"(0, 1)",0.0467272417184243,0.4321962586575183,0.9725177304964538,0.5269874148118695,0.08823529411764705,0.08609554790479718,0.061224489795918366,0.9927503398278206,0.15789473684210525,0.9794367456414841,2256.0,2207.0,49.0
"(1, 0)",0.04869061288036308,0.5901806391848078,0.9723926380368099,0.5087540528022232,0.03571428571428571,0.05525328439568879,0.0196078431372549,0.9979002624671915,0.2,0.9743721168631471,1956.0,1905.0,51.0
"(1, 1)",0.03271499988822883,0.5384027699899069,0.9801526717557252,0.4994813278008299,0.0,-0.004421831562265572,0.0,0.9989626556016598,0.0,0.9811512990320937,1965.0,1928.0,37.0
"(2, 0)",0.0409962107099816,0.45342200479029704,0.9678735339112697,0.5075379231853777,0.03076923076923077,0.06749522651514515,0.016129032258064516,0.9989468141126909,0.3333333333333333,0.9688457609805925,1961.0,1899.0,62.0
"(2, 1)",0.018450410635741744,0.5647919815448253,0.9862244897959184,0.499741468459152,0.0,-0.002619637635152517,0.0,0.999482936918304,0.0,0.9867279224093926,1960.0,1934.0,26.0
mean,0.042476802427235595,0.529820711476353,0.9758561733286921,0.5091179489549839,0.03372297637003519,0.04814321642298961,0.020433731805377237,0.9978021661045907,0.17076023391812864,0.9779449709454665,1960.5,1916.5,44.0
std,0.01498162841007942,0.0648365342376692,0.005955950065595068,0.009239972747585718,0.030143716257458212,0.03812183177262553,0.0205964769147809,0.0023075671073957667,0.13674710552574523,0.005565691651860705,170.62702990245518,168.15543404838274,11.51810169544733
