,PRC-AUC,AUROC,Accuracy,Balanced Accuracy,F1-Score,MCC,Sensitivity,Specificity,Precision,Negative Predictive Value,Test Cases,Negative Test Cases,Positive Test Cases
"(0, 0)",0.047402248745696665,0.44122748919796895,0.46186186186186184,0.47421704986280633,0.04068522483940042,-0.015642216705988466,0.48717948717948717,0.4612546125461255,0.021229050279329607,0.974025974025974,1665.0,1626.0,39.0
"(0, 1)",0.024797873047143277,0.513218608694044,0.4725177304964539,0.5408301970539009,0.047999999999999994,0.023856841469631403,0.6122448979591837,0.46941549614861805,0.02497918401332223,0.9819905213270143,2256.0,2207.0,49.0
"(1, 0)",0.031176264020599892,0.43628222942720396,0.48210633946830267,0.43833564922031804,0.03798670465337131,-0.03931775291276131,0.39215686274509803,0.48451443569553804,0.01996007984031936,0.9675052410901468,1956.0,1905.0,51.0
"(1, 1)",0.021013189662174976,0.473982281036223,0.489058524173028,0.5010513625658853,0.036468330134357,0.0005717658793033265,0.5135135135135135,0.48858921161825725,0.01890547263681592,0.98125,1965.0,1928.0,37.0
"(2, 0)",0.03471077196582549,0.4911158674344731,0.5252422233554309,0.5052319556982452,0.060544904137235116,0.00366694735556929,0.4838709677419355,0.526592943654555,0.03229278794402583,0.9689922480620154,1961.0,1899.0,62.0
"(2, 1)",0.019784041580033464,0.40663033967067064,0.5005102040816326,0.4433418184710842,0.020020020020020016,-0.02592940430819633,0.38461538461538464,0.5020682523267839,0.010277492291880781,0.983789260385005,1960.0,1934.0,26.0
mean,0.029814064836912294,0.46040946924343057,0.488549480572785,0.4838346721453733,0.04061753063073064,-0.008798969870407014,0.47893018562576706,0.48873915866497963,0.02127401116761562,0.9762588741483592,1960.5,1916.5,44.0
std,0.009472737117452676,0.03595871743300842,0.020414192266726635,0.036067249632384786,0.012247450107419754,0.020741623709819024,0.07690489001547901,0.021436918126498335,0.006625752619332137,0.006440569628970126,170.62702990245518,168.15543404838274,11.51810169544733
