,PRC-AUC,AUROC,Accuracy,Balanced Accuracy,F1-Score,MCC,Sensitivity,Specificity,Precision,Negative Predictive Value,Test Cases,Negative Test Cases,Positive Test Cases
"(0, 0)",0.023728130097247536,0.4158545431608162,0.46846846846846846,0.4525735641971804,0.036996735582154515,-0.02873868505994985,0.4358974358974359,0.46924969249692494,0.019318181818181818,0.9719745222929936,1665.0,1626.0,39.0
"(0, 1)",0.02644163162404315,0.4587999223250696,0.5062056737588653,0.45827284244010247,0.034662045060658585,-0.024334879672902907,0.40816326530612246,0.5083824195740825,0.01809954751131222,0.9748045178105995,2256.0,2207.0,49.0
"(1, 0)",0.045446927170099516,0.5658792650918635,0.5357873210633947,0.5517677937316658,0.060041407867494824,0.03306635456529629,0.5686274509803921,0.5349081364829397,0.03169398907103825,0.978866474543708,1956.0,1905.0,51.0
"(1, 1)",0.024199964109183302,0.5111164068632948,0.5419847328244275,0.475005607267018,0.03225806451612903,-0.013645952018715239,0.40540540540540543,0.5446058091286307,0.0167973124300112,0.9794776119402985,1965.0,1928.0,37.0
"(2, 0)",0.04903043982436203,0.4915235522940766,0.5405405405405406,0.47412475156703865,0.05257623554153523,-0.01818965985381081,0.4032258064516129,0.5450236966824644,0.0281214848143982,0.9654850746268657,1961.0,1899.0,62.0
"(2, 1)",0.021847864124642975,0.5110969692148596,0.4826530612244898,0.529154402991011,0.02873563218390805,0.013352104316490759,0.5769230769230769,0.48138572905894517,0.014734774066797643,0.9883227176220807,1960.0,1934.0,26.0
mean,0.03178249282492975,0.49237844315833007,0.5126066329800311,0.49014982703233606,0.0408783534586467,-0.006415119620598626,0.4663737401606743,0.5139259139039979,0.021460881618623223,0.9764884864727578,1960.5,1916.5,44.0
std,0.011058914866316178,0.04670478294031481,0.029060530358775174,0.0370414157333713,0.011398301104025127,0.02221078587533869,0.07604717955968958,0.03009468515489403,0.006217706609028233,0.007058392410735003,170.62702990245518,168.15543404838274,11.51810169544733
