,PRC-AUC,AUROC,Accuracy,Balanced Accuracy,F1-Score,MCC,Sensitivity,Specificity,Precision,Negative Predictive Value,Test Cases,Negative Test Cases,Positive Test Cases
"(0, 0)",0.07022245560201598,0.5610275333522565,0.5471471471471472,0.5303954962626549,0.05037783375314861,0.018468755686058675,0.5128205128205128,0.5479704797047971,0.026490066225165563,0.9791208791208791,1665.0,1626.0,39.0
"(0, 1)",0.036053049920005666,0.5726676715090204,0.5208333333333334,0.565524352015387,0.0525854513584575,0.03822470370658108,0.6122448979591837,0.5188038060715904,0.027472527472527472,0.9836769759450171,2256.0,2207.0,49.0
"(1, 0)",0.0236541605197085,0.4326179815758325,0.516359918200409,0.46546240543461476,0.04251012145748988,-0.022034224667507322,0.4117647058823529,0.5191601049868766,0.022411953041622197,0.9705593719332679,1956.0,1905.0,51.0
"(1, 1)",0.03817024971950839,0.5853566221823484,0.5017811704834606,0.5738056521251542,0.04673807205452774,0.040128607467442616,0.6486486486486487,0.49896265560165975,0.024242424242424242,0.9866666666666667,1965.0,1928.0,37.0
"(2, 0)",0.03711635378911186,0.5303215614330122,0.5420703722590515,0.5061195196113404,0.0606694560669456,0.004299863653959728,0.46774193548387094,0.5444971037388099,0.03243847874720358,0.9690721649484536,1961.0,1899.0,62.0
"(2, 1)",0.017247776074085112,0.5546893644101504,0.4816326530612245,0.5476095775992363,0.03053435114503817,0.021807825619644484,0.6153846153846154,0.47983453981385726,0.015655577299412915,0.9893390191897654,1960.0,1934.0,26.0
mean,0.03707734093740592,0.5394467890771034,0.518304099080771,0.5314861671747314,0.04723588097260124,0.016815921911029878,0.5447675526965308,0.5182047816529319,0.024785171171392662,0.9797391796340084,1960.5,1916.5,44.0
std,0.01670447637122943,0.05067061660578044,0.022452676716226114,0.03699841141497871,0.00931372129081932,0.021195336796151865,0.0865780573501046,0.023878474713539963,0.0051312423880781385,0.007682117797411853,170.62702990245518,168.15543404838274,11.51810169544733
