,PRC-AUC,AUROC,Accuracy,Balanced Accuracy,F1-Score,MCC,Sensitivity,Specificity,Precision,Negative Predictive Value,Test Cases,Negative Test Cases,Positive Test Cases
"(0, 0)",0.03340430155601706,0.5215882928060049,0.5351351351351351,0.5242454347620399,0.049140049140049144,0.014703024854983301,0.5128205128205128,0.535670356703567,0.025806451612903226,0.9786516853932584,1665.0,1626.0,39.0
"(0, 1)",0.030422104893003264,0.5801577540848691,0.4849290780141844,0.5272185902000129,0.04597701149425287,0.01588081554963347,0.5714285714285714,0.4830086089714545,0.023952095808383235,0.9806807727690893,2256.0,2207.0,49.0
"(1, 0)",0.029035769631277592,0.4217590448252792,0.48773006134969327,0.4316813339509032,0.03653846153846154,-0.043550241621000046,0.37254901960784315,0.49081364829396323,0.019211324570273004,0.9669079627714581,1956.0,1905.0,51.0
"(1, 1)",0.020127522364064624,0.5021307614668611,0.4595419847328244,0.4992640462038802,0.03629764065335753,-0.0004015492912030571,0.5405405405405406,0.4579875518672199,0.018779342723004695,0.9811111111111112,1965.0,1928.0,37.0
"(2, 0)",0.0350392539420454,0.4988109191594897,0.5058643549209587,0.5030279094260137,0.06013579049466537,0.0021194026749416267,0.5,0.5060558188520273,0.03199174406604747,0.96875,1961.0,1899.0,62.0
"(2, 1)",0.01379400899083544,0.4362819187017739,0.475,0.4683597168085276,0.02279202279202279,-0.014496368582503147,0.46153846153846156,0.4751809720785936,0.011684518013631937,0.984994640943194,1960.0,1934.0,26.0
mean,0.026970493562873895,0.49345478184071295,0.491366769025466,0.49229950522522953,0.04181349601880154,-0.0042908194025246425,0.49314618432265495,0.4914528261278042,0.021904246132373923,0.9768493621646851,1960.5,1916.5,44.0
std,0.007562228131388922,0.05294946592482645,0.024018074446095456,0.03329455549902447,0.011738730833664758,0.020286834040810515,0.06370653472544097,0.02457928861848268,0.006359221665531528,0.006669173312989823,170.62702990245518,168.15543404838274,11.51810169544733
