,PRC-AUC,AUROC,Accuracy,Balanced Accuracy,F1-Score,MCC,Sensitivity,Specificity,Precision,Negative Predictive Value,Test Cases,Negative Test Cases,Positive Test Cases
"(0, 0)",0.02271042831605963,0.5047465859273977,0.5195195195195195,0.5162503548112404,0.047619047619047616,0.009838123914763758,0.5128205128205128,0.519680196801968,0.024968789013732832,0.9780092592592593,1665.0,1626.0,39.0
"(0, 1)",0.0209402834964167,0.45364933467723295,0.49379432624113473,0.45192938978944547,0.0338409475465313,-0.02802876770822222,0.40816326530612246,0.4956955142727685,0.0176522506619594,0.9741763134461264,2256.0,2207.0,49.0
"(1, 0)",0.031844313473672836,0.5063043590139468,0.47443762781186094,0.5202717307395399,0.05340699815837937,0.012943550210506492,0.5686274509803921,0.47191601049868764,0.028019323671497585,0.9761129207383279,1956.0,1905.0,51.0
"(1, 1)",0.022559054285305025,0.4791690030279242,0.47430025445292623,0.49353061567791856,0.035480859010270774,-0.003522185414691798,0.5135135135135135,0.47354771784232363,0.0183752417794971,0.9806659505907627,1965.0,1928.0,37.0
"(2, 0)",0.03553374521823723,0.5055971733849733,0.48087710351861296,0.5057288216208871,0.060885608856088555,0.004013242276097899,0.532258064516129,0.47919957872564506,0.03228962818003914,0.9691160809371672,1961.0,1899.0,62.0
"(2, 1)",0.031313377972327215,0.519190995147562,0.5102040816326531,0.524142868506881,0.028340080971659923,0.011050475521476002,0.5384615384615384,0.5098241985522234,0.014553014553014554,0.9879759519038076,1960.0,1934.0,26.0
mean,0.027483533793669773,0.49477624186317276,0.49218881886278454,0.5019756301909855,0.04326225702699626,0.0010490731333216887,0.5123073909330347,0.49164386944893607,0.022643041309956768,0.977676079479242,1960.5,1916.5,44.0
std,0.0056026358173595255,0.021910752236742447,0.017498356919993973,0.024562615248872162,0.011579165861045328,0.014106485386363683,0.05016927164019242,0.018277925378558303,0.006270842443497934,0.005818119864810482,170.62702990245518,168.15543404838274,11.51810169544733
