,PRC-AUC,AUROC,Accuracy,Balanced Accuracy,F1-Score,MCC,Sensitivity,Specificity,Precision,Negative Predictive Value,Test Cases,Negative Test Cases,Positive Test Cases
"(0, 0)",0.02446438627371842,0.4743432049705112,0.4978978978978979,0.4926672343646513,0.043478260869565216,-0.004436169080039681,0.48717948717948717,0.4981549815498155,0.022754491017964073,0.9759036144578314,1665.0,1626.0,39.0
"(0, 1)",0.031363410424625315,0.48932432057553427,0.511968085106383,0.5011281358941402,0.04177545691906005,0.000657984040889857,0.4897959183673469,0.5124603534209334,0.02181818181818182,0.9783737024221453,2256.0,2207.0,49.0
"(1, 0)",0.028407161686531054,0.463918480778138,0.48006134969325154,0.49453450671607224,0.048643592142188954,-0.003486716448304409,0.5098039215686274,0.47926509186351707,0.025540275049115914,0.9733475479744137,1956.0,1905.0,51.0
"(1, 1)",0.01552120874817047,0.4190591005943703,0.49872773536895676,0.42645368397443084,0.025717111770524232,-0.03998793618486101,0.35135135135135137,0.5015560165975104,0.013347022587268994,0.9757820383451059,1965.0,1928.0,37.0
"(2, 0)",0.04378491495259592,0.5675737654792845,0.533401325854156,0.5406495778763016,0.06917599186164802,0.02850347945281379,0.5483870967741935,0.5329120589784097,0.03691639522258415,0.9730769230769231,1961.0,1899.0,62.0
"(2, 1)",0.026358799938806004,0.6082053933656829,0.4989795918367347,0.5943441253679103,0.03536345776031434,0.0431783708853836,0.6923076923076923,0.4963805584281282,0.018145161290322582,0.9917355371900827,1960.0,1934.0,26.0
mean,0.02831664700407453,0.5037373776272536,0.5035059976262299,0.5082962106989177,0.044025645220550136,0.004071502110980358,0.5131375779247831,0.5034548434730524,0.02308692116423959,0.9780365605777503,1960.5,1916.5,44.0
std,0.008475008275335962,0.0643122065572941,0.016277592027139028,0.051046080263197166,0.013350806690017567,0.02648478194364509,0.10062223941282124,0.016409907710927544,0.007283315663056912,0.006376948040014882,170.62702990245518,168.15543404838274,11.51810169544733
