,PRC-AUC,AUROC,Accuracy,Balanced Accuracy,F1-Score,MCC,Sensitivity,Specificity,Precision,Negative Predictive Value,Test Cases,Negative Test Cases,Positive Test Cases
"(0, 0)",0.042461980082501585,0.5285741318951651,0.5009009009009009,0.5067177594852872,0.04592422502870264,0.00406408569409269,0.5128205128205128,0.5006150061500615,0.02403846153846154,0.9771908763505402,1665.0,1626.0,39.0
"(0, 1)",0.022728526766197004,0.45053309044505885,0.4654255319148936,0.4374300694450866,0.03210272873194221,-0.03655104684717749,0.40816326530612246,0.46669687358405076,0.01670843776106934,0.9726156751652503,2256.0,2207.0,49.0
"(1, 0)",0.027149389911264404,0.4791004065668262,0.495398773006135,0.49286706808707736,0.04821600771456123,-0.0045468049865190876,0.49019607843137253,0.49553805774278215,0.02535496957403651,0.9731958762886598,1956.0,1905.0,51.0
"(1, 1)",0.0222746602944265,0.5590725580352136,0.4946564885496183,0.530412414489178,0.04057971014492754,0.016537001493666416,0.5675675675675675,0.4932572614107884,0.021042084168336674,0.983453981385729,1965.0,1928.0,37.0
"(2, 0)",0.03216854603459695,0.4752331447790858,0.5257521672616012,0.4742903735412526,0.05295315682281059,-0.018028716563740017,0.41935483870967744,0.5292259083728278,0.02826086956521739,0.9654178674351584,1961.0,1899.0,62.0
"(2, 1)",0.0212022733562705,0.4892013364091958,0.4903061224489796,0.4950879007238883,0.025365853658536584,-0.0022483690694179966,0.5,0.4901758014477766,0.013013013013013013,0.9864724245577523,1960.0,1934.0,26.0
mean,0.02799756274087616,0.4969524446884242,0.4954066640136881,0.4894675976286283,0.04085694701691347,-0.006795641713182583,0.48301704380587546,0.49591815145138113,0.021402972603355747,0.9763911168638484,1960.5,1916.5,44.0
std,0.0074613021445397495,0.03620335842062415,0.01768465831361321,0.028738600025507655,0.00951173436665443,0.016830760424417147,0.054822382421673074,0.01837366587445995,0.005198640086573952,0.007036004556176863,170.62702990245518,168.15543404838274,11.51810169544733
