,PRC-AUC,AUROC,Accuracy,Balanced Accuracy,F1-Score,MCC,Sensitivity,Specificity,Precision,Negative Predictive Value,Test Cases,Negative Test Cases,Positive Test Cases
"(0, 0)",0.022863597533943986,0.41492414924149246,0.4828828828828829,0.42241460876147224,0.031496062992125984,-0.04694769311644544,0.358974358974359,0.4858548585485855,0.01647058823529412,0.9693251533742331,1665.0,1626.0,39.0
"(0, 1)",0.02758328436000995,0.5115818869459882,0.48936170212765956,0.4995515197470016,0.04159733777038269,-0.00026155927072717193,0.5102040816326531,0.48889895786135024,0.02168256721595837,0.9782411604714415,2256.0,2207.0,49.0
"(1, 0)",0.03376406262285589,0.5378313004992024,0.5408997955010225,0.5448510112706499,0.058700209643605866,0.028673238864338858,0.5490196078431373,0.5406824146981627,0.031007751937984496,0.9781576448243114,1956.0,1905.0,51.0
"(1, 1)",0.015665301377210505,0.41287708870696427,0.4712468193384224,0.42570371201076596,0.026241799437675725,-0.04044148279078024,0.3783783783783784,0.4730290456431535,0.013592233009708738,0.9754010695187165,1965.0,1928.0,37.0
"(2, 0)",0.027019912482781745,0.41763916492551256,0.45181030086690466,0.43611238512629735,0.0461401952085182,-0.044882412089702825,0.41935483870967744,0.4528699315429173,0.024413145539906103,0.9598214285714286,1961.0,1899.0,62.0
"(2, 1)",0.016384453584683448,0.552521676875348,0.5229591836734694,0.49266168164823804,0.02502606882168926,-0.0033621370251060096,0.46153846153846156,0.5237849017580145,0.012861736334405145,0.9863680623174295,1960.0,1934.0,26.0
mean,0.023880101993580916,0.474562544532418,0.4931934473983936,0.4702158197607375,0.03820027897899962,-0.01787034090473714,0.4462449545127778,0.4941866850086973,0.020004670378876162,0.9745524198462601,1960.5,1916.5,44.0
std,0.006402676820689567,0.06062603718579817,0.0302134187014762,0.04539482273065406,0.011946694058925832,0.02820006748086729,0.06810824472362266,0.029692890633719198,0.0064284315247764975,0.008279095024256677,170.62702990245518,168.15543404838274,11.51810169544733
