,PRC-AUC,AUROC,Accuracy,Balanced Accuracy,F1-Score,MCC,Sensitivity,Specificity,Precision,Negative Predictive Value,Test Cases,Negative Test Cases,Positive Test Cases
"(0, 0)",0.1210323664699011,0.6480351341974958,0.9783783783783784,0.5634875579525026,0.21739130434782608,0.29680410891417175,0.1282051282051282,0.998769987699877,0.7142857142857143,0.9794933655006032,1665.0,1626.0,39.0
"(0, 1)",0.05004852461721035,0.5468962392387857,0.9720744680851063,0.5267608629314888,0.08695652173913043,0.08322971709150148,0.061224489795918366,0.9922972360670593,0.15,0.9794275491949911,2256.0,2207.0,49.0
"(1, 0)",0.05651061963609303,0.5539447274972982,0.971881390593047,0.5180330399876486,0.06779661016949153,0.09005172774583706,0.0392156862745098,0.9968503937007874,0.25,0.9748459958932238,1956.0,1905.0,51.0
"(1, 1)",0.055447292572105164,0.5709669731972637,0.9770992366412213,0.5244336660311764,0.0816326530612245,0.08525723842944481,0.05405405405405406,0.9948132780082988,0.16666666666666666,0.982078853046595,1965.0,1928.0,37.0
"(2, 0)",0.07082006484084134,0.5359314749698483,0.9673635900050994,0.5072746267135504,0.030303030303030304,0.05642526759145649,0.016129032258064516,0.9984202211690363,0.25,0.968829841594277,1961.0,1899.0,62.0
"(2, 1)",0.05096791503493152,0.5945429957839472,0.9857142857142858,0.5374274122981465,0.125,0.15502323699111345,0.07692307692307693,0.9979317476732161,0.3333333333333333,0.9877175025588536,1960.0,1934.0,26.0
mean,0.06747113052851375,0.5750529241474398,0.9754185582361897,0.5295695276524188,0.10151335327011714,0.1277985494605875,0.06262524458512532,0.9965138107197125,0.3107142857142857,0.9787321846314239,1960.5,1916.5,44.0
std,0.024901908070100075,0.03762048096444073,0.0058618004423642445,0.017685200772413565,0.058870188505431194,0.08126005026526613,0.03485800182487501,0.0022920108339753017,0.1903211174304756,0.0058617107352747005,170.62702990245518,168.15543404838274,11.51810169544733
