,PRC-AUC,AUROC,Accuracy,Balanced Accuracy,F1-Score,MCC,Sensitivity,Specificity,Precision,Negative Predictive Value,Test Cases,Negative Test Cases,Positive Test Cases
"(0, 0)",0.032566218779084666,0.5418519569811083,0.5447447447447448,0.5416784937080139,0.052500000000000005,0.025308012543055404,0.5384615384615384,0.5448954489544895,0.02759526938239159,0.9800884955752213,1665.0,1626.0,39.0
"(0, 1)",0.027577808265581847,0.525304457986185,0.4875886524822695,0.5285779014822966,0.04620462046204621,0.016670921198773756,0.5714285714285714,0.48572723153602176,0.02407566638005159,0.9807868252516011,2256.0,2207.0,49.0
"(1, 0)",0.020852634288714915,0.40706088209562036,0.488241308793456,0.4128608923884515,0.03285024154589372,-0.05554500370431594,0.3333333333333333,0.4923884514435696,0.017276422764227643,0.9650205761316872,1956.0,1905.0,51.0
"(1, 1)",0.05304582065157557,0.457188516317147,0.4539440203562341,0.4433946394527307,0.02895927601809955,-0.030893000083244256,0.43243243243243246,0.45435684647302904,0.0149812734082397,0.9765886287625418,1965.0,1928.0,37.0
"(2, 0)",0.03551064637180251,0.4808897722060847,0.4951555328913819,0.45849258523161596,0.04990403071017274,-0.029051359861474318,0.41935483870967744,0.4976303317535545,0.026530612244897958,0.963302752293578,1961.0,1899.0,62.0
"(2, 1)",0.014612532180748634,0.47635430753321134,0.5137755102040816,0.4690358762230531,0.022564102564102566,-0.01417734850908216,0.4230769230769231,0.5149948293691831,0.011591148577449948,0.9851632047477745,1960.0,1934.0,26.0
mean,0.030694276756251356,0.4814416488532261,0.49724162824536133,0.475673398081027,0.03883037855005247,-0.01461462973604792,0.4530146062404126,0.49833218992164124,0.020341732126209735,0.975158413793734,1960.5,1916.5,44.0
std,0.012189379999401957,0.0441970019042431,0.02763794391726883,0.04561090016908941,0.011266885141575539,0.028052018078827453,0.07968638859546577,0.027611341523696743,0.00604926519584359,0.008179838434330991,170.62702990245518,168.15543404838274,11.51810169544733
