,PRC-AUC,AUROC,Accuracy,Balanced Accuracy,F1-Score,MCC,Sensitivity,Specificity,Precision,Negative Predictive Value,Test Cases,Negative Test Cases,Positive Test Cases
"(0, 0)",0.02368649025678823,0.4227142271422714,0.4636636636636637,0.46262654934241654,0.038751345532830994,-0.022664174898413283,0.46153846153846156,0.46371463714637146,0.020224719101123594,0.9729032258064516,1665.0,1626.0,39.0
"(0, 1)",0.02221723589399808,0.48633753456072054,0.4787234042553192,0.5040918043701396,0.04234527687296417,0.002388247379593296,0.5306122448979592,0.4775713638423199,0.02205258693808312,0.978644382544104,2256.0,2207.0,49.0
"(1, 0)",0.05052176707400771,0.5185528279553291,0.471881390593047,0.49987648602748186,0.04967801287948482,-7.886873448804178e-05,0.5294117647058824,0.47034120734908136,0.026061776061776062,0.9739130434782609,1956.0,1905.0,51.0
"(1, 1)",0.022766729816934315,0.5098968262868677,0.48244274809160304,0.5109341706852081,0.03784295175023651,0.005949140577878764,0.5405405405405406,0.48132780082987553,0.0196078431372549,0.982010582010582,1965.0,1928.0,37.0
"(2, 0)",0.03778893878791635,0.4769233382595254,0.52371239163692,0.5122432859399684,0.06224899598393574,0.008578821970630738,0.5,0.5244865718799369,0.033190578158458245,0.9698149951314509,1961.0,1899.0,62.0
"(2, 1)",0.03339881783279771,0.6811709490096254,0.5244897959183673,0.6262429401002307,0.03917525773195876,0.05781215438382573,0.7307692307692307,0.5217166494312306,0.020127118644067795,0.9931102362204725,1960.0,1934.0,26.0
mean,0.03172999661040706,0.5159326172023899,0.49081889902648673,0.5193358727442409,0.0450069734585685,0.0086642201131712,0.548812040408679,0.48985970507980264,0.023544103673460617,0.9783994108652202,1960.5,1916.5,44.0
std,0.010231952764572753,0.08003568327149836,0.024249426402619952,0.05062445250469777,0.008666560013922764,0.02422187772500596,0.08552166679232596,0.024159945706378232,0.0048271111798459335,0.007676117582242459,170.62702990245518,168.15543404838274,11.51810169544733
