,PRC-AUC,AUROC,Accuracy,Balanced Accuracy,F1-Score,MCC,Sensitivity,Specificity,Precision,Negative Predictive Value,Test Cases,Negative Test Cases,Positive Test Cases
"(0, 0)",0.05942075529129756,0.699246223231463,0.5501501501501501,0.6445500993471474,0.07187112763320942,0.08771303384137331,0.7435897435897436,0.5455104551045511,0.037760416666666664,0.9888517279821628,1665.0,1626.0,39.0
"(0, 1)",0.025261558010427468,0.5061169007702764,0.5137411347517731,0.5219894029202075,0.04525674499564839,0.012825295485541637,0.5306122448979592,0.5133665609424558,0.023636363636363636,0.9801038062283737,2256.0,2207.0,49.0
"(1, 0)",0.05045956381497943,0.58604292110545,0.4534764826175869,0.5476763933920025,0.05814977973568282,0.030569834304792022,0.6470588235294118,0.4482939632545932,0.03044280442804428,0.9793577981651376,1956.0,1905.0,51.0
"(1, 1)",0.022288753803381026,0.5383256700684087,0.5272264631043257,0.5337557474486936,0.0412796697626419,0.01837697330646272,0.5405405405405406,0.5269709543568465,0.02145922746781116,0.9835430784123911,1965.0,1928.0,37.0
"(2, 0)",0.04307416862067756,0.4957193089741629,0.4992350841407445,0.49180383563505414,0.05758157389635316,-0.005736558679419423,0.4838709677419355,0.49973670352817273,0.030612244897959183,0.9673802242609582,1961.0,1899.0,62.0
"(2, 1)",0.01912096680558277,0.5616299419298385,0.5051020408163265,0.5595020284782436,0.03193612774451098,0.027230412352478535,0.6153846153846154,0.5036194415718718,0.01639344262295082,0.9898373983739838,1960.0,1934.0,26.0
mean,0.03660429439105763,0.5645134943465999,0.5081552259301513,0.5498795845368915,0.05101250396134111,0.028496498435204798,0.593509489280701,0.5062496797930818,0.026717416619965958,0.9815123389038346,1960.5,1916.5,44.0
std,0.015240722673961656,0.06764286553494006,0.029544158937891144,0.04738245951234114,0.013044414635846208,0.02896087404079539,0.08626752320620204,0.030082197912043532,0.00700858915195864,0.0074569858136310126,170.62702990245518,168.15543404838274,11.51810169544733
