,PRC-AUC,AUROC,Accuracy,Balanced Accuracy,F1-Score,MCC,Sensitivity,Specificity,Precision,Negative Predictive Value,Test Cases,Negative Test Cases,Positive Test Cases
"(0, 0)",0.02533172099156423,0.4981865203267417,0.5135135135135135,0.5131753240609329,0.047058823529411764,0.007973417652516843,0.5128205128205128,0.513530135301353,0.02466091245376079,0.977751756440281,1665.0,1626.0,39.0
"(0, 1)",0.02550424793687739,0.5237879474399638,0.5079787234042553,0.4990891689707147,0.04145077720207254,-0.0005311528762130237,0.4897959183673469,0.5083824195740825,0.02164111812443643,0.978204010462075,2256.0,2207.0,49.0
"(1, 0)",0.021486678596237044,0.38130821882558796,0.5020449897750511,0.448571869692759,0.03944773175542407,-0.032785026689103394,0.39215686274509803,0.50498687664042,0.020768431983385256,0.9687814702920443,1956.0,1905.0,51.0
"(1, 1)",0.024407176085516603,0.5119574969160031,0.500763358778626,0.4937619154424134,0.03539823008849558,-0.003391598829677411,0.4864864864864865,0.5010373443983402,0.018367346938775512,0.9807106598984772,1965.0,1928.0,37.0
"(2, 0)",0.02888150828133211,0.4619663999728211,0.5114737378888322,0.48252051164449883,0.055226824457593686,-0.01223919859204987,0.45161290322580644,0.5134281200631912,0.029411764705882353,0.9663032705649157,1961.0,1899.0,62.0
"(2, 1)",0.023166190879684096,0.5569564871529711,0.5413265306122449,0.5399132924986079,0.0302049622437972,0.01832534180005174,0.5384615384615384,0.5413650465356774,0.01553829078801332,0.9886685552407932,1960.0,1934.0,26.0
mean,0.02479625379520192,0.4890271784390148,0.5128501423287538,0.49617201371832104,0.041464558212799145,-0.0037747029224125196,0.4785557036844648,0.5137883237521773,0.021731310832375613,0.9767366204830977,1960.5,1916.5,44.0
std,0.002281777801400974,0.05592860789220664,0.01353890456436281,0.027895243383457176,0.008045106108659807,0.01607453613335705,0.046802243784636086,0.013101836977929823,0.004438035566043532,0.007455277725391435,170.62702990245518,168.15543404838274,11.51810169544733
