,PRC-AUC,AUROC,Accuracy,Balanced Accuracy,F1-Score,MCC,Sensitivity,Specificity,Precision,Negative Predictive Value,Test Cases,Negative Test Cases,Positive Test Cases
"(0, 0)",0.051297625802125275,0.6115368845996152,0.5243243243243243,0.5687624183934148,0.057142857142857155,0.041629441368585506,0.6153846153846154,0.522140221402214,0.0299625468164794,0.9826388888888888,1665.0,1626.0,39.0
"(0, 1)",0.03122877758056796,0.4966294628408681,0.5301418439716312,0.49046170348520013,0.03985507246376812,-0.005573169963973456,0.4489795918367347,0.5319438151336656,0.02085308056872038,0.97751873438801,2256.0,2207.0,49.0
"(1, 0)",0.024649445410030633,0.4415109875971386,0.49079754601226994,0.4523390458545623,0.04046242774566474,-0.03038119423636326,0.4117647058823529,0.49291338582677163,0.02127659574468085,0.9690402476780186,1956.0,1905.0,51.0
"(1, 1)",0.025681638986760756,0.5109762251878434,0.544529262086514,0.5028106425928003,0.036598493003229274,0.0015346442186238093,0.4594594594594595,0.546161825726141,0.01905829596412556,0.9813606710158435,1965.0,1928.0,37.0
"(2, 0)",0.03189654963387974,0.506590905230257,0.49974502804691484,0.5232720107357013,0.06482364156339371,0.016288615683204024,0.5483870967741935,0.49815692469720907,0.034447821681864235,0.971252566735113,1961.0,1899.0,62.0
"(2, 1)",0.01732345710160185,0.5545302680773209,0.48418367346938773,0.5678744729933975,0.03253588516746411,0.03108633131531748,0.6538461538461539,0.48190279214064113,0.016683022571148183,0.9904357066950054,1960.0,1934.0,26.0
mean,0.0303462490858277,0.5202957889221739,0.512286946318507,0.5175867156758461,0.04523639618106284,0.009097444730899018,0.5229702705305849,0.5122031608211071,0.023713560557836435,0.9787078025668131,1960.5,1916.5,44.0
std,0.010535240427590666,0.05250199221404745,0.022030852418927525,0.041616284280293056,0.011641089333270032,0.023890516598096188,0.08961942152787787,0.022836863614798548,0.006317901645693497,0.007193642191633574,170.62702990245518,168.15543404838274,11.51810169544733
