,PRC-AUC,AUROC,Accuracy,Balanced Accuracy,F1-Score,MCC,Sensitivity,Specificity,Precision,Negative Predictive Value,Test Cases,Negative Test Cases,Positive Test Cases
"(0, 0)",0.07378940997549054,0.6177894471252405,0.9723723723723724,0.535386507711231,0.11538461538461538,0.1216140009499094,0.07692307692307693,0.993849938499385,0.23076923076923078,0.9782082324455206,1665.0,1626.0,39.0
"(0, 1)",0.05025339883748768,0.48978667135182125,0.973404255319149,0.5274405185726306,0.09090909090909091,0.09250602277822961,0.061224489795918366,0.993656547349343,0.17647058823529413,0.9794551138901295,2256.0,2207.0,49.0
"(1, 0)",0.05333874935163071,0.6739025268900211,0.967280163599182,0.5156708352632392,0.058823529411764705,0.053807319028352577,0.0392156862745098,0.9921259842519685,0.11764705882352941,0.9747292418772563,1956.0,1905.0,51.0
"(1, 1)",0.05269156388741874,0.5373023438376135,0.9765903307888041,0.5506826847594483,0.14814814814814817,0.14877331760073562,0.10810810810810811,0.9932572614107884,0.23529411764705882,0.9830595482546202,1965.0,1928.0,37.0
"(2, 0)",0.02497295718699741,0.3981170055547062,0.96838347781744,0.5,0.0,0.0,0.0,1.0,,0.96838347781744,1961.0,1899.0,62.0
"(2, 1)",0.024409598035087736,0.5993556598520404,0.9831632653061224,0.4981902792140641,0.0,-0.006941548101866054,0.0,0.9963805584281282,0.0,0.9866871479774706,1960.0,1934.0,26.0
mean,0.04657594621235214,0.5527089424352405,0.9735323108671783,0.5212284709201022,0.0688775639756032,0.06829318537589353,0.0475785601836022,0.9948783816566021,0.1520361990950226,0.9784204603770729,1960.5,1916.5,44.0
std,0.0172977295234148,0.09054880422234991,0.005308302491003778,0.018792213917357668,0.055559938766278225,0.058367352697623616,0.03938805797851118,0.0026217616925388624,0.08720714357753195,0.005850084354391091,170.62702990245518,168.15543404838274,11.51810169544733
