,PRC-AUC,AUROC,Accuracy,Balanced Accuracy,F1-Score,MCC,Sensitivity,Specificity,Precision,Negative Predictive Value,Test Cases,Negative Test Cases,Positive Test Cases
"(0, 0)",0.16519541029605808,0.763175324060933,0.975975975975976,0.49969249692496925,0.0,-0.0037966046201924186,0.0,0.9993849938499385,0.0,0.9765625,1665.0,1626.0,39.0
"(0, 1)",0.08306164030495006,0.6418399711493116,0.9778368794326241,0.5097509778718918,0.03846153846153846,0.078007462307861,0.02040816326530612,0.9990937924784775,0.3333333333333333,0.9786950732356857,2256.0,2207.0,49.0
"(1, 0)",0.09129090195064019,0.6861921671555762,0.9739263803680982,0.5095414543770264,0.03773584905660377,0.09514804608073704,0.0196078431372549,0.9994750656167979,0.5,0.9744114636642784,1956.0,1905.0,51.0
"(1, 1)",0.05093903602224002,0.6755495121677695,0.9806615776081425,0.49974066390041494,0.0,-0.0031259109767342577,0.0,0.9994813278008299,0.0,0.9811608961303462,1965.0,1928.0,37.0
"(2, 0)",0.0823711543184824,0.6627044794373949,0.96838347781744,0.5,0.0,0.0,0.0,1.0,,0.96838347781744,1961.0,1899.0,62.0
"(2, 1)",0.03913038282648691,0.6000815368705751,0.9862244897959184,0.499741468459152,0.0,-0.002619637635152517,0.0,0.999482936918304,0.0,0.9867279224093926,1960.0,1934.0,26.0
mean,0.08533142095314294,0.6715904984735935,0.9771681301663665,0.5030778435889091,0.012699564586357038,0.027268892526086472,0.0066693344004268365,0.9994863527773913,0.16666666666666666,0.9776568888761905,1960.5,1916.5,44.0
std,0.04030107392175406,0.0494877924265486,0.005534277137517385,0.004645981167481963,0.01796111819437041,0.04224493634057406,0.009434692295726833,0.00026719999009116116,0.21081851067789198,0.005676944122867386,170.62702990245518,168.15543404838274,11.51810169544733
