,PRC-AUC,AUROC,Accuracy,Balanced Accuracy,F1-Score,MCC,Sensitivity,Specificity,Precision,Negative Predictive Value,Test Cases,Negative Test Cases,Positive Test Cases
"(0, 0)",0.029488927950483735,0.4764405336361056,0.5303303303303303,0.4842463809253477,0.041666666666666664,-0.009551815330502617,0.4358974358974359,0.5325953259532595,0.021879021879021878,0.9752252252252253,1665.0,1626.0,39.0
"(0, 1)",0.035450903730875644,0.5745540626762713,0.4973404255319149,0.5435395726029424,0.04865771812080537,0.02538882876236634,0.5918367346938775,0.49524241051200724,0.02537182852143482,0.9820305480682839,2256.0,2207.0,49.0
"(1, 0)",0.02586714072627113,0.48977407235860226,0.523517382413088,0.5168442180021615,0.052845528455284556,0.010748176474881665,0.5098039215686274,0.5238845144356955,0.027867095391211148,0.9755620723362659,1956.0,1905.0,51.0
"(1, 1)",0.024742772002730444,0.5523999102837278,0.5318066157760815,0.5228355949310306,0.039665970772442584,0.012439892824596961,0.5135135135135135,0.5321576763485477,0.02062975027144408,0.9827586206896551,1965.0,1928.0,37.0
"(2, 0)",0.02810900886517319,0.4508230138103246,0.4630290668026517,0.4809110057925224,0.05560538116591929,-0.013397206734676786,0.5,0.46182201158504477,0.029439696106362774,0.9658590308370044,1961.0,1899.0,62.0
"(2, 1)",0.013212281308945608,0.495107787765492,0.498469387755102,0.5561411184472198,0.03152709359605912,0.025693200394909566,0.6153846153846154,0.4968976215098242,0.016177957532861477,0.9897013388259527,1960.0,1934.0,26.0
mean,0.026145172430746627,0.506516563421754,0.5074155347681947,0.517419648450204,0.04499472646286293,0.008553512731929188,0.527739370176345,0.5070999267240631,0.02356089161705603,0.9785228059970645,1960.5,1916.5,44.0
std,0.006719842395283632,0.043110696717920706,0.02425895744162051,0.02782269139850986,0.008251134743053211,0.015312055422381224,0.05988687948977159,0.025345630473149774,0.004514997540326287,0.007474592082696384,170.62702990245518,168.15543404838274,11.51810169544733
