,PRC-AUC,AUROC,Accuracy,Balanced Accuracy,F1-Score,MCC,Sensitivity,Specificity,Precision,Negative Predictive Value,Test Cases,Negative Test Cases,Positive Test Cases
"(0, 0)",0.03604646576785227,0.5387769262308008,0.5057057057057057,0.5342038035764973,0.05074971164936563,0.02069279122902843,0.5641025641025641,0.5043050430504306,0.026570048309178744,0.9796893667861409,1665.0,1626.0,39.0
"(0, 1)",0.01852262583256998,0.4137207216370916,0.49822695035460995,0.4342398490887066,0.030821917808219176,-0.03834393924321796,0.3673469387755102,0.501132759401903,0.0160857908847185,0.9727352682497801,2256.0,2207.0,49.0
"(1, 0)",0.029093480060677746,0.5087643456332664,0.5357873210633947,0.5040605218465339,0.0502092050209205,0.0025954865192983475,0.47058823529411764,0.5375328083989501,0.026519337016574586,0.9743101807802094,1956.0,1905.0,51.0
"(1, 1)",0.02423824136663142,0.519933834249187,0.510941475826972,0.4856944600201861,0.03417085427135678,-0.007780206751187112,0.4594594594594595,0.5119294605809128,0.017745302713987474,0.9801390268123138,1965.0,1928.0,37.0
"(2, 0)",0.03233028610740165,0.4717168628650053,0.5053544110147884,0.46375851466816154,0.050880626223091974,-0.025371237814778718,0.41935483870967744,0.5081621906266456,0.027083333333333334,0.964035964035964,1961.0,1899.0,62.0
"(2, 1)",0.0141187505391579,0.4492084957441731,0.47091836734693876,0.4852637021716649,0.024459078080903106,-0.00675527550858007,0.5,0.4705274043433299,0.01253616200578592,0.9859154929577465,1960.0,1934.0,26.0
mean,0.02572497494571516,0.4836868643932541,0.5044890385520683,0.48453680856195835,0.04021523217564286,-0.009160396928239514,0.4634753393902214,0.5055982777336954,0.02108999571059643,0.9761375499370258,1960.5,1916.5,44.0
std,0.007640885523526854,0.04321446088176332,0.01910344339450788,0.031121739279807943,0.010782938932360157,0.018936620945724462,0.061527633020687096,0.019655581245786355,0.005842743756013383,0.006899258050266612,170.62702990245518,168.15543404838274,11.51810169544733
