,PRC-AUC,AUROC,Accuracy,Balanced Accuracy,F1-Score,MCC,Sensitivity,Specificity,Precision,Negative Predictive Value,Test Cases,Negative Test Cases,Positive Test Cases
"(0, 0)",0.07904224469412995,0.5755196013498596,0.9687687687687687,0.5460544990065286,0.13333333333333333,0.12483434248318899,0.10256410256410256,0.9895448954489545,0.19047619047619047,0.9787104622871047,1665.0,1626.0,39.0
"(0, 1)",0.05049393677964809,0.5457403622980683,0.9685283687943262,0.524948447888444,0.07792207792207792,0.06569557610964702,0.061224489795918366,0.9886724059809696,0.10714285714285714,0.9793536804308797,2256.0,2207.0,49.0
"(1, 0)",0.050835812131293116,0.5774587000154392,0.9693251533742331,0.5167207040296433,0.0625,0.06558568469930494,0.0392156862745098,0.9942257217847769,0.15384615384615385,0.9747812660833762,1956.0,1905.0,51.0
"(1, 1)",0.04869086050611883,0.5433722103846585,0.9760814249363867,0.5239149938320062,0.0784313725490196,0.07729688510263479,0.05405405405405406,0.9937759336099585,0.14285714285714285,0.982060481804203,1965.0,1928.0,37.0
"(2, 0)",0.07228627635053939,0.5873847016256434,0.9673635900050994,0.49947340705634546,0.0,-0.005773393277818495,0.0,0.9989468141126909,0.0,0.9683511995916284,1961.0,1899.0,62.0
"(2, 1)",0.027634564708476833,0.6661661761196405,0.9755102040816327,0.49431230610134436,0.0,-0.012353581739757648,0.0,0.9886246122026887,0.0,0.9865841073271414,1960.0,1934.0,26.0
mean,0.054830615861701036,0.5826069586322182,0.9709295849934078,0.5175707263190521,0.05869779730073848,0.052547585562866594,0.04284305544809747,0.9922983971900065,0.09905372405372405,0.9783068662540556,1960.5,1916.5,44.0
std,0.016847304879818212,0.04078442564380251,0.0034940190110655904,0.017200753015277785,0.04696589144908565,0.04794834517209749,0.03585707669446649,0.0037488980995033436,0.07412571730979446,0.005706811929846628,170.62702990245518,168.15543404838274,11.51810169544733
