,PRC-AUC,AUROC,Accuracy,Balanced Accuracy,F1-Score,MCC,Sensitivity,Specificity,Precision,Negative Predictive Value,Test Cases,Negative Test Cases,Positive Test Cases
"(0, 0)",0.027962181493976328,0.4645977229003059,0.5099099099099099,0.46127826662882015,0.03773584905660377,-0.02343506793647367,0.41025641025641024,0.5123001230012301,0.019777503090234856,0.9731308411214953,1665.0,1626.0,39.0
"(0, 1)",0.019663372240161618,0.4379386552990022,0.499113475177305,0.46462554210628515,0.03583617747440273,-0.02062595957830222,0.42857142857142855,0.5006796556411418,0.018699910952804988,0.9752868490732568,2256.0,2207.0,49.0
"(1, 0)",0.028041452931672872,0.4880397303278266,0.5393660531697342,0.48681488343368845,0.04656084656084656,-0.008435591287321034,0.43137254901960786,0.542257217847769,0.024608501118568233,0.972693032015066,1956.0,1905.0,51.0
"(1, 1)",0.018016755633135116,0.4820567455422227,0.4910941475826972,0.5020887069642256,0.036608863198458574,0.0011358116830761918,0.5135135135135135,0.49066390041493774,0.01898101898101898,0.9813278008298755,1965.0,1928.0,37.0
"(2, 0)",0.03391856450451412,0.4907421563131699,0.5196328403875574,0.4789320355365303,0.05421686746987952,-0.014762239263371172,0.43548387096774194,0.5223802001053186,0.028907922912205567,0.9659201557935735,1961.0,1899.0,62.0
"(2, 1)",0.02274003267772111,0.5319584758571315,0.5392857142857143,0.4819624532654523,0.023783783783783787,-0.008282946114960813,0.4230769230769231,0.5408479834539814,0.012235817575083427,0.9858623939679547,1960.0,1934.0,26.0
mean,0.0250570599135302,0.4825555810399431,0.516400356752153,0.4792836479891669,0.03912373125732916,-0.012400998749558786,0.44037911590093753,0.5181881800773964,0.02053511243831934,0.975703512133537,1960.5,1916.5,44.0
std,0.005475688130116925,0.028434560816091213,0.018452543407164044,0.013681762052742089,0.009464725929222624,0.008275507746275982,0.03366473559487202,0.019188372847360684,0.005195059972218729,0.006408390327347403,170.62702990245518,168.15543404838274,11.51810169544733
