,PRC-AUC,AUROC,Accuracy,Balanced Accuracy,F1-Score,MCC,Sensitivity,Specificity,Precision,Negative Predictive Value,Test Cases,Negative Test Cases,Positive Test Cases
"(0, 0)",0.03289067440281962,0.5231652316523165,0.4924924924924925,0.5024127164348566,0.04519774011299435,0.0014598281029544267,0.5128205128205128,0.4920049200492005,0.02364066193853428,0.9768009768009768,1665.0,1626.0,39.0
"(0, 1)",0.025669532122895307,0.4947893067512461,0.5208333333333334,0.48570411399720737,0.03911111111111111,-0.008344362051649718,0.4489795918367347,0.5224286361576801,0.020446096654275093,0.9771186440677966,2256.0,2207.0,49.0
"(1, 0)",0.029872300865390708,0.5503782615408368,0.5194274028629857,0.5242859348463795,0.054325955734406434,0.015490193048365743,0.5294117647058824,0.5191601049868766,0.02863202545068929,0.9763079960513327,1956.0,1905.0,51.0
"(1, 1)",0.0202919123349777,0.42682516541437704,0.4895674300254453,0.3952772793540429,0.02146341463414634,-0.0569376495186613,0.2972972972972973,0.4932572614107884,0.011133603238866396,0.9733879222108496,1965.0,1928.0,37.0
"(2, 0)",0.05166215619731565,0.5178956666496798,0.5170831208567057,0.49321799249180387,0.057711442786069655,-0.004750254233215645,0.46774193548387094,0.5186940494997367,0.030752916224814422,0.9675834970530451,1961.0,1899.0,62.0
"(2, 1)",0.016724894701557406,0.5155516665340864,0.511734693877551,0.5059462254395036,0.02644964394710071,0.002721948097340833,0.5,0.5118924508790073,0.013584117032392894,0.9870388833499502,1960.0,1934.0,26.0
mean,0.029518578437492737,0.5047675497570905,0.5085230789080856,0.4844740437606323,0.04070988472097143,-0.008393382759144277,0.45937518369071634,0.5095729038305482,0.02136490342326206,0.9763729865889917,1960.5,1916.5,44.0
std,0.011294977166828389,0.038475180239677935,0.012716994922751421,0.041637062272274726,0.013359942410622664,0.022952422389951696,0.07730805661935683,0.012386781383249524,0.007213289470897321,0.0057831723391639925,170.62702990245518,168.15543404838274,11.51810169544733
