,PRC-AUC,AUROC,Accuracy,Balanced Accuracy,F1-Score,MCC,Sensitivity,Specificity,Precision,Negative Predictive Value,Test Cases,Negative Test Cases,Positive Test Cases
"(0, 0)",0.14494664516192513,0.7419812659665058,0.975975975975976,0.5122055066704513,0.047619047619047616,0.08705670891972468,0.02564102564102564,0.998769987699877,0.3333333333333333,0.9771359807460891,1665.0,1626.0,39.0
"(0, 1)",0.09414174519497727,0.7193438317782934,0.9787234042553191,0.5201816113849255,0.07692307692307691,0.16145214460588586,0.04081632653061224,0.9995468962392388,0.6666666666666666,0.979138925876609,2256.0,2207.0,49.0
"(1, 0)",0.08476869950189783,0.7251917039781792,0.9729038854805726,0.4994750656167979,0.0,-0.005234682146836666,0.0,0.9989501312335958,0.0,0.973899692937564,1956.0,1905.0,51.0
"(1, 1)",0.04115528487722967,0.6419409554782999,0.9806615776081425,0.5129948413143434,0.05,0.09047846501945911,0.02702702702702703,0.9989626556016598,0.3333333333333333,0.981651376146789,1965.0,1928.0,37.0
"(2, 0)",0.0914722018746916,0.6837639504662896,0.96838347781744,0.5,0.0,0.0,0.0,1.0,,0.96838347781744,1961.0,1899.0,62.0
"(2, 1)",0.06520422596098177,0.6528816323283748,0.986734693877551,0.5189722376899213,0.07142857142857144,0.13596969392918404,0.038461538461538464,0.999482936918304,0.5,0.9872318692543411,1960.0,1934.0,26.0
mean,0.08694813376195054,0.6941838899993238,0.9772305025025002,0.5106382104460733,0.040995115995115995,0.0782870550545695,0.02199098627670056,0.9992854346154458,0.36666666666666664,0.9779068871298054,1960.5,1916.5,44.0
std,0.03165063198811065,0.03746747963984709,0.005815123718316577,0.008229317124964858,0.03083065861299748,0.06268173554782161,0.016490219189937774,0.0004282275877661273,0.22110831935702666,0.005913848661862572,170.62702990245518,168.15543404838274,11.51810169544733
