,PRC-AUC,AUROC,Accuracy,Balanced Accuracy,F1-Score,MCC,Sensitivity,Specificity,Precision,Negative Predictive Value,Test Cases,Negative Test Cases,Positive Test Cases
"(0, 0)",0.02867609463573145,0.5312549279338947,0.5093093093093093,0.5235358122811997,0.04889406286379511,0.014240212845426354,0.5384615384615384,0.508610086100861,0.025609756097560974,0.978698224852071,1665.0,1626.0,39.0
"(0, 1)",0.029576396311593856,0.5122661660948928,0.4977836879432624,0.523811064978778,0.04549283909014321,0.013884044265817385,0.5510204081632653,0.4966017217942909,0.023725834797891036,0.9803220035778175,2256.0,2207.0,49.0
"(1, 0)",0.036535751775738964,0.530317533837682,0.49693251533742333,0.5127373784159333,0.05202312138728324,0.008119366778425556,0.5294117647058824,0.49606299212598426,0.02735562310030395,0.9752321981424149,1956.0,1905.0,51.0
"(1, 1)",0.03248229757350728,0.4493663788269598,0.47989821882951655,0.4698749579454974,0.032196969696969696,-0.016390015871824645,0.4594594594594595,0.4802904564315353,0.016683022571148183,0.9788583509513742,1965.0,1928.0,37.0
"(2, 0)",0.03104370730287627,0.48532334505427305,0.5155532891381948,0.48462688341911697,0.05566600397614315,-0.010767224536741794,0.45161290322580644,0.5176408636124276,0.029661016949152543,0.9665683382497542,1961.0,1899.0,62.0
"(2, 1)",0.01510806484057223,0.45091878132209057,0.5076530612244898,0.446961260042956,0.02030456852791878,-0.024277935885086366,0.38461538461538464,0.5093071354705274,0.010427528675703858,0.984015984015984,1960.0,1934.0,26.0
mean,0.028903718740003335,0.4932411888449655,0.5011883469636994,0.4935912261805802,0.0424295942570422,-0.0025319254006639174,0.4857635764385561,0.5014188759226045,0.022243797031960087,0.9772825166315693,1960.5,1916.5,44.0
std,0.0066640588249760185,0.03406006180225988,0.011525822352552947,0.028849224718887363,0.012333115970342931,0.015258847170725266,0.05920279467949375,0.012078849299922636,0.006648539236742446,0.0054476749136180965,170.62702990245518,168.15543404838274,11.51810169544733
