,PRC-AUC,AUROC,Accuracy,Balanced Accuracy,F1-Score,MCC,Sensitivity,Specificity,Precision,Negative Predictive Value,Test Cases,Negative Test Cases,Positive Test Cases
"(0, 0)",0.09909389149259878,0.6999400763238401,0.9765765765765766,0.5125130097454821,0.048780487804878044,0.10927560765417892,0.02564102564102564,0.9993849938499385,0.5,0.9771497294046904,1665.0,1626.0,39.0
"(0, 1)",0.07979392543324333,0.6682540709985851,0.9778368794326241,0.5097509778718918,0.03846153846153846,0.078007462307861,0.02040816326530612,0.9990937924784775,0.3333333333333333,0.9786950732356857,2256.0,2207.0,49.0
"(1, 0)",0.07777040789813161,0.6823889660851217,0.9734151329243353,0.49973753280839894,0.0,-0.003700532452412642,0.0,0.9994750656167979,0.0,0.9739130434782609,1956.0,1905.0,51.0
"(1, 1)",0.08578425709723961,0.6485645396433779,0.9801526717557252,0.4994813278008299,0.0,-0.004421831562265572,0.0,0.9989626556016598,0.0,0.9811512990320937,1965.0,1928.0,37.0
"(2, 0)",0.08705274159382621,0.6539519951077817,0.96838347781744,0.5,0.0,0.0,0.0,1.0,,0.96838347781744,1961.0,1899.0,62.0
"(2, 1)",0.07223998368533666,0.6274659931588578,0.986734693877551,0.5,0.0,0.0,0.0,1.0,,0.986734693877551,1960.0,1934.0,26.0
mean,0.08362253453339602,0.6634276068862607,0.9771832387307088,0.5035804747044338,0.014540337711069417,0.029860117657893617,0.0076748648177219604,0.9994860845911456,0.20833333333333331,0.977671219474287,1960.5,1916.5,44.0
std,0.008507549085813214,0.02352276900950722,0.00566388451134864,0.00540179133206401,0.020777782231663437,0.046025010192718964,0.010958512855046273,0.00040133731850842686,0.21650635094610965,0.005714947977397237,170.62702990245518,168.15543404838274,11.51810169544733
