,PRC-AUC,AUROC,Accuracy,Balanced Accuracy,F1-Score,MCC,Sensitivity,Specificity,Precision,Negative Predictive Value,Test Cases,Negative Test Cases,Positive Test Cases
"(0, 0)",0.03137898707329803,0.5903743652821144,0.5363363363363364,0.5874254896395118,0.060827250608272515,0.05298408875418973,0.6410256410256411,0.5338253382533825,0.031928480204342274,0.9841269841269841,1665.0,1626.0,39.0
"(0, 1)",0.022590756185618455,0.4755555144577087,0.49113475177304966,0.4805026677639792,0.038525963149078725,-0.011369585229608284,0.46938775510204084,0.4916175804259175,0.020087336244541485,0.9765976597659766,2256.0,2207.0,49.0
"(1, 0)",0.020673866411448784,0.3867428336163862,0.44222903885480574,0.40832175389840974,0.03365810451727192,-0.05874517901155103,0.37254901960784315,0.4440944881889764,0.017625231910946195,0.9635535307517085,1956.0,1905.0,51.0
"(1, 1)",0.01908881542804881,0.5072894471234721,0.5246819338422392,0.4926965347089829,0.03512396694214876,-0.003976291659922918,0.4594594594594595,0.5259336099585062,0.018259935553168637,0.9806576402321083,1965.0,1928.0,37.0
"(2, 0)",0.026075578845149657,0.41370670471725357,0.5043345232024478,0.439828262752892,0.045186640471512766,-0.04212781127083463,0.3709677419354839,0.5086887835703001,0.02405857740585774,0.9611940298507463,1961.0,1899.0,62.0
"(2, 1)",0.01863820481982318,0.5141993477050354,0.48316326530612247,0.49146845915201653,0.02502406159769009,-0.003906543519748948,0.5,0.48293691830403307,0.012833168805528134,0.986272439281943,1960.0,1934.0,26.0
mean,0.023074368127231154,0.48131136881699504,0.4969799748858335,0.48337386131929877,0.039724331214329126,-0.011190220322912682,0.46889826952174474,0.49784945311685264,0.02079878835406408,0.9754003806682445,1960.5,1916.5,44.0
std,0.0044634520612454745,0.06732748970915876,0.03053179815293235,0.055552464458604865,0.011185306581753597,0.03521854497600167,0.0908827510068169,0.029864391973606318,0.005985687906481238,0.009709066023398317,170.62702990245518,168.15543404838274,11.51810169544733
