,PRC-AUC,AUROC,Accuracy,Balanced Accuracy,F1-Score,MCC,Sensitivity,Specificity,Precision,Negative Predictive Value,Test Cases,Negative Test Cases,Positive Test Cases
"(0, 0)",0.02619838431803552,0.4184722616456934,0.4936936936936937,0.4529756836029899,0.03657142857142857,-0.028448846150168964,0.41025641025641024,0.4956949569495695,0.019138755980861243,0.9722557297949337,1665.0,1626.0,39.0
"(0, 1)",0.04257092718634037,0.5488011244370878,0.5062056737588653,0.5281155507060096,0.046232876712328765,0.016393833546931618,0.5510204081632653,0.505210693248754,0.024128686327077747,0.980650835532102,2256.0,2207.0,49.0
"(1, 0)",0.02458676063330305,0.47790643816581746,0.47137014314928427,0.4900725644588544,0.04788213627992634,-0.0063386921442160505,0.5098039215686274,0.47034120734908136,0.025120772946859903,0.9728555917480999,1956.0,1905.0,51.0
"(1, 1)",0.021451962503046214,0.4821969272176741,0.49363867684478374,0.4901312100482225,0.03491755577109602,-0.005365935781788629,0.4864864864864865,0.49377593360995853,0.018108651911468814,0.98043254376931,1965.0,1928.0,37.0
"(2, 0)",0.04400230829454321,0.5606346294314495,0.5267720550739419,0.545027943399752,0.07014028056112225,0.031547908839613024,0.5645161290322581,0.5255397577672459,0.03739316239316239,0.9736585365853658,1961.0,1899.0,62.0
"(2, 1)",0.01592688364076742,0.5563996499880678,0.5265306122448979,0.5134436401240952,0.02725366876310273,0.006160953713328804,0.5,0.5268872802481903,0.014008620689655173,0.9874031007751938,1960.0,1934.0,26.0
mean,0.02912287109600596,0.507401838480965,0.5030351424609111,0.5032944320566539,0.04383299110983411,0.002324870337283301,0.5036805592511745,0.5029083048621333,0.022983108374847544,0.977876056367501,1960.5,1916.5,44.0
std,0.010522624106805281,0.05222092854750548,0.019594892200227178,0.02983522796624323,0.013670635885250667,0.01892029193244273,0.050027954988043404,0.019529991238537783,0.007445495459582895,0.005470834964971498,170.62702990245518,168.15543404838274,11.51810169544733
