,PRC-AUC,AUROC,Accuracy,Balanced Accuracy,F1-Score,MCC,Sensitivity,Specificity,Precision,Negative Predictive Value,Test Cases,Negative Test Cases,Positive Test Cases
"(0, 0)",0.027715635792851103,0.4810925032327246,0.4678678678678679,0.4772920806131138,0.04112554112554112,-0.013765150907252756,0.48717948717948717,0.46740467404674046,0.021468926553672316,0.9743589743589743,1665.0,1626.0,39.0
"(0, 1)",0.027147723680273225,0.4646625301683882,0.4875886524822695,0.4387801337118445,0.031825795644891124,-0.035699473091117685,0.3877551020408163,0.48980516538287266,0.016593886462882096,0.972997299729973,2256.0,2207.0,49.0
"(1, 0)",0.033195374647229395,0.5613915907570377,0.49591002044989774,0.5694611702948896,0.06273764258555133,0.04428798744239074,0.6470588235294118,0.49186351706036746,0.03296703296703297,0.981151832460733,1956.0,1905.0,51.0
"(1, 1)",0.02085287968340075,0.5177329819446002,0.5048346055979643,0.5090907816530224,0.03758654797230465,0.0049427573841384475,0.5135135135135135,0.5046680497925311,0.019507186858316223,0.9818365287588294,1965.0,1928.0,37.0
"(2, 0)",0.02895179177324221,0.46162666258981805,0.5323814380418154,0.4933156669894172,0.05755395683453238,-0.004690212965385566,0.45161290322580644,0.5350184307530279,0.030735455543358946,0.9676190476190476,1961.0,1899.0,62.0
"(2, 1)",0.01845981673166281,0.5666812504971761,0.5183673469387755,0.5662238485402912,0.03278688524590164,0.030320532954790057,0.6153846153846154,0.5170630816959669,0.016842105263157894,0.9900990099009901,1960.0,1934.0,26.0
mean,0.02605387038477658,0.5088645865316241,0.5011583218964317,0.5090272803004298,0.043936061568120376,0.00423274013626054,0.5170840741456085,0.500970486455251,0.023019098941403405,0.978010448804758,1960.5,1916.5,44.0
std,0.004967846045153249,0.04308331675957377,0.020834600676525053,0.04674816539460519,0.011959128603280713,0.02671960803946298,0.08988503987260431,0.02147157483733316,0.006489462198994483,0.007269647358972818,170.62702990245518,168.15543404838274,11.51810169544733
