,PRC-AUC,AUROC,Accuracy,Balanced Accuracy,F1-Score,MCC,Sensitivity,Specificity,Precision,Negative Predictive Value,Test Cases,Negative Test Cases,Positive Test Cases
"(0, 0)",0.028581325939887492,0.5226606112214969,0.4954954954954955,0.5164632415554925,0.047619047619047616,0.00996066247896586,0.5384615384615384,0.4944649446494465,0.02491103202846975,0.9781021897810219,1665.0,1626.0,39.0
"(0, 1)",0.028075129182318276,0.5304735396650732,0.4942375886524823,0.5020435904311884,0.04198152812762384,0.0011916464276275206,0.5102040816326531,0.4938830992297236,0.021891418563922942,0.9784560143626571,2256.0,2207.0,49.0
"(1, 0)",0.04240944179291783,0.5031650455457773,0.5127811860940695,0.5208738613555659,0.05362462760675273,0.013308724107148624,0.5294117647058824,0.5123359580052493,0.028242677824267783,0.976,1956.0,1905.0,51.0
"(1, 1)",0.016962503701404542,0.4507401592463834,0.45139949109414756,0.4420979589548054,0.028828828828828826,-0.03161520172082616,0.43243243243243246,0.45176348547717843,0.014911463187325256,0.976457399103139,1965.0,1928.0,37.0
"(2, 0)",0.031222067768258085,0.49733306154342694,0.4727180010198878,0.5093172977288556,0.06170598911070781,0.0065332881236391,0.5483870967741935,0.4702474986835176,0.032692307692307694,0.9695982627578719,1961.0,1899.0,62.0
"(2, 1)",0.025077755371293163,0.5487630260122505,0.5137755102040816,0.544924826982738,0.03051881993896236,0.02056481856820382,0.5769230769230769,0.5129265770423992,0.01567398119122257,0.9890329012961117,1960.0,1934.0,26.0
mean,0.028721370626013234,0.5088559072057347,0.4900678787600274,0.5059534628347743,0.04404647353865387,0.0033239896641264616,0.5226366651549629,0.4892702605145858,0.023053813414585997,0.9779411278834669,1960.5,1916.5,44.0
std,0.007589476293528895,0.03107268912569416,0.022064504243349353,0.03150653061272265,0.011798311553848164,0.01671616038530475,0.045088432652635665,0.022017168975052084,0.006395116619222133,0.0057574779420067525,170.62702990245518,168.15543404838274,11.51810169544733
