,PRC-AUC,AUROC,Accuracy,Balanced Accuracy,F1-Score,MCC,Sensitivity,Specificity,Precision,Negative Predictive Value,Test Cases,Negative Test Cases,Positive Test Cases
"(0, 0)",0.12069627355421586,0.7072018797111048,0.9765765765765766,0.5250260194909642,0.09302325581395347,0.15463205815381967,0.05128205128205128,0.998769987699877,0.5,0.9777242624924745,1665.0,1626.0,39.0
"(0, 1)",0.0985418439207894,0.7413563522373154,0.9791666666666666,0.5204081632653061,0.07843137254901959,0.19991306079899293,0.04081632653061224,1.0,1.0,0.979148181011535,2256.0,2207.0,49.0
"(1, 0)",0.08394500397518109,0.7127064999228038,0.9729038854805726,0.4994750656167979,0.0,-0.005234682146836666,0.0,0.9989501312335958,0.0,0.973899692937564,1956.0,1905.0,51.0
"(1, 1)",0.04218777629947589,0.5897583267915218,0.9806615776081425,0.5129948413143434,0.05,0.09047846501945911,0.02702702702702703,0.9989626556016598,0.3333333333333333,0.981651376146789,1965.0,1928.0,37.0
"(2, 0)",0.10615498650396027,0.6745400805177599,0.96838347781744,0.5,0.0,0.0,0.0,1.0,,0.96838347781744,1961.0,1899.0,62.0
"(2, 1)",0.05360661438291263,0.6697756741707104,0.9862244897959184,0.5187137061490733,0.06896551724137931,0.10953392997868282,0.038461538461538464,0.9989658738366081,0.3333333333333333,0.9872253449156873,1960.0,1934.0,26.0
mean,0.08418874977275585,0.6825564688918693,0.9773194456575528,0.5127696326394141,0.048403357600725394,0.09155380530068631,0.026264490550204838,0.9992747747286236,0.4333333333333333,0.9780053892202484,1960.5,1916.5,44.0
std,0.028049760397453192,0.047980817869572485,0.005683051262679178,0.009863720796243342,0.03652336861147968,0.07505014550588064,0.019860474326014788,0.0005171951343940539,0.3265986323710904,0.005903723825106818,170.62702990245518,168.15543404838274,11.51810169544733
