,PRC-AUC,AUROC,Accuracy,Balanced Accuracy,F1-Score,MCC,Sensitivity,Specificity,Precision,Negative Predictive Value,Test Cases,Negative Test Cases,Positive Test Cases
"(0, 0)",0.2279976910360335,0.7756567950294888,0.9765765765765766,0.5125130097454821,0.048780487804878044,0.10927560765417892,0.02564102564102564,0.9993849938499385,0.5,0.9771497294046904,1665.0,1626.0,39.0
"(0, 1)",0.1053637596704483,0.6845611828782261,0.9778368794326241,0.5097509778718918,0.03846153846153846,0.078007462307861,0.02040816326530612,0.9990937924784775,0.3333333333333333,0.9786950732356857,2256.0,2207.0,49.0
"(1, 0)",0.12704960912113122,0.7635582316916267,0.9734151329243353,0.49973753280839894,0.0,-0.003700532452412642,0.0,0.9994750656167979,0.0,0.9739130434782609,1956.0,1905.0,51.0
"(1, 1)",0.03980742128514822,0.6682810922956152,0.9806615776081425,0.49974066390041494,0.0,-0.0031259109767342577,0.0,0.9994813278008299,0.0,0.9811608961303462,1965.0,1928.0,37.0
"(2, 0)",0.08653005318510466,0.6527416806808337,0.96838347781744,0.5,0.0,0.0,0.0,1.0,,0.96838347781744,1961.0,1899.0,62.0
"(2, 1)",0.04972610292611435,0.6519767719354068,0.986734693877551,0.5,0.0,0.0,0.0,1.0,,0.986734693877551,1960.0,1934.0,26.0
mean,0.1060791062039967,0.6994626257518662,0.9772680563727784,0.503623697387698,0.014540337711069417,0.030076104422148836,0.0076748648177219604,0.9995725299576739,0.20833333333333331,0.9776728189906624,1960.5,1916.5,44.0
std,0.062255090441214474,0.05090168985750919,0.005711328963985264,0.005369761478908448,0.020777782231663437,0.04586639205434306,0.010958512855046273,0.00032854166935611124,0.21650635094610965,0.005715923028269433,170.62702990245518,168.15543404838274,11.51810169544733
