,PRC-AUC,AUROC,Accuracy,Balanced Accuracy,F1-Score,MCC,Sensitivity,Specificity,Precision,Negative Predictive Value,Test Cases,Negative Test Cases,Positive Test Cases
"(0, 0)",0.022377281002717946,0.46056075945374836,0.4894894894894895,0.4633361718232567,0.038461538461538464,-0.02218324614111643,0.4358974358974359,0.4907749077490775,0.020118343195266272,0.973170731707317,1665.0,1626.0,39.0
"(0, 1)",0.021105707572008563,0.46677084970825666,0.5234929078014184,0.4770858955272186,0.03760071620411817,-0.013379449492911779,0.42857142857142855,0.5256003624830086,0.019662921348314606,0.9764309764309764,2256.0,2207.0,49.0
"(1, 0)",0.07053218986237976,0.6369615562760538,0.5015337423312883,0.5628068550254748,0.06159769008662176,0.040036257144332406,0.6274509803921569,0.49816272965879266,0.032388663967611336,0.9803719008264463,1956.0,1905.0,51.0
"(1, 1)",0.04265687392999229,0.5681002579342829,0.510941475826972,0.5519653470898285,0.04378109452736319,0.028256147376466575,0.5945945945945946,0.5093360995850622,0.022727272727272728,0.9849548645937813,1965.0,1928.0,37.0
"(2, 0)",0.028981572614481546,0.4527340365897161,0.5114737378888322,0.49032173130170376,0.05708661417322835,-0.006776369443458808,0.46774193548387094,0.5129015271195366,0.03039832285115304,0.9672293942403177,1961.0,1899.0,62.0
"(2, 1)",0.021829148086249816,0.5166255667806857,0.5071428571428571,0.5036194415718718,0.026209677419354836,0.0016565506505961218,0.5,0.5072388831437435,0.013457556935817806,0.9869215291750503,1960.0,1934.0,26.0
mean,0.03458046217797165,0.5169588377904573,0.5073457017468096,0.5081892403898923,0.044122888478704124,0.00460164834898468,0.5090427291565812,0.5073357516232035,0.0231255135042393,0.9781798994956481,1960.5,1916.5,44.0
std,0.01771150929094274,0.06688374347193039,0.01035508628126694,0.037010759944527384,0.012034785996415798,0.02233842043992216,0.07632499185830133,0.011007501411834694,0.00649820885493827,0.006772310911987646,170.62702990245518,168.15543404838274,11.51810169544733
