,PRC-AUC,AUROC,Accuracy,Balanced Accuracy,F1-Score,MCC,Sensitivity,Specificity,Precision,Negative Predictive Value,Test Cases,Negative Test Cases,Positive Test Cases
"(0, 0)",0.16534302814081542,0.6931119311193111,0.9765765765765766,0.5125130097454821,0.048780487804878044,0.10927560765417892,0.02564102564102564,0.9993849938499385,0.5,0.9771497294046904,1665.0,1626.0,39.0
"(0, 1)",0.08715665792865296,0.6823002875821829,0.9787234042553191,0.5201816113849255,0.07692307692307691,0.16145214460588586,0.04081632653061224,0.9995468962392388,0.6666666666666666,0.979138925876609,2256.0,2207.0,49.0
"(1, 0)",0.07140093043408188,0.6579023210334003,0.9739263803680982,0.5,0.0,0.0,0.0,1.0,,0.9739263803680982,1956.0,1905.0,51.0
"(1, 1)",0.05298583941191501,0.6964856453964339,0.9796437659033079,0.4992219917012448,0.0,-0.005416995478511306,0.0,0.9984439834024896,0.0,0.9811416921508664,1965.0,1928.0,37.0
"(2, 0)",0.12456760823433459,0.6877686048684368,0.96838347781744,0.5,0.0,0.0,0.0,1.0,,0.96838347781744,1961.0,1899.0,62.0
"(2, 1)",0.050198199192817206,0.6609259406570679,0.9862244897959184,0.5187137061490733,0.06896551724137931,0.10953392997868282,0.038461538461538464,0.9989658738366081,0.3333333333333333,0.9872253449156873,1960.0,1934.0,26.0
mean,0.09194204389043618,0.6797491217761388,0.9772463491194435,0.5084383864967876,0.032444846994889046,0.062474114460039386,0.01748648177219606,0.9993902912213791,0.37499999999999994,0.9778275917555653,1960.5,1916.5,44.0
std,0.041144265773056826,0.015061492304364123,0.0054552357816674306,0.009013348857060786,0.033508530612954585,0.06660441579107514,0.018111057302053663,0.0005543271278172919,0.24650332429581734,0.005857912864926936,170.62702990245518,168.15543404838274,11.51810169544733
