,PRC-AUC,AUROC,Accuracy,Balanced Accuracy,F1-Score,MCC,Sensitivity,Specificity,Precision,Negative Predictive Value,Test Cases,Negative Test Cases,Positive Test Cases
"(0, 0)",0.13223495034231403,0.6999873844892295,0.975975975975976,0.49969249692496925,0.0,-0.0037966046201924186,0.0,0.9993849938499385,0.0,0.9765625,1665.0,1626.0,39.0
"(0, 1)",0.0712390238173661,0.6404344247893992,0.9778368794326241,0.5197285076241643,0.07407407407407406,0.12230682338352085,0.04081632653061224,0.9986406887177164,0.4,0.9791203909373611,2256.0,2207.0,49.0
"(1, 0)",0.0636772455351322,0.6446039833256137,0.9734151329243353,0.49973753280839894,0.0,-0.003700532452412642,0.0,0.9994750656167979,0.0,0.9739130434782609,1956.0,1905.0,51.0
"(1, 1)",0.057209275848241016,0.6268503981159583,0.9801526717557252,0.4994813278008299,0.0,-0.004421831562265572,0.0,0.9989626556016598,0.0,0.9811512990320937,1965.0,1928.0,37.0
"(2, 0)",0.09273019747878011,0.6403157858975013,0.96838347781744,0.5,0.0,0.0,0.0,1.0,,0.96838347781744,1961.0,1899.0,62.0
"(2, 1)",0.0701013006013599,0.6147482300532973,0.9872448979591837,0.5192307692307693,0.07407407407407407,0.1948607379378834,0.038461538461538464,1.0,1.0,0.9872383869321082,1960.0,1934.0,26.0
mean,0.08119866560386556,0.6444900344451666,0.9771681726442142,0.5063117723981886,0.024691358024691357,0.0508747654477556,0.013212977498691783,0.9994105672976854,0.27999999999999997,0.9777281830328773,1960.5,1916.5,44.0
std,0.025306506224923853,0.02680041313484173,0.005824836192591189,0.00931341453194093,0.03491885339192827,0.07900197932237502,0.018698332394433605,0.0004988342695467537,0.39191835884530846,0.005878457372986301,170.62702990245518,168.15543404838274,11.51810169544733
