,PRC-AUC,AUROC,Accuracy,Balanced Accuracy,F1-Score,MCC,Sensitivity,Specificity,Precision,Negative Predictive Value,Test Cases,Negative Test Cases,Positive Test Cases
"(0, 0)",0.13501128117440125,0.6449364493644937,0.9711711711711711,0.5597975210521335,0.17241379310344826,0.17029975935399536,0.1282051282051282,0.991389913899139,0.2631578947368421,0.9793438639125152,1665.0,1626.0,39.0
"(0, 1)",0.050244668095644,0.4656704548606938,0.9685283687943262,0.5349259776407165,0.10126582278481011,0.08889033983320424,0.08163265306122448,0.9882193022202084,0.13333333333333333,0.9797843665768194,2256.0,2207.0,49.0
"(1, 0)",0.048529897809119385,0.5397354742421903,0.9677914110429447,0.5159333024548403,0.05970149253731343,0.05637772120674572,0.0392156862745098,0.9926509186351706,0.125,0.9747422680412371,1956.0,1905.0,51.0
"(1, 1)",0.03311980022824904,0.5362299540204105,0.9786259541984733,0.5119574969160031,0.045454545454545456,0.054559362389284854,0.02702702702702703,0.9968879668049793,0.14285714285714285,0.9816138917262512,1965.0,1928.0,37.0
"(2, 0)",0.042964683571286334,0.5095126467240823,0.9678735339112697,0.5075379231853777,0.03076923076923077,0.06749522651514515,0.016129032258064516,0.9989468141126909,0.3333333333333333,0.9688457609805925,1961.0,1899.0,62.0
"(2, 1)",0.0233072151456528,0.5769429639646807,0.9780612244897959,0.4956049638055843,0.0,-0.010845423104745889,0.0,0.9912099276111686,0.0,0.9866186309830159,1960.0,1934.0,26.0
mean,0.055529591004058805,0.5455046571960919,0.9720086106013301,0.5209595308424425,0.06826748077489135,0.07112949769893824,0.04870158780432567,0.9932174738805596,0.16628028404344194,0.9784914637034053,1960.5,1916.5,44.0
std,0.036725609399699044,0.05577227013728128,0.004620973749255136,0.020947332081679267,0.05567123554747504,0.053813672630218974,0.043584884492629344,0.0036279190570166014,0.10667656142683163,0.005557197102786317,170.62702990245518,168.15543404838274,11.51810169544733
