,PRC-AUC,AUROC,Accuracy,Balanced Accuracy,F1-Score,MCC,Sensitivity,Specificity,Precision,Negative Predictive Value,Test Cases,Negative Test Cases,Positive Test Cases
"(0, 0)",0.06194417717411524,0.4667265903428265,0.4990990990990991,0.4807692307692308,0.041379310344827586,-0.01163417759417572,0.46153846153846156,0.5,0.021660649819494584,0.9748201438848921,1665.0,1626.0,39.0
"(0, 1)",0.020151311183758295,0.45629398111759434,0.4778368794326241,0.4836836411048334,0.03915171288743883,-0.009522555181560902,0.4897959183673469,0.4775713638423199,0.020390824129141887,0.9768303985171455,2256.0,2207.0,49.0
"(1, 0)",0.02917570323524318,0.4811795584375482,0.46983640081799594,0.4892851628840512,0.047750229568411386,-0.006842709923652387,0.5098039215686274,0.4687664041994751,0.025048169556840076,0.9727668845315904,1956.0,1905.0,51.0
"(1, 1)",0.018053570110598716,0.4651928899854211,0.5180661577608142,0.4760709880004486,0.03268641470888662,-0.01302104595664042,0.43243243243243246,0.5197095435684648,0.016985138004246284,0.9794721407624634,1965.0,1928.0,37.0
"(2, 0)",0.030772815212332362,0.46476073994802014,0.4849566547679755,0.4610278754522754,0.050751879699248124,-0.02728344711760192,0.43548387096774194,0.48657187993680884,0.02694610778443114,0.9635036496350365,1961.0,1899.0,62.0
"(2, 1)",0.025110923967194623,0.5095258929281681,0.503061224489796,0.48257895155516667,0.02404809619238477,-0.007972739756251573,0.46153846153846156,0.5036194415718718,0.012345679012345678,0.9858299595141701,1960.0,1934.0,26.0
mean,0.030868083480540404,0.4739466087932631,0.4921427360613841,0.47890264162766766,0.03929460723353288,-0.012712779254980487,0.46509884440217863,0.49270643885315674,0.020562761384416605,0.9755371961408831,1960.5,1916.5,44.0
std,0.014610513755631821,0.01752594614563538,0.01629671776314109,0.008899247547179051,0.008974569206474131,0.006839419930418161,0.027622403834783586,0.017035677731888618,0.004872041853459923,0.006783462381386654,170.62702990245518,168.15543404838274,11.51810169544733
