,PRC-AUC,AUROC,Accuracy,Balanced Accuracy,F1-Score,MCC,Sensitivity,Specificity,Precision,Negative Predictive Value,Test Cases,Negative Test Cases,Positive Test Cases
"(0, 0)",0.027281968456516363,0.5019238653925001,0.47387387387387386,0.4678541016179393,0.03947368421052632,-0.019470559195611553,0.46153846153846156,0.474169741697417,0.020618556701030927,0.9734848484848485,1665.0,1626.0,39.0
"(0, 1)",0.0203995583496954,0.443690298956012,0.48093971631205673,0.4553369150106803,0.03462489694971146,-0.02605494198458744,0.42857142857142855,0.48210240144993205,0.01804123711340206,0.9743589743589743,2256.0,2207.0,49.0
"(1, 0)",0.027424622803828836,0.4713910761154856,0.5,0.5143121815655396,0.05232558139534885,0.009122872374032798,0.5294117647058824,0.49921259842519683,0.027522935779816515,0.9753846153846154,1956.0,1905.0,51.0
"(1, 1)",0.02676904787747747,0.5693618930133453,0.4946564885496183,0.5436665919031065,0.04243008678881388,0.023744881861667913,0.5945945945945946,0.4927385892116183,0.022,0.9844559585492227,1965.0,1928.0,37.0
"(2, 0)",0.03428979169549093,0.4944707740916272,0.48597654258031614,0.4771569077103399,0.054409005628517824,-0.01599264849316643,0.46774193548387094,0.48657187993680884,0.02888446215139442,0.9655172413793104,1961.0,1899.0,62.0
"(2, 1)",0.028504479848067452,0.5852955214382308,0.5336734693877551,0.5929520324556519,0.035864978902953586,0.042612759362549914,0.6538461538461539,0.53205791106515,0.01843817787418655,0.9913294797687862,1960.0,1934.0,26.0
mean,0.02744491150517941,0.5110222381678668,0.4948533484506033,0.5085464550438763,0.043188038979311984,0.0023270606541475336,0.5226173897900653,0.49447552029768715,0.022584228269971748,0.9774218529876263,1960.5,1916.5,44.0
std,0.004043427273370505,0.05063099565998233,0.019347927368876014,0.04806834643373067,0.007645590309888979,0.0249804246386898,0.07961832268273378,0.018555229182632613,0.00420550172888366,0.008303132624502173,170.62702990245518,168.15543404838274,11.51810169544733
