,PRC-AUC,AUROC,Accuracy,Balanced Accuracy,F1-Score,MCC,Sensitivity,Specificity,Precision,Negative Predictive Value,Test Cases,Negative Test Cases,Positive Test Cases
"(0, 0)",0.07481242396941894,0.5774592361308228,0.5273273273273273,0.5452739142776043,0.05294825511432009,0.027422112067991545,0.5641025641025641,0.5264452644526445,0.027777777777777776,0.9805269186712485,1665.0,1626.0,39.0
"(0, 1)",0.01730980862095005,0.40727555181565156,0.4787234042553192,0.42427156635195995,0.0297029702970297,-0.044176188046386566,0.3673469387755102,0.4811961939284096,0.015477214101461736,0.9716376944190301,2256.0,2207.0,49.0
"(1, 0)",0.041298968581193654,0.514569502341619,0.4918200408997955,0.5101127064999228,0.051526717557251904,0.006447228965349782,0.5294117647058824,0.49081364829396323,0.02708124373119358,0.9749739311783108,1956.0,1905.0,51.0
"(1, 1)",0.04749711563068009,0.4842155433441741,0.48040712468193386,0.47013429404508245,0.03222748815165877,-0.0162483130881386,0.4594594594594595,0.4808091286307054,0.01669941060903733,0.9788806758183738,1965.0,1928.0,37.0
"(2, 0)",0.033936690631686535,0.523339958212302,0.5119836817950025,0.5295911260595559,0.06634146341463415,0.020714354323546624,0.5483870967741935,0.5107951553449184,0.035306334371754934,0.9719438877755511,1961.0,1899.0,62.0
"(2, 1)",0.03762149170895723,0.5329130538541086,0.5178571428571429,0.5280208416196006,0.02877697841726619,0.01283058232943186,0.5384615384615384,0.5175801447776629,0.014783526927138331,0.9881539980256664,1960.0,1934.0,26.0
mean,0.04207941652381442,0.5066288076164464,0.5013531203027536,0.5012340748089543,0.043587312158693464,0.0011649627586324408,0.5011948937131914,0.5012732559047174,0.022854251253060617,0.9776861843146968,1960.5,1916.5,44.0
std,0.017325900136830625,0.0523188179089272,0.018716166864103115,0.04169415399565296,0.014198470260408288,0.024476681926208794,0.06834544017505678,0.017895453435901997,0.007687677200983001,0.005715275178002009,170.62702990245518,168.15543404838274,11.51810169544733
