,PRC-AUC,AUROC,Accuracy,Balanced Accuracy,F1-Score,MCC,Sensitivity,Specificity,Precision,Negative Predictive Value,Test Cases,Negative Test Cases,Positive Test Cases
"(0, 0)",0.5547030128959284,0.5197376675220987,0.5161389486627729,0.5133800969489593,0.5500285877644367,0.026757701613304964,0.5497142857142857,0.47704590818363274,0.5503432494279176,0.4764119601328904,3253.0,1503.0,1750.0
"(0, 1)",0.5399954025693328,0.4952195798706662,0.49969249692496925,0.5002156323160964,0.5141833383099432,0.00043013161028494,0.49312714776632305,0.5073041168658698,0.537117903930131,0.4633110976349303,3252.0,1506.0,1746.0
"(1, 0)",0.5199911626527717,0.4660253581105769,0.47586842914233013,0.47563492129809337,0.49421536636013047,-0.04861373151779467,0.47901092581943644,0.4722589167767503,0.5104166666666666,0.44108574953732266,3253.0,1514.0,1739.0
"(1, 1)",0.5476723575944935,0.5015178654707496,0.504920049200492,0.5052264901216919,0.5225385527876631,0.010419239083035586,0.5014228799089356,0.5090301003344482,0.5455108359133127,0.4648747709224191,3252.0,1495.0,1757.0
"(2, 0)",0.5621316675984467,0.5200965033212182,0.5133722717491547,0.5135518615152654,0.5287287883298601,0.027040117130230197,0.5109321058688148,0.5161716171617162,0.5478099938309685,0.4791666666666667,3253.0,1515.0,1738.0
"(2, 1)",0.5484920430334846,0.503118275148375,0.501230012300123,0.5010873985132795,0.5215339233038347,0.002167633629377383,0.502844141069397,0.499330655957162,0.5416666666666666,0.4604938271604938,3252.0,1494.0,1758.0
mean,0.5454976077240763,0.5009525415739474,0.5018703679966404,0.5015160667855643,0.5218714261426448,0.003033515258073067,0.5061752476911988,0.4968568858799299,0.5388108860726105,0.4642240120091205,3252.5,1504.5,1748.0
std,0.01326637738698585,0.018152856597368747,0.013079505225156211,0.012721971714763188,0.016655191733642712,0.02539248026819657,0.02183311741736894,0.01650275274813297,0.013392299030178474,0.012398786074444048,0.5,8.220908303425682,7.852812659593164
