,PRC-AUC,AUROC,Accuracy,Balanced Accuracy,F1-Score,MCC,Sensitivity,Specificity,Precision,Negative Predictive Value,Test Cases,Negative Test Cases,Positive Test Cases
"(0, 0)",0.5471972808338742,0.5023024427335805,0.5102981862895789,0.5119425910084593,0.5185856754306437,0.023836764687400976,0.49028571428571427,0.5335994677312043,0.5503527902501604,0.4734356552538371,3253.0,1503.0,1750.0
"(0, 1)",0.5322502294225055,0.4813749963871129,0.48247232472324725,0.48363133947600206,0.49261380765752183,-0.0326667398431627,0.4679266895761741,0.49933598937583,0.5200509229789942,0.44735276621058895,3252.0,1506.0,1746.0
"(1, 0)",0.5597540908321704,0.5179628812319444,0.5090685521057485,0.5096355806606235,0.5219994013768334,0.0192271902248898,0.5014376078205866,0.5178335535006605,0.5443196004993758,0.47486371895820717,3253.0,1514.0,1739.0
"(1, 1)",0.5654338662262031,0.5199222222433725,0.5141451414514145,0.5158085289039732,0.5240963855421686,0.03153796134730056,0.49516220830961866,0.5364548494983278,0.5566218809980806,0.47483718176435763,3252.0,1495.0,1757.0
"(2, 0)",0.518069031016651,0.4762558534334447,0.4860129111589302,0.48506819036334015,0.5091015854374633,-0.029803068860856166,0.498849252013809,0.47128712871287126,0.5197841726618705,0.4504731861198738,3253.0,1515.0,1738.0
"(2, 1)",0.5577519163658848,0.49765977067161327,0.4892373923739237,0.48803518967793813,0.5156022163896179,-0.023859777422059095,0.502844141069397,0.47322623828647925,0.5290245362058648,0.4471853257432005,3252.0,1494.0,1758.0
mean,0.5467427357828817,0.49924636111684473,0.4985390846838072,0.49902023668172274,0.5136665119723748,-0.0019546116444144382,0.4927509355125499,0.5052895378508955,0.5366923172657244,0.4613579723416776,3252.5,1504.5,1748.0
std,0.01669469212757438,0.016520721248758197,0.012872855428068377,0.01362392831399762,0.010568974583394971,0.027185240924392454,0.011850845798636085,0.026298747923691385,0.014511993352511826,0.013073210421385992,0.5,8.220908303425682,7.852812659593164
