,PRC-AUC,AUROC,Accuracy,Balanced Accuracy,F1-Score,MCC,Sensitivity,Specificity,Precision,Negative Predictive Value,Test Cases,Negative Test Cases,Positive Test Cases
"(0, 0)",0.5379196571777485,0.5053842790609258,0.5075315093759607,0.5089485790324113,0.5171790235081374,0.017857045556575368,0.49028571428571427,0.5276114437791084,0.5471938775510204,0.47062314540059347,3253.0,1503.0,1750.0
"(0, 1)",0.5244881826148065,0.4825482339447099,0.482779827798278,0.48542371179657084,0.482779827798278,-0.029152576406858248,0.4495990836197022,0.5212483399734396,0.5212483399734396,0.4495990836197022,3252.0,1506.0,1746.0
"(1, 0)",0.531708695655248,0.4958163143609615,0.49523516753765756,0.4939196975440265,0.5207238762405137,-0.012139882610957409,0.5129384703852788,0.4749009247027741,0.5287492590397155,0.4591315453384419,3253.0,1514.0,1739.0
"(1, 1)",0.5466430906217521,0.506238400435525,0.5043050430504306,0.5036598945831581,0.5272727272727272,0.007297000744568109,0.5116676152532726,0.4956521739130435,0.543859649122807,0.4634146341463415,3252.0,1495.0,1757.0
"(2, 0)",0.5175015946550909,0.48066515512310726,0.4875499538887181,0.4883698496431922,0.49834486909419196,-0.023213138955044278,0.476409666283084,0.5003300330033004,0.522397476340694,0.45443645083932854,3253.0,1515.0,1738.0
"(2, 1)",0.5234331900636262,0.48347009577940125,0.49046740467404676,0.488519493217466,0.5209598149754264,-0.022909611976945538,0.512514220705347,0.464524765729585,0.5296884185773074,0.44745325596389424,3252.0,1494.0,1758.0
mean,0.5302824017980453,0.49235374645077185,0.4946448177208487,0.49480687096947085,0.5112100231482125,-0.010376860608110333,0.4922357950887332,0.4973779468502086,0.5321895034341639,0.4574430192180503,3252.5,1504.5,1748.0
std,0.009762750903645399,0.010694689218610004,0.008834601920490487,0.008642540611649858,0.015561702278850592,0.01725782180848662,0.02341498550727164,0.022657232633510473,0.009958305599356244,0.007985290439926027,0.5,8.220908303425682,7.852812659593164
