,AUROC,Accuracy,Balanced Accuracy,F1-Score,MCC,Sensitivity,Specificity,Precision,Negative Predictive Value,Test Cases,Negative Test Cases,Positive Test Cases
"(0, 0)",0.8554570858283433,0.7863510605594836,0.7850886797832906,0.8014852899171665,0.5702042417993426,0.8017142857142857,0.7684630738522954,0.8012564249000571,0.7689747003994674,3253.0,1503.0,1750.0
"(0, 1)",0.8460307300770191,0.7706027060270603,0.7694833495342799,0.7860011474469305,0.5388228669232067,0.7846506300114547,0.7543160690571049,0.7873563218390804,0.7513227513227513,3252.0,1506.0,1746.0
"(1, 0)",0.8566587259566263,0.7789732554565016,0.7777612135309091,0.7936872309899571,0.5556938358709315,0.7952846463484762,0.7602377807133421,0.7920962199312714,0.7637690776376908,3253.0,1514.0,1739.0
"(1, 1)",0.8608419642024354,0.7869003690036901,0.7866801308859164,0.8001153735217769,0.5722605721911582,0.7894137734775185,0.7839464882943143,0.8111111111111111,0.7600518806744487,3252.0,1495.0,1757.0
"(2, 0)",0.8574037150550498,0.7814325238241623,0.7817344392667115,0.791678874890126,0.5623934208825485,0.7773302646720368,0.7861386138613862,0.8065671641791045,0.7547528517110266,3253.0,1515.0,1738.0
"(2, 1)",0.8534907548281865,0.7752152521525215,0.7756086918778642,0.7875617553036908,0.5497359135473661,0.7707622298065984,0.7804551539491299,0.8051099227569816,0.7431485022307202,3252.0,1494.0,1758.0
mean,0.8549804959912768,0.7799125278372365,0.779392750813162,0.793421612011608,0.5581851418690923,0.7865259716717284,0.7722595299545953,0.8005828607862676,0.7570032939960174,3252.5,1504.5,1748.0
std,0.0045751144350690285,0.005805377237009942,0.005862454969352476,0.00580715428916232,0.011638870721487359,0.010426825627321092,0.012091908732163897,0.008312323443992707,0.008442675234574908,0.5,8.220908303425682,7.852812659593164
