,PRC-AUC,AUROC,Accuracy,Balanced Accuracy,F1-Score,MCC,Sensitivity,Specificity,Precision,Negative Predictive Value,Test Cases,Negative Test Cases,Positive Test Cases
"(0, 0)",0.8758956111943275,0.8645124988119,0.7851214263756533,0.7841336374869309,0.7996560619088565,0.5679870486200712,0.7971428571428572,0.7711244178310046,0.8021851638872916,0.7655217965653897,3253.0,1503.0,1750.0
"(0, 1)",0.865650831485673,0.8555284398868823,0.7804428044280443,0.780244428928045,0.79292343387471,0.5595719834561576,0.7829324169530355,0.7775564409030544,0.8031727379553466,0.7554838709677419,3252.0,1506.0,1746.0
"(1, 0)",0.8792607188290069,0.867148135515712,0.7989548109437442,0.798244751117232,0.8113098672821696,0.5962001731264173,0.8085106382978723,0.7879788639365918,0.814128546612623,0.7817824377457405,3253.0,1514.0,1739.0
"(1, 1)",0.8800422932050016,0.8684727882545309,0.7902829028290282,0.7900598275793148,0.8033448673587081,0.5790255570957287,0.7928286852589641,0.7872909698996655,0.8141437755698422,0.7637897469175859,3252.0,1495.0,1757.0
"(2, 0)",0.8757196887838248,0.8626221482907784,0.7900399631109745,0.7901284432240692,0.8005839416058393,0.5792927399036439,0.7888377445339471,0.7914191419141914,0.8126852400711322,0.7656449553001277,3253.0,1515.0,1738.0
"(2, 1)",0.877196033061664,0.865602912217699,0.7933579335793358,0.7939973774506444,0.8044237485448196,0.58635393482192,0.7861205915813424,0.8018741633199464,0.8235995232419547,0.761118170266836,3252.0,1494.0,1758.0
mean,0.8756275294265831,0.8639811538295837,0.7896999735444634,0.7894680776310393,0.8020403200958506,0.5780719061706564,0.7927288222946697,0.786207332967409,0.8116524978896983,0.7655568296272369,3252.5,1504.5,1748.0
std,0.0047392909295918,0.004211338853202143,0.005861546448207925,0.005942260401903446,0.005541215563836413,0.01185732852675368,0.00839978322666468,0.009825624486428016,0.007276354336662628,0.008037082043474189,0.5,8.220908303425682,7.852812659593164
