,PRC-AUC,AUROC,Accuracy,Balanced Accuracy,F1-Score,MCC,Sensitivity,Specificity,Precision,Negative Predictive Value,Test Cases,Negative Test Cases,Positive Test Cases
"(0, 0)",0.5384519855989502,0.5003973006368216,0.5038426068244697,0.5021862940785097,0.5319025522041764,0.004364183964048217,0.524,0.4803725881570193,0.5400471142520612,0.4643086816720257,3253.0,1503.0,1750.0
"(0, 1)",0.5370584216707741,0.5048340429804266,0.508610086100861,0.5096156040214856,0.5201201201201201,0.01918516593963182,0.4959908361970218,0.5232403718459495,0.5467171717171717,0.4724220623501199,3252.0,1506.0,1746.0
"(1, 0)",0.5237282213420507,0.4807778350879618,0.48847217952659083,0.48823516453298066,0.5068168346176645,-0.023473640280390597,0.491661874640598,0.4848084544253633,0.5229357798165137,0.453646477132262,3253.0,1514.0,1739.0
"(1, 1)",0.5399585394498794,0.49470460251683185,0.4935424354243542,0.4941485848293401,0.5093833780160859,-0.01166627939918029,0.48662492885600456,0.5016722408026756,0.534375,0.4539951573849879,3252.0,1495.0,1757.0
"(2, 0)",0.5390687617470543,0.5138230278724075,0.5170611743006456,0.5152255731902304,0.5452966714905934,0.030426646862137568,0.5420023014959724,0.4884488448844885,0.5486313337216074,0.4817708333333333,3253.0,1515.0,1738.0
"(2, 1)",0.5326988069438945,0.4893597903178889,0.4883148831488315,0.4899963905679601,0.49788774894387444,-0.019959687472243446,0.46928327645051193,0.5107095046854083,0.5302056555269923,0.4498820754716981,3252.0,1494.0,1758.0
mean,0.5351607894587672,0.49731609990205633,0.4999738942209588,0.49990126853675115,0.5185678842320858,-0.00018726839766612137,0.5015938696066847,0.4982086674668174,0.537152009172391,0.4626708812240712,3252.5,1504.5,1748.0
std,0.005619736115918336,0.010662464700755651,0.010732439379903053,0.01001433912605696,0.01604556632167493,0.019992457341801224,0.024265744619561654,0.01520854511496273,0.009034320174073655,0.011422475652214992,0.5,8.220908303425682,7.852812659593164
