,AUROC,Accuracy,Balanced Accuracy,F1-Score,MCC,Sensitivity,Specificity,Precision,Negative Predictive Value,Test Cases,Negative Test Cases,Positive Test Cases
"(0, 0)",0.8347434654500522,0.7719028588994774,0.770251497005988,0.7888446215139442,0.5408788248469855,0.792,0.7485029940119761,0.7857142857142857,0.7555406312961719,3253.0,1503.0,1750.0
"(0, 1)",0.8311385994776145,0.7613776137761378,0.761029193649229,0.775072463768116,0.5212348074451042,0.7657502863688431,0.7563081009296149,0.7846244131455399,0.7357881136950905,3252.0,1506.0,1746.0
"(1, 0)",0.8241129560938999,0.7617583768828774,0.760506311421177,0.7774906689635371,0.5211264466036764,0.7786083956296722,0.7424042272126816,0.7763761467889908,0.7448641484426772,3253.0,1514.0,1739.0
"(1, 1)",0.8502357507380893,0.784440344403444,0.78290735766918,0.8007956805910771,0.5659585548290849,0.8019351166761526,0.7638795986622073,0.7996594778660613,0.7664429530201342,3252.0,1495.0,1757.0
"(2, 0)",0.8337133080396647,0.7617583768828774,0.7618827072580676,0.7731928592332457,0.5228056927830538,0.7600690448791715,0.7636963696369637,0.7867778439547349,0.7350698856416773,3253.0,1515.0,1738.0
"(2, 1)",0.8192866269781439,0.7601476014760148,0.7589082153414568,0.7772701313535122,0.5174717550214161,0.7741751990898749,0.7436412315930389,0.7803899082568807,0.736737400530504,3252.0,1494.0,1758.0
mean,0.8322051177962441,0.766897528720138,0.7659142137241831,0.7821110709039054,0.5315793469215534,0.7787563404406191,0.7530720870077471,0.7855903459544155,0.7457405221043758,3252.5,1504.5,1748.0
std,0.009723935402429185,0.008771701225203744,0.008426395567685565,0.009732374176048556,0.017130304551841228,0.014445480192567492,0.008791760848597592,0.007213933624237724,0.011685959741829764,0.5,8.220908303425682,7.852812659593164
