,PRC-AUC,AUROC,Accuracy,Balanced Accuracy,F1-Score,MCC,Sensitivity,Specificity,Precision,Negative Predictive Value,Test Cases,Negative Test Cases,Positive Test Cases
"(0, 0)",0.5214581254372109,0.4844182111966543,0.4973870273593606,0.4972192757342458,0.5167011528229383,-0.005545437786798775,0.49942857142857144,0.49500998003992014,0.5352112676056338,0.45925925925925926,3253.0,1503.0,1750.0
"(0, 1)",0.5725888253328864,0.5391414487144968,0.5316728167281672,0.533694545985588,0.5372227286539046,0.0672888657522805,0.5063001145475372,0.5610889774236387,0.572168284789644,0.49502050380785,3252.0,1506.0,1746.0
"(1, 0)",0.5535381124501106,0.5095577181498653,0.5081463264678758,0.508473909981822,0.5226730310262531,0.016907814044134894,0.503737780333525,0.5132100396301189,0.5430874147551147,0.473780487804878,3253.0,1514.0,1739.0
"(1, 1)",0.5368132476811979,0.4921487485319116,0.49169741697416974,0.4915933018999016,0.5116691285081242,-0.01675875343486595,0.4928856004553216,0.4903010033444816,0.5319410319410319,0.4513546798029557,3252.0,1495.0,1757.0
"(2, 0)",0.5454380917838162,0.5013755805960343,0.502920381186597,0.5052102678622292,0.5035308566165183,0.010418802745042328,0.4718066743383199,0.5386138613861386,0.5398288347597103,0.47058823529411764,3253.0,1515.0,1738.0
"(2, 1)",0.5601671093396764,0.5188920262011261,0.5227552275522755,0.5234590238085448,0.5383700178465199,0.0467674704107092,0.5147895335608647,0.5321285140562249,0.564214463840399,0.4824029126213592,3252.0,1494.0,1758.0
mean,0.5483339186708164,0.5075889555650148,0.5090965327114078,0.5099417208787219,0.5216944859123763,0.019846460288417033,0.4981580457773567,0.5217253959800872,0.5477418829485888,0.47206767976507,3252.5,1504.5,1748.0
std,0.016425734214081018,0.017986498047992776,0.013994868275856408,0.014548656209462777,0.01275092045101571,0.029033684891563844,0.0135267685183303,0.024888598020915628,0.015049687966741039,0.014328617288144167,0.5,8.220908303425682,7.852812659593164
