,AUROC,Accuracy,Balanced Accuracy,F1-Score,MCC,Sensitivity,Specificity,Precision,Negative Predictive Value,Test Cases,Negative Test Cases,Positive Test Cases
"(0, 0)",0.8129303298165573,0.7553027974177682,0.7542125273262998,0.7716580608146875,0.5081100767036681,0.7685714285714286,0.739853626081171,0.7747695852534562,0.7330257086354647,3253.0,1503.0,1750.0
"(0, 1)",0.8056589982186564,0.7530750307503075,0.7532059619483121,0.7656842719579807,0.5053201068943073,0.7514318442153494,0.7549800796812749,0.7804878048780488,0.7237428389560789,3252.0,1506.0,1746.0
"(1, 0)",0.8109671055580159,0.7522287119581924,0.7526186491727962,0.763219741480611,0.5041685660930466,0.7469810235767682,0.7582562747688243,0.7801801801801802,0.7229219143576826,3253.0,1514.0,1739.0
"(1, 1)",0.8232771731992242,0.758610086100861,0.7599505465952721,0.7689137474241978,0.5182302559989741,0.7433124644280023,0.7765886287625418,0.7963414634146342,0.7202233250620348,3252.0,1495.0,1757.0
"(2, 0)",0.8147012802546076,0.7537657546879803,0.7541064233005579,0.7647577092511013,0.5071745470540965,0.7491369390103567,0.759075907590759,0.7810437912417516,0.725094577553594,3253.0,1515.0,1738.0
"(2, 1)",0.808436247835483,0.746309963099631,0.745757775127815,0.7623163353500432,0.49059600236867856,0.7525597269624573,0.7389558232931727,0.7723292469352014,0.7173489278752436,3252.0,1494.0,1758.0
mean,0.8126618558137575,0.7532153906691236,0.7533086472451754,0.7660916443797703,0.5055999258521285,0.751998904460727,0.7546183900296239,0.7808586786505454,0.7237262154066831,3252.5,1504.5,1748.0
std,0.005577996194079128,0.00370677469847823,0.004144687043980091,0.0032505224521081123,0.008119424632240316,0.008001133772232482,0.01277523730240378,0.007639557819197038,0.004863815423141838,0.5,8.220908303425682,7.852812659593164
