,AUROC,Accuracy,Balanced Accuracy,F1-Score,MCC,Sensitivity,Specificity,Precision,Negative Predictive Value,Test Cases,Negative Test Cases,Positive Test Cases
"(0, 0)",0.8747740709058074,0.8072548416845988,0.8058319551373444,0.8215200683176771,0.6120572984903913,0.8245714285714286,0.7870924817032602,0.8184912081678957,0.7939597315436242,3253.0,1503.0,1750.0
"(0, 1)",0.8654469559714559,0.7887453874538746,0.7889803900092642,0.7997668318274556,0.5767645022643442,0.7857961053837342,0.7921646746347941,0.8142433234421365,0.7613273771537971,3252.0,1506.0,1746.0
"(1, 0)",0.8654636465634526,0.7875806947433138,0.786922782418721,0.8003467206009823,0.5734606056863382,0.7964347326049454,0.7774108322324967,0.8042973286875726,0.7687785760940562,3253.0,1514.0,1739.0
"(1, 1)",0.8710891741205269,0.8001230012300123,0.7993657477114952,0.8138602520045819,0.5981306414421352,0.8087649402390438,0.7899665551839465,0.8190201729106629,0.7785102175346078,3252.0,1495.0,1757.0
"(2, 0)",0.8663427102203891,0.784506609283738,0.7837220430903851,0.7976911976911977,0.5671929722192844,0.7951668584579977,0.7722772277227723,0.8002316155182397,0.7667103538663171,3253.0,1515.0,1738.0
"(2, 1)",0.8677173616727054,0.7979704797047971,0.7985651365416159,0.8089560918871765,0.5955001487552283,0.7912400455062572,0.8058902275769746,0.8274836406900654,0.766390833863781,3252.0,1494.0,1758.0
mean,0.8684723199090563,0.7943635023500558,0.793898009151471,0.8070235270548451,0.5871843614762869,0.8003290184605678,0.7874669998423741,0.8139612149027622,0.7726128483426972,3252.5,1504.5,1748.0
std,0.003412480359145494,0.00803219332604495,0.007857950974520437,0.008611591653614971,0.01583354530877819,0.01287431276040368,0.01079912954363899,0.00922805573192044,0.01084807812956938,0.5,8.220908303425682,7.852812659593164
