,AUROC,Accuracy,Balanced Accuracy,F1-Score,MCC,Sensitivity,Specificity,Precision,Negative Predictive Value,Test Cases,Negative Test Cases,Positive Test Cases
"(0, 0)",0.8485925292272597,0.7863510605594836,0.7858399391692805,0.7996540789852983,0.5709535832898939,0.7925714285714286,0.7791084497671324,0.8068644560791157,0.7633637548891786,3253.0,1503.0,1750.0
"(0, 1)",0.8399059356312818,0.768450184501845,0.7682545876060478,0.781422351233672,0.5355861549492396,0.7709049255441008,0.7656042496679947,0.7922307239552678,0.74243399871217,3252.0,1506.0,1746.0
"(1, 0)",0.8472876879240183,0.774362127267138,0.7742175197485914,0.7862550960978452,0.5476074459519481,0.7763082231167338,0.7721268163804491,0.7964601769911505,0.7503209242618742,3253.0,1514.0,1739.0
"(1, 1)",0.8465657675080851,0.775830258302583,0.7752883354303759,0.7903364969801552,0.5497062520493833,0.7820147979510529,0.768561872909699,0.7988372093023256,0.75,3252.0,1495.0,1757.0
"(2, 0)",0.8455595559555955,0.7792806640024593,0.7786196341153102,0.7923655292076345,0.5568492189290756,0.7882623705408516,0.768976897689769,0.7965116279069767,0.7599478147423353,3253.0,1515.0,1738.0
"(2, 1)",0.8416593944987382,0.7736777367773677,0.7735332684549346,0.7874061236279607,0.5458893371077925,0.7753128555176336,0.7717536813922357,0.7998826291079812,0.7448320413436692,3252.0,1494.0,1758.0
mean,0.8449284784574965,0.7763253385684794,0.7759588807540901,0.7895732793554275,0.5510986653795554,0.7808957668736335,0.7710219946345466,0.7984644705571363,0.7518164223248713,3252.5,1504.5,1748.0
std,0.003108669542979345,0.005513259770204825,0.005376439667243579,0.005659007788200219,0.010871899099816677,0.007570463698103095,0.004217687639574661,0.004460946245439507,0.007547712534878534,0.5,8.220908303425682,7.852812659593164
