,PRC-AUC,AUROC,Accuracy,Balanced Accuracy,F1-Score,MCC,Sensitivity,Specificity,Precision,Negative Predictive Value,Test Cases,Negative Test Cases,Positive Test Cases
"(0, 0)",0.5275176231098992,0.48024484364604125,0.48539809406701506,0.4853721129170231,0.5038529934795495,-0.029171351809155914,0.4857142857142857,0.48502994011976047,0.5233990147783252,0.44751381215469616,3253.0,1503.0,1750.0
"(0, 1)",0.532680350985201,0.4937192809517942,0.49846248462484627,0.4970165158381366,0.5251819505094615,-0.005955168087652081,0.5166093928980527,0.47742363877822047,0.5340438129070456,0.4600127959053103,3252.0,1506.0,1746.0
"(1, 0)",0.5447030952560028,0.5177986103251007,0.5207500768521365,0.5222278477358722,0.527718873068767,0.044384140974626174,0.5008625646923519,0.5435931307793923,0.557618437900128,0.4866942637492608,3253.0,1514.0,1739.0
"(1, 1)",0.5479243453785066,0.5063548957538218,0.504920049200492,0.5033313473292687,0.5330626450116009,0.006646348847546341,0.5230506545247581,0.4836120401337793,0.543465405085748,0.46316463805253044,3252.0,1495.0,1757.0
"(2, 0)",0.5272618891721803,0.4932835055657464,0.49923147863510603,0.5002335676605636,0.5088935785348205,0.00046623526246010303,0.4856156501726122,0.5148514851485149,0.5345155161494617,0.4659498207885305,3253.0,1515.0,1738.0
"(2, 1)",0.5366496268157657,0.48881704291569006,0.491389913899139,0.49118202045954007,0.5120943952802359,-0.017577869347472058,0.4937428896473265,0.4886211512717537,0.5318627450980392,0.4506172839506173,3252.0,1494.0,1758.0
mean,0.5361228217862594,0.49670302985969905,0.5000253495464558,0.4998939019900674,0.5184674059807393,-0.00020127735994123914,0.5009325729415646,0.49885523103857016,0.5374841553197912,0.4623254357668243,3252.5,1504.5,1748.0
std,0.007932956066520697,0.012191791076220336,0.011143552216901878,0.01158875262596969,0.010720309727995507,0.023128314202320328,0.014450334789301385,0.023255475671358352,0.010737821746690763,0.01271150083328249,0.5,8.220908303425682,7.852812659593164
