,AUROC,Accuracy,Balanced Accuracy,F1-Score,MCC,Sensitivity,Specificity,Precision,Negative Predictive Value,Test Cases,Negative Test Cases,Positive Test Cases
"(0, 0)",0.8090854481513163,0.7577620657854288,0.7547140005702879,0.7792717086834734,0.5115905787589811,0.7948571428571428,0.7145708582834331,0.7642857142857142,0.749476622470342,3253.0,1503.0,1750.0
"(0, 1)",0.8092895694807635,0.7558425584255842,0.7561940097570771,0.7677004095962551,0.5111953471364675,0.7514318442153494,0.7609561752988048,0.784688995215311,0.7253164556962025,3252.0,1506.0,1746.0
"(1, 0)",0.8273740659347337,0.7697509990777743,0.7694346725938395,0.7823307178145888,0.5381589040808865,0.7740080506037953,0.7648612945838837,0.790834312573443,0.746615087040619,3253.0,1514.0,1739.0
"(1, 1)",0.8337016006685156,0.7742927429274292,0.7715713352990332,0.7940516273849607,0.5447627462915817,0.8053500284575982,0.7377926421404682,0.7830658550083011,0.7633217993079585,3252.0,1495.0,1757.0
"(2, 0)",0.8137730861693764,0.758376882877344,0.7579982681812485,0.7715116279069768,0.5153381714256919,0.7635212888377445,0.7524752475247525,0.7796709753231492,0.7350096711798839,3253.0,1515.0,1738.0
"(2, 1)",0.8188780910521114,0.7607626076260763,0.7608340072462775,0.7744927536231884,0.5203750490419804,0.7599544937428896,0.7617135207496654,0.789598108747045,0.7294871794871794,3252.0,1494.0,1758.0
mean,0.8186836435761361,0.7627979761199395,0.7617910489412939,0.7782264741682406,0.5235701327892649,0.7748538081190867,0.7487282897635011,0.7820239935254939,0.7415378025303642,3252.5,1504.5,1748.0
std,0.009179577363072004,0.006805649745817351,0.006465183160026265,0.00854596074399726,0.013143933312993447,0.01927810552847952,0.017695430011155904,0.008787869456633917,0.013002001790852102,0.5,8.220908303425682,7.852812659593164
