,PRC-AUC,AUROC,Accuracy,Balanced Accuracy,F1-Score,MCC,Sensitivity,Specificity,Precision,Negative Predictive Value,Test Cases,Negative Test Cases,Positive Test Cases
"(0, 0)",0.8682021917356391,0.8548109495295124,0.784506609283738,0.7816840604505275,0.8034763106251752,0.5656347714260033,0.8188571428571428,0.7445109780439122,0.7886626307099615,0.7792479108635098,3253.0,1503.0,1750.0
"(0, 1)",0.8650255760145656,0.8520193757235281,0.7804428044280443,0.7798793371759241,0.793879907621247,0.559127918965537,0.7875143184421535,0.7722443559096945,0.80034924330617,0.758148631029987,3252.0,1506.0,1746.0
"(1, 0)",0.871173576820076,0.8519685541805333,0.7758991699969259,0.7747150801831935,0.7906976744186046,0.5495501924053338,0.7918343875790684,0.7575957727873184,0.7895642201834863,0.7601060304837641,3253.0,1514.0,1739.0
"(1, 1)",0.8798300831156506,0.8671363280751813,0.7945879458794588,0.7927970868556353,0.8108720271800679,0.5861567868366911,0.8150256118383609,0.7705685618729097,0.8067605633802817,0.7799593771157752,3252.0,1495.0,1757.0
"(2, 0)",0.8720300487790003,0.855321924597523,0.7829695665539502,0.7821142240806359,0.7964244521337948,0.5640442529569911,0.7945914844649021,0.7696369636963697,0.7982658959537572,0.7655942219304005,3253.0,1515.0,1738.0
"(2, 1)",0.8665971588953212,0.8576945247809593,0.7878228782287823,0.787772249407185,0.8006932409012131,0.5743060189871855,0.78839590443686,0.7871485943775101,0.8133802816901409,0.7596899224806202,3252.0,1494.0,1758.0
mean,0.8704764392267088,0.8564919428145396,0.7843714957284833,0.7831603396921837,0.7993406021466839,0.566469990262957,0.799369808269748,0.7669508711146191,0.7994971392039663,0.7671243489840095,3252.5,1504.5,1748.0
std,0.00483603289146208,0.005154427273927347,0.005852157359608412,0.0057662487960773055,0.006644932841778582,0.011516225278311401,0.012684994694882714,0.013211979739353993,0.008791951546469107,0.009120955664337134,0.5,8.220908303425682,7.852812659593164
