,AUROC,Accuracy,Balanced Accuracy,F1-Score,MCC,Sensitivity,Specificity,Precision,Negative Predictive Value,Test Cases,Negative Test Cases,Positive Test Cases
"(0, 0)",0.8485014732439883,0.7740547187211805,0.773519247219846,0.7880011537352177,0.5463055937713753,0.7805714285714286,0.7664670658682635,0.7955736750145603,0.75,3253.0,1503.0,1750.0
"(0, 1)",0.8429536911536748,0.7712177121771218,0.7711969989457976,0.7835951134380453,0.5413610453572769,0.7714776632302406,0.7709163346613546,0.7960992907801419,0.7442307692307693,3252.0,1506.0,1746.0
"(1, 0)",0.8501817045129112,0.780202889640332,0.7801931825864483,0.7914843977836102,0.5594708289311386,0.780333525014376,0.7800528401585205,0.8029585798816568,0.7555982085732565,3253.0,1514.0,1739.0
"(1, 1)",0.8514553348954874,0.785670356703567,0.7842451503113204,0.8017069701280228,0.56851876282305,0.8019351166761526,0.7665551839464882,0.8014789533560864,0.7670682730923695,3252.0,1495.0,1757.0
"(2, 0)",0.8476364092105412,0.7841992007377805,0.7832226260600743,0.7979274611398963,0.5663977149705955,0.7974683544303798,0.768976897689769,0.7983870967741935,0.7679630850362558,3253.0,1515.0,1738.0
"(2, 1)",0.8433279953336287,0.7785977859778598,0.7778828625080527,0.7934595524956971,0.5550244832477478,0.7866894197952219,0.7690763052208835,0.8003472222222222,0.7539370078740157,3252.0,1494.0,1758.0
mean,0.8473427680583718,0.7789904439929737,0.7783766779385899,0.7926957747867484,0.5561797381835306,0.7864125846196331,0.7703407712575466,0.7991408030048102,0.7564662239677779,3252.5,1504.5,1748.0
std,0.0032089454426328192,0.005134090786954114,0.004771585124946887,0.005992835695088929,0.009881943600175247,0.010467263506120837,0.004608883555490618,0.0027092768551897095,0.008595057202301982,0.5,8.220908303425682,7.852812659593164
