,AUROC,Accuracy,Balanced Accuracy,F1-Score,MCC,Sensitivity,Specificity,Precision,Negative Predictive Value,Test Cases,Negative Test Cases,Positive Test Cases
"(0, 0)",0.8180946678072427,0.7694435905318168,0.7679188290086494,0.7862029646522235,0.536045574581918,0.788,0.7478376580172987,0.7844141069397043,0.7518394648829432,3253.0,1503.0,1750.0
"(0, 1)",0.8156693576971229,0.7623001230012301,0.7607473884530607,0.7793320011418784,0.5217687824441679,0.781786941580756,0.7397078353253652,0.7768924302788844,0.7451505016722408,3252.0,1506.0,1746.0
"(1, 0)",0.8198886300224167,0.7700584076237319,0.7693376293182359,0.783815028901734,0.5382944964907099,0.7797584818861415,0.7589167767503302,0.7879140034863451,0.75,3253.0,1514.0,1739.0
"(1, 1)",0.8322195213412952,0.7795202952029521,0.7788029915693175,0.794261119081779,0.5568901669905616,0.7877063175867957,0.7698996655518394,0.8009259259259259,0.755249343832021,3252.0,1495.0,1757.0
"(2, 0)",0.8217426805971736,0.7691361819858592,0.767262738932121,0.7862226017648732,0.5355046140706659,0.7945914844649021,0.73993399339934,0.7780281690140846,0.7584573748308525,3253.0,1515.0,1738.0
"(2, 1)",0.8126160310563453,0.767220172201722,0.7638414865377323,0.7890777375313457,0.5301717757255202,0.8054607508532423,0.7222222222222222,0.7733478973238668,0.7593244194229416,3252.0,1494.0,1758.0
mean,0.820038481420266,0.769613128424552,0.7679851773031862,0.7864852421789723,0.5364459017172573,0.7895506627286396,0.7464196918777327,0.7835870888281352,0.7533368507735,3252.5,1504.5,1748.0
std,0.006181489932436592,0.0051285595110230195,0.00561154036850862,0.00457589427743564,0.010623982747909483,0.008568441354994872,0.01517743809565227,0.009134207743159801,0.004934933701853311,0.5,8.220908303425682,7.852812659593164
