,AUROC,Accuracy,Balanced Accuracy,F1-Score,MCC,Sensitivity,Specificity,Precision,Negative Predictive Value,Test Cases,Negative Test Cases,Positive Test Cases
"(0, 0)",0.8161669042866648,0.7697509990777743,0.7678289136013687,0.7875177304964538,0.5363515922735921,0.7931428571428571,0.7425149700598802,0.7819718309859155,0.7550744248985115,3253.0,1503.0,1750.0
"(0, 1)",0.8197815838592937,0.7675276752767528,0.7657069317232787,0.7849829351535835,0.5320552717364087,0.7903780068728522,0.7410358565737052,0.7796610169491526,0.7530364372469636,3252.0,1506.0,1746.0
"(1, 0)",0.8163616481936277,0.7636028281586228,0.7615904994063458,0.7814720090934926,0.5242679594082248,0.7906843013225991,0.7324966974900925,0.7724719101123596,0.7528852681602173,3253.0,1514.0,1739.0
"(1, 1)",0.8338921428476254,0.7718327183271833,0.7717384642033871,0.7854251012145749,0.5422874247507944,0.7729083665338645,0.7705685618729097,0.7983539094650206,0.7427466150870407,3252.0,1495.0,1757.0
"(2, 0)",0.8201942979108038,0.7737473101752229,0.7710698917993065,0.7927927927927927,0.544494431011493,0.810126582278481,0.732013201320132,0.7761852260198456,0.7706740792216817,3253.0,1515.0,1738.0
"(2, 1)",0.8170509112673676,0.77460024600246,0.773783415802002,0.7899111493264547,0.5469010112169547,0.7838452787258248,0.7637215528781793,0.7960716348931254,0.7501643655489809,3252.0,1494.0,1758.0
mean,0.8205745813942303,0.7701769628363361,0.7686196860892816,0.7870169530128921,0.5377262817329113,0.7901808988127464,0.7470584733658164,0.7841192547375698,0.7540968650272326,3252.5,1504.5,1748.0
std,0.00616067607874571,0.003774337840186131,0.004101083475545709,0.003637881696391494,0.007809866587393108,0.011145822871893137,0.014864405713795105,0.009734659282275723,0.008392902295463568,0.5,8.220908303425682,7.852812659593164
