,AUROC,Accuracy,Balanced Accuracy,F1-Score,MCC,Sensitivity,Specificity,Precision,Negative Predictive Value,Test Cases,Negative Test Cases,Positive Test Cases
"(0, 0)",0.84189373633685,0.7820473409160774,0.7797739758578082,0.7998871013265595,0.5608790935894312,0.8097142857142857,0.7498336660013307,0.7902955939765756,0.7719178082191781,3253.0,1503.0,1750.0
"(0, 1)",0.8324995170140362,0.7764452644526445,0.775106903428668,0.792107520732056,0.5503420163385158,0.7932416953035509,0.7569721115537849,0.7909765848086807,0.759493670886076,3252.0,1506.0,1746.0
"(1, 0)",0.8374282050678239,0.7811251152782047,0.779944782186273,0.7956371986222732,0.5600369929448346,0.79700977573318,0.7628797886393659,0.794269340974212,0.7659151193633952,3253.0,1514.0,1739.0
"(1, 1)",0.8428813175392077,0.783210332103321,0.7830158582107309,0.7965367965367965,0.5649105201863974,0.7854297097324986,0.7806020066889632,0.8079625292740047,0.7558290155440415,3252.0,1495.0,1757.0
"(2, 0)",0.84111417470861,0.774362127267138,0.7739742961637937,0.7868757259001162,0.5473137359512628,0.7796317606444189,0.7683168316831683,0.7942555685814772,0.7524240465416936,3253.0,1515.0,1738.0
"(2, 1)",0.8453661060624751,0.7853628536285363,0.7864015790122949,0.7957870099473376,0.5710374116482652,0.7736063708759955,0.7991967871485943,0.8192771084337349,0.75,3252.0,1494.0,1758.0
mean,0.8401971761215007,0.7804255056076537,0.7797028991432614,0.7944718921775231,0.5590866284431179,0.7897722663339882,0.7696335319525346,0.7995061210081141,0.759263276759064,3252.5,1504.5,1748.0
std,0.004174582040732721,0.0038266465759052844,0.0042788557228402935,0.004081825336079546,0.008123261831775396,0.01186820996105753,0.016299215228399104,0.010606458303222339,0.007624683319498045,0.5,8.220908303425682,7.852812659593164
