,PRC-AUC,AUROC,Accuracy,Balanced Accuracy,F1-Score,MCC,Sensitivity,Specificity,Precision,Negative Predictive Value,Test Cases,Negative Test Cases,Positive Test Cases
"(0, 0)",0.8565715958663623,0.8486525995627792,0.7789732554565016,0.778137629502899,0.7934501580005745,0.5558177337077591,0.7891428571428571,0.7671324018629407,0.7978047371461583,0.7575558475689882,3253.0,1503.0,1750.0
"(0, 1)",0.8494563584175105,0.8419114682925419,0.7687576875768758,0.7682215011660118,0.7826589595375723,0.5357653387489192,0.7754868270332188,0.7609561752988048,0.7899649941656943,0.7451235370611183,3252.0,1506.0,1746.0
"(1, 0)",0.8575912304670533,0.8500797236146741,0.7734399016292653,0.7725430959501619,0.7875468434707408,0.5448850671263556,0.7855089131684876,0.7595772787318362,0.7895953757225433,0.7550886408404465,3253.0,1514.0,1739.0
"(1, 1)",0.855404050518435,0.8510245687103473,0.7767527675276753,0.7757430859457535,0.7923340961098398,0.5510256929179952,0.78827546955037,0.7632107023411371,0.7964347326049454,0.7541308658294779,3252.0,1495.0,1757.0
"(2, 0)",0.852076960951422,0.8485452342702624,0.7848140178296956,0.7843484981409533,0.7971014492753623,0.5681446708242298,0.7911392405063291,0.7775577557755775,0.8031542056074766,0.764438676184296,3253.0,1515.0,1738.0
"(2, 1)",0.8479347823541015,0.8444822140286592,0.777060270602706,0.7771644027760645,0.7900376484216624,0.5529973163738691,0.7758816837315131,0.7784471218206158,0.8047197640117995,0.7469492614001284,3252.0,1494.0,1758.0
mean,0.8531724964291474,0.8474493014132106,0.77663298343712,0.7760263689136407,0.7905215258026254,0.551439303283188,0.7842391651887959,0.7678135726384854,0.7969456348764362,0.7538811381474092,3252.5,1504.5,1748.0
std,0.003617145503746961,0.003209928755382452,0.004912894186482858,0.004968899568983118,0.004583675947394183,0.009911858317272272,0.006271790899171003,0.007577734021555185,0.005812890367369525,0.006470857972844233,0.5,8.220908303425682,7.852812659593164
