,PRC-AUC,AUROC,Accuracy,Balanced Accuracy,F1-Score,MCC,Sensitivity,Specificity,Precision,Negative Predictive Value,Test Cases,Negative Test Cases,Positive Test Cases
"(0, 0)",0.5297693214078407,0.4909514304723886,0.4946203504457424,0.4932861895257105,0.5209790209790209,-0.013396658889002091,0.5108571428571429,0.47571523619427813,0.5315101070154578,0.45512412476129854,3253.0,1503.0,1750.0
"(0, 1)",0.5608227044297076,0.5169623149251029,0.506150061500615,0.5071421074008662,0.5177177177177178,0.014250016466788704,0.4936998854524628,0.5205843293492696,0.5441919191919192,0.47002398081534774,3252.0,1506.0,1746.0
"(1, 0)",0.5404425685149976,0.5194101743892352,0.5195204426683062,0.520308631799961,0.531053105310531,0.040528080820925495,0.5089131684876366,0.5317040951122853,0.555207026348808,0.48523206751054854,3253.0,1514.0,1739.0
"(1, 1)",0.5222361518581455,0.47179728291801737,0.48031980319803197,0.479817186105078,0.5026486168334313,-0.04023612304802861,0.4860557768924303,0.4735785953177257,0.5204143814747105,0.43947858472998136,3252.0,1495.0,1757.0
"(2, 0)",0.5093064242484089,0.45956298161461717,0.4764832462342453,0.4751759353150505,0.5021923414206373,-0.0495612450769226,0.4942462600690449,0.4561056105610561,0.5103980986333928,0.44012738853503186,3253.0,1515.0,1738.0
"(2, 1)",0.5270659526254236,0.48373090389620677,0.4892373923739237,0.4895931850267966,0.5066825066825068,-0.02074606618877977,0.4852104664391354,0.4939759036144578,0.5301429459291486,0.4491783323189288,3252.0,1494.0,1758.0
mean,0.5316071871807541,0.4904025147025947,0.49438854940347743,0.4942205391955772,0.5135455514906407,-0.011526999319169812,0.49649711669964214,0.49194396169151206,0.5319774130989061,0.45652741311185613,3252.5,1504.5,1748.0
std,0.016024727266079616,0.021942768203032346,0.014804632595506078,0.015491903443108152,0.010598095963214085,0.030912484985074568,0.010080257954211205,0.02674046023739203,0.01467289592384815,0.016440377560213083,0.5,8.220908303425682,7.852812659593164
