,AUROC,Accuracy,Balanced Accuracy,F1-Score,MCC,Sensitivity,Specificity,Precision,Negative Predictive Value,Test Cases,Negative Test Cases,Positive Test Cases
"(0, 0)",0.8480710959034313,0.7786658469105441,0.7777580077939359,0.7933409873708381,0.5551261237741021,0.7897142857142857,0.7658017298735862,0.7970011534025375,0.7577353522053983,3253.0,1503.0,1750.0
"(0, 1)",0.84145282177894,0.7709102091020911,0.7704086289435614,0.7846198323214802,0.5401161409635795,0.777205040091638,0.7636122177954847,0.7921774664331582,0.7472384665367121,3252.0,1506.0,1746.0
"(1, 0)",0.8486288221946896,0.7768213956347987,0.7760903979951732,0.7902946273830157,0.551830464921415,0.7866589994249569,0.7655217965653897,0.7939640162507254,0.757516339869281,3253.0,1514.0,1739.0
"(1, 1)",0.8478394115844315,0.7798277982779828,0.7788880788361128,0.7950772753291356,0.5572629859828315,0.790552077404667,0.7672240802675585,0.7996545768566494,0.7570957095709571,3252.0,1495.0,1757.0
"(2, 0)",0.8435294162327626,0.7792806640024593,0.7782385200545371,0.7934407364787112,0.5564770401090742,0.7934407364787112,0.763036303630363,0.7934407364787112,0.763036303630363,3253.0,1515.0,1738.0
"(2, 1)",0.8425162538664328,0.777060270602706,0.7772649186050231,0.7897941432299217,0.5531416969153883,0.7747440273037542,0.7797858099062919,0.8054405677114134,0.7463164638052531,3252.0,1494.0,1758.0
mean,0.8453396369267813,0.7770943640884304,0.7764414253713906,0.7910946003521837,0.5523257421110651,0.7853858610696688,0.7674969896731123,0.7969464195221992,0.7548231059363274,3252.5,1504.5,1748.0
std,0.0029121642600988536,0.0029732298677926997,0.0028326973545929252,0.003431862367662696,0.005765374106020213,0.006977361106069851,0.005669421610430705,0.004535326556539124,0.006031110264828796,0.5,8.220908303425682,7.852812659593164
