,AUROC,Accuracy,Balanced Accuracy,F1-Score,MCC,Sensitivity,Specificity,Precision,Negative Predictive Value,Test Cases,Negative Test Cases,Positive Test Cases
"(0, 0)",0.843881760288946,0.7783584383645865,0.7772844786617241,0.7934689200802063,0.5543432826417598,0.7914285714285715,0.7631403858948769,0.7955198161975876,0.7585978835978836,3253.0,1503.0,1750.0
"(0, 1)",0.8341893974312753,0.765990159901599,0.7646401792600503,0.7822603719599428,0.5293537430326765,0.7829324169530355,0.7463479415670651,0.7815894797026872,0.7478376580172987,3252.0,1506.0,1746.0
"(1, 0)",0.8326624496837263,0.7709806332616047,0.7707556765568514,0.7832411987198138,0.5407372091789868,0.7740080506037953,0.7675033025099075,0.7926972909305064,0.7472668810289389,3253.0,1514.0,1739.0
"(1, 1)",0.8473275555208692,0.7813653136531366,0.78125853014126,0.7945680439179428,0.5613347159619664,0.7825839499146272,0.7799331103678929,0.806924882629108,0.7532299741602068,3252.0,1495.0,1757.0
"(2, 0)",0.8436036641638847,0.7768213956347987,0.7754712180078768,0.7919770773638968,0.5512898928773653,0.7951668584579977,0.7557755775577558,0.7888127853881278,0.7628247834776816,3253.0,1515.0,1738.0
"(2, 1)",0.8439636437292591,0.7890528905289053,0.7893119691507783,0.8011594202898551,0.5771898063626317,0.7861205915813424,0.7925033467202142,0.8167848699763594,0.7589743589743589,3252.0,1494.0,1758.0
mean,0.8409380784696601,0.7770948052241051,0.7764536752964234,0.7911125053886096,0.552374775009231,0.785373406489895,0.7675339441029521,0.7970548541373961,0.7547885898760613,3252.5,1504.5,1748.0
std,0.00547388952870658,0.00734394097700315,0.007768565780525062,0.006576462516339987,0.015091494106532025,0.006782892964031607,0.015185632305051554,0.011655793907502592,0.005829988991439711,0.5,8.220908303425682,7.852812659593164
