,PRC-AUC,AUROC,Accuracy,Balanced Accuracy,F1-Score,MCC,Sensitivity,Specificity,Precision,Negative Predictive Value,Test Cases,Negative Test Cases,Positive Test Cases
"(0, 0)",0.5360903448998711,0.4909126508886988,0.4973870273593606,0.49468377530652974,0.5316528215411057,-0.010628122648850795,0.5302857142857142,0.4590818363273453,0.5330269959793222,0.45634920634920634,3253.0,1503.0,1750.0
"(0, 1)",0.5492024366067209,0.5049217030313263,0.5070725707257072,0.5062213916384861,0.5300498387569629,0.012412422793432482,0.5177548682703322,0.4946879150066401,0.542942942942943,0.4694391934467549,3252.0,1506.0,1746.0
"(1, 0)",0.5374506231685505,0.4942020915769475,0.49093144789425147,0.48997985449965553,0.5140845070422536,-0.01999912501328949,0.503737780333525,0.476221928665786,0.5248651887357699,0.4551767676767677,3253.0,1514.0,1739.0
"(1, 1)",0.5317062667122447,0.47319846271864285,0.4763222632226322,0.4777136080617806,0.4872026498042758,-0.04446022346165169,0.46044393853158794,0.49498327759197325,0.5172634271099744,0.43838862559241704,3252.0,1495.0,1757.0
"(2, 0)",0.5183219478535712,0.4618528941501745,0.47894251460190596,0.47747743128743253,0.5056867891513561,-0.044974547254177696,0.498849252013809,0.4561056105610561,0.5127143701951508,0.44238156209987195,3253.0,1515.0,1738.0
"(2, 1)",0.5402574004664218,0.48388434283207915,0.492619926199262,0.49126426068323353,0.5197904540162981,-0.017422723856863297,0.5079635949943118,0.4745649263721553,0.5321811680572109,0.45044472681067343,3252.0,1494.0,1758.0
mean,0.5355048366178966,0.48482869086631153,0.4905459583338532,0.4895567202461863,0.5147445100520419,-0.020845386573566747,0.5031725247382134,0.47594091575415937,0.5271656821700619,0.45203001366261525,3252.5,1504.5,1748.0
std,0.009345416108556612,0.01409873270319846,0.010498670523195633,0.009943685023732643,0.015202179736594941,0.019844319342913887,0.021662049859454444,0.015240853714024732,0.010170376909295351,0.010110475157720268,0.5,8.220908303425682,7.852812659593164
