,AUROC,Accuracy,Balanced Accuracy,F1-Score,MCC,Sensitivity,Specificity,Precision,Negative Predictive Value,Test Cases,Negative Test Cases,Positive Test Cases
"(0, 0)",0.8194947248360422,0.7703658161696895,0.7666630548426956,0.7925576228825326,0.5369256407822687,0.8154285714285714,0.7178975382568197,0.7709346299297677,0.7696148359486448,3253.0,1503.0,1750.0
"(0, 1)",0.8231094332102671,0.7656826568265682,0.7646732657000863,0.7810344827586206,0.5290713505531923,0.7783505154639175,0.750996015936255,0.7837370242214533,0.7450592885375494,3252.0,1506.0,1746.0
"(1, 0)",0.8159569530462472,0.7602213341530895,0.7581286562146058,0.7785349233390119,0.5174216610384339,0.7883841288096607,0.7278731836195509,0.7689287717330342,0.7496598639455783,3253.0,1514.0,1739.0
"(1, 1)",0.8289793525372947,0.7742927429274292,0.7726186510527409,0.791595684270301,0.5454616202010881,0.7933978372225384,0.7518394648829432,0.7898016997167139,0.7558843308675185,3252.0,1495.0,1757.0
"(2, 0)",0.8220030230871187,0.7700584076237319,0.768760990023053,0.7854274239816409,0.5377599642298897,0.7876869965477561,0.7498349834983499,0.7831807780320366,0.7548172757475083,3253.0,1515.0,1738.0
"(2, 1)",0.8145408711067249,0.7650676506765067,0.7640116781117645,0.7814645308924485,0.5275334997966818,0.7770193401592719,0.751004016064257,0.7859608745684695,0.7410832232496698,3252.0,1494.0,1758.0
mean,0.8206807263039492,0.7676147680628359,0.7658093826574911,0.7851024446874258,0.5323622894335924,0.7900445649386194,0.7415742003763626,0.7804239630335793,0.7526864697160782,3252.5,1504.5,1748.0
std,0.004794662631428262,0.004528036993164174,0.0044595018478122365,0.005334830853907953,0.008934216998041752,0.012716882944975662,0.013537666064381858,0.007739106363193655,0.00915883723853376,0.5,8.220908303425682,7.852812659593164
