,AUROC,Accuracy,Balanced Accuracy,F1-Score,MCC,Sensitivity,Specificity,Precision,Negative Predictive Value,Test Cases,Negative Test Cases,Positive Test Cases
"(0, 0)",0.8415344548997244,0.7814325238241623,0.7791555935747553,0.7993226079593566,0.5596393868106035,0.8091428571428572,0.7491683300066534,0.7897378694924707,0.7712328767123288,3253.0,1503.0,1750.0
"(0, 1)",0.8324428517316758,0.7810578105781057,0.7810453489592604,0.7930232558139535,0.5610487177311102,0.7812142038946163,0.7808764940239044,0.8051948051948052,0.754813863928113,3252.0,1506.0,1746.0
"(1, 0)",0.8447284801313864,0.7857362434675684,0.7856676767270094,0.796970579667929,0.5704585141909041,0.7866589994249569,0.7846763540290621,0.807556080283353,0.7620269403463759,3253.0,1514.0,1739.0
"(1, 1)",0.8510015361392462,0.7838253382533825,0.7827371831355896,0.7992002285061411,0.5651262602778679,0.7962435970404098,0.7692307692307693,0.8021788990825688,0.7625994694960212,3252.0,1495.0,1757.0
"(2, 0)",0.8408506040477465,0.7783584383645865,0.7788999153079865,0.7880035283740077,0.5566278012601187,0.7710011507479861,0.7867986798679868,0.8057726999398677,0.7496855345911949,3253.0,1515.0,1738.0
"(2, 1)",0.8479374456491113,0.7850553505535055,0.7855643278460829,0.796743239313754,0.5695695139804978,0.7792946530147895,0.7918340026773761,0.8149910767400357,0.7530235518777848,3252.0,1494.0,1758.0
mean,0.843082562099815,0.782577617506885,0.782178340925114,0.7955439066058569,0.5637450323751837,0.7872592435442692,0.7770974383059587,0.8042385717888503,0.7588970394919698,3252.5,1504.5,1748.0
std,0.005910031015825565,0.0025526264692417775,0.002742305090290467,0.003965098843277883,0.005093862834936045,0.012411515035907797,0.014288230679524665,0.007576309299300477,0.007207625004081523,0.5,8.220908303425682,7.852812659593164
