,PRC-AUC,AUROC,Accuracy,Balanced Accuracy,F1-Score,MCC,Sensitivity,Specificity,Precision,Negative Predictive Value,Test Cases,Negative Test Cases,Positive Test Cases
"(0, 0)",0.5174014602251726,0.4795369261477046,0.4887795880725484,0.49006444254348447,0.49894546550165714,-0.01982614299188194,0.47314285714285714,0.5069860279441117,0.5277246653919694,0.4524940617577197,3253.0,1503.0,1750.0
"(0, 1)",0.5248469568923169,0.48686164087445566,0.49384993849938497,0.4909867973695139,0.5291762013729977,-0.01802975168262566,0.5297823596792669,0.45219123505976094,0.5285714285714286,0.4533954727030626,3252.0,1506.0,1746.0
"(1, 0)",0.5202307208649741,0.48281707323557854,0.497079618813403,0.49752492170069956,0.5107655502392344,-0.004938732964190495,0.49108683151236343,0.5039630118890357,0.5320872274143302,0.46298543689320387,3253.0,1514.0,1739.0
"(1, 1)",0.533700198900045,0.49507293330262325,0.4978474784747847,0.4963871223181807,0.5254286544609127,-0.0072068529090922135,0.514513375071144,0.4782608695652174,0.5368171021377672,0.4559948979591837,3252.0,1495.0,1757.0
"(2, 0)",0.5256673907377718,0.4960392241755821,0.5019981555487243,0.4999008761635657,0.5323325635103926,-0.0001981524225759157,0.5304948216340621,0.4693069306930693,0.5341830822711472,0.4656188605108055,3253.0,1515.0,1738.0
"(2, 1)",0.5466717862720252,0.5232218216818735,0.5166051660516605,0.5189266737027747,0.5230582524271845,0.03778378385559828,0.49032992036405004,0.5475234270414994,0.5604681404421327,0.47724620770128356,3252.0,1494.0,1758.0
mean,0.528086418982051,0.4939249365696363,0.4993599909100843,0.4989651389663699,0.5199511145853966,-0.0020693081857946576,0.5048916942339573,0.49303858369878245,0.5366419410381292,0.46128915625420985,3252.5,1504.5,1748.0
std,0.009739580339104256,0.014401303203104608,0.00870008975876742,0.009582407493197054,0.01157347641638333,0.019133038931121765,0.021518403947731957,0.030909951381865378,0.011099255519370889,0.008601785628021883,0.5,8.220908303425682,7.852812659593164
