,PRC-AUC,AUROC,Accuracy,Balanced Accuracy,F1-Score,MCC,Sensitivity,Specificity,Precision,Negative Predictive Value,Test Cases,Negative Test Cases,Positive Test Cases
"(0, 0)",0.8840840350717103,0.8691177644710579,0.8004918536735321,0.8000157779678738,0.8130221838087007,0.5993117432034835,0.8062857142857143,0.7937458416500333,0.8198721673445671,0.7787206266318538,3253.0,1503.0,1750.0
"(0, 1)",0.868217882893179,0.8595615628360935,0.7875153751537516,0.7883369157961511,0.7970631424375917,0.5752197235985448,0.777205040091638,0.799468791500664,0.8179626280892104,0.7558066541117389,3252.0,1506.0,1746.0
"(1, 0)",0.8762090636570172,0.8625432326843272,0.7885029203811866,0.7885117473638792,0.7994169096209912,0.5760947357565528,0.7883841288096607,0.7886393659180978,0.810762862211709,0.764404609475032,3253.0,1514.0,1739.0
"(1, 1)",0.8804568557877307,0.8690900992304075,0.793050430504305,0.792820500130391,0.8059959642548284,0.584555444992394,0.7956744450768355,0.7899665551839465,0.8165887850467289,0.7668831168831168,3252.0,1495.0,1757.0
"(2, 0)",0.8749615455649522,0.8626606964493918,0.7872732861973563,0.7876239522686446,0.7971864009378664,0.5741395386340807,0.7825086306098964,0.7927392739273927,0.8124253285543608,0.7606079797340088,3253.0,1515.0,1738.0
"(2, 1)",0.8714545160873763,0.8674144815896122,0.7958179581795818,0.7965742377930379,0.8065268065268064,0.5914484887420948,0.7872582480091013,0.8058902275769746,0.8267622461170848,0.7629911280101395,3252.0,1494.0,1758.0
mean,0.8758973165103275,0.8650646395434816,0.7921086373482855,0.7923138552199963,0.8032019012644641,0.5834616124878584,0.7895527011471412,0.7950750092928516,0.81739566956061,0.7649023524743149,3252.5,1504.5,1748.0
std,0.005283571851338115,0.0036645643944808156,0.004871759171001915,0.0046546468496861376,0.005823751627334314,0.009356940131298199,0.009364678471275843,0.005930295439139728,0.005220739495834212,0.007070384493523371,0.5,8.220908303425682,7.852812659593164
