,PRC-AUC,AUROC,Accuracy,Balanced Accuracy,F1-Score,MCC,Sensitivity,Specificity,Precision,Negative Predictive Value,Test Cases,Negative Test Cases,Positive Test Cases
"(0, 0)",0.8840354090218235,0.8705853055793173,0.8035659391331079,0.8027320596901435,0.8167479208488673,0.6051142998235395,0.8137142857142857,0.7917498336660014,0.819804260218768,0.7849604221635884,3253.0,1503.0,1750.0
"(0, 1)",0.8725190683913691,0.8609711592727982,0.7862853628536285,0.7870545310168262,0.796008218373936,0.5726761566005905,0.7766323024054983,0.797476759628154,0.8163756773028297,0.7548711502199874,3252.0,1506.0,1746.0
"(1, 0)",0.873734573637134,0.861660347775753,0.7869658776513987,0.7871168689699284,0.7975460122699387,0.5732168103918293,0.7849338700402531,0.7892998678996037,0.8105700712589073,0.7616316124920331,3253.0,1514.0,1739.0
"(1, 1)",0.880658329438573,0.8691161774307452,0.7927429274292743,0.7926855406848479,0.8053148469093011,0.5841580852507338,0.7933978372225384,0.7919732441471572,0.8175953079178886,0.7653522947640594,3252.0,1495.0,1757.0
"(2, 0)",0.8773375607047602,0.8625761943282937,0.7841992007377805,0.7844083142491465,0.7946167349327092,0.5677857441572035,0.7813578826237054,0.7874587458745874,0.8083333333333333,0.7584233947870311,3253.0,1515.0,1738.0
"(2, 1)",0.8743094724441173,0.8689641006193907,0.7936654366543665,0.7949854023602945,0.8031680844822529,0.5880930570474161,0.7787258248009101,0.8112449799196787,0.8291944276196245,0.7570268582136165,3252.0,1494.0,1758.0
mean,0.8770990689396295,0.8656455475010496,0.7912374574099261,0.7914971194951977,0.8022336363028341,0.5818406922118854,0.7881270004678652,0.7948672385225305,0.8169788462752252,0.7637109554400526,3252.5,1504.5,1748.0
std,0.004101140281019021,0.003970976534766312,0.006486648799654997,0.00617763021343501,0.007525272332060767,0.012530129044501237,0.012642640231625524,0.007947901286130142,0.006754807183756084,0.010077492310649418,0.5,8.220908303425682,7.852812659593164
