,PRC-AUC,AUROC,Accuracy,Balanced Accuracy,F1-Score,MCC,Sensitivity,Specificity,Precision,Negative Predictive Value,Test Cases,Negative Test Cases,Positive Test Cases
"(0, 0)",0.547405945510337,0.4983503469251972,0.5059944666461728,0.5055479517156164,0.5269355313511923,0.011064750182114043,0.5114285714285715,0.49966733200266134,0.5434122647237402,0.4676214196762142,3253.0,1503.0,1750.0
"(0, 1)",0.5209488578438097,0.4685973555187421,0.47816728167281675,0.47569743933772357,0.5116546762589929,-0.04857012138318252,0.5091638029782359,0.44223107569721115,0.5141700404858299,0.43729481286933686,3252.0,1506.0,1746.0
"(1, 0)",0.5399103891131276,0.49670622588636026,0.49400553335382724,0.49208594046138665,0.5234510712217717,-0.015813638533890513,0.5198389879240943,0.46433289299867897,0.5271137026239067,0.45708712613784136,3253.0,1514.0,1739.0
"(1, 1)",0.5704629954069887,0.524517505705796,0.508610086100861,0.5110352664830405,0.5139902676399026,0.022036431476409164,0.4809334092202618,0.5411371237458193,0.5519268451992162,0.47007553747821035,3252.0,1495.0,1757.0
"(2, 0)",0.5355567484063342,0.49021256556035353,0.49523516753765756,0.4928095341179688,0.527889591719379,-0.01438216079498485,0.5281933256616801,0.45742574257425744,0.5275862068965518,0.45803040317250493,3253.0,1515.0,1738.0
"(2, 1)",0.5522955382595114,0.5102400500751584,0.5052275522755227,0.5077499988577747,0.5101978691019787,0.015477553006766037,0.47667804323094426,0.5388219544846051,0.5487884741322855,0.4666666666666667,3252.0,1494.0,1758.0
mean,0.5444300790900182,0.49810400827860124,0.497873347931143,0.49748768849558517,0.5190198345488695,-0.005031197674461439,0.5043726900739647,0.49060268691720554,0.5354995890102551,0.4594626610001291,3252.5,1504.5,1748.0
std,0.015269606560023866,0.017223473616140662,0.010372748510867244,0.012108527952368553,0.007283953606549918,0.02419257585719813,0.019130092455961475,0.03892646773366876,0.013521304164472506,0.011031804076046927,0.5,8.220908303425682,7.852812659593164
