,AUROC,Accuracy,Balanced Accuracy,F1-Score,MCC,Sensitivity,Specificity,Precision,Negative Predictive Value,Test Cases,Negative Test Cases,Positive Test Cases
"(0, 0)",0.86622374299021,0.7971103596679988,0.796403383708773,0.8103448275862069,0.5922958152950877,0.8057142857142857,0.7870924817032602,0.815028901734104,0.7767564018384767,3253.0,1503.0,1750.0
"(0, 1)",0.8596328698189297,0.7899753997539976,0.7902627747885891,0.8008165645960921,0.579298513539798,0.786368843069874,0.7941567065073041,0.815805109922757,0.7622689611217336,3252.0,1506.0,1746.0
"(1, 0)",0.8694783135815767,0.7900399631109745,0.7897784374779231,0.8016264885274469,0.5788263408356448,0.7935595169637722,0.7859973579920739,0.8098591549295775,0.7682375726275016,3253.0,1514.0,1739.0
"(1, 1)",0.871488341902338,0.8031980319803198,0.8035081841768139,0.8144927536231883,0.6055574374868049,0.7996585088218554,0.8073578595317725,0.8298877731836976,0.7742142398973701,3252.0,1495.0,1757.0
"(2, 0)",0.864815215698785,0.7921918229326775,0.7922692902201612,0.8026853473438411,0.5835807945013267,0.7911392405063291,0.7933993399339934,0.8145734597156398,0.7680511182108626,3253.0,1515.0,1738.0
"(2, 1)",0.8666349128025184,0.7890528905289053,0.7902668695258851,0.7989449003516997,0.5787034331815623,0.7753128555176336,0.8052208835341366,0.8240628778718259,0.7528160200250313,3252.0,1494.0,1758.0
mean,0.8663788994657263,0.7935947446624789,0.793748156649691,0.8048184803380791,0.5863770558067041,0.7919588750989582,0.7955374382004234,0.8182028795596002,0.7670573856201627,3252.5,1504.5,1748.0
std,0.0037362282485938893,0.00504835672887914,0.004907839494805646,0.005618205779049573,0.009804262457007093,0.009661504040054177,0.00818840418730089,0.006701867684947338,0.007888993680795191,0.5,8.220908303425682,7.852812659593164
