,PRC-AUC,AUROC,Accuracy,Balanced Accuracy,F1-Score,MCC,Sensitivity,Specificity,Precision,Negative Predictive Value,Test Cases,Negative Test Cases,Positive Test Cases
"(0, 0)",0.5532290489357846,0.5153624180211007,0.5112204119274516,0.5097946963216424,0.5377906976744186,0.019547744075903373,0.5285714285714286,0.49101796407185627,0.5473372781065089,0.472168905950096,3253.0,1503.0,1750.0
"(0, 1)",0.5414126663984582,0.4897880794500501,0.4956949569495695,0.4944391962505077,0.5213076474022182,-0.0110974004513922,0.5114547537227949,0.47742363877822047,0.531547619047619,0.4573791348600509,3252.0,1506.0,1746.0
"(1, 0)",0.536917270675071,0.4971557394545675,0.5023055640946819,0.5016009291846162,0.5236834363047954,0.003194867960862366,0.5117883841288097,0.4914134742404227,0.536144578313253,0.4670433145009416,3253.0,1514.0,1739.0
"(1, 1)",0.5326837782890523,0.4826292536495204,0.48769987699877,0.48859202463914053,0.5017942583732057,-0.022748327130148283,0.47751849743881614,0.49966555183946487,0.5286704473850031,0.4486486486486487,3252.0,1495.0,1757.0
"(2, 0)",0.5311334081304313,0.4863841447435883,0.497079618813403,0.4945780021040078,0.5301550832854681,-0.010846826230218931,0.5310701956271576,0.45808580858085807,0.529243119266055,0.4599072233267064,3253.0,1515.0,1738.0
"(2, 1)",0.5369543090804109,0.4883946099148205,0.49108241082410825,0.492154054214583,0.5043426175501646,-0.015646091752947393,0.4789533560864619,0.5053547523427041,0.5325743200506009,0.45182525433871934,3252.0,1494.0,1758.0
mean,0.5387217469182014,0.49328570753894124,0.49751380660133065,0.49685981711908295,0.5198456234317118,-0.006266005587990178,0.5065594359292448,0.4871601983089211,0.53425289369484,0.4594954136041938,3252.5,1504.5,1748.0
std,0.007281515195177896,0.010798966844668427,0.007659468741578648,0.006968451833799657,0.012983142567899054,0.013903459005951416,0.02137788167441966,0.015601918182269945,0.006340048017081756,0.008151892339796733,0.5,8.220908303425682,7.852812659593164
