,PRC-AUC,AUROC,Accuracy,Balanced Accuracy,F1-Score,MCC,Sensitivity,Specificity,Precision,Negative Predictive Value,Test Cases,Negative Test Cases,Positive Test Cases
"(0, 0)",0.8709059837194688,0.8584596521243227,0.7826621580079927,0.7810497101036022,0.7988620199146516,0.5625198230786331,0.8022857142857143,0.7598137059214903,0.7954674220963173,0.7674731182795699,3253.0,1503.0,1750.0
"(0, 1)",0.8583783052543762,0.8487742424726448,0.775830258302583,0.7748992574946492,0.7904570278815751,0.5494902613561474,0.7875143184421535,0.7622841965471447,0.7934218118869013,0.7557603686635944,3252.0,1506.0,1746.0
"(1, 0)",0.8730752031752197,0.8607888573809483,0.7881955118352291,0.787198719560506,0.8018406672418752,0.5743730060898126,0.8016101207590569,0.7727873183619551,0.8020713463751439,0.7722772277227723,3253.0,1514.0,1739.0
"(1, 1)",0.8771084251418084,0.864968030410608,0.793050430504305,0.792720755772895,0.806219406852865,0.5844343598824944,0.796812749003984,0.788628762541806,0.8158508158508159,0.767578125,3252.0,1495.0,1757.0
"(2, 0)",0.867086998783817,0.8555665060176904,0.7795880725484169,0.7781874389970642,0.7947323217864299,0.5568064371599725,0.7986191024165707,0.7577557755775578,0.7908831908831909,0.7663551401869159,3253.0,1515.0,1738.0
"(2, 1)",0.873926834513175,0.8594011997934856,0.7850553505535055,0.7847602012144139,0.7986171132238549,0.5684549197958638,0.78839590443686,0.7811244979919679,0.809106830122592,0.7582846003898636,3252.0,1494.0,1758.0
mean,0.8700802917646442,0.8579930813666167,0.7840636302920054,0.7831360138571885,0.7984547594835419,0.5660131345604874,0.7958729848907233,0.7703990428236537,0.8011335695358269,0.7646214300404526,3252.5,1504.5,1748.0
std,0.006051695390556623,0.004992361197230024,0.0056065688885946815,0.005883537083367391,0.004996108370515275,0.011439428529922826,0.0058911824114721316,0.011480521356458754,0.008922783050944332,0.005732436635302164,0.5,8.220908303425682,7.852812659593164
