,AUROC,Accuracy,Balanced Accuracy,F1-Score,MCC,Sensitivity,Specificity,Precision,Negative Predictive Value,Test Cases,Negative Test Cases,Positive Test Cases
"(0, 0)",0.8681271742229826,0.8026437134952352,0.8015462408516301,0.8164665523156088,0.6030363132719554,0.816,0.7870924817032602,0.816933638443936,0.786046511627907,3253.0,1503.0,1750.0
"(0, 1)",0.8597332700507629,0.7893603936039361,0.7896444006334342,0.800233304170312,0.5780643793000438,0.7857961053837342,0.7934926958831341,0.8152109328579917,0.7616316124920331,3252.0,1506.0,1746.0
"(1, 0)",0.8567498820667826,0.7798954810943745,0.7802047670087806,0.7902753368482719,0.559316123013101,0.7757331799884991,0.7846763540290621,0.8053731343283582,0.752851711026616,3253.0,1514.0,1739.0
"(1, 1)",0.8699636237658064,0.7973554735547356,0.7976025187353786,0.8090408577223993,0.5937896803388476,0.794536141149687,0.8006688963210702,0.8240850059031877,0.7682926829268293,3252.0,1495.0,1757.0
"(2, 0)",0.8596169110581944,0.7897325545650169,0.7897560642140163,0.8004667444574096,0.578589956666802,0.7894131185270425,0.7900990099009901,0.8118343195266272,0.7658349328214972,3253.0,1515.0,1738.0
"(2, 1)",0.863931836561262,0.793050430504305,0.7945170899753736,0.8022333235380547,0.5871300936824685,0.7764505119453925,0.8125836680053548,0.8297872340425532,0.7554449284380834,3252.0,1494.0,1758.0
mean,0.8630204496209651,0.7920063411362671,0.7922118469031022,0.8031193531753426,0.5833210910455364,0.7896548428323925,0.7947688509738119,0.8172040441837757,0.765017063222161,3252.5,1504.5,1748.0
std,0.004775398259970489,0.0070910871946392165,0.006810494541075738,0.008106904020533367,0.013778273908829316,0.013546276950379259,0.009455151754339924,0.007942861408499277,0.01083758222109052,0.5,8.220908303425682,7.852812659593164
