,AUROC,Accuracy,Balanced Accuracy,F1-Score,MCC,Sensitivity,Specificity,Precision,Negative Predictive Value,Test Cases,Negative Test Cases,Positive Test Cases
"(0, 0)",0.8272447485980419,0.7602213341530895,0.7577979279536166,0.7799097065462754,0.5168554111194462,0.7897142857142857,0.7258815701929474,0.770345596432553,0.7477724468814256,3253.0,1503.0,1750.0
"(0, 1)",0.816154625484317,0.7552275522755227,0.7547085426906349,0.769675925925926,0.5087071833680809,0.7617411225658648,0.747675962815405,0.7777777777777778,0.7302204928664072,3252.0,1506.0,1746.0
"(1, 0)",0.8180060664391309,0.758376882877344,0.7575572213490649,0.7729636048526863,0.5147876283745549,0.7694077055779184,0.7457067371202114,0.7765525246662798,0.7379084967320262,3253.0,1514.0,1739.0
"(1, 1)",0.8282895175152235,0.7693726937269373,0.7687636458466183,0.7843588269120185,0.5366967507446202,0.7763232783153102,0.7612040133779264,0.7925624636839047,0.7433050293925539,3252.0,1495.0,1757.0
"(2, 0)",0.8168732696054415,0.7543805717798955,0.75413129920587,0.7672589571803087,0.5075172136116886,0.7577675489067894,0.7504950495049505,0.7769911504424779,0.7297817715019256,3253.0,1515.0,1738.0
"(2, 1)",0.8184354787370947,0.7530750307503075,0.7521154013094471,0.769848094009745,0.5036176771905725,0.7639362912400455,0.7402945113788487,0.7758521086077412,0.7271531886916502,3252.0,1494.0,1758.0
mean,0.8208339510632081,0.758442344260516,0.7575123397258753,0.7740025192378267,0.5146969774014938,0.7698150387200356,0.7452096407317149,0.7783469369351224,0.7360235710109982,3252.5,1504.5,1748.0
std,0.004966831360509317,0.005451033039657584,0.0054020848059191,0.0061193899685777,0.01079223960898505,0.010672339158268599,0.010706837060129754,0.006803293730700181,0.0075930683840583916,0.5,8.220908303425682,7.852812659593164
