,AUROC,Accuracy,Balanced Accuracy,F1-Score,MCC,Sensitivity,Specificity,Precision,Negative Predictive Value,Test Cases,Negative Test Cases,Positive Test Cases
"(0, 0)",0.8379192092006463,0.7838917921918229,0.7812534930139721,0.8024726046642315,0.5644475016427893,0.816,0.7465069860279441,0.7893864013266998,0.7770083102493075,3253.0,1503.0,1750.0
"(0, 1)",0.8311671222707491,0.7736777367773677,0.7723926744339937,0.7893531768746423,0.5448354943180709,0.7898052691867125,0.7549800796812749,0.7889016018306636,0.7559840425531915,3252.0,1506.0,1746.0
"(1, 0)",0.8278630804840085,0.7691361819858592,0.7676632055198063,0.7851216022889842,0.5357451436944975,0.7889591719378953,0.7463672391017173,0.7813211845102506,0.7548430193720775,3253.0,1514.0,1739.0
"(1, 1)",0.8357907119729395,0.7829028290282903,0.7800880567553008,0.8022408963585435,0.5620847003389998,0.8150256118383609,0.7451505016722408,0.7898510755653613,0.7741487143849896,3252.0,1495.0,1757.0
"(2, 0)",0.8281811725476346,0.7642176452505379,0.7637183971561713,0.7774876704380621,0.5268742166641103,0.7710011507479861,0.7564356435643564,0.7840842598010532,0.7422279792746114,3253.0,1515.0,1738.0
"(2, 1)",0.8407859728637721,0.7801353013530136,0.778098743095248,0.7979655269850241,0.5568977454523111,0.8031854379977247,0.7530120481927711,0.7928130263896688,0.7647858599592114,3252.0,1494.0,1758.0
mean,0.8336178782232917,0.775660247764482,0.7738690949957486,0.7924402462682479,0.5484808003517966,0.7973294402847798,0.7504087497067173,0.7877262582372828,0.7614996542988982,3252.5,1504.5,1748.0
std,0.0048868174002096015,0.007276289668417659,0.0065169559739331456,0.00925474432629609,0.013863478850489436,0.015894917268278328,0.004531453234199527,0.003847438295192622,0.01195440293930551,0.5,8.220908303425682,7.852812659593164
