,PRC-AUC,AUROC,Accuracy,Balanced Accuracy,F1-Score,MCC,Sensitivity,Specificity,Precision,Negative Predictive Value,Test Cases,Negative Test Cases,Positive Test Cases
"(0, 0)",0.5477555114264316,0.4980788898393689,0.5044574239163849,0.5057158064822735,0.5150421179302046,0.011404554234939445,0.48914285714285716,0.52228875582169,0.5438373570520966,0.467540202501489,3253.0,1503.0,1750.0
"(0, 1)",0.5676615364698497,0.5253309024307504,0.518450184501845,0.5163606741419202,0.5484429065743943,0.03268914090373499,0.5446735395189003,0.48804780876494025,0.5522648083623694,0.4803921568627451,3252.0,1506.0,1746.0
"(1, 0)",0.5394769022777768,0.4911115196255307,0.4915462649861666,0.4894439325353629,0.5222414789139226,-0.021098740336686267,0.5198389879240943,0.45904887714663145,0.5246662797446314,0.4542483660130719,3253.0,1514.0,1739.0
"(1, 1)",0.5205480899235461,0.45886135343956236,0.47386223862238624,0.4709485041201653,0.5101631835098769,-0.05804709780269554,0.5071143995446784,0.43478260869565216,0.5132488479262672,0.4287598944591029,3252.0,1495.0,1757.0
"(2, 0)",0.5604936160865082,0.5218626925983738,0.5185982170304334,0.5167063541797218,0.547137073452863,0.03338932055405842,0.5443037974683544,0.4891089108910891,0.55,0.48336594911937375,3253.0,1515.0,1738.0
"(2, 1)",0.5228280454279377,0.46486781407008393,0.4726322263222632,0.4713701221267322,0.49956229938721913,-0.057090730425051736,0.4869169510807736,0.45582329317269077,0.5128819652486519,0.43019583070120027,3252.0,1494.0,1758.0
mean,0.5431272836020083,0.493352195333945,0.49659109256324657,0.49509089893102937,0.5237648432947467,-0.009792258811950115,0.5153317554466097,0.4748500424154489,0.5328165430556694,0.45741706660949716,3252.5,1504.5,1748.0
std,0.017607497938707813,0.025376585602330543,0.018886021969314062,0.019191745675677177,0.01827768588160341,0.03832347937648415,0.02338596122888259,0.028416606506144824,0.016541228462047055,0.02189348083884893,0.5,8.220908303425682,7.852812659593164
