,PRC-AUC,AUROC,Accuracy,Balanced Accuracy,F1-Score,MCC,Sensitivity,Specificity,Precision,Negative Predictive Value,Test Cases,Negative Test Cases,Positive Test Cases
"(0, 0)",0.8820430776084824,0.8701811614865508,0.7980325853058715,0.7974483414124133,0.8109352517985612,0.5942700388375942,0.8051428571428572,0.7897538256819694,0.8168115942028985,0.7768324607329843,3253.0,1503.0,1750.0
"(0, 1)",0.8690212470091877,0.8594999536029233,0.7829028290282903,0.7839501102120727,0.7919858573954036,0.5664034072316841,0.7697594501718213,0.798140770252324,0.8155339805825242,0.7493765586034913,3252.0,1506.0,1746.0
"(1, 0)",0.8720571860240403,0.8607406206059908,0.7835843836458654,0.7839114023380023,0.7937902753368483,0.5667149296925701,0.7791834387579069,0.7886393659180978,0.808955223880597,0.7566539923954373,3253.0,1514.0,1739.0
"(1, 1)",0.8823848269333716,0.867908585438466,0.7902829028290282,0.7911570155117704,0.8008177570093459,0.5806057045997703,0.7803073420603301,0.8020066889632107,0.8224355128974206,0.7564668769716089,3252.0,1495.0,1757.0
"(2, 0)",0.8759015696807184,0.8622252731602275,0.7829695665539502,0.7835116423034708,0.7924750146972368,0.5658397931337228,0.7756041426927502,0.7914191419141914,0.8100961538461539,0.7545626179987414,3253.0,1515.0,1738.0
"(2, 1)",0.8743265033665378,0.8673621295953631,0.7988929889298892,0.8002225054941039,0.8082111436950147,0.5985397004803995,0.7838452787258248,0.8165997322623829,0.8341404358353511,0.7625,3252.0,1494.0,1758.0
mean,0.875955735103723,0.8646529539815869,0.7894442093821493,0.7900335028786389,0.799702549988735,0.5787289289959568,0.7823070849252485,0.7977599208320294,0.8179954835408242,0.7593987511170438,3252.5,1504.5,1748.0
std,0.0049046253769741525,0.004005272492227101,0.006865265920960566,0.006795590876246281,0.007599923750001307,0.013539445692027545,0.011105308357753967,0.009666144865344803,0.00848488499634883,0.008694002610690194,0.5,8.220908303425682,7.852812659593164
