,AUROC,Accuracy,Balanced Accuracy,F1-Score,MCC,Sensitivity,Specificity,Precision,Negative Predictive Value,Test Cases,Negative Test Cases,Positive Test Cases
"(0, 0)",0.8400395399676837,0.7808177067322472,0.779382378100941,0.7966923296264613,0.5589537092867221,0.7982857142857143,0.7604790419161677,0.7951052931132613,0.7640374331550802,3253.0,1503.0,1750.0
"(0, 1)",0.8432779002356363,0.777060270602706,0.7759990963979135,0.7919655667144906,0.5518270768702641,0.7903780068728522,0.7616201859229748,0.7935595169637722,0.7580964970257766,3252.0,1506.0,1746.0
"(1, 0)",0.842895292774435,0.7771288041807562,0.7764206489859262,0.7905229702398151,0.5524704293448157,0.7866589994249569,0.7661822985468957,0.794425087108014,0.7576747224036577,3253.0,1514.0,1739.0
"(1, 1)",0.8533046028975355,0.7804428044280443,0.7798562082296709,0.7948275862068965,0.5588883243020284,0.7871371656232214,0.7725752508361204,0.8026697620429484,0.7553956834532374,3252.0,1495.0,1757.0
"(2, 0)",0.8380586159881811,0.7685213648939441,0.7670261329930461,0.7845493562231759,0.5345191721146031,0.7888377445339471,0.7452145214521452,0.7803073420603301,0.7546791443850267,3253.0,1515.0,1738.0
"(2, 1)",0.8419302922726172,0.7785977859778598,0.7796921474293077,0.789103690685413,0.5576329057516478,0.7662116040955631,0.7931726907630522,0.8134057971014492,0.7424812030075187,3252.0,1494.0,1758.0
mean,0.8432510406893482,0.7770947894692597,0.776396102022801,0.791276916616042,0.5523819362783469,0.7862515391393758,0.7665406649062261,0.7965787997316292,0.7553941139050496,3252.5,1504.5,1748.0
std,0.0048342662082078835,0.0040994770625355685,0.004466703309630825,0.003936148847506824,0.008490072727926946,0.00975608289277796,0.014500392157649242,0.010007778352882064,0.006512366045182533,0.5,8.220908303425682,7.852812659593164
