,AUROC,Accuracy,Balanced Accuracy,F1-Score,MCC,Sensitivity,Specificity,Precision,Negative Predictive Value,Test Cases,Negative Test Cases,Positive Test Cases
"(0, 0)",0.8342457941260337,0.7792806640024593,0.7778129455374965,0.7953249714937287,0.5558414859006968,0.7971428571428572,0.7584830339321357,0.7935153583617748,0.7625418060200669,3253.0,1503.0,1750.0
"(0, 1)",0.8244382150664239,0.7662976629766297,0.7650634575101656,0.7822349570200574,0.530078938511544,0.781786941580756,0.748339973439575,0.7826834862385321,0.7473474801061007,3252.0,1506.0,1746.0
"(1, 0)",0.8371391642352041,0.7691361819858592,0.7661249461609224,0.7894589290720494,0.5350973287694062,0.8096607245543416,0.7225891677675033,0.7702407002188184,0.767719298245614,3253.0,1514.0,1739.0
"(1, 1)",0.8423247287962342,0.777060270602706,0.7758281732125487,0.7931526390870187,0.5514173967432511,0.7911212293682414,0.7605351170568562,0.7951945080091534,0.7559840425531915,3252.0,1495.0,1757.0
"(2, 0)",0.8315667642713639,0.7651398708884107,0.7641156520715362,0.7799539170506913,0.5281434570302873,0.7790563866513234,0.7491749174917491,0.7808535178777394,0.7472021066491112,3253.0,1515.0,1738.0
"(2, 1)",0.8332944976721447,0.7730627306273062,0.7726126348397001,0.7875647668393783,0.5442600540775817,0.7781569965870307,0.7670682730923695,0.7972027972027972,0.74609375,3252.0,1494.0,1758.0
mean,0.8338348606945675,0.7716628968472286,0.7702596348887282,0.7879483634271539,0.5408064435054611,0.789487522647425,0.7510317471300314,0.7866150613181359,0.754481413929014,3252.5,1504.5,1748.0
std,0.005429830433192169,0.0052732255251691515,0.0054074356934565625,0.005484553647292811,0.010476933674819132,0.011289520116776424,0.014275151269566182,0.00957508505454639,0.008333702929214848,0.5,8.220908303425682,7.852812659593164
