,PRC-AUC,AUROC,Accuracy,Balanced Accuracy,F1-Score,MCC,Sensitivity,Specificity,Precision,Negative Predictive Value,Test Cases,Negative Test Cases,Positive Test Cases
"(0, 0)",0.547723751303516,0.5180625415834996,0.5099907777436212,0.507853626081171,0.5406340057636888,0.01568785005436339,0.536,0.479707252162342,0.5453488372093023,0.4703196347031963,3253.0,1503.0,1750.0
"(0, 1)",0.5487256827572594,0.5120755998533548,0.5030750307503075,0.5046435107222884,0.5108958837772397,0.009269805553296005,0.4833906071019473,0.5258964143426295,0.5417201540436457,0.4675324675324675,3252.0,1506.0,1746.0
"(1, 0)",0.5394006523064999,0.50915606153949,0.510913003381494,0.5133262636705679,0.5112135176651305,0.02665027017965076,0.47843588269120185,0.5482166446499339,0.5488126649076517,0.47783534830166957,3253.0,1514.0,1739.0
"(1, 1)",0.5380036703200912,0.4973813299120765,0.4892373923739237,0.4911120924805318,0.49742813918305595,-0.01773845237842632,0.4678429140580535,0.51438127090301,0.5310077519379846,0.45129107981220656,3252.0,1495.0,1757.0
"(2, 0)",0.5059099329443478,0.46402070586805516,0.47586842914233013,0.4740924092409241,0.5047923322683705,-0.051753599008114666,0.5,0.44818481848184816,0.5096774193548387,0.43863049095607237,3253.0,1515.0,1738.0
"(2, 1)",0.5407762965042643,0.4970420171394718,0.49969249692496925,0.5002181650378533,0.5162057686589354,0.00043492619516185253,0.4937428896473265,0.5066934404283802,0.540809968847352,0.4596235579842137,3252.0,1494.0,1758.0
mean,0.5367566643559966,0.49962304264932467,0.498129521719441,0.4985410112055561,0.5135282745527368,-0.002908199900678163,0.4932353822497549,0.5038466401613573,0.5362294660501292,0.46087209654830436,3252.5,1504.5,1748.0
std,0.01437450506481817,0.01763128424131908,0.012285723123248831,0.012898997396778512,0.013476573911362984,0.02577080369613492,0.02173918265157475,0.03228756469094869,0.01306972306721457,0.012970557546784453,0.5,8.220908303425682,7.852812659593164
