,PRC-AUC,AUROC,Accuracy,Balanced Accuracy,F1-Score,MCC,Sensitivity,Specificity,Precision,Negative Predictive Value,Test Cases,Negative Test Cases,Positive Test Cases
"(0, 0)",0.8853584212060471,0.8710829769033361,0.799877036581617,0.7981765991825872,0.8152143059892137,0.5970584400688825,0.8205714285714286,0.7757817697937458,0.8099266779469825,0.7878378378378378,3253.0,1503.0,1750.0
"(0, 1)",0.8679110972739043,0.8576803895528995,0.7884378843788438,0.7879182011929373,0.8013856812933027,0.5751875300609225,0.7949599083619702,0.7808764940239044,0.8079161816065192,0.7666232073011734,3252.0,1506.0,1746.0
"(1, 0)",0.8718447610171195,0.860114492074356,0.7829695665539502,0.7821826646906047,0.7963069821119446,0.5640915822041833,0.7935595169637722,0.7708058124174373,0.7990735379270412,0.7647444298820446,3253.0,1514.0,1739.0
"(1, 1)",0.8820711154366669,0.8704739570147503,0.7970479704797048,0.7960212661061439,0.8115362649914335,0.5917047324049054,0.8087649402390438,0.7832775919732441,0.8143266475644699,0.7770404777704047,3252.0,1495.0,1757.0
"(2, 0)",0.8819345379349366,0.8665179809120152,0.7921918229326775,0.7914223700851097,0.8049624927870743,0.5826091394070709,0.8026467203682394,0.7801980198019802,0.8072916666666666,0.7750819672131147,3253.0,1515.0,1738.0
"(2, 1)",0.8760897389272123,0.8672983553478228,0.7964329643296433,0.7967912606055622,0.8080046403712295,0.5920821539565898,0.7923777019340159,0.8012048192771084,0.8242603550295858,0.7663252240717029,3252.0,1494.0,1758.0
mean,0.8775349452993145,0.8655280253008634,0.7928262075427394,0.7920853936438242,0.8062350612573663,0.5837889296837591,0.802146702739745,0.7820240845479035,0.8104658444568775,0.7729421906793797,3252.5,1504.5,1748.0
std,0.006167458952398882,0.005005422680098815,0.0057352617283700415,0.005636313728844277,0.006265829012587759,0.011334893660141725,0.010036140999079773,0.00947751255312417,0.007657739619340099,0.008105265624637148,0.5,8.220908303425682,7.852812659593164
