,AUROC,Accuracy,Balanced Accuracy,F1-Score,MCC,Sensitivity,Specificity,Precision,Negative Predictive Value,Test Cases,Negative Test Cases,Positive Test Cases
"(0, 0)",0.84391749833666,0.7937288656624654,0.7917580077939359,0.810076422303991,0.584543662264799,0.8177142857142857,0.7658017298735862,0.8025799214806506,0.7829931972789116,3253.0,1503.0,1750.0
"(0, 1)",0.8315909709767269,0.7730627306273062,0.7728695755352017,0.7858386535113175,0.5448154281081655,0.7754868270332188,0.7702523240371846,0.7964705882352942,0.7474226804123711,3252.0,1506.0,1746.0
"(1, 0)",0.8332509763199216,0.7731324930833077,0.7723837626659515,0.7868284228769497,0.544421897612043,0.7832087406555491,0.7615587846763541,0.7904817179338364,0.75359477124183,3253.0,1514.0,1739.0
"(1, 1)",0.8480921988110626,0.790590405904059,0.7885988773049226,0.807572760666855,0.5779876951939498,0.813318155947638,0.7638795986622073,0.8019079685746352,0.7768707482993197,3252.0,1495.0,1757.0
"(2, 0)",0.8412592525075293,0.7789732554565016,0.7798564033618551,0.7875923190546529,0.5584404604142572,0.7669735327963176,0.7927392739273927,0.8093503339404978,0.7478206724782067,3253.0,1515.0,1738.0
"(2, 1)",0.845766456040316,0.7939729397293973,0.7942144002631688,0.805909617612978,0.5870001679046046,0.7912400455062572,0.7971887550200804,0.8211334120425029,0.7644415917843389,3252.0,1494.0,1758.0
mean,0.8406462254987027,0.7839101150771729,0.7832801711541726,0.797303032671124,0.5662015519163032,0.7913235979422112,0.7752367443661342,0.8036539903679029,0.762190610249163,3252.5,1504.5,1748.0
std,0.006183629629049847,0.009133181781553883,0.00874217860334006,0.01063130204460566,0.01779458151085907,0.018662868027908713,0.014248769520555137,0.009723603203277113,0.013855181399144358,0.5,8.220908303425682,7.852812659593164
