,PRC-AUC,AUROC,Accuracy,Balanced Accuracy,F1-Score,MCC,Sensitivity,Specificity,Precision,Negative Predictive Value,Test Cases,Negative Test Cases,Positive Test Cases
"(0, 0)",0.5727357240091282,0.5316737952666096,0.5232093452197971,0.5228157019294744,0.5436893203883495,0.045504027269057355,0.528,0.5176314038589488,0.5603395997574288,0.4850374064837905,3253.0,1503.0,1750.0
"(0, 1)",0.5163035742194655,0.47367802558380456,0.4784747847478475,0.4776267210653377,0.5017626321974148,-0.04463317861077562,0.48911798396334477,0.46613545816733065,0.5150784077201448,0.44040150564617314,3252.0,1506.0,1746.0
"(1, 0)",0.545827693837404,0.5033321356433305,0.49800184445127577,0.500353040018292,0.4983102918586789,0.0007060202397533312,0.46635997699827486,0.5343461030383091,0.5349604221635884,0.4657455382843984,3253.0,1514.0,1739.0
"(1, 1)",0.5220029272461961,0.47130845942555627,0.477859778597786,0.47838840528949655,0.4940405244338499,-0.0430886243061601,0.4718269778030734,0.48494983277591974,0.5184490306441526,0.43859649122807015,3252.0,1495.0,1757.0
"(2, 0)",0.5302464668098366,0.4876212937749471,0.4863203197048878,0.4842548811843209,0.5169124024284475,-0.03146931738800742,0.5143843498273878,0.4541254125412541,0.5194654270772806,0.4490861618798956,3253.0,1515.0,1738.0
"(2, 1)",0.5422829049461287,0.500934911431848,0.502460024600246,0.5017727337107246,0.5257913247362251,0.003534289277273239,0.5102389078498294,0.4933065595716198,0.5423216444981862,0.4612015018773467,3252.0,1494.0,1758.0
mean,0.5382332151780266,0.49475810352101607,0.4943876828869734,0.4942019138662743,0.5134177493404942,-0.011574463919809869,0.4966546994069851,0.49174912832556367,0.5317690886434635,0.4566781008999457,3252.5,1504.5,1748.0
std,0.018585921003921955,0.020492375928833094,0.015813429842312494,0.016008591768447235,0.017422398678381266,0.03193447715546521,0.02262884272285906,0.02770275119284244,0.016047834811074125,0.016106103862545244,0.5,8.220908303425682,7.852812659593164
