,PRC-AUC,AUROC,Accuracy,Balanced Accuracy,F1-Score,MCC,Sensitivity,Specificity,Precision,Negative Predictive Value,Test Cases,Negative Test Cases,Positive Test Cases
"(0, 0)",0.5306984825165642,0.4889537116243703,0.4964648017214879,0.49476570668187436,0.5249419953596287,-0.010448465824716776,0.5171428571428571,0.47238855622089154,0.532979976442874,0.4565916398713826,3253.0,1503.0,1750.0
"(0, 1)",0.5683431571694234,0.5255353157815474,0.5166051660516605,0.5177457409765291,0.5273601924233314,0.03540886934590035,0.502290950744559,0.5332005312084993,0.5550632911392405,0.48026315789473684,3252.0,1506.0,1746.0
"(1, 0)",0.5236813608419105,0.4829245614821376,0.4936981248078697,0.49543042016130073,0.4983247030155346,-0.009129023278675395,0.4703852788959172,0.5204755614266843,0.5297927461139896,0.46108835576360446,3253.0,1514.0,1739.0
"(1, 1)",0.5444896007539546,0.5066575551592007,0.5153751537515375,0.5130069307100313,0.5473865594485928,0.02597749268519051,0.5424018212862834,0.4836120401337793,0.552463768115942,0.47347740667976423,3252.0,1495.0,1757.0
"(2, 0)",0.527394591690286,0.501321271367643,0.5069166922840455,0.5073410505607523,0.5206216377764494,0.014648509600412498,0.501150747986191,0.5135313531353135,0.5416666666666666,0.4729483282674772,3253.0,1515.0,1738.0
"(2, 1)",0.5271149732016914,0.47771080529931637,0.4806273062730627,0.4797700471967506,0.5051274538529152,-0.04033277858264699,0.49032992036405004,0.46921017402945114,0.5208459214501511,0.43894802755165935,3252.0,1494.0,1758.0
mean,0.5369536943623049,0.49718387011903586,0.5016145408149439,0.5013433160478731,0.520627090312742,0.0026874339909107,0.5039502627366429,0.49873636935910315,0.5388020616548106,0.4638861526714375,3252.5,1504.5,1748.0
std,0.015521746308246397,0.016129356846080387,0.012726871783902683,0.012810708290816864,0.015904179206000152,0.025557470244053995,0.022268360842846096,0.024745407893848874,0.012225405129128175,0.013694701828852336,0.5,8.220908303425682,7.852812659593164
