,AUROC,Accuracy,Balanced Accuracy,F1-Score,MCC,Sensitivity,Specificity,Precision,Negative Predictive Value,Test Cases,Negative Test Cases,Positive Test Cases
"(0, 0)",0.8315452903716376,0.7765139870888411,0.7761336374869309,0.7899451025715111,0.5514176112386052,0.7811428571428571,0.7711244178310046,0.798947983635301,0.751621271076524,3253.0,1503.0,1750.0
"(0, 1)",0.8288852988199931,0.7623001230012301,0.7617970272404084,0.7763957188313566,0.5228811526560219,0.7686139747995419,0.7549800796812749,0.7843366452367037,0.7378325762491889,3252.0,1506.0,1746.0
"(1, 0)",0.8403345657133003,0.7792806640024593,0.7780060056683908,0.794151376146789,0.5562603174608127,0.7964347326049454,0.7595772787318362,0.7918810748999429,0.7646276595744681,3253.0,1514.0,1739.0
"(1, 1)",0.8506223552992997,0.7801353013530136,0.7811675419678191,0.7906295754026355,0.5606156733224444,0.7683551508252704,0.7939799331103679,0.8142340168878166,0.7446675031367629,3252.0,1495.0,1757.0
"(2, 0)",0.8317137409943526,0.7694435905318168,0.7683550000569677,0.784234752589183,0.5367100001139354,0.784234752589183,0.7524752475247525,0.784234752589183,0.7524752475247525,3253.0,1515.0,1738.0
"(2, 1)",0.8350510498573742,0.7752152521525215,0.7745030177593194,0.7902439024390244,0.5482526788572918,0.7832764505119454,0.7657295850066934,0.7973364215402432,0.7501639344262295,3252.0,1494.0,1758.0
mean,0.8363587168426596,0.7738148196883138,0.773327038363306,0.7876000713300834,0.5460229056081852,0.7803429864122905,0.7663110903143214,0.7951618157981984,0.750231365331321,3252.5,1504.5,1748.0
std,0.007320810533143764,0.006201700605711657,0.006458695423082146,0.0057943850597864215,0.012741658362943121,0.009700627641098157,0.013869857593418673,0.010248260993355861,0.008153845855014382,0.5,8.220908303425682,7.852812659593164
