,AUROC,Accuracy,Balanced Accuracy,F1-Score,MCC,Sensitivity,Specificity,Precision,Negative Predictive Value,Test Cases,Negative Test Cases,Positive Test Cases
"(0, 0)",0.8733299116053609,0.8072548416845988,0.8063953996768368,0.8202923473774721,0.6124886173718813,0.8177142857142857,0.7950765136393879,0.8228867165037378,0.7892998678996037,3253.0,1503.0,1750.0
"(0, 1)",0.8669729254041489,0.7893603936039361,0.7900094923855552,0.7992968063287431,0.578621252759056,0.7812142038946163,0.798804780876494,0.8182363527294542,0.7589905362776025,3252.0,1506.0,1746.0
"(1, 0)",0.864154416931336,0.7866584691054411,0.7864447825660901,0.7982558139534884,0.572118017693994,0.78953421506613,0.7833553500660502,0.807172251616696,0.7641752577319587,3253.0,1514.0,1739.0
"(1, 1)",0.8765604566921041,0.8050430504305043,0.8045174295650651,0.8180252583237658,0.6082295800344365,0.811041548093341,0.7979933110367893,0.8251302837290099,0.7822950819672131,3252.0,1495.0,1757.0
"(2, 0)",0.8675280186246472,0.7924992314786351,0.7923875931896986,0.8034934497816594,0.5839483303475043,0.7940161104718066,0.7907590759075908,0.8131997642899234,0.7699228791773779,3253.0,1515.0,1738.0
"(2, 1)",0.8682064244844376,0.7973554735547356,0.7976947608408607,0.8089301246738186,0.5938990983886814,0.7935153583617748,0.8018741633199464,0.8249556475458308,0.7674567584881486,3252.0,1494.0,1758.0
mean,0.8694586922903392,0.7963619099763085,0.7962415763706844,0.8080489667398246,0.591550816099259,0.7978392869336591,0.7946438658077097,0.8185968360691088,0.7720233969236507,3252.5,1504.5,1748.0
std,0.004183926508294876,0.007671414589182527,0.007341330998061931,0.008597112796599572,0.014858735757580708,0.012569778025032022,0.006103531273392937,0.006599279730934421,0.010493641485931578,0.5,8.220908303425682,7.852812659593164
