,AUROC,Accuracy,Balanced Accuracy,F1-Score,MCC,Sensitivity,Specificity,Precision,Negative Predictive Value,Test Cases,Negative Test Cases,Positive Test Cases
"(0, 0)",0.7942583404619333,0.7454657239471257,0.7438019199695847,0.7639680729760547,0.48779304074239477,0.7657142857142857,0.7218895542248835,0.7622298065984073,0.725752508361204,3253.0,1503.0,1750.0
"(0, 1)",0.807635817934828,0.7518450184501845,0.7492766619661104,0.772355430183357,0.5000320398510028,0.784077892325315,0.7144754316069057,0.7609783212896053,0.7405368203716449,3252.0,1506.0,1746.0
"(1, 0)",0.8187550658109134,0.7602213341530895,0.7583850327744197,0.7777777777777779,0.5175790569099566,0.7849338700402531,0.7318361955085865,0.7707509881422925,0.747638326585695,3253.0,1514.0,1739.0
"(1, 1)",0.8228743887326947,0.757380073800738,0.7568173555182043,0.7728188885689605,0.5127510906518875,0.7638019351166762,0.7498327759197324,0.782051282051282,0.7298177083333334,3252.0,1495.0,1757.0
"(2, 0)",0.8131743554102244,0.7497694435905318,0.7472328878457466,0.7700564971751411,0.4961995205925897,0.784234752589183,0.7102310231023102,0.7563817980022197,0.7415575465196417,3253.0,1515.0,1738.0
"(2, 1)",0.8124793447586326,0.7472324723247232,0.7486213340278063,0.7578078962875663,0.49561083727050137,0.7315130830489193,0.7657295850066934,0.7860635696821516,0.7079207920792079,3252.0,1494.0,1758.0
mean,0.8115295521848712,0.7519856777110654,0.7506891986836454,0.7691307604948098,0.5016609310030554,0.769045969805772,0.7323324275615186,0.7697426276276597,0.7322039503751211,3252.5,1504.5,1748.0
std,0.00911022107149221,0.005275095314094332,0.005203078983452309,0.00651267067411441,0.010310032960953928,0.01895785148667364,0.019741143801059114,0.011035248282047423,0.013115725194009128,0.5,8.220908303425682,7.852812659593164
