,PRC-AUC,AUROC,Accuracy,Balanced Accuracy,F1-Score,MCC,Sensitivity,Specificity,Precision,Negative Predictive Value,Test Cases,Negative Test Cases,Positive Test Cases
"(0, 0)",0.543759700864358,0.5101028419351772,0.5026129726406394,0.5019355574565155,0.524955960070464,0.00386057464257149,0.5108571428571429,0.4930139720558882,0.5398550724637681,0.46399499060738886,3253.0,1503.0,1750.0
"(0, 1)",0.5417680072175803,0.5111565954585628,0.5009225092250923,0.5031409299799656,0.5044274809160305,0.00627590664440246,0.47308132875143183,0.5332005312084993,0.540222367560497,0.4660475914103308,3252.0,1506.0,1746.0
"(1, 0)",0.5512237839561207,0.5217547855058746,0.5152167230249001,0.5132922700378222,0.5440878866724488,0.026564801735383337,0.5411155836687752,0.4854689564068692,0.547093023255814,0.4794520547945205,3253.0,1514.0,1739.0
"(1, 1)",0.5550290980523125,0.5217330391763095,0.5199876998769988,0.5193702019442535,0.5426311163199532,0.03862104418584788,0.527034718269778,0.5117056856187291,0.5591787439613527,0.4793233082706767,3252.0,1495.0,1757.0
"(2, 0)",0.5004646079714092,0.45921775721875985,0.4697202582231786,0.4696090495125462,0.48706512042818906,-0.06063893961030203,0.47123130034522437,0.467986798679868,0.504,0.4355036855036855,3253.0,1515.0,1738.0
"(2, 1)",0.5290350093259523,0.4899230977760111,0.491389913899139,0.4893224776238058,0.5225173210161663,-0.021310368606306317,0.5147895335608647,0.463855421686747,0.5304806565064478,0.4482535575679172,3252.0,1494.0,1758.0
mean,0.5368800345646222,0.5023146861784492,0.4999750128149913,0.49944508109248487,0.5209474809038753,-0.0011044968347338625,0.5063516012422028,0.49253856094276677,0.5368049772913133,0.46209586469241987,3252.5,1504.5,1748.0
std,0.01822992709849733,0.022002732306505485,0.016480938756936486,0.01633642522905771,0.020187105943322202,0.032597183195475755,0.02603898032403899,0.02414018546618131,0.017046869360967967,0.015895483797455656,0.5,8.220908303425682,7.852812659593164
