,PRC-AUC,AUROC,Accuracy,Balanced Accuracy,F1-Score,MCC,Sensitivity,Specificity,Precision,Negative Predictive Value,Test Cases,Negative Test Cases,Positive Test Cases
"(0, 0)",0.8850690007660226,0.8728552418971579,0.804180756225023,0.8031156734150746,0.8178438661710038,0.6061470071774377,0.8171428571428572,0.7890884896872921,0.8185460789925587,0.7875166002656042,3253.0,1503.0,1750.0
"(0, 1)",0.8712168790381982,0.8620848792687212,0.7875153751537516,0.7878805511059999,0.7982481751824818,0.5744962752877667,0.7829324169530355,0.7928286852589641,0.8141751042287075,0.7590591226954864,3252.0,1506.0,1746.0
"(1, 0)",0.8766218763119775,0.8619321069291557,0.7891177374731018,0.7889586022122068,0.8004653868528214,0.5771067518962795,0.7912593444508338,0.78665785997358,0.8098881695114774,0.7664092664092664,3253.0,1514.0,1739.0
"(1, 1)",0.8859073143616815,0.8711702639989491,0.7955104551045511,0.7956457019509158,0.8075253256150506,0.5899479444147367,0.7939669891861126,0.797324414715719,0.8215547703180212,0.767052767052767,3252.0,1495.0,1757.0
"(2, 0)",0.8808193518214216,0.8675206128207757,0.7943436827543806,0.7939443311419749,0.8060307335459554,0.587298775751314,0.7997698504027618,0.7881188118811882,0.8123904149620105,0.77431906614786,3253.0,1515.0,1738.0
"(2, 1)",0.8802209428001,0.8694556382526696,0.79920049200492,0.8003058879431264,0.8090084820122844,0.5987681223384362,0.7866894197952219,0.8139223560910308,0.8326309452137267,0.764299182903834,3252.0,1494.0,1758.0
mean,0.8799758941832336,0.8675031238612383,0.794978083119288,0.7949751246282165,0.8065203282299329,0.5889608128109951,0.7952934796551371,0.7946567696012957,0.8181975805377504,0.7697760009124696,3252.5,1504.5,1748.0
std,0.004997711673033585,0.004209103362442916,0.005675084053912417,0.005518594275602671,0.006334482017325034,0.011143211677143123,0.011122744960068555,0.009303711026570906,0.00751292208517983,0.009119267379460064,0.5,8.220908303425682,7.852812659593164
