,AUROC,Accuracy,Balanced Accuracy,F1-Score,MCC,Sensitivity,Specificity,Precision,Negative Predictive Value,Test Cases,Negative Test Cases,Positive Test Cases
"(0, 0)",0.8650548426955612,0.7897325545650169,0.7879498146564015,0.8059023836549376,0.5766129858628329,0.8114285714285714,0.7644710578842315,0.8004509582863585,0.7768762677484787,3253.0,1503.0,1750.0
"(0, 1)",0.8599648751310147,0.783210332103321,0.782867384984689,0.7959479015918958,0.5649284967538614,0.7875143184421535,0.7782204515272244,0.8045640725570509,0.7595593000648088,3252.0,1506.0,1746.0
"(1, 0)",0.8660749622271868,0.7934214571165078,0.7926420686967639,0.8062283737024222,0.5850453101453876,0.8039102932719954,0.7813738441215323,0.8085598611914402,0.776246719160105,3253.0,1514.0,1739.0
"(1, 1)",0.8686355390668573,0.7924354243542435,0.7920518594518248,0.8057553956834532,0.5831391357570012,0.796812749003984,0.7872909698996655,0.8149010477299186,0.7672750977835724,3252.0,1495.0,1757.0
"(2, 0)",0.8670107517080822,0.79188441438672,0.7911770290953146,0.8045047646549235,0.5820523967494341,0.8014959723820483,0.7808580858085808,0.807536231884058,0.7742146596858639,3253.0,1515.0,1738.0
"(2, 1)",0.8672665634094969,0.7921279212792128,0.7925581735360099,0.8037166085946573,0.5835825559343363,0.7872582480091013,0.7978580990629184,0.8208778173190985,0.7611749680715197,3252.0,1494.0,1758.0
mean,0.8656679223730331,0.7904686839675037,0.7898743884035007,0.8036759046470482,0.5792268135338089,0.7980700254229754,0.7816787513840255,0.8094816648279876,0.7692245020857248,3252.5,1504.5,1748.0
std,0.0027758448745829503,0.003429525146339864,0.0035143299693473173,0.003563876329835115,0.006920880702609326,0.008700525053161878,0.010017478906804447,0.006703392279364638,0.007009208566305912,0.5,8.220908303425682,7.852812659593164
