,AUROC,Accuracy,Balanced Accuracy,F1-Score,MCC,Sensitivity,Specificity,Precision,Negative Predictive Value,Test Cases,Negative Test Cases,Positive Test Cases
"(0, 0)",0.8499923961600607,0.7786658469105441,0.7763963501568292,0.7967250141163185,0.554072637695823,0.8062857142857143,0.7465069860279441,0.7873883928571429,0.7679671457905544,3253.0,1503.0,1750.0
"(0, 1)",0.8462674692600352,0.7736777367773677,0.7729403120621752,0.7878962536023055,0.5453834780109669,0.7829324169530355,0.7629482071713147,0.79292343387471,0.7519633507853403,3252.0,1506.0,1746.0
"(1, 0)",0.8408110462974286,0.7682139563479865,0.7676552293601677,0.7815758980301275,0.534785243651518,0.7757331799884991,0.7595772787318362,0.7875072971395213,0.7467532467532467,3253.0,1514.0,1739.0
"(1, 1)",0.8590315279731529,0.7807503075030751,0.7797418067814742,0.7961109522447812,0.5590405731643806,0.7922595332953899,0.7672240802675585,0.8,0.7585978835978836,3252.0,1495.0,1757.0
"(2, 0)",0.8528341441739111,0.7731324930833077,0.7728235481776026,0.7854651162790698,0.5449508999841167,0.7773302646720368,0.7683168316831683,0.7937720329024677,0.7504835589941973,3253.0,1515.0,1738.0
"(2, 1)",0.8457618871389998,0.7739852398523985,0.7733653613315605,0.7888537776501006,0.5458984129845443,0.7810011376564278,0.7657295850066934,0.7968659315147998,0.7482014388489209,3252.0,1494.0,1758.0
mean,0.8491164118339315,0.7747375967457799,0.7738204346449682,0.7894378353204505,0.5473552075818916,0.7859237078085172,0.7617171614814192,0.7930761813814402,0.7539944374616905,3252.5,1504.5,1748.0
std,0.005791470981233197,0.004049844150551302,0.0036896981587726608,0.005445848822474334,0.007653607998490009,0.010532708044090846,0.007387211391240426,0.00458571007720659,0.007290102318398225,0.5,8.220908303425682,7.852812659593164
