,AUROC,Accuracy,Balanced Accuracy,F1-Score,MCC,Sensitivity,Specificity,Precision,Negative Predictive Value,Test Cases,Negative Test Cases,Positive Test Cases
"(0, 0)",0.8168132306814941,0.7731324930833077,0.7731316414789469,0.7857142857142857,0.5451559600429757,0.7731428571428571,0.7731204258150366,0.7987012987012987,0.745349583066068,3253.0,1503.0,1750.0
"(0, 1)",0.8219348645889903,0.7709102091020911,0.7694502630942439,0.7872036560982577,0.539130315045529,0.7892325315005727,0.749667994687915,0.7851851851851852,0.7541750167000668,3252.0,1506.0,1746.0
"(1, 0)",0.8157347600277418,0.7694435905318168,0.7679934565105593,0.7853463079564968,0.5363798411510765,0.7889591719378953,0.7470277410832232,0.7817663817663818,0.7550066755674232,3253.0,1514.0,1739.0
"(1, 1)",0.8306118098080683,0.7742927429274292,0.7725189066952448,0.7918321043675554,0.5453792605066365,0.794536141149687,0.7505016722408027,0.7891464104013567,0.7565745111260958,3252.0,1495.0,1757.0
"(2, 0)",0.8146025362029873,0.766369505072241,0.7643771339159232,0.7839681637293917,0.5298753466521414,0.7934407364787112,0.7353135313531353,0.7747191011235955,0.7562797012898846,3253.0,1515.0,1738.0
"(2, 1)",0.8205194688499924,0.7706027060270603,0.7707896432144962,0.7836426914153132,0.5402103650102243,0.7684869169510807,0.7730923694779116,0.7994082840236686,0.7394366197183099,3252.0,1494.0,1758.0
mean,0.8200361116932124,0.7707918744573243,0.7697101741515691,0.7862845348802168,0.5393551814014306,0.7846330591934674,0.7547872891096707,0.788154443533581,0.7511370179113079,3252.5,1504.5,1748.0
std,0.0053866597270559235,0.0025547205947141515,0.002950046948884186,0.002743801411162065,0.0053141380968751446,0.010068426398475933,0.01387558637081515,0.008841204027417466,0.006462854526339914,0.5,8.220908303425682,7.852812659593164
