,PRC-AUC,AUROC,Accuracy,Balanced Accuracy,F1-Score,MCC,Sensitivity,Specificity,Precision,Negative Predictive Value,Test Cases,Negative Test Cases,Positive Test Cases
"(0, 0)",0.5282862754121878,0.4805676266514589,0.48416845988318474,0.4843701169090391,0.5011890606420927,-0.031170444672819222,0.4817142857142857,0.4870259481037924,0.5223048327137546,0.4466137888956681,3253.0,1503.0,1750.0
"(0, 1)",0.5187672305895208,0.4743416559040661,0.4883148831488315,0.48596906760130154,0.52073732718894,-0.02803841574083616,0.5177548682703322,0.4541832669322709,0.5237543453070683,0.44823066841415465,3252.0,1506.0,1746.0
"(1, 0)",0.5313826568011344,0.4893157442554559,0.49400553335382724,0.4947351649127978,0.5057057057057057,-0.010506955595192099,0.484186313973548,0.5052840158520475,0.5292269013199246,0.4602888086642599,3253.0,1514.0,1739.0
"(1, 1)",0.5150497113497643,0.45798725784868166,0.470479704797048,0.46766855178426286,0.5063073394495414,-0.06458750230993167,0.5025611838360843,0.43277591973244145,0.5101097631426921,0.4253780407626562,3252.0,1495.0,1757.0
"(2, 0)",0.5661647496066818,0.520564777996787,0.5176759913925607,0.5163514452711093,0.542698921597202,0.03265326140018372,0.5356731875719217,0.497029702970297,0.5499113998818665,0.4826923076923077,3253.0,1515.0,1738.0
"(2, 1)",0.5686193210913888,0.5179121872396678,0.507380073800738,0.5077808389416597,0.5246290801186942,0.015510889817053664,0.502844141069397,0.5127175368139224,0.5483870967741935,0.46707317073170734,3252.0,1494.0,1758.0
mean,0.5380449908084463,0.49011487498268624,0.49367077439603163,0.4928125309033617,0.516877905783696,-0.014356527850256961,0.5041223300725949,0.48150273173412866,0.5306157231899166,0.4550461308601257,3252.5,1504.5,1748.0
std,0.02146914314457235,0.02262982525234099,0.015390000314468024,0.0159799576899504,0.014285164121567618,0.03191095626992477,0.018641078479264876,0.02867101221968899,0.014298703255162288,0.017954558109555433,0.5,8.220908303425682,7.852812659593164
