,PRC-AUC,AUROC,Accuracy,Balanced Accuracy,F1-Score,MCC,Sensitivity,Specificity,Precision,Negative Predictive Value,Test Cases,Negative Test Cases,Positive Test Cases
"(0, 0)",0.8643192549904286,0.8548153217374775,0.7820473409160774,0.7799148369926814,0.7995476392422958,0.5609513117319627,0.808,0.7518296739853626,0.7912702853945159,0.7708049113233287,3253.0,1503.0,1750.0
"(0, 1)",0.8636067411603933,0.8518803746449862,0.7835178351783518,0.7826061161995774,0.7977011494252874,0.5649184067639442,0.7949599083619702,0.7702523240371846,0.8004613610149942,0.764163372859025,3252.0,1506.0,1746.0
"(1, 0)",0.8757119935545543,0.8602567335879121,0.7875806947433138,0.7863672998724573,0.8018353885861771,0.5729638009898943,0.8039102932719954,0.7688243064729194,0.799771167048055,0.773421926910299,3253.0,1514.0,1739.0
"(1, 1)",0.8788350032517063,0.8644186750370709,0.7890528905289053,0.7883729296859385,0.8032128514056226,0.576027893363845,0.796812749003984,0.7799331103678929,0.8097165991902834,0.7655942219304005,3252.0,1495.0,1757.0
"(2, 0)",0.8752700900815338,0.8587318225493435,0.7838917921918229,0.7832737071175473,0.7966444894417125,0.5661308821343912,0.7922899884925202,0.7742574257425743,0.8010471204188482,0.7646675358539765,3253.0,1515.0,1738.0
"(2, 1)",0.8745057232279291,0.8570027169733161,0.7835178351783518,0.7833883885941948,0.7967667436489607,0.5655910432137152,0.7849829351535836,0.7817938420348058,0.8089097303634232,0.7554980595084088,3252.0,1494.0,1758.0
mean,0.8720414677110909,0.8578509407550178,0.7849347314561371,0.7839872130770661,0.7992847102916761,0.5677638896996254,0.7968259790473421,0.77114844710679,0.8018627105716867,0.7656916713975731,3252.5,1504.5,1748.0
std,0.005872231603920987,0.003984993759254629,0.002496674202133298,0.0027159614749405585,0.0025107758154986324,0.00511906243451997,0.007520655402554559,0.009828361605588466,0.006198750515239669,0.005674590185063607,0.5,8.220908303425682,7.852812659593164
