,PRC-AUC,AUROC,Accuracy,Balanced Accuracy,F1-Score,MCC,Sensitivity,Specificity,Precision,Negative Predictive Value,Test Cases,Negative Test Cases,Positive Test Cases
"(0, 0)",0.5508821008896791,0.5077388080980896,0.5044574239163849,0.5066079270031366,0.5094339622641509,0.013198147924649982,0.47828571428571426,0.5349301397205589,0.544921875,0.46825859056493885,3253.0,1503.0,1750.0
"(0, 1)",0.5367086512312311,0.5033027492930151,0.49600246002460024,0.4981026638006964,0.5001524855138763,-0.0037905294764901004,0.46964490263459335,0.5265604249667994,0.5348988910632746,0.46131471785922046,3252.0,1506.0,1746.0
"(1, 0)",0.5466159693582591,0.5097487661640673,0.5038426068244697,0.5057732203098853,0.5073260073260074,0.011536266483117796,0.4778608395629672,0.5336856010568032,0.5406636304489265,0.47086247086247085,3253.0,1514.0,1739.0
"(1, 1)",0.5558731132512118,0.5240810289658375,0.5104551045510455,0.5119946396925437,0.5210589651022863,0.02392705393837061,0.4928856004553216,0.5311036789297658,0.5526483726866624,0.4712166172106825,3252.0,1495.0,1757.0
"(2, 0)",0.5399423588913908,0.514066469938133,0.5099907777436212,0.5097944604587041,0.5278436018957345,0.019543327209289897,0.5126582278481012,0.5069306930693069,0.5439560439560439,0.47554179566563465,3253.0,1515.0,1738.0
"(2, 1)",0.5329074327816332,0.4879426694262831,0.492619926199262,0.49166632399906796,0.5175438596491229,-0.016616412681874783,0.5034129692832765,0.4799196787148594,0.5324909747292419,0.4509433962264151,3252.0,1494.0,1758.0
mean,0.5438216044005676,0.5078134153142376,0.5028947165432306,0.5039898725440057,0.5138931469585297,0.007966308899510567,0.48912470901166244,0.518855036076349,0.5415966313140249,0.46635626473156044,3252.5,1504.5,1748.0
std,0.008038031915046965,0.0109748177304109,0.00663235275296899,0.007003964971042631,0.00922956548094081,0.013972728919944373,0.015253123248370457,0.019773335975212074,0.0066759301209007825,0.008112700459317244,0.5,8.220908303425682,7.852812659593164
