,PRC-AUC,AUROC,Accuracy,Balanced Accuracy,F1-Score,MCC,Sensitivity,Specificity,Precision,Negative Predictive Value,Test Cases,Negative Test Cases,Positive Test Cases
"(0, 0)",0.5317240493508213,0.48963653645090777,0.49892407008914846,0.49921129170230966,0.5154577883472057,-0.0015729092926080558,0.49542857142857144,0.5029940119760479,0.5371747211895911,0.4612568639414277,3253.0,1503.0,1750.0
"(0, 1)",0.5333127826198014,0.4946082413378179,0.5079950799507995,0.505665767628227,0.5397008055235903,0.011323820648423126,0.5372279495990836,0.47410358565737054,0.5421965317919075,0.469119579500657,3252.0,1506.0,1746.0
"(1, 0)",0.5354739099438819,0.4986064509659889,0.49093144789425147,0.4891679953935779,0.5194428322692977,-0.02163864464738092,0.5146635997699828,0.46367239101717306,0.5243116578793204,0.4540750323415265,3253.0,1514.0,1739.0
"(1, 1)",0.5228424048112783,0.4789312887009059,0.49384993849938497,0.4937349503086555,0.5138806851742468,-0.012489388945020203,0.49516220830961866,0.49230769230769234,0.5340699815837937,0.4534812076401725,3252.0,1495.0,1757.0
"(2, 0)",0.5355898523066073,0.49900078615456483,0.5004611128189363,0.5009608555792289,0.5136186770428016,0.001917390543342088,0.4936708860759494,0.5082508250825083,0.5352464129756707,0.4666666666666667,3253.0,1515.0,1738.0
"(2, 1)",0.5374131403155721,0.49061966485585884,0.496309963099631,0.49578290408505465,0.518801410105758,-0.008406989842996369,0.5022753128555176,0.4892904953145917,0.5364520048602673,0.4551681195516812,3252.0,1494.0,1758.0
mean,0.5327260232246603,0.49190049474434067,0.498078602058692,0.49742062744950893,0.5201503664104834,-0.00514445358937339,0.5064047546731205,0.4884365002258973,0.534908551713425,0.45996124494035523,3252.5,1504.5,1748.0
std,0.0047741598951924315,0.006802967689740876,0.005428615529664083,0.0052929878124914655,0.009023415048898835,0.010571031047416708,0.015515331204469334,0.015486217520508671,0.005381200831934602,0.006193125680999977,0.5,8.220908303425682,7.852812659593164
