,AUROC,Accuracy,Balanced Accuracy,F1-Score,MCC,Sensitivity,Specificity,Precision,Negative Predictive Value,Test Cases,Negative Test Cases,Positive Test Cases
"(0, 0)",0.8400501853435984,0.7820473409160774,0.7803843741089249,0.7984077338640887,0.5612477816660231,0.8022857142857143,0.7584830339321357,0.7945670628183361,0.7671601615074024,3253.0,1503.0,1750.0
"(0, 1)",0.8322220853128153,0.7807503075030751,0.7800287966119486,0.794583693460098,0.5595684594433967,0.7898052691867125,0.7702523240371846,0.7994202898550725,0.7596594629993452,3252.0,1506.0,1746.0
"(1, 0)",0.833765248708052,0.7777436212726714,0.7769102332608895,0.7914623593885204,0.5535730498830725,0.7889591719378953,0.7648612945838837,0.7939814814814815,0.759344262295082,3253.0,1514.0,1739.0
"(1, 1)",0.8484753770393819,0.7801353013530136,0.7795716322478838,0.7944811727507904,0.5582995603020761,0.7865680136596471,0.7725752508361204,0.8025551684088269,0.7549019607843137,3252.0,1495.0,1757.0
"(2, 0)",0.8329243050887367,0.7688287734399016,0.7674832040166042,0.7844036697247706,0.5352531110324898,0.7871116225546605,0.7478547854785479,0.7817142857142857,0.7538256819693946,3253.0,1515.0,1738.0
"(2, 1)",0.8424892212003113,0.7853628536285363,0.7847430678344778,0.7996555683122847,0.5686829755153453,0.7923777019340159,0.7771084337349398,0.8070683661645423,0.7608125819134993,3252.0,1494.0,1758.0
mean,0.8383210704488159,0.7791446996855459,0.7781868846801215,0.7938323662500921,0.5561041563070673,0.7911845822597744,0.7651891871004687,0.7965511090737575,0.7592840185781728,3252.5,1504.5,1748.0
std,0.005923842631213392,0.00514832315295968,0.005312270094272002,0.005005769408104401,0.010349535884936943,0.005313745208855648,0.009728131174502998,0.008016279025368415,0.004349532353675588,0.5,8.220908303425682,7.852812659593164
