,AUROC,Accuracy,Balanced Accuracy,F1-Score,MCC,Sensitivity,Specificity,Precision,Negative Predictive Value,Test Cases,Negative Test Cases,Positive Test Cases
"(0, 0)",0.8097819598897443,0.7559176145096834,0.7529058074327535,0.7774663677130046,0.5078838725979349,0.7925714285714286,0.7132401862940785,0.7629262926292629,0.7470383275261324,3253.0,1503.0,1750.0
"(0, 1)",0.8135229224377785,0.7481549815498155,0.7460227817253324,0.7676595744680851,0.49289064851787145,0.7749140893470791,0.7171314741035857,0.760539629005059,0.7331975560081466,3252.0,1506.0,1746.0
"(1, 0)",0.8230959957399712,0.7589916999692592,0.7584740998903847,0.7726218097447797,0.5163748436673906,0.7659574468085106,0.7509907529722589,0.7794031597425395,0.7363989637305699,3253.0,1514.0,1739.0
"(1, 1)",0.8276588819114368,0.7690651906519065,0.7676811150048635,0.7859789113707609,0.5352313273117001,0.7848605577689243,0.7505016722408027,0.7871004566210046,0.748,3252.0,1495.0,1757.0
"(2, 0)",0.8132833536518209,0.7537657546879803,0.7523702370237024,0.7702896472612561,0.5049873636665014,0.7727272727272727,0.732013201320132,0.7678673527730131,0.7373670212765957,3253.0,1515.0,1738.0
"(2, 1)",0.8169867562780511,0.768450184501845,0.7670397174591426,0.7855311876958131,0.5339478168246412,0.7844141069397043,0.749665327978581,0.7866514546491729,0.7471647765176784,3252.0,1494.0,1758.0
mean,0.8173883116514671,0.7590575709784151,0.7574156264226964,0.7765912497089499,0.5152193120976732,0.7792408170271532,0.7355904358182398,0.7740813909033419,0.7415277741765204,3252.5,1504.5,1748.0
std,0.006162683653954095,0.007584052147384325,0.00790269028029897,0.0071187309713275195,0.015327771930146734,0.008884859544921894,0.01586758150784678,0.01081860743512656,0.006014438138633356,0.5,8.220908303425682,7.852812659593164
