,PRC-AUC,AUROC,Accuracy,Balanced Accuracy,F1-Score,MCC,Sensitivity,Specificity,Precision,Negative Predictive Value,Test Cases,Negative Test Cases,Positive Test Cases
"(0, 0)",0.5316088433535269,0.4878935462408516,0.49800184445127577,0.4973211671894307,0.5204111600587372,-0.005343019181744633,0.5062857142857143,0.48835662009314706,0.5353474320241692,0.4593241551939925,3253.0,1503.0,1750.0
"(0, 1)",0.5386418837638935,0.5039532591284348,0.5055350553505535,0.5050633662372275,0.5262227460223923,0.010100041470966787,0.5114547537227949,0.49867197875166,0.5418689320388349,0.4682044887780549,3252.0,1506.0,1746.0
"(1, 0)",0.5252756031101038,0.48575951650799176,0.4893944051644636,0.48845678782579766,0.5124743175814499,-0.023038635103778477,0.5020126509488212,0.4749009247027741,0.5233812949640287,0.45362776025236595,3253.0,1514.0,1739.0
"(1, 1)",0.5464977795331762,0.5144760661129967,0.5141451414514145,0.5149108296865095,0.5292014302741358,0.02972881673294085,0.5054069436539556,0.5244147157190635,0.5553470919324578,0.47428917120387176,3252.0,1495.0,1757.0
"(2, 0)",0.5287965756990176,0.4923790480313854,0.48970181371042115,0.4899178525447482,0.5047732696897375,-0.02011745326243707,0.48676639815880324,0.49306930693069306,0.5241635687732342,0.45576571079926786,3253.0,1515.0,1738.0
"(2, 1)",0.5634222384190368,0.5238287240733888,0.5156826568265682,0.5158118252303868,0.534436890334023,0.031519279112680564,0.5142207053469852,0.5174029451137885,0.5563076923076923,0.47510755992624465,3252.0,1494.0,1758.0
mean,0.5390404873131258,0.5013816933491748,0.5020768194924494,0.5019136381190168,0.5212533023267459,0.00380817162810467,0.5043578610195124,0.4994694152185211,0.5394026686734029,0.46438647435896624,3252.5,1504.5,1748.0
std,0.012909163239457642,0.014077019578966666,0.010593334559965365,0.010939864879120142,0.0100916331163698,0.021818584578795704,0.008826270944507494,0.016894682320690444,0.013237865120627015,0.008595317364270888,0.5,8.220908303425682,7.852812659593164
