,PRC-AUC,AUROC,Accuracy,Balanced Accuracy,F1-Score,MCC,Sensitivity,Specificity,Precision,Negative Predictive Value,Test Cases,Negative Test Cases,Positive Test Cases
"(0, 0)",0.5450742281870531,0.49532591958939265,0.49677221026744545,0.49486360612109115,0.5264680358692508,-0.010255700385713933,0.52,0.4697272122421823,0.5330990041007616,0.45666235446313064,3253.0,1503.0,1750.0
"(0, 1)",0.5760004908087164,0.5452462772050402,0.534440344403444,0.5351309538478388,0.5480597014925375,0.07007671856106563,0.5257731958762887,0.5444887118193891,0.5723192019950125,0.4975728155339806,3252.0,1506.0,1746.0
"(1, 0)",0.5684345818603754,0.5222700074368193,0.510913003381494,0.5122580280046763,0.5186081694402421,0.02447427937937558,0.4928119608970673,0.5317040951122853,0.5472541507024266,0.47717842323651455,3253.0,1514.0,1739.0
"(1, 1)",0.5798894026087641,0.5366543382133196,0.525830258302583,0.5284178146468117,0.5307364576993304,0.05675194739738616,0.49630051223676724,0.5605351170568562,0.5703073904512753,0.4863609982588508,3252.0,1495.0,1757.0
"(2, 0)",0.5165254622657935,0.4617735191240643,0.4703350753150938,0.46794008514775526,0.5036012676462114,-0.0641065621265982,0.5028768699654775,0.433003300330033,0.5043277553375649,0.43157894736842106,3253.0,1515.0,1738.0
"(2, 1)",0.5503193204605631,0.5000883320921151,0.501230012300123,0.5020422988883864,0.516109785202864,0.004071904737504148,0.4920364050056883,0.5120481927710844,0.5426599749058971,0.46139927623642946,3252.0,1494.0,1758.0
mean,0.5560405810318776,0.5102263989434584,0.5065868173283637,0.5067754644427599,0.5239305695584061,0.013502097927169901,0.5049664906635482,0.5085844382219717,0.5449945795821564,0.46845880251622124,3252.5,1504.5,1748.0
std,0.021737885031216483,0.02811394256801161,0.020832888852662296,0.022267186301799597,0.01377042110074496,0.044474883519609765,0.013249596160500948,0.044266048766051176,0.023069549681044094,0.02157646466870215,0.5,8.220908303425682,7.852812659593164
