,PRC-AUC,AUROC,Accuracy,Balanced Accuracy,F1-Score,MCC,Sensitivity,Specificity,Precision,Negative Predictive Value,Test Cases,Negative Test Cases,Positive Test Cases
"(0, 0)",0.5523127505226584,0.5084087063967304,0.5035351982785121,0.49861381997908943,0.5497630331753555,-0.0027878020975342028,0.5634285714285714,0.4337990685296075,0.5367446924333152,0.4604519774011299,3253.0,1503.0,1750.0
"(0, 1)",0.5494153093037863,0.514138938708701,0.506150061500615,0.5063662874276091,0.5225921521997621,0.012698006906931741,0.5034364261168385,0.5092961487383798,0.5432632880098888,0.4694002447980416,3252.0,1506.0,1746.0
"(1, 0)",0.5353837760952076,0.5088542968331607,0.5121426375653243,0.5117843960489903,0.5311669128508124,0.02351403716258658,0.5169637722829212,0.5066050198150595,0.5461725394896719,0.477286869943995,3253.0,1514.0,1739.0
"(1, 1)",0.5519726722939752,0.5053486959948073,0.49969249692496925,0.502084352508742,0.5050197748707027,0.004162414762143468,0.4723961297666477,0.5317725752508361,0.5424836601307189,0.4616724738675958,3252.0,1495.0,1757.0
"(2, 0)",0.5299894796027759,0.4886617142726931,0.4927758991699969,0.4918631103616691,0.5155607751027598,-0.01624078314050954,0.5051783659378596,0.47854785478547857,0.526378896882494,0.45741324921135645,3253.0,1515.0,1738.0
"(2, 1)",0.5425459064786247,0.5049342230507163,0.5113776137761378,0.510020742811976,0.5382156349898285,0.01998762145936252,0.5267349260523322,0.4933065595716198,0.5502079619726679,0.4697259400892288,3252.0,1494.0,1758.0
mean,0.5436033157161714,0.5050577625428015,0.504278984535926,0.5034554515230126,0.5270530471982035,0.006888915842163428,0.5146896985975284,0.4922212044484969,0.5408751731531262,0.4659917925518912,3252.5,1504.5,1748.0
std,0.008501912855704756,0.007927174370916402,0.006703712461546633,0.006839237462420613,0.014689609204335197,0.01364900448150268,0.027482067472399514,0.03072470030073995,0.007644783154447338,0.006783283982028261,0.5,8.220908303425682,7.852812659593164
