,PRC-AUC,AUROC,Accuracy,Balanced Accuracy,F1-Score,MCC,Sensitivity,Specificity,Precision,Negative Predictive Value,Test Cases,Negative Test Cases,Positive Test Cases
"(0, 0)",0.8694420802376339,0.8598958273928334,0.7900399631109745,0.7879538066723695,0.8068985015549901,0.577061463788363,0.8154285714285714,0.7604790419161677,0.7985450475657526,0.7796725784447476,3253.0,1503.0,1750.0
"(0, 1)",0.8684880976521119,0.8568157686170171,0.7862853628536285,0.7859592557604633,0.7988422575976846,0.5711034253678828,0.7903780068728522,0.7815405046480743,0.807489760093622,0.762799740764744,3252.0,1506.0,1746.0
"(1, 0)",0.8754654987998107,0.8619662904704644,0.7921918229326775,0.7914065235870233,0.8050749711649365,0.5825752282629506,0.8027602070155262,0.7800528401585205,0.8074031231925969,0.7749343832020997,3253.0,1514.0,1739.0
"(1, 1)",0.8833313737604103,0.8694049411527327,0.7955104551045511,0.7950472358059402,0.8088531187122735,0.5892040644264838,0.8007968127490039,0.7892976588628763,0.8170731707317073,0.7712418300653595,3252.0,1495.0,1757.0
"(2, 0)",0.8740176493369765,0.861010911217704,0.784506609283738,0.7845266172186839,0.7954479136270791,0.5681341557675506,0.784234752589183,0.7848184818481848,0.8069863824748372,0.760230179028133,3253.0,1515.0,1738.0
"(2, 1)",0.8762230967166673,0.8610856014120951,0.7847478474784748,0.7840234658771605,0.7993119266055045,0.5673336908571655,0.7929465301478953,0.7751004016064257,0.8057803468208092,0.7608409986859396,3252.0,1494.0,1758.0
mean,0.8744946327506017,0.8616965567104745,0.788880343460674,0.7881528174869401,0.8024047815437448,0.575902004745066,0.7977574801338387,0.7785481548400416,0.8072129718132208,0.7682866183651704,3252.5,1504.5,1748.0
std,0.004896468526814118,0.0038166311850886705,0.004066324968188325,0.003940638670696941,0.004822859182006688,0.007954064933719281,0.01005815019581134,0.00916939580909311,0.005394023851578182,0.007450004848487781,0.5,8.220908303425682,7.852812659593164
