,PRC-AUC,AUROC,Accuracy,Balanced Accuracy,F1-Score,MCC,Sensitivity,Specificity,Precision,Negative Predictive Value,Test Cases,Negative Test Cases,Positive Test Cases
"(0, 0)",0.561412165642947,0.52314875011881,0.507224100830003,0.5083341887653265,0.5187631341939358,0.016626765497452536,0.4937142857142857,0.5229540918163673,0.5464895635673624,0.4700956937799043,3253.0,1503.0,1750.0
"(0, 1)",0.5358625175845952,0.5029918508478495,0.5009225092250923,0.4978927360432268,0.536947218259629,-0.00421716619578019,0.5389461626575028,0.45683930942895085,0.534963047185901,0.4608171466845278,3252.0,1506.0,1746.0
"(1, 0)",0.5467038137946905,0.5140353822441571,0.5146019059329849,0.5139136508553861,0.5357247868274037,0.027767272722351445,0.5238642898217366,0.5039630118890357,0.5481347773766546,0.4795725958516656,3253.0,1514.0,1739.0
"(1, 1)",0.5470593708130165,0.5123641125892988,0.5156826568265682,0.5132416345130705,0.5480631276901005,0.026449271629778833,0.543540125213432,0.48294314381270903,0.5526620370370371,0.473753280839895,3252.0,1495.0,1757.0
"(2, 0)",0.5112851607442314,0.4695420174928885,0.4737165693206271,0.47279848237988353,0.496766607877719,-0.05428948517964114,0.4861910241657077,0.4594059405940594,0.5078125,0.4380113278791693,3253.0,1515.0,1738.0
"(2, 1)",0.5313518196301487,0.4870507818151636,0.4935424354243542,0.49347446669499384,0.5134416543574594,-0.013007992600646109,0.4943117178612059,0.4926372155287818,0.5341118623232944,0.45292307692307693,3252.0,1494.0,1758.0
mean,0.5389458080349382,0.5015221491846945,0.5009483629266049,0.49994252654198124,0.5249510882010412,-0.00011188902108077124,0.5134279342389784,0.486457118844984,0.5373622979150416,0.4625288536597065,3252.5,1504.5,1748.0
std,0.015615379848764729,0.01814822470463045,0.014371978251507116,0.014290528069464563,0.017123418959170352,0.02852279843524031,0.022959197437512523,0.023444998835074823,0.01484894834467638,0.013964502262976844,0.5,8.220908303425682,7.852812659593164
