,AUROC,Accuracy,Balanced Accuracy,F1-Score,MCC,Sensitivity,Specificity,Precision,Negative Predictive Value,Test Cases,Negative Test Cases,Positive Test Cases
"(0, 0)",0.8497049710103601,0.7835843836458654,0.7829867883281056,0.7972350230414746,0.5653149903107396,0.7908571428571428,0.7751164337990686,0.8037166085946573,0.7609405617243632,3253.0,1503.0,1750.0
"(0, 1)",0.8407021018636414,0.7736777367773677,0.7734879496903566,0.7864190365641323,0.5460500830872373,0.7760595647193586,0.7709163346613546,0.7970588235294118,0.7480670103092784,3252.0,1506.0,1746.0
"(1, 0)",0.8489246997355713,0.7783584383645865,0.7776561940956668,0.7916787055764231,0.5549398618555831,0.7878090856814262,0.7675033025099075,0.7955865272938444,0.75898105813194,3253.0,1514.0,1739.0
"(1, 1)",0.847425777063747,0.7727552275522755,0.7718441094675288,0.7883128043540533,0.5431202145122453,0.7831531018782015,0.7605351170568562,0.7935409457900807,0.7490118577075099,3252.0,1495.0,1757.0
"(2, 0)",0.8441889125621422,0.7789732554565016,0.7779084870512367,0.7932125395455853,0.5558406177858038,0.7934407364787112,0.7623762376237624,0.7929844738355377,0.7628797886393659,3253.0,1515.0,1738.0
"(2, 1)",0.8401383311021865,0.7727552275522755,0.7721774469893224,0.7875826386892784,0.5434865932485516,0.7792946530147895,0.7650602409638554,0.7960488088320744,0.7465708687132593,3252.0,1494.0,1758.0
mean,0.845180798889608,0.7766840448914788,0.7760101626037028,0.7907401246284911,0.5514587268000268,0.785102380771605,0.7669179444358006,0.7964893646459342,0.754408524204286,3252.5,1504.5,1748.0
std,0.0037858046447476067,0.003990986788704962,0.003945326931392634,0.003735212585294059,0.008017215182681406,0.0061816074781637885,0.004972652622359286,0.0035247689419812766,0.006659649054396112,0.5,8.220908303425682,7.852812659593164
