,AUROC,Accuracy,Balanced Accuracy,F1-Score,MCC,Sensitivity,Specificity,Precision,Negative Predictive Value,Test Cases,Negative Test Cases,Positive Test Cases
"(0, 0)",0.8400794601273642,0.7771288041807562,0.7763763900769889,0.7914869140063273,0.552212222113482,0.7862857142857143,0.7664670658682635,0.7967573827446439,0.7549148099606815,3253.0,1503.0,1750.0
"(0, 1)",0.8332954930944416,0.7761377613776138,0.7738621687362806,0.7942340305257207,0.549099709279689,0.804696449026346,0.7430278884462151,0.7840401785714286,0.7664383561643836,3252.0,1506.0,1746.0
"(1, 0)",0.8382066402668442,0.7715954503535198,0.7703052134458301,0.7869228563234874,0.5408267724432432,0.7889591719378953,0.7516512549537648,0.7848970251716247,0.7561461794019934,3253.0,1514.0,1739.0
"(1, 1)",0.8479193593518901,0.7804428044280443,0.7798063360509229,0.7949454336588168,0.5588303044027892,0.7877063175867957,0.7719063545150502,0.8023188405797101,0.7557301899148657,3252.0,1495.0,1757.0
"(2, 0)",0.8411103768604709,0.7762065785428834,0.7766743762983893,0.7861339600470034,0.5522098840237893,0.7698504027617952,0.7834983498349835,0.8031212484993998,0.7479521109010712,3253.0,1515.0,1738.0
"(2, 1)",0.8433245686576416,0.7776752767527675,0.7788891630229678,0.7879143443825168,0.5560030399716105,0.7639362912400455,0.7938420348058902,0.8134463961235615,0.740787008119925,3252.0,1494.0,1758.0
mean,0.8406559830597754,0.7765311126059308,0.7759856079385633,0.7902729231573121,0.5515303220391005,0.7835723911397653,0.7683988247373613,0.7974301786150614,0.7536614424104867,3252.5,1504.5,1748.0
std,0.004483170926155627,0.0026327580323520076,0.003173630508025482,0.0034860043270371036,0.005696425673958927,0.013376372724842342,0.017395174408345527,0.010405376864879985,0.007891151310493633,0.5,8.220908303425682,7.852812659593164
