,AUROC,Accuracy,Balanced Accuracy,F1-Score,MCC,Sensitivity,Specificity,Precision,Negative Predictive Value,Test Cases,Negative Test Cases,Positive Test Cases
"(0, 0)",0.8436504134587965,0.7854288349216109,0.7839967683680258,0.8010262257696693,0.5682139304749335,0.8028571428571428,0.7651363938789089,0.7992036405005688,0.7692307692307693,3253.0,1503.0,1750.0
"(0, 1)",0.8352899969423566,0.7755227552275523,0.7749779804037003,0.7891392258809936,0.5492983185484326,0.7823596792668958,0.7675962815405046,0.796037296037296,0.7526041666666666,3252.0,1506.0,1746.0
"(1, 0)",0.8351988684488193,0.7755917614509683,0.7734447818064558,0.7930839002267573,0.5483232429924713,0.80448533640023,0.7424042272126816,0.7820011179429849,0.76775956284153,3253.0,1514.0,1739.0
"(1, 1)",0.8461152047329079,0.7792127921279213,0.7783189268725386,0.7943871706758304,0.5560792426266139,0.7894137734775185,0.7672240802675585,0.7994236311239193,0.7560975609756098,3252.0,1495.0,1757.0
"(2, 0)",0.8414886425351396,0.7746695358130956,0.7726528349037436,0.7918205055381994,0.546558781925333,0.8020713463751439,0.7432343234323432,0.7818283791362871,0.7659863945578231,3253.0,1515.0,1738.0
"(2, 1)",0.8355361148804548,0.7798277982779828,0.7800256772253975,0.792463768115942,0.5586632550624193,0.7775881683731513,0.7824631860776439,0.807919621749409,0.7493589743589744,3252.0,1494.0,1758.0
mean,0.8395465401664125,0.7783755796365218,0.7772361615966435,0.7936534660345652,0.5545227952717006,0.7931292411250137,0.7613430820682735,0.7944022810817443,0.7601729047718955,3252.5,1504.5,1748.0
std,0.004413328531357326,0.0037009297362236033,0.003982051577400399,0.0036600046289711717,0.007485187961082057,0.010605559257988633,0.014263847154574566,0.009535465715540271,0.0077913869887516725,0.5,8.220908303425682,7.852812659593164
