,AUROC,Accuracy,Balanced Accuracy,F1-Score,MCC,Sensitivity,Specificity,Precision,Negative Predictive Value,Test Cases,Negative Test Cases,Positive Test Cases
"(0, 0)",0.8660591198555272,0.7964955425760836,0.7940946678072427,0.8136261261261262,0.5899355409011621,0.8257142857142857,0.7624750499001997,0.8018867924528302,0.7898001378359751,3253.0,1503.0,1750.0
"(0, 1)",0.8531087562693099,0.7798277982779828,0.7801280559320565,0.7910099241097491,0.5590366706668705,0.7760595647193586,0.7841965471447543,0.8065476190476191,0.7512722646310432,3252.0,1506.0,1746.0
"(1, 0)",0.8533527976949657,0.7823547494620351,0.7810948684427421,0.7970183486238532,0.5624408018835237,0.7993099482461185,0.7628797886393659,0.7947398513436249,0.7679521276595744,3253.0,1514.0,1739.0
"(1, 1)",0.8649800225757267,0.7948954489544895,0.7941788507698779,0.8088277443393523,0.587695251870562,0.8030734206033011,0.7852842809364549,0.8146651270207852,0.7723684210526316,3252.0,1495.0,1757.0
"(2, 0)",0.8556927844683201,0.7848140178296956,0.7833745399856442,0.799771167048055,0.5672728448850048,0.8043728423475259,0.7623762376237624,0.7952218430034129,0.7725752508361204,3253.0,1515.0,1738.0
"(2, 1)",0.8586067820771137,0.7896678966789668,0.7896797657067405,0.8023121387283237,0.5780790937233342,0.7895335608646189,0.7898259705488622,0.8155111633372503,0.7612903225806451,3252.0,1494.0,1758.0
mean,0.8586333771568272,0.7880092422965422,0.7870917914407173,0.8020942414959099,0.5740767006550762,0.7996772704158682,0.7745063124655666,0.8047620660342537,0.7692097540993318,3252.5,1504.5,1748.0
std,0.005203769639442895,0.006208959168930637,0.005834365920988488,0.007443065655664309,0.011978285889060537,0.015123569843759562,0.012054205539645077,0.008331964056642154,0.011770869380916161,0.5,8.220908303425682,7.852812659593164
