,AUROC,Accuracy,Balanced Accuracy,F1-Score,MCC,Sensitivity,Specificity,Precision,Negative Predictive Value,Test Cases,Negative Test Cases,Positive Test Cases
"(0, 0)",0.831180496150556,0.7632954196126652,0.7610307005037544,0.7823629169022046,0.5231395200148399,0.7908571428571428,0.7312042581503659,0.7740492170022372,0.7501706484641638,3253.0,1503.0,1750.0
"(0, 1)",0.8255439486802695,0.763530135301353,0.7619385002943553,0.780599144079886,0.5242049460696191,0.7835051546391752,0.7403718459495352,0.7777146105741899,0.7468184862692565,3252.0,1506.0,1746.0
"(1, 0)",0.818844512744004,0.7519213034122348,0.7507928682497951,0.7677697841726621,0.5015223084188761,0.7671075330649799,0.7344782034346103,0.7684331797235023,0.7330257086354647,3253.0,1514.0,1739.0
"(1, 1)",0.8355807539074472,0.7813653136531366,0.7803608309237964,0.7966828710323134,0.5602776410710619,0.7928286852589641,0.7678929765886288,0.8005747126436782,0.7592592592592593,3252.0,1495.0,1757.0
"(2, 0)",0.8148233810722845,0.758376882877344,0.7573207320732074,0.7736175115207373,0.5145558770818272,0.7727272727272727,0.7419141914191419,0.7745098039215687,0.7399605003291639,3253.0,1515.0,1738.0
"(2, 1)",0.8203646973179026,0.753690036900369,0.7529857770102024,0.7697614256970393,0.5051644785727105,0.7616609783845278,0.7443105756358769,0.7780360255665311,0.7263226649248857,3252.0,1494.0,1758.0
mean,0.8243896316454107,0.7620298486261837,0.7607382348425186,0.7784656089008072,0.5214774618714891,0.7781144611553438,0.7433620085296933,0.7788862582386179,0.7425928779803656,3252.5,1504.5,1748.0
std,0.007201285718853561,0.009684971541557855,0.009637277404006144,0.00970633076616089,0.019269515746665473,0.01175326383461965,0.011835246141351723,0.01020050553552339,0.010925708292013161,0.5,8.220908303425682,7.852812659593164
