,PRC-AUC,AUROC,Accuracy,Balanced Accuracy,F1-Score,MCC,Sensitivity,Specificity,Precision,Negative Predictive Value,Test Cases,Negative Test Cases,Positive Test Cases
"(0, 0)",0.5423780732664856,0.5115483319076133,0.5081463264678758,0.5061862940785097,0.537839399191219,0.012353950931345645,0.532,0.4803725881570193,0.5438084112149533,0.46852693056456846,3253.0,1503.0,1750.0
"(0, 1)",0.5254181956359905,0.48164539246602744,0.4843173431734317,0.48393482199495264,0.5045790251107828,-0.03204376091933962,0.48911798396334477,0.47875166002656044,0.5210494203782794,0.44699318040917546,3252.0,1506.0,1746.0
"(1, 0)",0.5265255483353346,0.4910961370319419,0.5019981555487243,0.500672466220964,0.5274212368728122,0.0013427031229427669,0.5198389879240943,0.4815059445178336,0.5352279455298994,0.46611253196930946,3253.0,1514.0,1739.0
"(1, 1)",0.5548975604523967,0.5260604976177469,0.5264452644526445,0.5292363275041259,0.5302013422818792,0.058404478438659264,0.4945930563460444,0.5638795986622074,0.5713346482577252,0.48700173310225303,3252.0,1495.0,1757.0
"(2, 0)",0.5349715494750664,0.5055587204290048,0.5050722410083001,0.5067159247570326,0.5103406326034063,0.013415097914998788,0.4827387802071346,0.5306930693069307,0.5412903225806451,0.4721080446271286,3253.0,1515.0,1738.0
"(2, 1)",0.5168138481381231,0.4638005948709514,0.4732472324723247,0.4696270862745635,0.5134904856574837,-0.06076138732619326,0.5142207053469852,0.4250334672021419,0.5127623369256948,0.4264607118871726,3252.0,1494.0,1758.0
mean,0.5335007958838995,0.49661827905388095,0.49987109385388356,0.4993954868050247,0.5206453536195972,-0.001214819639597736,0.5054182522979339,0.4933727213121155,0.5375788474811994,0.46120052209326784,3252.5,1504.5,1748.0
std,0.012458112711900705,0.020417982207576298,0.01711233227868819,0.018783858992071013,0.011890970235321539,0.037539678990303575,0.01774482166751012,0.043889788233471894,0.01864870189529755,0.019455862913920496,0.5,8.220908303425682,7.852812659593164
