,AUROC,Accuracy,Balanced Accuracy,F1-Score,MCC,Sensitivity,Specificity,Precision,Negative Predictive Value,Test Cases,Negative Test Cases,Positive Test Cases
"(0, 0)",0.8380572188955423,0.7823547494620351,0.7823604220131166,0.7945443993035404,0.5636053440221138,0.7822857142857143,0.782435129740519,0.8071933962264151,0.7552986512524085,3253.0,1503.0,1750.0
"(0, 1)",0.8365242732772613,0.7736777367773677,0.7754046813889915,0.7810826888756691,0.5493176982515012,0.7520045819014891,0.798804780876494,0.8125,0.7353300733496333,3252.0,1506.0,1746.0
"(1, 0)",0.8451593826604368,0.7814325238241623,0.7803177626036616,0.7957483481758116,0.5607083645291073,0.7964347326049454,0.7642007926023778,0.7950631458094145,0.7657180675049636,3253.0,1514.0,1739.0
"(1, 1)",0.8532798571599889,0.7939729397293973,0.7943724385782241,0.8054587688734031,0.5872444298304498,0.7894137734775185,0.7993311036789298,0.8221695317131001,0.7635782747603834,3252.0,1495.0,1757.0
"(2, 0)",0.8419793245147299,0.7789732554565016,0.7795176353078346,0.7885915907086153,0.5578606453968052,0.7715765247410817,0.7874587458745874,0.8063740228502706,0.7503144654088051,3253.0,1515.0,1738.0
"(2, 1)",0.8385917580066188,0.7789052890528906,0.7783683082729096,0.7933314170738719,0.5558485657246295,0.7849829351535836,0.7717536813922357,0.8018593840790238,0.7531025473546702,3252.0,1494.0,1758.0
mean,0.8422653024190963,0.7815527490503925,0.7817235413607896,0.7931262021684852,0.5624308412924345,0.7794497103607222,0.7839973723608572,0.8075265801130375,0.753890346605144,3252.5,1504.5,1748.0
std,0.005685364412891997,0.006199428000599767,0.006033628449893486,0.007378235572868799,0.011945906701900554,0.014385497078934988,0.012978295409124978,0.0084463467665883,0.009946737764322706,0.5,8.220908303425682,7.852812659593164
