,PRC-AUC,AUROC,Accuracy,Balanced Accuracy,F1-Score,MCC,Sensitivity,Specificity,Precision,Negative Predictive Value,Test Cases,Negative Test Cases,Positive Test Cases
"(0, 0)",0.5441696293694249,0.5044788518201693,0.5066092837380879,0.508654880714761,0.512306289881495,0.01728368718167458,0.4817142857142857,0.5355954757152362,0.5470473718364698,0.4702102803738318,3253.0,1503.0,1750.0
"(0, 1)",0.49825811464910136,0.44827581617021794,0.47386223862238624,0.47232718610095703,0.5016020972909991,-0.05523358232494915,0.49312714776632305,0.45152722443559096,0.5103734439834025,0.43450479233226835,3252.0,1506.0,1746.0
"(1, 0)",0.5321485345787116,0.4821710043048473,0.4829388256993544,0.4851962477106523,0.4834152334152334,-0.029603760558374485,0.45255894192064405,0.5178335535006605,0.5187870797626896,0.45161290322580644,3253.0,1514.0,1739.0
"(1, 1)",0.5619506099430962,0.5168017847387326,0.5067650676506765,0.5067843294761708,0.5260047281323877,0.01352455376087054,0.5065452475811042,0.5070234113712374,0.547019053472649,0.4664615384615385,3252.0,1495.0,1757.0
"(2, 0)",0.5592897649039017,0.5188192869919903,0.5142944973870274,0.5174214889843415,0.5093167701863355,0.034899008321969696,0.4718066743383199,0.563036303630363,0.553306342780027,0.4816487859966121,3253.0,1515.0,1738.0
"(2, 1)",0.5483599431162464,0.4866062657912652,0.48769987699877,0.48676389288667754,0.5125804564072557,-0.02639060989941811,0.49829351535836175,0.47523427041499333,0.5277108433734939,0.44597989949748745,3252.0,1494.0,1758.0
mean,0.540696099426747,0.4928588349695371,0.49536163168271713,0.4961913376455933,0.5075375958856178,-0.0075867839197044885,0.4840076354465064,0.5083750398446802,0.5340406892014553,0.45840303331459076,3252.5,1504.5,1748.0
std,0.021378813267441305,0.024232225841414486,0.01466432137145201,0.015798402629860216,0.012971056459147569,0.0315642730100653,0.01797377283700792,0.03685575708741489,0.01602942703000186,0.015896968519104854,0.5,8.220908303425682,7.852812659593164
