,AUROC,Accuracy,Balanced Accuracy,F1-Score,MCC,Sensitivity,Specificity,Precision,Negative Predictive Value,Test Cases,Negative Test Cases,Positive Test Cases
"(0, 0)",0.8289381237524951,0.7660620965262834,0.7629447771124418,0.7871328671328671,0.5283205710504342,0.804,0.7218895542248835,0.770958904109589,0.7598039215686274,3253.0,1503.0,1750.0
"(0, 1)",0.8269807368464288,0.7626076260762608,0.7615357584552969,0.778288340034463,0.5228429018130848,0.7760595647193586,0.7470119521912351,0.7805299539170507,0.7420844327176781,3252.0,1506.0,1746.0
"(1, 0)",0.8197874087584309,0.7629880110667077,0.7623827979304525,0.7767158992180713,0.5242680170567697,0.7711328349626222,0.7536327608982827,0.7823803967327888,0.7413905133203379,3253.0,1514.0,1739.0
"(1, 1)",0.8319583586342639,0.7709102091020911,0.7689397212868545,0.7891310500990658,0.5384269179457648,0.7933978372225384,0.7444816053511706,0.7849099099099099,0.7540650406504065,3252.0,1495.0,1757.0
"(2, 0)",0.8260357681337753,0.7734399016292653,0.772137277018841,0.7886435331230284,0.544540781424309,0.7911392405063291,0.7531353135313531,0.7861635220125787,0.7586436170212766,3253.0,1515.0,1738.0
"(2, 1)",0.8231604841817021,0.7690651906519065,0.7680106089888564,0.78524449528167,0.5355468390612715,0.7810011376564278,0.7550200803212851,0.78953421506613,0.7455386649041639,3252.0,1494.0,1758.0
mean,0.8261434800511828,0.7675121725087525,0.7659918234654572,0.7841926974815276,0.5323243380586057,0.7861217691778793,0.7458618777530349,0.7824128169580078,0.7502543650304151,3252.5,1504.5,1748.0
std,0.003907969502343489,0.003994200449524615,0.003930612083297782,0.004911077441339002,0.007828362686592472,0.011179477452786846,0.011365608105263795,0.0058559928915082006,0.007568006304361717,0.5,8.220908303425682,7.852812659593164
