,PRC-AUC,AUROC,Accuracy,Balanced Accuracy,F1-Score,MCC,Sensitivity,Specificity,Precision,Negative Predictive Value,Test Cases,Negative Test Cases,Positive Test Cases
"(0, 0)",0.8774332291252712,0.8580342172797263,0.7912695972948048,0.7896601083547191,0.8069377310207563,0.5798150976418879,0.8108571428571428,0.7684630738522954,0.8030560271646859,0.7772543741588156,3253.0,1503.0,1750.0
"(0, 1)",0.8735617149248239,0.8591943794124761,0.7890528905289053,0.7883996659410468,0.8023054755043227,0.5762740273862483,0.7972508591065293,0.7795484727755644,0.8074245939675174,0.768324607329843,3252.0,1506.0,1746.0
"(1, 0)",0.8701266201691589,0.8482928739470519,0.7728250845373501,0.7716689468354776,0.7877046825624819,0.5434084856364929,0.7883841288096607,0.7549537648612946,0.7870264064293915,0.7564526803441429,3253.0,1514.0,1739.0
"(1, 1)",0.8846857165665645,0.8722196736227568,0.8001230012300123,0.7991662589965032,0.8142857142857143,0.5979374706957888,0.811041548093341,0.7872909698996655,0.8175559380378657,0.7799867461895295,3252.0,1495.0,1757.0
"(2, 0)",0.8770137446156071,0.8608715301909938,0.7857362434675684,0.7852962511441017,0.7979124383879385,0.5700199706945251,0.7917146144994246,0.7788778877887789,0.804208065458796,0.7652399481193255,3253.0,1515.0,1738.0
"(2, 1)",0.8697731981628003,0.8585525263739828,0.7887453874538746,0.7885752338135248,0.8018459763484281,0.5759964298646424,0.7906712172923777,0.786479250334672,0.8133411351667642,0.76150356448477,3252.0,1494.0,1758.0
mean,0.8754323705940377,0.8595275334711646,0.7879587007520858,0.7871277441808955,0.8018320030182736,0.573908580319931,0.7983199184430793,0.7759355699187118,0.8054353610375035,0.768126986771071,3252.5,1504.5,1748.0
std,0.005095834297994833,0.006980997387519131,0.008110836633631532,0.008138186740971134,0.008127442446931666,0.016163776557640435,0.009318595476719526,0.01123906096220515,0.009655946293466278,0.008291524722913134,0.5,8.220908303425682,7.852812659593164
