,AUROC,Accuracy,Balanced Accuracy,F1-Score,MCC,Sensitivity,Specificity,Precision,Negative Predictive Value,Test Cases,Negative Test Cases,Positive Test Cases
"(0, 0)",0.8360830719513354,0.7752843529050107,0.7732534930139721,0.7929764939110734,0.5474045057725343,0.8,0.7465069860279441,0.7860752386299832,0.7622282608695652,3253.0,1503.0,1750.0
"(0, 1)",0.8218749667234081,0.7619926199261993,0.7612368395832478,0.7768166089965398,0.5219594122043241,0.7714776632302406,0.750996015936255,0.7822299651567944,0.7392156862745098,3252.0,1506.0,1746.0
"(1, 0)",0.8126844486916439,0.7608361512450046,0.759130993609197,0.7779680365296804,0.5189054882554859,0.7837837837837838,0.7344782034346103,0.7722379603399433,0.7473118279569892,3253.0,1514.0,1739.0
"(1, 1)",0.8301355495362078,0.77460024600246,0.7731525879282679,0.7913464275547966,0.5462780364398298,0.7911212293682414,0.7551839464882943,0.7915717539863326,0.7546791443850267,3252.0,1495.0,1757.0
"(2, 0)",0.819156915691569,0.7639102367045804,0.7620756379435412,0.7811965811965811,0.5250231601897837,0.7888377445339471,0.7353135313531353,0.7737020316027088,0.7521944632005402,3253.0,1515.0,1738.0
"(2, 1)",0.8294099796988484,0.77460024600246,0.7734316104006469,0.7907507850413931,0.546523836387581,0.7878270762229806,0.7590361445783133,0.7936962750716332,0.7524883875248839,3252.0,1494.0,1758.0
mean,0.8248908220488355,0.7685373087976193,0.7670468604131454,0.7851758222050108,0.5343490732082564,0.7871745828565322,0.7469191379697587,0.7832522041312325,0.7513529617019192,3252.5,1504.5,1748.0
std,0.007790646380494196,0.006358610900645319,0.006294145047548325,0.006679197043619294,0.012516322751426062,0.008574672025378349,0.009321897779103416,0.008163203880014853,0.007011623166144065,0.5,8.220908303425682,7.852812659593164
