,AUROC,Accuracy,Balanced Accuracy,F1-Score,MCC,Sensitivity,Specificity,Precision,Negative Predictive Value,Test Cases,Negative Test Cases,Positive Test Cases
"(0, 0)",0.8636804486265564,0.7909621887488473,0.7890926717992586,0.8072562358276645,0.5790335188600676,0.8137142857142857,0.7644710578842315,0.8008998875140607,0.7789830508474577,3253.0,1503.0,1750.0
"(0, 1)",0.8560713237162082,0.7841328413284133,0.7837264915138986,0.7969924812030075,0.5666987418041842,0.7892325315005727,0.7782204515272244,0.8049065420560748,0.7610389610389611,3252.0,1506.0,1746.0
"(1, 0)",0.8650673073928363,0.7912695972948048,0.7905012294680357,0.8041534467839629,0.5807428988725495,0.8016101207590569,0.7793923381770145,0.8067129629629629,0.7737704918032787,3253.0,1514.0,1739.0
"(1, 1)",0.8701018191924133,0.7927429274292743,0.7918875858248802,0.8070978820835718,0.5832380800460029,0.8025042686397268,0.7812709030100334,0.8117443868739206,0.7709570957095709,3252.0,1495.0,1757.0
"(2, 0)",0.8628128002673685,0.7924992314786351,0.7914559810411421,0.8059787295199771,0.5829870247753932,0.806674338319908,0.7762376237623763,0.8052843193566915,0.7777777777777778,3253.0,1515.0,1738.0
"(2, 1)",0.8666118779250488,0.7890528905289053,0.7897642903810921,0.80011655011655,0.577867629072081,0.7810011376564278,0.7985274431057564,0.8201911589008363,0.756020278833967,3252.0,1494.0,1758.0
mean,0.8640575961867386,0.7901099461348133,0.7894047083380512,0.8035992209224556,0.5784279822383797,0.799122780431663,0.7796866362444396,0.8082898762774243,0.7697579426685022,3252.5,1504.5,1748.0
std,0.004272953872855299,0.0029313117557929545,0.002709353282453802,0.0038157922085133144,0.005590714030585419,0.010906957551260912,0.010026063744765059,0.006206892458183317,0.00848236349684127,0.5,8.220908303425682,7.852812659593164
