,PRC-AUC,AUROC,Accuracy,Balanced Accuracy,F1-Score,MCC,Sensitivity,Specificity,Precision,Negative Predictive Value,Test Cases,Negative Test Cases,Positive Test Cases
"(0, 0)",0.8851361579239685,0.8714816082121472,0.8038733476790655,0.803675125938599,0.815606936416185,0.6063965368221569,0.8062857142857143,0.8010645375914837,0.8251461988304094,0.7802981205443941,3253.0,1503.0,1750.0
"(0, 1)",0.8725525157650842,0.8609006128977789,0.7859778597785978,0.7867681621737563,0.7956547269524369,0.572097379673168,0.7760595647193586,0.797476759628154,0.8162650602409639,0.7543969849246231,3252.0,1506.0,1746.0
"(1, 0)",0.8783180545543257,0.8642377867904162,0.7937288656624654,0.7943823907664938,0.8027050867391945,0.587494699560233,0.7849338700402531,0.8038309114927344,0.8212996389891697,0.7649277184160905,3253.0,1514.0,1739.0
"(1, 1)",0.8794946505895698,0.8689505713410095,0.7979704797047971,0.7986703924864327,0.8086221963297406,0.5956807033695491,0.7899829254410927,0.8073578595317725,0.8281622911694511,0.7658629441624365,3252.0,1495.0,1757.0
"(2, 0)",0.8765713412549656,0.8609241303877223,0.7878881032892714,0.7881993262617402,0.7978910369068543,0.5753091820854882,0.7836593785960875,0.7927392739273927,0.8126491646778043,0.761572606214331,3253.0,1515.0,1738.0
"(2, 1)",0.871821135276527,0.8671828002186981,0.7985854858548586,0.8000386072161227,0.8076358296622614,0.5981464817744516,0.7821387940841866,0.8179384203480589,0.8348512446873103,0.7613707165109034,3252.0,1494.0,1758.0
mean,0.8773156425607403,0.865612918307962,0.7946706903281759,0.7952890008071908,0.8046859688344453,0.5891874972141745,0.7871767078611155,0.8034012937532662,0.8230622664325181,0.7647381817954632,3252.5,1504.5,1748.0
std,0.0044785477174083795,0.003960797884781279,0.006236438084203369,0.0061645462578520036,0.006771526445674766,0.012289029572687429,0.009481581769839592,0.007972935830266743,0.007383253466650537,0.007870977833230621,0.5,8.220908303425682,7.852812659593164
