,PRC-AUC,AUROC,Accuracy,Balanced Accuracy,F1-Score,MCC,Sensitivity,Specificity,Precision,Negative Predictive Value,Test Cases,Negative Test Cases,Positive Test Cases
"(0, 0)",0.5450876439060446,0.48166828248265375,0.4893944051644636,0.48603440737572473,0.5277224907591697,-0.027955045301422034,0.5302857142857142,0.4417831004657352,0.5251839275608375,0.4468371467025572,3253.0,1503.0,1750.0
"(0, 1)",0.5297397036983271,0.49234904596961526,0.49477244772447726,0.4952686390748575,0.5094057927739624,-0.009437861311384372,0.488545246277205,0.50199203187251,0.5321272613849033,0.4584596725288053,3252.0,1506.0,1746.0
"(1, 0)",0.5092756538477814,0.46731274825796876,0.4721795265908392,0.4704754854632591,0.5007269555103228,-0.058967851032464366,0.49511213341000576,0.44583883751651254,0.5064705882352941,0.4346426271732131,3253.0,1514.0,1739.0
"(1, 1)",0.568393897901277,0.5182507428480059,0.5070725707257072,0.5070689054579579,0.5264401772525849,0.014091863679856487,0.5071143995446784,0.5070234113712374,0.5472972972972973,0.4667487684729064,3252.0,1495.0,1757.0
"(2, 0)",0.5098396848270456,0.45647438161537673,0.47863510605594833,0.4789259305677403,0.4931261207411835,-0.04205170715600969,0.47468354430379744,0.48316831683168315,0.5130597014925373,0.4449848024316109,3253.0,1515.0,1738.0
"(2, 1)",0.5573217466351221,0.5141144783913811,0.511070110701107,0.5130030931461911,0.5196374622356495,0.025947234941411202,0.4891922639362912,0.536813922356091,0.5541237113402062,0.4717647058823529,3252.0,1494.0,1758.0
mean,0.5366097218025997,0.48836161326083366,0.4921873611604238,0.4917960768476218,0.5128431665454788,-0.016395561030002132,0.497488883626282,0.48610327006896153,0.5297104145518459,0.45390628719857434,3252.5,1504.5,1748.0
std,0.02244281728271145,0.022646267854196173,0.014003499755050759,0.014991445559709526,0.012908753145914735,0.02993065432017954,0.01752539894227401,0.03380283822422242,0.01707324178590565,0.012943724325611456,0.5,8.220908303425682,7.852812659593164
