,PRC-AUC,AUROC,Accuracy,Balanced Accuracy,F1-Score,MCC,Sensitivity,Specificity,Precision,Negative Predictive Value,Test Cases,Negative Test Cases,Positive Test Cases
"(0, 0)",0.4991757029480419,0.4395490922916072,0.4558868736550876,0.4542811519817508,0.4845661036691904,-0.09123075601958393,0.4754285714285714,0.43313373253493015,0.49406175771971494,0.4149139579349904,3253.0,1503.0,1750.0
"(0, 1)",0.5618499216555269,0.5341223878826047,0.5236777367773677,0.525746954906605,0.528749619714025,0.05142379805017997,0.497709049255441,0.5537848605577689,0.563919532770928,0.48743424897720633,3252.0,1506.0,1746.0
"(1, 0)",0.5032886006844002,0.45969361671742287,0.4703350753150938,0.46853670894537697,0.4995643334301481,-0.06284726286158468,0.4945370902817711,0.4425363276089828,0.5046948356807511,0.4325371207230471,3253.0,1514.0,1739.0
"(1, 1)",0.5423089483110219,0.5014685643474834,0.4993849938499385,0.4980094909421083,0.5264688772542175,-0.003970348982480696,0.5150825270347182,0.4809364548494983,0.5383700178465199,0.4576702737110121,3252.0,1495.0,1757.0
"(2, 0)",0.5593123175659311,0.532254364676974,0.5281278819551184,0.5278266434238361,0.5465288035450517,0.055526775084355384,0.5322209436133487,0.5234323432343234,0.5616272009714632,0.4937733499377335,3253.0,1515.0,1738.0
"(2, 1)",0.5399492323181642,0.4896369703310779,0.49046740467404676,0.48972568316496934,0.514218704192319,-0.02048363484928633,0.4988623435722412,0.48058902275769744,0.530550514216576,0.44903064415259536,3252.0,1494.0,1758.0
mean,0.5343141205805144,0.49278749937452826,0.4946466610377755,0.49402110556077444,0.5166827403008253,-0.011930238263066712,0.5023067541976819,0.48573545692386677,0.5322039765343255,0.45589326590609747,3252.5,1504.5,1748.0
std,0.024752418153380768,0.034835389680476454,0.026131359872156545,0.027118321481203717,0.020259792787210174,0.05413227396521812,0.017672418913891482,0.04229735799515822,0.026216846789099198,0.028002383568215262,0.5,8.220908303425682,7.852812659593164
