,PRC-AUC,AUROC,Accuracy,Balanced Accuracy,F1-Score,MCC,Sensitivity,Specificity,Precision,Negative Predictive Value,Test Cases,Negative Test Cases,Positive Test Cases
"(0, 0)",0.523621767816633,0.47555821689953426,0.47586842914233013,0.47534112726927097,0.4974948423224286,-0.04917790341917632,0.48228571428571426,0.4683965402528277,0.5136944613511869,0.4372670807453416,3253.0,1503.0,1750.0
"(0, 1)",0.531592878530456,0.4878264718902169,0.5,0.4987221788675767,0.5256709451575262,-0.0025501859311329637,0.516036655211913,0.4814077025232404,0.5356718192627824,0.46178343949044587,3252.0,1506.0,1746.0
"(1, 0)",0.5424215566966811,0.4979499370643023,0.4915462649861666,0.48961485024190554,0.5211349160393746,-0.020751297560190115,0.5175388154111559,0.4616908850726552,0.5247813411078717,0.4544863459037711,3253.0,1514.0,1739.0
"(1, 1)",0.5392024356864261,0.4901136971464358,0.49046740467404676,0.4891084491465576,0.517612809315866,-0.021723402749862827,0.5059760956175299,0.47224080267558527,0.5297973778307509,0.4485387547649301,3252.0,1495.0,1757.0
"(2, 0)",0.5563991967096447,0.5313725043390415,0.5272056563172456,0.5296737268663575,0.5273509526736325,0.05934495203286117,0.4936708860759494,0.5656765676567657,0.5659630606860159,0.4933793897524468,3253.0,1515.0,1738.0
"(2, 1)",0.5811137488483584,0.5316563942535406,0.5236777367773677,0.5220004020633158,0.5519236332079838,0.04389983927510844,0.5426621160409556,0.501338688085676,0.5615067686874632,0.4822923374114617,3252.0,1494.0,1758.0
mean,0.5457252640480332,0.5024128702655118,0.5014609153161927,0.5007434557424973,0.5235313497861352,0.0015070002746012297,0.5096950471072029,0.49179186437779165,0.5385691381543452,0.4629578913447328,3252.5,1504.5,1748.0
std,0.018744013858184052,0.021598483581231006,0.01840582351039618,0.019137230055262928,0.016041408548848984,0.038216238109932923,0.01919394084644007,0.03534019477091401,0.019020835135605537,0.019323405662369255,0.5,8.220908303425682,7.852812659593164
