,AUROC,Accuracy,Balanced Accuracy,F1-Score,MCC,Sensitivity,Specificity,Precision,Negative Predictive Value,Test Cases,Negative Test Cases,Positive Test Cases
"(0, 0)",0.8266923296264612,0.7795880725484169,0.7775352152837183,0.7970563260684971,0.5560479809142912,0.8045714285714286,0.7504990019960079,0.7896803140773977,0.7673469387755102,3253.0,1503.0,1750.0
"(0, 1)",0.8371240125409016,0.764760147601476,0.7668261661258745,0.7713004484304932,0.5322704531670016,0.738831615120275,0.7948207171314741,0.8067542213883677,0.7241379310344828,3252.0,1506.0,1746.0
"(1, 0)",0.8505822216719092,0.7851214263756533,0.7845798804791468,0.7976845151953691,0.5686582463031858,0.7924094307073031,0.7767503302509907,0.803030303030303,0.7651268705270007,3253.0,1514.0,1739.0
"(1, 1)",0.8509864983448909,0.7838253382533825,0.7828369274930855,0.798970546182442,0.5652259126977874,0.7951052931132613,0.7705685618729097,0.8028735632183908,0.7619047619047619,3252.0,1495.0,1757.0
"(2, 0)",0.8414236993319585,0.7783584383645865,0.7786881852742236,0.7886250366461448,0.5562925473978704,0.7738780207134638,0.7834983498349835,0.8039450089659295,0.7512658227848101,3253.0,1515.0,1738.0
"(2, 1)",0.8457706441998558,0.7730627306273062,0.7746732093333516,0.7824292452830188,0.5475398680281421,0.754835039817975,0.7945113788487282,0.8121175030599755,0.7336217552533992,3252.0,1494.0,1758.0
mean,0.8420965676193296,0.7774526922951369,0.7775232639982333,0.7893443529676608,0.5543391680847131,0.7766051380072844,0.7784413899891823,0.8030668189567275,0.7505673467133276,3252.5,1504.5,1748.0
std,0.008436089493025297,0.006894113164152449,0.00580141871716655,0.009963391759401237,0.011996885711877844,0.023389307349773684,0.01526279733431256,0.006776432581620886,0.01637185785910047,0.5,8.220908303425682,7.852812659593164
