,PRC-AUC,AUROC,Accuracy,Balanced Accuracy,F1-Score,MCC,Sensitivity,Specificity,Precision,Negative Predictive Value,Test Cases,Negative Test Cases,Positive Test Cases
"(0, 0)",0.5404645895621013,0.49370059880239525,0.4949277589917,0.4935249500998004,0.5216885007278019,-0.012921075025450784,0.512,0.4750499001996008,0.5317507418397626,0.45535714285714285,3253.0,1503.0,1750.0
"(0, 1)",0.529304572528013,0.4814430707867271,0.48308733087330874,0.48237861840153706,0.5054427772874375,-0.03515150296173677,0.4919816723940435,0.47277556440903057,0.5196612220205686,0.4452782989368355,3252.0,1506.0,1746.0
"(1, 0)",0.5512716110273358,0.4927735993673766,0.4998462957270212,0.4999844274978483,0.5156296516820483,-3.107066325990059e-05,0.49798734905117886,0.5019815059445178,0.5345679012345679,0.46540110226576853,3253.0,1514.0,1739.0
"(1, 1)",0.5667961152403873,0.5243477118758602,0.5141451414514145,0.513963258290298,0.5344725987035945,0.02783637261667609,0.5162208309618668,0.5117056856187291,0.5540623091020159,0.47368421052631576,3252.0,1495.0,1757.0
"(2, 0)",0.5132316384256118,0.46933712358577634,0.4801721487857362,0.4775695291048092,0.5144989951191502,-0.04487466327430627,0.5155350978135789,0.4396039603960396,0.5134670487106017,0.4416445623342175,3253.0,1515.0,1738.0
"(2, 1)",0.5366615474458267,0.4846595330887449,0.48985239852398527,0.48940814452348647,0.5119152691968225,-0.021114690277359377,0.4948805460750853,0.4839357429718876,0.5301645338208409,0.44878957169459965,3252.0,1494.0,1758.0
mean,0.5396216790382126,0.49104360625114674,0.49367184572552764,0.49280482131962994,0.5172746321194759,-0.014376104930906167,0.5047675827159589,0.4808420599233008,0.5306122927880595,0.4550258147691466,3252.5,1504.5,1748.0
std,0.016765642972710118,0.01694753668487039,0.01131163809151985,0.011917088813924307,0.009077242347580628,0.02379418044294131,0.010055087446805378,0.023123612609637283,0.012786268696490745,0.011320003021818565,0.5,8.220908303425682,7.852812659593164
