,AUROC,Accuracy,Balanced Accuracy,F1-Score,MCC,Sensitivity,Specificity,Precision,Negative Predictive Value,Test Cases,Negative Test Cases,Positive Test Cases
"(0, 0)",0.8422752590057978,0.7881955118352291,0.7885872065393024,0.7991839113960946,0.5758315509558128,0.7834285714285715,0.7937458416500333,0.8155859607376561,0.7589058524173028,3253.0,1503.0,1750.0
"(0, 1)",0.8397325170490242,0.7742927429274292,0.7726915933060428,0.790763968072976,0.5458084619832408,0.7943871706758304,0.750996015936255,0.7871736662883088,0.7590604026845638,3252.0,1506.0,1746.0
"(1, 0)",0.8434200101335209,0.7740547187211805,0.7733317862115748,0.7876336318982954,0.5462968480678974,0.7837837837837838,0.7628797886393659,0.7915214866434379,0.7544088830829523,3253.0,1514.0,1739.0
"(1, 1)",0.8465552981575848,0.7798277982779828,0.778339484869885,0.7963594994311718,0.5567349276216506,0.796812749003984,0.7598662207357859,0.7959067652075043,0.7608841259209645,3252.0,1495.0,1757.0
"(2, 0)",0.8353636629485733,0.7611435597909622,0.7625777134675493,0.7684053651266766,0.5239289552769709,0.7416570771001151,0.7834983498349835,0.7971552257266543,0.7255501222493888,3253.0,1515.0,1738.0
"(2, 1)",0.8342610106714305,0.7776752767527675,0.7767280727003577,0.7931330472103004,0.5529192656426607,0.78839590443686,0.7650602409638554,0.7979274611398963,0.7544554455445545,3252.0,1494.0,1758.0
mean,0.8402679596609887,0.7758649347175918,0.775375976182452,0.7892465705225858,0.5502533349247055,0.7814108760715243,0.7693410762933799,0.7975450942905763,0.7522108053166211,3252.5,1504.5,1748.0
std,0.004357322561105418,0.00809827457595872,0.007749487175074343,0.010030861636512836,0.015447475594024783,0.018459229177541024,0.014619672151222254,0.008872293522940639,0.012162984196049558,0.5,8.220908303425682,7.852812659593164
