,AUROC,Accuracy,Balanced Accuracy,F1-Score,MCC,Sensitivity,Specificity,Precision,Negative Predictive Value,Test Cases,Negative Test Cases,Positive Test Cases
"(0, 0)",0.8630183442638532,0.7934214571165078,0.7911436175268511,0.8104906937394247,0.5837848794207171,0.8211428571428572,0.761144377910845,0.8001113585746102,0.785175017158545,3253.0,1503.0,1750.0
"(0, 1)",0.8632524122676912,0.7807503075030751,0.7790247942936159,0.7971550497866287,0.5586925831024571,0.802405498281787,0.7556440903054449,0.7919728660260034,0.7673634524612273,3252.0,1506.0,1746.0
"(1, 0)",0.8524334503423292,0.7755917614509683,0.7743848291924404,0.7904707233065442,0.5489141588942655,0.7918343875790684,0.7569352708058125,0.7891117478510029,0.7599469496021221,3253.0,1514.0,1739.0
"(1, 1)",0.8704899465682421,0.8001230012300123,0.7987174093877714,0.8152359295054008,0.5975558566175042,0.8161639157655094,0.7812709030100334,0.8143100511073254,0.7833668678739101,3252.0,1495.0,1757.0
"(2, 0)",0.8678620393684938,0.7872732861973563,0.7863535720660674,0.8006912442396313,0.5726119004979751,0.7997698504027618,0.7729372937293729,0.8016147635524798,0.7709019091507571,3253.0,1515.0,1738.0
"(2, 1)",0.8626395989723017,0.7887453874538746,0.7888767813004007,0.8011577424023155,0.5763963850562427,0.7872582480091013,0.7904953145917001,0.8155568650559811,0.7594855305466238,3252.0,1494.0,1758.0
mean,0.8632826319638185,0.7876508668252992,0.7864168339611912,0.802533563829991,0.5729926272648603,0.8030957928635143,0.7697378750588681,0.8021129420279004,0.771039954465531,3252.5,1504.5,1748.0
std,0.005643659428771368,0.00799201823533899,0.007948934633887387,0.008209685042984938,0.01589454500198112,0.012149470778201757,0.012977595739581195,0.010046684741278658,0.010180438628460634,0.5,8.220908303425682,7.852812659593164
