,PRC-AUC,AUROC,Accuracy,Balanced Accuracy,F1-Score,MCC,Sensitivity,Specificity,Precision,Negative Predictive Value,Test Cases,Negative Test Cases,Positive Test Cases
"(0, 0)",0.5647239820359441,0.515845261857238,0.5152167230249001,0.5150115008079079,0.5346709943936264,0.02993721403197709,0.5177142857142857,0.5123087159015303,0.5527760829774253,0.4770755885997522,3253.0,1503.0,1750.0
"(0, 1)",0.5336356769205197,0.4728071296334327,0.4883148831488315,0.4909434427239495,0.48862937922556854,-0.018111475314448816,0.45532646048109965,0.5265604249667994,0.5271883289124668,0.4547018348623853,3252.0,1506.0,1746.0
"(1, 0)",0.5357363845307006,0.49035359455129546,0.4946203504457424,0.49419924294850515,0.5141843971631206,-0.011574478366422628,0.5002875215641173,0.48811096433289297,0.5288753799392097,0.4595771144278607,3253.0,1514.0,1739.0
"(1, 1)",0.5548128474651232,0.5082555587492362,0.506150061500615,0.510055335276191,0.5024783147459727,0.02013699826053852,0.46158224245873647,0.5585284280936454,0.5513256288239293,0.46883773161145426,3252.0,1495.0,1757.0
"(2, 0)",0.5538341013269077,0.5212096526108307,0.5075315093759607,0.5093138427766828,0.5118829981718465,0.018607816784929832,0.48331415420023016,0.5353135313531353,0.5440414507772021,0.4745465184318315,3253.0,1515.0,1738.0
"(2, 1)",0.5776296978741007,0.5301261930543563,0.5212177121771218,0.5238964961095806,0.5257386536704235,0.04772740975426157,0.4908987485779295,0.5568942436412316,0.5659016393442623,0.48176027793862186,3252.0,1494.0,1758.0
mean,0.5533954483588827,0.5064328984093983,0.5055085399455286,0.5072366434404695,0.5129307895617597,0.014453914191805929,0.48485390216606644,0.5296193847148726,0.5450180851290826,0.46941651097865095,3252.5,1504.5,1748.0
std,0.015384662622641637,0.01941166183246082,0.011252446924650206,0.011443346538231328,0.014939656745694689,0.022856043128788275,0.021487796399329236,0.024644267340767415,0.01363534272264551,0.009583122598993205,0.5,8.220908303425682,7.852812659593164
