,AUROC,Accuracy,Balanced Accuracy,F1-Score,MCC,Sensitivity,Specificity,Precision,Negative Predictive Value,Test Cases,Negative Test Cases,Positive Test Cases
"(0, 0)",0.853914646896683,0.7863510605594836,0.7846191426670468,0.8026128940641862,0.5698482698371303,0.8074285714285714,0.7618097139055223,0.79785431959345,0.7726045883940621,3253.0,1503.0,1750.0
"(0, 1)",0.832572155060552,0.7727552275522755,0.7729026619752377,0.7846109006120664,0.5446756023677473,0.7709049255441008,0.7749003984063745,0.7988130563798219,0.7447351627313338,3252.0,1506.0,1746.0
"(1, 0)",0.8379231067825463,0.7758991699969259,0.7759542335556275,0.7871532846715327,0.5509554736382416,0.7751581368602645,0.7767503302509907,0.7995255041518387,0.7504786215698788,3253.0,1514.0,1739.0
"(1, 1)",0.8499732555682669,0.7859778597785978,0.7864747412642787,0.7975567190226875,0.571413977231413,0.7803073420603301,0.7926421404682275,0.8155859607376561,0.7542966263526416,3252.0,1495.0,1757.0
"(2, 0)",0.8462855146274122,0.7848140178296956,0.7849836882422419,0.7953216374269005,0.5689578746866434,0.7825086306098964,0.7874587458745874,0.8085612366230678,0.7593889242520687,3253.0,1515.0,1738.0
"(2, 1)",0.8382167273569058,0.7724477244772447,0.7743054127773894,0.7811945594322887,0.5468004893000274,0.7514220705346986,0.7971887550200804,0.8134236453201971,0.7315724815724816,3252.0,1494.0,1758.0
mean,0.8431475677153943,0.7797075100323706,0.7798733134136371,0.791408332538277,0.5587752811768671,0.7779549461729768,0.7817916806542972,0.8056272871343385,0.7521794008120778,3252.5,1504.5,1748.0
std,0.007481246009005738,0.006124712826539671,0.005585223984807691,0.0076080054843703495,0.011470098076956169,0.01661566939620898,0.011965937666760547,0.0072186213045967,0.012626708538922407,0.5,8.220908303425682,7.852812659593164
