,AUROC,Accuracy,Balanced Accuracy,F1-Score,MCC,Sensitivity,Specificity,Precision,Negative Predictive Value,Test Cases,Negative Test Cases,Positive Test Cases
"(0, 0)",0.8359425910084592,0.7823547494620351,0.7816091626271267,0.7964347326049455,0.5626890976502742,0.7914285714285715,0.7717897538256819,0.8015046296296297,0.760655737704918,3253.0,1503.0,1750.0
"(0, 1)",0.836562113516153,0.772140221402214,0.7718279231299316,0.7852796290930164,0.5428143493136826,0.7760595647193586,0.7675962815405046,0.7947214076246334,0.7472527472527473,3252.0,1506.0,1746.0
"(1, 0)",0.8442698509521636,0.7848140178296956,0.7838650646486729,0.7985031663788139,0.5676348432288659,0.7975848188614146,0.7701453104359313,0.7994236311239193,0.7681159420289855,3253.0,1514.0,1739.0
"(1, 1)",0.8438795225214765,0.7742927429274292,0.7727183954102368,0.7913587265491756,0.5455472940754102,0.7922595332953899,0.7531772575250836,0.7904599659284497,0.7551978537894031,3252.0,1495.0,1757.0
"(2, 0)",0.8366044199356645,0.7762065785428834,0.7759968401903481,0.7881257275902211,0.5512279984016306,0.7790563866513234,0.7729372937293729,0.7974087161366313,0.7530546623794212,3253.0,1515.0,1738.0
"(2, 1)",0.8369993055269999,0.7742927429274292,0.7744036441556899,0.787369640787949,0.5474748518391591,0.773037542662116,0.7757697456492637,0.8022432113341205,0.7439024390243902,3252.0,1494.0,1758.0
mean,0.8390429672434861,0.7773501755152811,0.7767368383603342,0.7911786038340202,0.5528980724181703,0.7849044029363622,0.7685692737843063,0.7976269269628973,0.7546965636966442,3252.5,1504.5,1748.0
std,0.0035731082281432957,0.004617032352009822,0.004486793189446331,0.004829332358324274,0.009137399991102203,0.009225946161676147,0.007321687589772615,0.004070826989462786,0.00806703303648648,0.5,8.220908303425682,7.852812659593164
