,PRC-AUC,AUROC,Accuracy,Balanced Accuracy,F1-Score,MCC,Sensitivity,Specificity,Precision,Negative Predictive Value,Test Cases,Negative Test Cases,Positive Test Cases
"(0, 0)",0.8635259167660948,0.8512304913981561,0.772210267445435,0.768846877673225,0.793420685809869,0.5406887115575425,0.8131428571428572,0.7245508982035929,0.7746325530756668,0.7690677966101694,3253.0,1503.0,1750.0
"(0, 1)",0.850500915821817,0.8415296431684489,0.7644526445264452,0.7626150609475044,0.7821387940841865,0.5258640665047298,0.7875143184421535,0.7377158034528553,0.7768361581920904,0.7496626180836707,3252.0,1506.0,1746.0
"(1, 0)",0.8643851780506331,0.8515676572044093,0.7777436212726714,0.77532924447537,0.795820389720418,0.552565756930341,0.8102357676825762,0.7404227212681638,0.7819089900110988,0.7725706409372847,3253.0,1514.0,1739.0
"(1, 1)",0.8720139329338029,0.8592155981901348,0.7838253382533825,0.7817397395606299,0.8014685117198531,0.5643182931357758,0.8076266363118952,0.7558528428093646,0.7954035874439462,0.7697547683923706,3252.0,1495.0,1757.0
"(2, 0)",0.861191738454858,0.8515943366488548,0.7786658469105441,0.7764774578723694,0.7960339943342777,0.5545322584034581,0.8084004602991944,0.7445544554455445,0.7840401785714286,0.7720739219712526,3253.0,1515.0,1738.0
"(2, 1)",0.8627201224717087,0.8508362231634159,0.7767527675276753,0.77577431455058,0.7923340961098398,0.5510369478705868,0.7878270762229806,0.7637215528781793,0.7968929804372842,0.7536327608982827,3252.0,1494.0,1758.0
mean,0.8623896340831525,0.8509956582955699,0.7756084143226922,0.7734637825132799,0.7935360786297406,0.5481676724004058,0.8024578526836095,0.74446971234295,0.7849524079552525,0.7644604178155051,3252.5,1504.5,1748.0
std,0.006334906745393654,0.005130611057287814,0.0060378388495011676,0.006129203058049299,0.005855728352767452,0.012126500495629144,0.010599253330310558,0.01264231507923626,0.008507564223371955,0.00921242171584524,0.5,8.220908303425682,7.852812659593164
