,AUROC,Accuracy,Balanced Accuracy,F1-Score,MCC,Sensitivity,Specificity,Precision,Negative Predictive Value,Test Cases,Negative Test Cases,Positive Test Cases
"(0, 0)",0.86668624655451,0.8004918536735321,0.7979028609447771,0.8177478236450434,0.5979451243343304,0.832,0.7638057218895542,0.8039757040309221,0.7961165048543689,3253.0,1503.0,1750.0
"(0, 1)",0.8637970074646051,0.7872078720787208,0.7861794517234613,0.8014916810097532,0.5722061600415563,0.800114547537228,0.7722443559096945,0.8028735632183908,0.7691798941798942,3252.0,1506.0,1746.0
"(1, 0)",0.859060879367802,0.7841992007377805,0.7832472920938027,0.7979274611398963,0.5663995054891942,0.79700977573318,0.7694848084544254,0.7988472622478386,0.7674571805006588,3253.0,1514.0,1739.0
"(1, 1)",0.8755297015473701,0.8025830258302583,0.8012932503145564,0.8173022196926579,0.6025865006291128,0.8173022196926579,0.7852842809364549,0.8173022196926579,0.7852842809364549,3252.0,1495.0,1757.0
"(2, 0)",0.8662572586372561,0.786043652013526,0.7841018279043095,0.8022727272727272,0.5694754938589399,0.812428078250863,0.7557755775577558,0.792368125701459,0.778382053025153,3253.0,1515.0,1738.0
"(2, 1)",0.8673179635493053,0.7939729397293973,0.7935107894604585,0.807471264367816,0.5861064643179426,0.7992036405005688,0.7878179384203481,0.8159117305458768,0.769281045751634,3252.0,1494.0,1758.0
mean,0.8664415095201415,0.7924164240105358,0.7910392454068943,0.807368862854649,0.582453208111846,0.8096763769524163,0.772402113861372,0.805213100906191,0.7776168265413607,3252.5,1504.5,1748.0
std,0.0049146777303673795,0.007144451138849497,0.006962066953511234,0.007703428045101071,0.014082137894150033,0.012420541188608707,0.01127292551633335,0.008880027652494377,0.010372230577169494,0.5,8.220908303425682,7.852812659593164
