,AUROC,Accuracy,Balanced Accuracy,F1-Score,MCC,Sensitivity,Specificity,Precision,Negative Predictive Value,Test Cases,Negative Test Cases,Positive Test Cases
"(0, 0)",0.8446851059785192,0.7832769750999078,0.7821845832145233,0.7981677640996279,0.5641890150665672,0.7965714285714286,0.7677977378576181,0.7997705106138842,0.7642384105960265,3253.0,1503.0,1750.0
"(0, 1)",0.8357030069869434,0.7706027060270603,0.7699853506934462,0.7846420323325635,0.5393622437712167,0.7783505154639175,0.7616201859229748,0.7910360884749709,0.7477183833116037,3252.0,1506.0,1746.0
"(1, 0)",0.8390110929389718,0.7688287734399016,0.7695121552874722,0.7784325279905717,0.537815970892094,0.7596319723979299,0.7793923381770145,0.7981873111782477,0.7384230287859824,3253.0,1514.0,1739.0
"(1, 1)",0.8533430539666466,0.7779827798277983,0.7775796003753739,0.7920506912442395,0.5541853270956444,0.7825839499146272,0.7725752508361204,0.8017492711370262,0.7514638906961614,3252.0,1495.0,1757.0
"(2, 0)",0.8419854010717527,0.7679065478020289,0.766704835040466,0.7831083022120081,0.5335251786983932,0.784234752589183,0.7491749174917491,0.7819850831899025,0.7516556291390728,3253.0,1515.0,1738.0
"(2, 1)",0.8408619308481556,0.7764452644526445,0.776746348305623,0.7889695210449928,0.5520544520055005,0.773037542662116,0.7804551539491299,0.8055720213396562,0.7450479233226837,3252.0,1494.0,1758.0
mean,0.8425982652984981,0.7741738411082236,0.7737854788194841,0.787561806487334,0.546855364588236,0.7790683602665337,0.7685025973724345,0.7963833809889479,0.7497578776419217,3252.5,1504.5,1748.0
std,0.005531850807684017,0.005524734476007878,0.005424402351756998,0.006407295201917055,0.010776252077812775,0.011255129318140052,0.01079706899742428,0.007787331769610701,0.007863627039740063,0.5,8.220908303425682,7.852812659593164
