,PRC-AUC,AUROC,Accuracy,Balanced Accuracy,F1-Score,MCC,Sensitivity,Specificity,Precision,Negative Predictive Value,Test Cases,Negative Test Cases,Positive Test Cases
"(0, 0)",0.5194670089233109,0.45511947533504415,0.46510913003381493,0.46228913601368693,0.5011467889908257,-0.0753813290750298,0.49942857142857144,0.4251497005988024,0.5028768699654775,0.42178217821782177,3253.0,1503.0,1750.0
"(0, 1)",0.5749450753437236,0.5364734266447003,0.5224477244772447,0.5253316630385674,0.5223008305136881,0.05066564796578363,0.48625429553264604,0.5644090305444888,0.5641196013289037,0.48654836863194045,3252.0,1506.0,1746.0
"(1, 0)",0.5736781964558777,0.5344159893894288,0.5339686443283124,0.5342067101531955,0.5490779298036883,0.06824973506398081,0.5307648073605521,0.5376486129458389,0.5686999383857055,0.49938650306748467,3253.0,1514.0,1739.0
"(1, 1)",0.5484461105603959,0.5041982095507126,0.5101476014760148,0.5112113419232768,0.5234819024827999,0.022356560054184814,0.49800796812749004,0.5244147157190635,0.5517023959646911,0.47058823529411764,3252.0,1495.0,1757.0
"(2, 0)",0.5695746833972756,0.5280664775338293,0.516753765754688,0.515996536362497,0.5381903642773208,0.03192722653864433,0.5270425776754891,0.504950495049505,0.5498199279711885,0.4820415879017013,3253.0,1515.0,1738.0
"(2, 1)",0.5567610819161317,0.5038892772455008,0.5009225092250923,0.5022604639262397,0.5127589312518763,0.00450840166085032,0.4857792946530148,0.5187416331994645,0.5429116338207247,0.4615842763549732,3252.0,1494.0,1758.0
mean,0.5571453594327859,0.5103604759498693,0.5082248958825278,0.5085493085695773,0.5244927912200332,0.01705437370140235,0.5045462524629606,0.5125523646761939,0.546688394572782,0.47032185824467315,3252.5,1504.5,1748.0
std,0.01932241952596725,0.02800438805406338,0.021808874229640743,0.023029149762748224,0.015708800211203074,0.04601043047790642,0.01802420356071173,0.043195238933150124,0.02143601079018296,0.024758574650609776,0.5,8.220908303425682,7.852812659593164
