,PRC-AUC,AUROC,Accuracy,Balanced Accuracy,F1-Score,MCC,Sensitivity,Specificity,Precision,Negative Predictive Value,Test Cases,Negative Test Cases,Positive Test Cases
"(0, 0)",0.8753660627364444,0.8531803060545576,0.7863510605594836,0.78476000380192,0.802275960170697,0.5699459604476347,0.8057142857142857,0.7638057218895542,0.7988668555240793,0.771505376344086,3253.0,1503.0,1750.0
"(0, 1)",0.8704875674201149,0.8577551192709117,0.7785977859778598,0.7777047594273536,0.7929844738355376,0.5550756630984609,0.7898052691867125,0.7656042496679947,0.796189376443418,0.7585526315789474,3252.0,1506.0,1746.0
"(1, 0)",0.8638462121617014,0.8429959443127324,0.7700584076237319,0.7696794647313212,0.7828106852497096,0.5386949843010509,0.7751581368602645,0.7642007926023778,0.7906158357771261,0.7474160206718347,3253.0,1514.0,1739.0
"(1, 1)",0.8805961226111467,0.8647112457956041,0.7878228782287823,0.7864865430775703,0.8035307517084282,0.572916380007969,0.8030734206033011,0.7698996655518394,0.803988603988604,0.7688710754843019,3252.0,1495.0,1757.0
"(2, 0)",0.8708192372562992,0.853573395314215,0.7814325238241623,0.7812686331924332,0.7930131004366814,0.5617418541602901,0.7836593785960875,0.7788778877887789,0.8025928108426635,0.7583547557840618,3253.0,1515.0,1738.0
"(2, 1)",0.8618814662323098,0.844693525714538,0.7693726937269373,0.7688981180695478,0.7841105354058722,0.5368441722004121,0.7747440273037542,0.7630522088353414,0.7937062937062938,0.7421875,3252.0,1494.0,1758.0
mean,0.870499444736336,0.8528182560770933,0.7789392249901596,0.7781329203833578,0.7931209178011542,0.5558698357026363,0.7886924197107342,0.7675734210559811,0.7976599627136974,0.7578145599772053,3252.5,1504.5,1748.0
std,0.0063804955447725326,0.007405022956899319,0.007194617879030595,0.006836906581381065,0.007955056782523796,0.014028451232222556,0.012253309136368004,0.0055240618684912896,0.004712662520674386,0.01051075776181931,0.5,8.220908303425682,7.852812659593164
