,AUROC,Accuracy,Balanced Accuracy,F1-Score,MCC,Sensitivity,Specificity,Precision,Negative Predictive Value,Test Cases,Negative Test Cases,Positive Test Cases
"(0, 0)",0.8206368215949055,0.7715954503535198,0.7687919399296645,0.7914678641594162,0.5395908839223701,0.8057142857142857,0.7318695941450433,0.7777164920022063,0.7638888888888888,3253.0,1503.0,1750.0
"(0, 1)",0.8174754209583963,0.7601476014760148,0.7585602606755111,0.7773972602739725,0.5174181324625168,0.7800687285223368,0.7370517928286853,0.7747440273037542,0.7429718875502008,3252.0,1506.0,1746.0
"(1, 0)",0.8179230763971763,0.7682139563479865,0.7662451582811908,0.7856736782262649,0.5335654835599785,0.7947096032202415,0.73778071334214,0.776840921866217,0.7578018995929444,3253.0,1514.0,1739.0
"(1, 1)",0.8295761055158248,0.775830258302583,0.7739916587829285,0.793425899688297,0.5484172389193529,0.796812749003984,0.7511705685618729,0.7900677200902935,0.7587837837837837,3252.0,1495.0,1757.0
"(2, 0)",0.824259134774237,0.772210267445435,0.7705207229583718,0.7885877318116976,0.5417938339037933,0.7951668584579977,0.7458745874587459,0.7821165817770233,0.7604306864064603,3253.0,1515.0,1738.0
"(2, 1)",0.8080067711117507,0.7592250922509225,0.7573011043034481,0.7781241144800226,0.5149553447457127,0.7810011376564278,0.7336010709504686,0.7752682100508187,0.7400405131667792,3252.0,1494.0,1758.0
mean,0.8196462217253817,0.7678704376960769,0.7659018074885191,0.7857794247732784,0.5326234862522874,0.7922455604292122,0.739558054547826,0.7794589921817189,0.7539862765648428,3252.5,1504.5,1748.0
std,0.006633516706452681,0.006199069659385025,0.006098103998549753,0.006158857434750174,0.012425349738519297,0.0090515518016961,0.006816492698494507,0.005311811336020657,0.009064291531205389,0.5,8.220908303425682,7.852812659593164
