,PRC-AUC,AUROC,Accuracy,Balanced Accuracy,F1-Score,MCC,Sensitivity,Specificity,Precision,Negative Predictive Value,Test Cases,Negative Test Cases,Positive Test Cases
"(0, 0)",0.5656887746789183,0.5139224408326204,0.5115278204734092,0.5149635966162912,0.5085060315496442,0.029957619040748906,0.4697142857142857,0.5602129075182968,0.5542818610923803,0.47570621468926555,3253.0,1503.0,1750.0
"(0, 1)",0.5366850083675248,0.4926548103120165,0.48800738007380073,0.48942488921747146,0.4965225279709707,-0.021109418578213367,0.4702176403207331,0.5086321381142098,0.5259449071108264,0.4529863985807215,3252.0,1506.0,1746.0
"(1, 0)",0.5421675606570554,0.4952023399773477,0.49953888718106365,0.5015342712790645,0.5024449877750611,0.0030662642438552706,0.47268545140885565,0.5303830911492734,0.5362035225048923,0.46686046511627904,3253.0,1514.0,1739.0
"(1, 1)",0.563429085345996,0.5145305067355994,0.5070725707257072,0.5079167324966736,0.5216353327364966,0.015785052172360366,0.4974388161639158,0.5183946488294314,0.548306148055207,0.4674306393244873,3252.0,1495.0,1757.0
"(2, 0)",0.5327444532831014,0.48113950635569885,0.4936981248078697,0.49416593558089983,0.5070338222089195,-0.011641895190335766,0.4873417721518987,0.500990099009901,0.5283842794759825,0.46,3253.0,1515.0,1738.0
"(2, 1)",0.5742204208752635,0.5195090182497148,0.5126076260762608,0.5155810957139136,0.5151422453349649,0.03113731121782086,0.4789533560864619,0.5522088353413654,0.557246856386499,0.47386559448592763,3252.0,1494.0,1758.0
mean,0.5524892172013098,0.5028264370771663,0.5020754015563519,0.5039310868173856,0.5085474912626761,0.007865822151039379,0.47939188697435847,0.5284702866604131,0.5417279291042979,0.46614155203278024,3252.5,1504.5,1748.0
std,0.01587618530279389,0.013966190558177032,0.009126605573438322,0.009873002105378836,0.008153890478509306,0.019729315179134028,0.010098545131629678,0.02169870511561921,0.012243277841622208,0.007789939124026307,0.5,8.220908303425682,7.852812659593164
