,AUROC,Accuracy,Balanced Accuracy,F1-Score,MCC,Sensitivity,Specificity,Precision,Negative Predictive Value,Test Cases,Negative Test Cases,Positive Test Cases
"(0, 0)",0.8450086493679307,0.790347371656932,0.7882864746697082,0.8071266968325791,0.5776928514565094,0.8154285714285714,0.761144377910845,0.7989921612541994,0.7798227675528289,3253.0,1503.0,1750.0
"(0, 1)",0.8318358866937747,0.773370233702337,0.7737492184754682,0.7845659163987139,0.5462535053855728,0.7686139747995419,0.7788844621513944,0.8011940298507463,0.7438173747622068,3252.0,1506.0,1746.0
"(1, 0)",0.8337794918502639,0.7795880725484169,0.7788062803521361,0.7930735930735933,0.5573209419065341,0.7901092581943646,0.7675033025099075,0.7960602549246814,0.7609692206941716,3253.0,1514.0,1739.0
"(1, 1)",0.8506935468827035,0.7899753997539976,0.7908724395299833,0.8004674262342975,0.5800293316322901,0.7797381900967558,0.8020066889632107,0.8223289315726291,0.7559899117276166,3252.0,1495.0,1757.0
"(2, 0)",0.8424675378930299,0.7795880725484169,0.779119051145621,0.7921136561322122,0.5576779670825331,0.7859608745684695,0.7722772277227723,0.7983635300993571,0.7587548638132295,3253.0,1515.0,1738.0
"(2, 1)",0.8470729714458898,0.7878228782287823,0.7888779235257297,0.7981275599765946,0.5759748333139485,0.7758816837315131,0.8018741633199464,0.8216867469879519,0.7525125628140703,3252.0,1494.0,1758.0
mean,0.841809680688932,0.7834486714064804,0.7832852312831077,0.795912474774665,0.5658249051295646,0.7859554254698694,0.780615037096346,0.8064376091149276,0.7586444502273539,3252.5,1504.5,1748.0
std,0.006846556120827177,0.006333867789302714,0.006353607499702606,0.007102201782844246,0.012697536522351281,0.014870445455925401,0.01598484347310185,0.011112158390783961,0.010942475789073725,0.5,8.220908303425682,7.852812659593164
