,PRC-AUC,AUROC,Accuracy,Balanced Accuracy,F1-Score,MCC,Sensitivity,Specificity,Precision,Negative Predictive Value,Test Cases,Negative Test Cases,Positive Test Cases
"(0, 0)",0.8661816163406384,0.857369641669043,0.7835843836458654,0.7802165193422679,0.8038997214484681,0.5636924943105447,0.8245714285714286,0.7358616101131071,0.7842391304347827,0.7827317763623496,3253.0,1503.0,1750.0
"(0, 1)",0.8570583523283708,0.8486521649180293,0.7742927429274292,0.7725090474299823,0.7912400455062572,0.5456759232461019,0.7966781214203894,0.748339973439575,0.7858757062146893,0.7604588394062078,3252.0,1506.0,1746.0
"(1, 0)",0.8728217970974801,0.8613832711825911,0.7878881032892714,0.7855011269174118,0.8051948051948052,0.5730185568892476,0.8200115008625647,0.7509907529722589,0.790904048807543,0.7841379310344827,3253.0,1514.0,1739.0
"(1, 1)",0.8752083616024562,0.8623227110668649,0.7881303813038131,0.7858734198418937,0.8058608058608059,0.572881528235092,0.8138873079112123,0.7578595317725753,0.7979910714285714,0.7760273972602739,3252.0,1495.0,1757.0
"(2, 0)",0.87014450360294,0.8589407041970019,0.7857362434675684,0.7836447568807514,0.8023816274454211,0.568800866894189,0.8141542002301496,0.7531353135313531,0.7909446618222471,0.7793715846994536,3253.0,1515.0,1738.0
"(2, 1)",0.8671859875607544,0.8566027477372516,0.7807503075030751,0.7798235033421513,0.7959942775393419,0.5591041214854633,0.7912400455062572,0.7684069611780455,0.8008059873344847,0.7577557755775578,3252.0,1494.0,1758.0
mean,0.8681001030887732,0.8575452067951302,0.7833970270228371,0.781261395625743,0.8007618804991833,0.5638622485101065,0.8100904340836669,0.7524323571678192,0.7917934343403864,0.773413884056721,3252.5,1504.5,1748.0
std,0.005822911146607451,0.004462957620317764,0.0047953894170311,0.004558680351348202,0.005346570034587738,0.009513029287194672,0.012071208818495816,0.009819638743441498,0.0059614770545246476,0.010465518715095825,0.5,8.220908303425682,7.852812659593164
