,AUROC,Accuracy,Balanced Accuracy,F1-Score,MCC,Sensitivity,Specificity,Precision,Negative Predictive Value,Test Cases,Negative Test Cases,Positive Test Cases
"(0, 0)",0.8213595665811234,0.7565324316015986,0.7544163102366694,0.7756373937677055,0.5096383318919024,0.7822857142857143,0.7265469061876247,0.7691011235955056,0.7413441955193483,3253.0,1503.0,1750.0
"(0, 1)",0.810386175800806,0.7460024600246002,0.7451134750802061,0.7619596541786744,0.4897804891354601,0.7571592210767468,0.7330677290836654,0.7668213457076566,0.7225130890052356,3252.0,1506.0,1746.0
"(1, 0)",0.8269086000472493,0.7614509683369197,0.7612870255229511,0.7738927738927739,0.5217588099884899,0.7636572742955722,0.7589167767503302,0.7844063792085056,0.7365384615384616,3253.0,1514.0,1739.0
"(1, 1)",0.8297240088856234,0.7709102091020911,0.7700867813980581,0.786349297390307,0.5395223302876981,0.7803073420603301,0.7598662207357859,0.792485549132948,0.7463863337713534,3252.0,1495.0,1757.0
"(2, 0)",0.8250965602889403,0.7614509683369197,0.7604516780792003,0.7763688760806915,0.5207746158001578,0.7750287686996548,0.7458745874587459,0.7777136258660509,0.7429322813938198,3253.0,1515.0,1738.0
"(2, 1)",0.8242250381884002,0.7626076260762608,0.7624399760589571,0.776878612716763,0.5237199192936427,0.764505119453925,0.7603748326639893,0.7896592244418331,0.7329032258064516,3252.0,1494.0,1758.0
mean,0.8229499916320236,0.7598257772463984,0.758965874396007,0.7751811013378193,0.5175324160662251,0.7704905733119904,0.7474411754800235,0.7800312079920834,0.7371029311724451,3252.5,1504.5,1748.0
std,0.006166715916112803,0.007503510613791659,0.007702021497592008,0.007137875642859249,0.015180589589339231,0.009276620275186108,0.013533731382954644,0.00971502127792689,0.00784188387942273,0.5,8.220908303425682,7.852812659593164
