,AUROC,Accuracy,Balanced Accuracy,F1-Score,MCC,Sensitivity,Specificity,Precision,Negative Predictive Value,Test Cases,Negative Test Cases,Positive Test Cases
"(0, 0)",0.8262214618382282,0.7632954196126652,0.7568987738808098,0.7926763597199786,0.5237129842752364,0.8411428571428572,0.6726546906187625,0.7494908350305499,0.7843289371605896,3253.0,1503.0,1750.0
"(0, 1)",0.8221974644377815,0.7579950799507995,0.7518551224654646,0.7874696192276532,0.5130800077365346,0.8350515463917526,0.6686586985391766,0.745017884517118,0.7776061776061776,3252.0,1506.0,1746.0
"(1, 0)",0.8296510696030076,0.756225023055641,0.7496479095245221,0.7874564459930314,0.511173637024481,0.8447383553766532,0.654557463672391,0.7374497991967871,0.7858842188739096,3253.0,1514.0,1739.0
"(1, 1)",0.8314447894042559,0.753690036900369,0.7460213612820576,0.7867979771093958,0.5039554284810291,0.8412066021627774,0.6508361204013378,0.739,0.7771565495207667,3252.0,1495.0,1757.0
"(2, 0)",0.8234162023797316,0.7611435597909622,0.7574115006437352,0.7841066963045291,0.5190346364752114,0.8118527042577676,0.7029702970297029,0.7581945190757657,0.7650862068965517,3253.0,1515.0,1738.0
"(2, 1)",0.828527610632138,0.7576875768757687,0.7527127851565534,0.7841095890410958,0.5106365811404007,0.8139931740614335,0.6914323962516734,0.7563424947145877,0.7595588235294117,3252.0,1494.0,1758.0
mean,0.8269097663825238,0.7583394493643677,0.7524245754921904,0.787102781232614,0.5135988791888155,0.8313308732322069,0.6735182777521739,0.7475825887558014,0.7749368189312346,3252.5,1504.5,1748.0
std,0.0033061341819918735,0.00313730349441369,0.003958245431268918,0.0028680148761054455,0.006321457603493258,0.013337940342745498,0.01864891018557843,0.007915200389104161,0.009605791916000342,0.5,8.220908303425682,7.852812659593164
