,PRC-AUC,AUROC,Accuracy,Balanced Accuracy,F1-Score,MCC,Sensitivity,Specificity,Precision,Negative Predictive Value,Test Cases,Negative Test Cases,Positive Test Cases
"(0, 0)",0.520272556182273,0.4869284288565726,0.489086996618506,0.48959889744320884,0.5041766109785204,-0.02074450596247068,0.4828571428571429,0.4963406520292748,0.5274656679151061,0.451847365233192,3253.0,1503.0,1750.0
"(0, 1)",0.536026475693167,0.48858498803563905,0.490159901599016,0.48992346764146166,0.5094674556213017,-0.02009835071720809,0.49312714776632305,0.4867197875166003,0.5269277845777234,0.4530284301606922,3252.0,1506.0,1746.0
"(1, 0)",0.5442192428450254,0.5120022211705508,0.5133722717491547,0.5129772117320952,0.5326247416592855,0.02589452761259827,0.518688901667625,0.5072655217965654,0.5473300970873787,0.4785046728971963,3253.0,1514.0,1739.0
"(1, 1)",0.5526905587536726,0.5121347386374235,0.5076875768757687,0.5089846062477277,0.5196519651965197,0.01791927390120527,0.4928856004553216,0.5250836120401338,0.549492385786802,0.46837708830548924,3252.0,1495.0,1757.0
"(2, 0)",0.5504951690848847,0.5202205030629645,0.5139870888410698,0.5149318096366599,0.5242250978031898,0.029803068860856166,0.501150747986191,0.5287128712871287,0.5495268138801261,0.4802158273381295,3253.0,1515.0,1738.0
"(2, 1)",0.5275118169401811,0.4913053807950802,0.4907749077490775,0.49106551347597444,0.5086053412462908,-0.017810654748824685,0.48748577929465303,0.49464524765729584,0.5316377171215881,0.450609756097561,3252.0,1494.0,1758.0
mean,0.5385359699165339,0.5018627100930384,0.5008447905720987,0.5012469176961879,0.516458535417518,0.0024938931576927088,0.49603255333787616,0.5064612820544998,0.5387300777281208,0.4637638566720434,3252.5,1504.5,1748.0
std,0.011811408414525824,0.013267257183402426,0.01103250216346688,0.011197512957222072,0.009943651514313194,0.022338421625157246,0.011579360359125435,0.015675584128443814,0.01018855362880441,0.012513482198557895,0.5,8.220908303425682,7.852812659593164
