,AUROC,Accuracy,Balanced Accuracy,F1-Score,MCC,Sensitivity,Specificity,Precision,Negative Predictive Value,Test Cases,Negative Test Cases,Positive Test Cases
"(0, 0)",0.8291040775591674,0.7666769136181986,0.7635162056838704,0.7878110148168856,0.5295497927692507,0.8051428571428572,0.7218895542248835,0.7712096332785988,0.7608695652173914,3253.0,1503.0,1750.0
"(0, 1)",0.8236973830527452,0.7601476014760148,0.7595186265248286,0.7746967071057193,0.5184165836580882,0.7680412371134021,0.750996015936255,0.7814685314685315,0.736328125,3252.0,1506.0,1746.0
"(1, 0)",0.8441105176679532,0.7734399016292653,0.7719448839772627,0.7892479267943951,0.5443692505706841,0.7935595169637722,0.750330250990753,0.7849829351535836,0.7598662207357859,3253.0,1514.0,1739.0
"(1, 1)",0.8354452234064221,0.7709102091020911,0.7709844806155217,0.7841205447696319,0.5406801958707709,0.7700626067159931,0.7719063545150502,0.7987012987012987,0.7406931964056482,3252.0,1495.0,1757.0
"(2, 0)",0.8257621331753429,0.766369505072241,0.767087278348088,0.7758112094395281,0.5329834372415391,0.7566168009205984,0.7775577557755775,0.7960048426150121,0.73579013116802,3253.0,1515.0,1738.0
"(2, 1)",0.8305388790657512,0.761070110701107,0.7612189371821758,0.7745865970409052,0.5211048006406285,0.7593856655290102,0.7630522088353414,0.7904085257548845,0.7293666026871402,3252.0,1494.0,1758.0
mean,0.8314430356545638,0.7664357069331529,0.7657117353886246,0.7810456666611775,0.5311840101251603,0.7754681140642723,0.7559553567129768,0.7871292944953182,0.7438189735356643,3252.5,1504.5,1748.0
std,0.0067705073502195325,0.004786654529655283,0.004688750469586627,0.00621731845391584,0.009438700087583555,0.017824535546627527,0.01820338366289788,0.009251366594061982,0.012161780617692856,0.5,8.220908303425682,7.852812659593164
