,PRC-AUC,AUROC,Accuracy,Balanced Accuracy,F1-Score,MCC,Sensitivity,Specificity,Precision,Negative Predictive Value,Test Cases,Negative Test Cases,Positive Test Cases
"(0, 0)",0.5719841888518292,0.5390913411272693,0.5299723332308638,0.5316369166429047,0.5384847570178086,0.06313930821108772,0.5097142857142857,0.5535595475715236,0.5706973768394114,0.49230769230769234,3253.0,1503.0,1750.0
"(0, 1)",0.5277669859439698,0.49474077724991594,0.5083025830258303,0.5062259552853876,0.5385281385281385,0.01243831590691911,0.5343642611683849,0.47808764940239046,0.5427574171029669,0.46966731898238745,3252.0,1506.0,1746.0
"(1, 0)",0.5334272201658844,0.4982699329926627,0.507224100830003,0.5066285684768498,0.5278350515463918,0.013227563257144687,0.5152386428982174,0.49801849405548215,0.5410628019323671,0.47213525360050096,3253.0,1514.0,1739.0
"(1, 1)",0.5213609979924074,0.4781991955731779,0.488929889298893,0.48798480231010977,0.5137507314218842,-0.023957830471990422,0.49971542401821284,0.4762541806020067,0.5285972305839856,0.44751728472658703,3252.0,1495.0,1757.0
"(2, 0)",0.5610787508121271,0.5353963244425708,0.5229019366738396,0.5231053485095345,0.5380952380952382,0.04610216452556628,0.520138089758343,0.526072607260726,0.5573366214549939,0.48865726548129984,3253.0,1515.0,1738.0
"(2, 1)",0.5324541218707599,0.4957977530143326,0.501230012300123,0.4994288873354624,0.5306712962962962,-0.0011395730511973093,0.5216154721274175,0.47724230254350736,0.5400471142520612,0.4588159588159588,3252.0,1494.0,1758.0
mean,0.541345377606163,0.5069158873999883,0.5097601425599253,0.5091684130933748,0.5312275354842929,0.018301658062921677,0.5167976959474769,0.5015391302392728,0.5467497603609643,0.4715167956524044,3252.5,1504.5,1748.0
std,0.018500642183058632,0.02242633219070219,0.013518246711205844,0.014478630327619741,0.008854268630456557,0.0288883889252822,0.010703292118156104,0.029154892845517904,0.013590990066012049,0.01563728410400966,0.5,8.220908303425682,7.852812659593164
