,PRC-AUC,AUROC,Accuracy,Balanced Accuracy,F1-Score,MCC,Sensitivity,Specificity,Precision,Negative Predictive Value,Test Cases,Negative Test Cases,Positive Test Cases
"(0, 0)",0.5685988532339172,0.5277178975382568,0.5179833999385183,0.5183341887653266,0.5341651812240047,0.03656328358225055,0.5137142857142857,0.5229540918163673,0.5563118811881188,0.48014660965180206,3253.0,1503.0,1750.0
"(0, 1)",0.5560137950931439,0.5156361951963053,0.5076875768757687,0.5082544963331097,0.5219468498059123,0.01646562010799757,0.5005727376861397,0.5159362549800797,0.545227698066126,0.47119466343238325,3252.0,1506.0,1746.0
"(1, 0)",0.5591165998173779,0.5051609551033368,0.49800184445127577,0.4990284277925864,0.5076876695809467,-0.0019393531597583853,0.484186313973548,0.5138705416116248,0.5335868187579215,0.4644776119402985,3253.0,1514.0,1739.0
"(1, 1)",0.576534576436415,0.5425967415574205,0.5307503075030751,0.5316743537079585,0.5450208706022659,0.06315282431444248,0.5202048947068867,0.5431438127090301,0.5723231058234189,0.4906344410876133,3252.0,1495.0,1757.0
"(2, 0)",0.5236045069047724,0.4727819617404779,0.481094374423609,0.4805075444253286,0.5017709563164109,-0.03889726072609987,0.4890678941311853,0.47194719471947194,0.5151515151515151,0.44603867747972553,3253.0,1515.0,1738.0
"(2, 1)",0.5396098547840539,0.4857747257516985,0.48954489544895446,0.4887719250151916,0.5134818288393903,-0.02238535025489429,0.49829351535836175,0.47925033467202144,0.5296251511487303,0.44806007509386736,3252.0,1494.0,1758.0
mean,0.5539130310449467,0.5082780794812493,0.5041770664402002,0.5044284893399169,0.5206788927281552,0.008826627310656343,0.5010066069284013,0.5078503717514325,0.5420376950226384,0.46675867978094837,3252.5,1504.5,1748.0
std,0.017711039464721967,0.023755387907432413,0.016803373342045673,0.01730531810340153,0.015022756328306885,0.0345124986088789,0.012669277672642159,0.02477355286420116,0.01861670325541882,0.016088951583077056,0.5,8.220908303425682,7.852812659593164
