,AUROC,Accuracy,Balanced Accuracy,F1-Score,MCC,Sensitivity,Specificity,Precision,Negative Predictive Value,Test Cases,Negative Test Cases,Positive Test Cases
"(0, 0)",0.8484201121566392,0.7878881032892714,0.7867520197699838,0.8026315789473684,0.5733981006610962,0.8017142857142857,0.7717897538256819,0.8035509736540665,0.769741207697412,3253.0,1503.0,1750.0
"(0, 1)",0.8410738489341604,0.77460024600246,0.7753510585378988,0.7847283406754771,0.5493134978828512,0.7651775486827033,0.7855245683930943,0.805304400241109,0.7426239799121155,3252.0,1506.0,1746.0
"(1, 0)",0.8402390417061993,0.7694435905318168,0.7682071036437377,0.7847301951779565,0.5365554543936333,0.7860839562967222,0.750330250990753,0.783381088825215,0.753315649867374,3253.0,1514.0,1739.0
"(1, 1)",0.8488964352813305,0.7773677736777368,0.7777086589142712,0.78965717606043,0.5539766288373743,0.7734775184974388,0.7819397993311037,0.8065281899109792,0.746011486917677,3252.0,1495.0,1757.0
"(2, 0)",0.8382177458252155,0.7740547187211805,0.7742371072550294,0.7848990342405618,0.5474692175990152,0.7715765247410817,0.7768976897689769,0.7986896962477665,0.7477763659466328,3253.0,1515.0,1738.0
"(2, 1)",0.8445459882761993,0.7761377613776138,0.7763614183697247,0.788863109048724,0.5513257483558741,0.7736063708759955,0.7791164658634538,0.8047337278106509,0.7451984635083226,3252.0,1494.0,1758.0
mean,0.843565528696624,0.7765820322666799,0.7764362277484409,0.7892515723584196,0.5520064412883073,0.7786060341347046,0.7742664213621774,0.8003646794482978,0.7507778589749222,3252.5,1504.5,1748.0
std,0.004058316809305856,0.005626042853139251,0.005504126470768795,0.006313834795634215,0.011019069921271645,0.01204814743794121,0.011511930356901585,0.007988311004913571,0.009086543511470828,0.5,8.220908303425682,7.852812659593164
