,AUROC,Accuracy,Balanced Accuracy,F1-Score,MCC,Sensitivity,Specificity,Precision,Negative Predictive Value,Test Cases,Negative Test Cases,Positive Test Cases
"(0, 0)",0.8196372968349016,0.7580694743313864,0.7561266039349872,0.7766108430315073,0.5128589937130595,0.7817142857142857,0.7305389221556886,0.7715736040609137,0.7418918918918919,3253.0,1503.0,1750.0
"(0, 1)",0.8263112118155861,0.758610086100861,0.7581780552475094,0.7726614538082827,0.5155881461398878,0.7640320733104238,0.752324037184595,0.7814879906268307,0.7333333333333333,3252.0,1506.0,1746.0
"(1, 0)",0.8212601496631401,0.7675991392560714,0.7667810802454834,0.7817551963048499,0.5332630891512802,0.7786083956296722,0.7549537648612946,0.784927536231884,0.7480366492146597,3253.0,1514.0,1739.0
"(1, 1)",0.8370181005552564,0.7764452644526445,0.7773037805776417,0.7874890382928968,0.5529557178136699,0.7666476949345475,0.7879598662207358,0.8094951923076923,0.7418136020151134,3252.0,1495.0,1757.0
"(2, 0)",0.8203674797859533,0.7592991085152168,0.7611056675287782,0.7653581060833083,0.5210573331111246,0.7347525891829689,0.7874587458745874,0.7986241400875547,0.7212817412333736,3253.0,1515.0,1738.0
"(2, 1)",0.8139126471757336,0.7539975399753998,0.7538732860908937,0.7685185185185184,0.5065675710104327,0.7554038680318543,0.7523427041499331,0.7820965842167256,0.7232947232947233,3252.0,1494.0,1758.0
mean,0.8230844809717618,0.76233676877193,0.762228078937549,0.7753988593398938,0.5237151418232424,0.7635264844672921,0.7609296734078058,0.7880341745886001,0.7349419901638492,3252.5,1504.5,1748.0
std,0.007202701350404561,0.007501225186753793,0.007881409146730228,0.0075685044319519085,0.015444425774309718,0.015610742460240377,0.020581242552051043,0.012459479247211061,0.009931761192276192,0.5,8.220908303425682,7.852812659593164
