,PRC-AUC,AUROC,Accuracy,Balanced Accuracy,F1-Score,MCC,Sensitivity,Specificity,Precision,Negative Predictive Value,Test Cases,Negative Test Cases,Positive Test Cases
"(0, 0)",0.5528217499363156,0.5170259481037924,0.5127574546572394,0.5144630738522954,0.5207136377381313,0.028869009530526662,0.492,0.5369261477045908,0.5529865125240848,0.47582547169811323,3253.0,1503.0,1750.0
"(0, 1)",0.53804647570902,0.4916793307868184,0.49846248462484627,0.49546487589162247,0.534399086497288,-0.009075013937051528,0.5360824742268041,0.4548472775564409,0.5327262379055208,0.45819397993311034,3252.0,1506.0,1746.0
"(1, 0)",0.5591836015352052,0.5184051782747642,0.524746387949585,0.5246410158436916,0.5420616113744076,0.049165030655154845,0.5261644623346751,0.523117569352708,0.5589492974954184,0.4900990099009901,3253.0,1514.0,1739.0
"(1, 1)",0.5407919800792722,0.5008634358885529,0.4993849938499385,0.49970514501953955,0.5169139465875371,-0.0005878117731381586,0.4957313602731929,0.5036789297658862,0.5399876007439554,0.45942647956070776,3252.0,1495.0,1757.0
"(2, 0)",0.5403793264673995,0.5054449748772346,0.5078389179219183,0.508458187590911,0.5202277494755769,0.01687899274950798,0.4994246260069045,0.5174917491749175,0.5428392745465916,0.4740024183796856,3253.0,1515.0,1738.0
"(2, 1)",0.5536743279039325,0.5068373608198438,0.5092250922509225,0.5063210749711017,0.5442604226156482,0.012633734911053587,0.5420932878270762,0.4705488621151272,0.5464449541284404,0.4661803713527852,3252.0,1494.0,1758.0
mean,0.5474829102718575,0.506709371458501,0.5087358885424083,0.5081755621948603,0.5297627423814315,0.0163139903560089,0.5152493684447754,0.5011017559449451,0.5456556462240019,0.4706212884708987,3252.5,1504.5,1748.0
std,0.008041753377067537,0.009173474587393022,0.00881792701875604,0.009552246508065155,0.010960797837094374,0.01906548066209051,0.020189361176313543,0.029201349513063652,0.008547066360833397,0.01093450717918422,0.5,8.220908303425682,7.852812659593164
