,PRC-AUC,AUROC,Accuracy,Balanced Accuracy,F1-Score,MCC,Sensitivity,Specificity,Precision,Negative Predictive Value,Test Cases,Negative Test Cases,Positive Test Cases
"(0, 0)",0.5474326483025906,0.5055352152837183,0.5001537042729788,0.5017158064822735,0.508761329305136,0.0034245699091059703,0.48114285714285715,0.52228875582169,0.5397435897435897,0.46367395156526875,3253.0,1503.0,1750.0
"(0, 1)",0.535117773879149,0.4936070912987987,0.497539975399754,0.4949252246455187,0.5312679288582903,-0.010146842134100014,0.5303550973654066,0.4594953519256308,0.532183908045977,0.4576719576719577,3252.0,1506.0,1746.0
"(1, 0)",0.5468556677539742,0.5252604975756273,0.510913003381494,0.5108479569256994,0.5280332245624444,0.02164407806576409,0.5117883841288097,0.5099075297225891,0.5453431372549019,0.47624922887106724,3253.0,1514.0,1739.0
"(1, 1)",0.5365748295581624,0.4967383214395166,0.5006150061500615,0.49964651665673665,0.5254237288135594,-0.0007048713267037987,0.5116676152532726,0.48762541806020065,0.5399399399399399,0.45935727788279773,3252.0,1495.0,1757.0
"(2, 0)",0.5245634428730699,0.48814843509667427,0.49185367353212417,0.4901107832302218,0.5201741654571843,-0.019756116998060347,0.5155350978135789,0.4646864686468647,0.5248974809607498,0.4553686934023286,3253.0,1515.0,1738.0
"(2, 1)",0.5474307258420366,0.5021070249903672,0.5043050430504306,0.5031274129510077,0.5303030303030304,0.006236899325142137,0.5176336746302617,0.4886211512717537,0.5436081242532855,0.46261089987325726,3252.0,1494.0,1758.0
mean,0.5396625147014972,0.5018994309474504,0.5008967342978071,0.5000622834819096,0.5239939012166074,0.00011628614019133946,0.5113537877223644,0.48877077924145484,0.5376193633664074,0.4624886682111129,3252.5,1504.5,1748.0
std,0.008471835398403899,0.01185672307260157,0.00585403646481858,0.006507105109185622,0.007721169560806071,0.012992119281160435,0.014893834239046144,0.022392915088782533,0.007033370693341258,0.006763544607787034,0.5,8.220908303425682,7.852812659593164
