,PRC-AUC,AUROC,Accuracy,Balanced Accuracy,F1-Score,MCC,Sensitivity,Specificity,Precision,Negative Predictive Value,Test Cases,Negative Test Cases,Positive Test Cases
"(0, 0)",0.5582655568638905,0.529803250641574,0.5253612050415002,0.5265999429712005,0.5363363363363364,0.0530679977277422,0.5102857142857142,0.5429141716566867,0.5651898734177215,0.4877465630603706,3253.0,1503.0,1750.0
"(0, 1)",0.5179137360383206,0.47808802970629893,0.484009840098401,0.48433300018710956,0.49970184853905786,-0.031250466926868066,0.47995418098510884,0.48871181938911024,0.5211442786069652,0.44768856447688565,3252.0,1506.0,1746.0
"(1, 0)",0.5113620485730841,0.46713062594621935,0.46633876421764525,0.46843092987588336,0.46748466257668714,-0.06311985073579193,0.4381828637147786,0.4986789960369881,0.5009861932938856,0.4359122401847575,3253.0,1514.0,1739.0
"(1, 1)",0.5668587767482121,0.5359420416756291,0.5298277982779828,0.5294740769364015,0.5509544787077827,0.05876190949094146,0.5338645418326693,0.5250836120401338,0.5691747572815534,0.48940149625935164,3252.0,1495.0,1757.0
"(2, 0)",0.5311448618266987,0.4915328874659618,0.48970181371042115,0.4888592023759338,0.5120517342739564,-0.022235089083920544,0.501150747986191,0.4765676567656766,0.5234375,0.4543738200125865,3253.0,1515.0,1738.0
"(2, 1)",0.541863940477173,0.49398732586774863,0.498769987699877,0.4989628594011998,0.5171800947867299,-0.002067459829708045,0.49658703071672355,0.501338688085676,0.5395550061804697,0.4583843329253366,3252.0,1494.0,1758.0
mean,0.5379014867545632,0.4994140268839053,0.4990015681743046,0.4994433352912881,0.5139515258700916,-0.0011404932262674878,0.4933375132535309,0.5055491573290453,0.5365812681300993,0.4622511694865481,3252.5,1504.5,1748.0
std,0.020076623939284645,0.025319223129816208,0.02244711062992661,0.022142241032684796,0.0266037397497759,0.04419794651683783,0.029502645397665662,0.02223394442363885,0.024384761595280375,0.019874477177661543,0.5,8.220908303425682,7.852812659593164
