,AUROC,Accuracy,Balanced Accuracy,F1-Score,MCC,Sensitivity,Specificity,Precision,Negative Predictive Value,Test Cases,Negative Test Cases,Positive Test Cases
"(0, 0)",0.8422144282862846,0.7924992314786351,0.7921176694230587,0.8051948051948052,0.5834130071644856,0.7971428571428572,0.7870924817032602,0.8134110787172012,0.7691807542262679,3253.0,1503.0,1750.0
"(0, 1)",0.8345295792773922,0.7702952029520295,0.7701097100715124,0.7831640058055153,0.5392900167064792,0.7726231386025201,0.7675962815405046,0.7939964685108888,0.7443657437218287,3252.0,1506.0,1746.0
"(1, 0)",0.8374631482433839,0.772210267445435,0.7710084448539717,0.7872523686477176,0.5421353021962058,0.7883841288096607,0.7536327608982827,0.7861238532110092,0.756129887342611,3253.0,1514.0,1739.0
"(1, 1)",0.8456962403610593,0.778290282902829,0.7766672440672093,0.7952286282306162,0.5535329278904912,0.796812749003984,0.7565217391304347,0.7936507936507936,0.7600806451612904,3252.0,1495.0,1757.0
"(2, 0)",0.8414295859965744,0.7789732554565016,0.7789671372200511,0.7901955062737088,0.5570331540180298,0.7790563866513234,0.7788778877887789,0.8016577856719953,0.7544757033248082,3253.0,1515.0,1738.0
"(2, 1)",0.8449135944612731,0.784440344403444,0.7841411150860553,0.798040910400461,0.5672190639636863,0.7878270762229806,0.7804551539491299,0.8085230589608874,0.7576348278102664,3252.0,1494.0,1758.0
mean,0.8410410961043279,0.7794514307731456,0.7788352201203098,0.7931793707588041,0.5571039119898963,0.7869743894055543,0.7706960508350652,0.7995605064537958,0.7569779269311786,3252.5,1504.5,1748.0
std,0.003945372957955849,0.007449633466617674,0.007601386275290696,0.007263436112897073,0.014992419566854275,0.008865275545034168,0.012467965887223592,0.009336230088533638,0.0073599686661521835,0.5,8.220908303425682,7.852812659593164
