,PRC-AUC,AUROC,Accuracy,Balanced Accuracy,F1-Score,MCC,Sensitivity,Specificity,Precision,Negative Predictive Value,Test Cases,Negative Test Cases,Positive Test Cases
"(0, 0)",0.5449379982736835,0.5179393593764852,0.5195204426683062,0.5184480562684155,0.543915961482346,0.03680734458612809,0.5325714285714286,0.5043246839654025,0.5557543231961837,0.48096446700507617,3253.0,1503.0,1750.0
"(0, 1)",0.5566624342105204,0.5272472538254771,0.5249077490774908,0.525203880925325,0.5408618127786032,0.05027076609772189,0.5211912943871707,0.5292164674634794,0.5620753551575046,0.48805878750765463,3252.0,1506.0,1746.0
"(1, 0)",0.5471708937327371,0.5134166601464727,0.5044574239163849,0.504169062679701,0.5230769230769231,0.008318486948568469,0.5083381253594019,0.5,0.538695917123705,0.4696029776674938,3253.0,1514.0,1739.0
"(1, 1)",0.5421921985229778,0.5052504744519295,0.5030750307503075,0.503718522945961,0.5187611673615247,0.007413746566219769,0.4957313602731929,0.5117056856187291,0.5440349781386633,0.46335554209569957,3252.0,1495.0,1757.0
"(2, 0)",0.5495929705303444,0.5044700672598905,0.5041500153704273,0.5036508714162555,0.5240483918560047,0.007285392310013787,0.5109321058688148,0.49636963696369635,0.5378558449424591,0.46941323345817726,3253.0,1515.0,1738.0
"(2, 1)",0.5403323989878103,0.4969159916114972,0.49108241082410825,0.49346075999104494,0.4965013690295102,-0.013058570133484798,0.4641638225255973,0.5227576974564926,0.5336821451929366,0.4532791642484039,3252.0,1494.0,1758.0
mean,0.5468148157096789,0.5108733011119587,0.5078655121011708,0.5081085257044505,0.524527604264152,0.01617286106252787,0.5054880228309343,0.5107290285779666,0.5453497606252421,0.47077902866375093,3252.5,1504.5,1748.0
std,0.005349973299045682,0.009932507688941933,0.011227321057449903,0.010554432542000575,0.015619275163679591,0.021056772418671883,0.021682353515245622,0.011900615825699514,0.010216773326390658,0.011305862194597246,0.5,8.220908303425682,7.852812659593164
