,AUROC,Accuracy,Balanced Accuracy,F1-Score,MCC,Sensitivity,Specificity,Precision,Negative Predictive Value,Test Cases,Negative Test Cases,Positive Test Cases
"(0, 0)",0.8304049044767609,0.7642176452505379,0.7626391027468872,0.7814192077514961,0.5255084187169394,0.7834285714285715,0.7418496340652029,0.7794201250710631,0.7463186077643909,3253.0,1503.0,1750.0
"(0, 1)",0.840045317013732,0.7650676506765067,0.7630052527575837,0.7833238797504254,0.5269447930814509,0.790950744558992,0.7350597609561753,0.7758426966292135,0.7520380434782609,3252.0,1506.0,1746.0
"(1, 0)",0.8425397839448263,0.7688287734399016,0.766991119115968,0.7858769931662869,0.5348774816608749,0.7935595169637722,0.7404227212681638,0.7783417935702199,0.7574324324324324,3253.0,1514.0,1739.0
"(1, 1)",0.8523739728139521,0.7813653136531366,0.7805104474600404,0.796333428816958,0.5604347826253746,0.7911212293682414,0.7698996655518394,0.8016147635524798,0.7582345191040843,3252.0,1495.0,1757.0
"(2, 0)",0.841416293528087,0.7737473101752229,0.7729331160964197,0.7875288683602772,0.5456039647089156,0.7848101265822784,0.761056105610561,0.7902665121668598,0.7550753110674525,3253.0,1515.0,1738.0
"(2, 1)",0.8435539655778974,0.7709102091020911,0.7713756048083118,0.7832411987198139,0.541247402017748,0.7656427758816837,0.7771084337349398,0.8016676593210245,0.7380801017164653,3252.0,1494.0,1758.0
mean,0.8417223728925426,0.7706894837162328,0.7695757738308684,0.7862872627608763,0.5391028071352172,0.7849188274639233,0.7542327201978138,0.7878589250518101,0.7511965025938476,3252.5,1504.5,1748.0
std,0.006435199631964654,0.005778181804224124,0.00621889350968761,0.004905667854878187,0.011919141418209189,0.00933911283965634,0.015952895733667975,0.010738401440219016,0.0070711582446890235,0.5,8.220908303425682,7.852812659593164
