,AUROC,Accuracy,Balanced Accuracy,F1-Score,MCC,Sensitivity,Specificity,Precision,Negative Predictive Value,Test Cases,Negative Test Cases,Positive Test Cases
"(0, 0)",0.8244457751164338,0.7752843529050107,0.7741925672464595,0.7906044113434546,0.5481619762381427,0.7885714285714286,0.7598137059214903,0.7926479035037335,0.7552910052910053,3253.0,1503.0,1750.0
"(0, 1)",0.8235561001507525,0.7709102091020911,0.7717320865449998,0.7809467803587179,0.5420683713453422,0.7605956471935853,0.7828685258964143,0.802416918429003,0.7382592360676268,3252.0,1506.0,1746.0
"(1, 0)",0.8233472447685888,0.7685213648939441,0.7677291037911067,0.7825584753104244,0.5351381772118351,0.7791834387579069,0.7562747688243064,0.7859628770301624,0.7488554610856769,3253.0,1514.0,1739.0
"(1, 1)",0.8329704592999241,0.773370233702337,0.7720641561798673,0.789848873681209,0.5439435236990057,0.78827546955037,0.7558528428093646,0.7914285714285715,0.7523302263648469,3252.0,1495.0,1757.0
"(2, 0)",0.8202167052148253,0.7715954503535198,0.7693525048707403,0.7895780232228831,0.5402759605406353,0.8020713463751439,0.7366336633663366,0.7774679308421639,0.7643835616438356,3253.0,1515.0,1738.0
"(2, 1)",0.8118290378046126,0.7706027060270603,0.7694829374380343,0.7868571428571429,0.5385592052703566,0.7832764505119454,0.7556894243641231,0.7904707233065442,0.747682119205298,3252.0,1494.0,1758.0
mean,0.8227275537258562,0.7717140528306605,0.7707588926785348,0.7867322844623054,0.5413578690508862,0.7836622968267299,0.7578554885303391,0.7900658207566963,0.7511336016097149,3252.5,1504.5,1748.0
std,0.006245290426178592,0.00214392774160278,0.002130201449476286,0.003735261129298131,0.004106375320547401,0.012493687837053624,0.013484890405957534,0.007491982136632872,0.00792810717454222,0.5,8.220908303425682,7.852812659593164
