,AUROC,Accuracy,Balanced Accuracy,F1-Score,MCC,Sensitivity,Specificity,Precision,Negative Predictive Value,Test Cases,Negative Test Cases,Positive Test Cases
"(0, 0)",0.8458906948008744,0.7814325238241623,0.7808459271932326,0.7951598962834918,0.5610180349108114,0.7885714285714286,0.7731204258150366,0.8018593840790238,0.758485639686684,3253.0,1503.0,1750.0
"(0, 1)",0.8398833075487284,0.7742927429274292,0.7740606873764964,0.787122969837587,0.5472247316716491,0.777205040091638,0.7709163346613546,0.7972972972972973,0.7490322580645161,3252.0,1506.0,1746.0
"(1, 0)",0.8481048644698552,0.7749769443590532,0.7744934568903764,0.7878260869565218,0.5484127324824697,0.7814836112708453,0.7675033025099075,0.7942723553477499,0.7535667963683528,3253.0,1514.0,1739.0
"(1, 1)",0.846863668117782,0.7785977859778598,0.7779991358027041,0.7931034482758621,0.5551796479664898,0.7854297097324986,0.7705685618729097,0.8009286128845038,0.7534336167429693,3252.0,1495.0,1757.0
"(2, 0)",0.8431889391470792,0.7762065785428834,0.775107574048544,0.7906843013225991,0.5502621708798996,0.7911392405063291,0.759075907590759,0.7902298850574713,0.760079312623926,3253.0,1515.0,1738.0
"(2, 1)",0.8438633182711887,0.775830258302583,0.775423651374554,0.7900950187158077,0.5498534640063037,0.7804323094425484,0.7704149933065596,0.8,0.74886141834743,3252.0,1494.0,1758.0
mean,0.8446324653925846,0.7768894723223285,0.7763217387809846,0.7906652868986449,0.5519917969862705,0.784043556602548,0.7685999209594212,0.7974312557776743,0.7539098403056465,3252.5,1504.5,1748.0
std,0.0027033564858745212,0.0024340192243921376,0.0023810945196956748,0.0028012133753308934,0.004738741988119344,0.004815452719293804,0.004562166406617647,0.0040884922020241595,0.004254843700092019,0.5,8.220908303425682,7.852812659593164
