,AUROC,Accuracy,Balanced Accuracy,F1-Score,MCC,Sensitivity,Specificity,Precision,Negative Predictive Value,Test Cases,Negative Test Cases,Positive Test Cases
"(0, 0)",0.8417922250736622,0.7737473101752229,0.7722005512783956,0.7903133903133902,0.5446672629912807,0.7925714285714286,0.7518296739853626,0.7880681818181818,0.7568653717347622,3253.0,1503.0,1750.0
"(0, 1)",0.835875664961384,0.7718327183271833,0.7696248225882267,0.7900396151669496,0.5404682397735919,0.7995418098510882,0.7397078353253652,0.7807606263982103,0.7609289617486339,3252.0,1506.0,1746.0
"(1, 0)",0.838650266669604,0.7700584076237319,0.7692948998916002,0.7839399191218949,0.5382480915208997,0.780333525014376,0.7582562747688243,0.787579802669762,0.7503267973856209,3253.0,1514.0,1739.0
"(1, 1)",0.8412210689016509,0.7669126691266913,0.7647415117361419,0.7858757062146893,0.5302393418907599,0.7916903813318156,0.7377926421404682,0.7801458216489063,0.7508509189925119,3252.0,1495.0,1757.0
"(2, 0)",0.8286805895779451,0.7559176145096834,0.7537488558982481,0.7746878547105562,0.5087559562093568,0.785385500575374,0.7221122112211221,0.7642777155655095,0.7457396046353102,3253.0,1515.0,1738.0
"(2, 1)",0.833197027777397,0.7678351783517835,0.7662195996728667,0.7854504120488776,0.5325204080206642,0.7861205915813424,0.7463186077643909,0.7847813742191937,0.7478202548625084,3252.0,1494.0,1758.0
mean,0.8365694738269406,0.7677173163523827,0.7659717068442465,0.7850511495960596,0.5324832167344256,0.7892738728209041,0.7426695408675889,0.7809355870532939,0.7520886515598914,3252.5,1504.5,1748.0
std,0.00460675995994541,0.005754308233022558,0.005974393773434324,0.005196921914192034,0.01164377234804957,0.006152727828156429,0.01151325066150247,0.008041026170955633,0.0052302622483439715,0.5,8.220908303425682,7.852812659593164
