,AUROC,Accuracy,Balanced Accuracy,F1-Score,MCC,Sensitivity,Specificity,Precision,Negative Predictive Value,Test Cases,Negative Test Cases,Positive Test Cases
"(0, 0)",0.8728310997053512,0.8094067015063019,0.8079258625605931,0.8236632536973834,0.6163449515673473,0.8274285714285714,0.7884231536926147,0.8199320498301246,0.796906523201076,3253.0,1503.0,1750.0
"(0, 1)",0.8646979474237453,0.7878228782287823,0.787528009382858,0.8002316155182397,0.5742184965537306,0.7915234822451317,0.7835325365205843,0.8091334894613583,0.7642487046632125,3252.0,1506.0,1746.0
"(1, 0)",0.8595696444076106,0.7857362434675684,0.7856249473003738,0.7970887918486173,0.570402777104614,0.7872340425531915,0.7840158520475562,0.8071933962264151,0.7623635195889531,3253.0,1514.0,1739.0
"(1, 1)",0.8734318340588909,0.8041205412054121,0.8031151076534759,0.8181558664002283,0.6059118550640349,0.8155947638019351,0.7906354515050167,0.8207331042382588,0.7848605577689243,3252.0,1495.0,1757.0
"(2, 0)",0.8667426236294515,0.7838917921918229,0.7826385170162586,0.7983940349870948,0.5655535346081443,0.8009205983889528,0.7643564356435644,0.7958833619210978,0.7699468085106383,3253.0,1515.0,1738.0
"(2, 1)",0.8656948613566895,0.794280442804428,0.794599330199067,0.8060307335459553,0.5877237345290914,0.7906712172923777,0.7985274431057564,0.8219988172678888,0.7642536835361947,3252.0,1494.0,1758.0
mean,0.8671613350969566,0.794209766567386,0.7935719623521044,0.8072607159995865,0.5866925582378271,0.8022287792850267,0.7849151454191822,0.8124790364908572,0.7737632995448331,3252.5,1504.5,1748.0
std,0.004787018884813533,0.009558842434988113,0.009286066630263278,0.010171485705176949,0.01878619452988922,0.014653857040749273,0.010453895252032743,0.009388382542747311,0.012807802573332179,0.5,8.220908303425682,7.852812659593164
