,AUROC,Accuracy,Balanced Accuracy,F1-Score,MCC,Sensitivity,Specificity,Precision,Negative Predictive Value,Test Cases,Negative Test Cases,Positive Test Cases
"(0, 0)",0.840310236669518,0.7805102981862896,0.7794722935082217,0.7954154727793696,0.5586929371498721,0.7931428571428571,0.7658017298735862,0.7977011494252874,0.7607402511566425,3253.0,1503.0,1750.0
"(0, 1)",0.8396290743859232,0.7789052890528906,0.7767133071380001,0.7966053748231966,0.5547116829622721,0.8064146620847652,0.7470119521912351,0.7870318613750699,0.7689678742310321,3252.0,1506.0,1746.0
"(1, 0)",0.8320477156658612,0.7654472794343683,0.764811158723298,0.7791606367583214,0.5291556411773098,0.7740080506037953,0.7556142668428005,0.7843822843822844,0.7443070917371503,3253.0,1514.0,1739.0
"(1, 1)",0.8428615209491703,0.7764452644526445,0.7754086377852185,0.792107520732056,0.550381097817611,0.78827546955037,0.7625418060200669,0.7959770114942529,0.753968253968254,3252.0,1495.0,1757.0
"(2, 0)",0.8288108557691213,0.7706732247156471,0.7695480940499113,0.7855089131684876,0.5391422606280966,0.7859608745684695,0.7531353135313531,0.7850574712643679,0.7541308658294779,3253.0,1515.0,1738.0
"(2, 1)",0.8355730468327616,0.7712177121771218,0.7714087293428549,0.7842227378190256,0.5414454076041855,0.7690557451649602,0.7737617135207496,0.8,0.7400768245838668,3252.0,1494.0,1758.0
mean,0.8365387417120592,0.7738665113364936,0.7728937034245841,0.7888367760134095,0.5455881712232246,0.7861429431858694,0.7596444636632986,0.791691629656877,0.7536985269177373,3252.5,1504.5,1748.0
std,0.004908733207680634,0.00523252384078291,0.004880537774569011,0.00632876818027722,0.010055560644882396,0.012272938756888754,0.00879199571009857,0.006359505607851357,0.009632828820159155,0.5,8.220908303425682,7.852812659593164
