,AUROC,Accuracy,Balanced Accuracy,F1-Score,MCC,Sensitivity,Specificity,Precision,Negative Predictive Value,Test Cases,Negative Test Cases,Positive Test Cases
"(0, 0)",0.8174021480847828,0.7669843221641561,0.7646470867788233,0.7859966120835685,0.5305197024014863,0.7954285714285714,0.7338656021290751,0.7767857142857143,0.7549623545516769,3253.0,1503.0,1750.0
"(0, 1)",0.8228622356697683,0.7715252152521526,0.7697948184353081,0.7884998576715058,0.5401528902322031,0.7932416953035509,0.7463479415670651,0.7838143746462931,0.7569023569023569,3252.0,1506.0,1746.0
"(1, 0)",0.818909651381053,0.7669843221641561,0.764283212918644,0.7865990990990992,0.5308015154124853,0.8033352501437608,0.7252311756935271,0.770546056260342,0.7625,3253.0,1514.0,1739.0
"(1, 1)",0.8291057461506101,0.7752152521525215,0.7734723789981022,0.7926241134751774,0.5472576744669424,0.7951052931132613,0.7518394648829432,0.790158371040724,0.7574123989218329,3252.0,1495.0,1757.0
"(2, 0)",0.817192478741545,0.766369505072241,0.7659439361657685,0.7793263646922183,0.5312716239973548,0.7721518987341772,0.7597359735973598,0.7866354044548651,0.7440206851971558,3253.0,1515.0,1738.0
"(2, 1)",0.8189405327034341,0.7666051660516605,0.7644788482713561,0.7855326363379485,0.5296236605848182,0.7906712172923777,0.7382864792503346,0.7804604154969118,0.7498300475866757,3252.0,1494.0,1758.0
mean,0.8207354654551988,0.7689472971428146,0.7671033802613336,0.7864297805599195,0.5349378445158818,0.7916556543359499,0.7425511061867175,0.7814000560308084,0.7542713071932831,3252.5,1504.5,1748.0
std,0.00417939171465787,0.003310842121553162,0.0034163134283278205,0.003960948286166248,0.006548356457725528,0.009543138845377391,0.011471807835060662,0.006454072027307068,0.005912949768353198,0.5,8.220908303425682,7.852812659593164
