,MAE,MedAE,RMSE,MaxAE,MSE,PearsonCorr,R2Coeff,Test Cases
"(0, 0)",0.961449670375588,0.643075383042987,1.3849580607839125,8.069321162414552,1.9181088301303355,0.8190212933385564,0.6603956717633643,4668.0
"(0, 1)",0.9573418938275315,0.6740490241553712,1.365084237069135,10.228147032452979,1.863454974294622,0.8051883585956205,0.6386805438293452,4667.0
"(1, 0)",0.9746014558398647,0.6642362656823972,1.3919622660001902,7.749140592175806,1.9375589499683845,0.8097514887148223,0.6468290649001817,4668.0
"(1, 1)",0.9371072315850051,0.6540063739776611,1.3387833636892172,9.818176987363257,1.7923408948910147,0.8180184531308513,0.6633742804805141,4667.0
"(2, 0)",0.939481700765285,0.6557229846020556,1.3299538964531308,10.148515465451636,1.7687773666908648,0.8225650719773301,0.6722033491239476,4668.0
"(2, 1)",0.9537406436823666,0.648291360352832,1.3651731442057355,7.378061892348612,1.8636977136605741,0.8151668122184745,0.6558036355840574,4667.0
mean,0.9539537660126068,0.6565635653022174,1.36265249470022,8.898560522034474,1.857323121605966,0.8149519129959425,0.6562144242802351,4667.5
std,0.012827619312656524,0.010183465693597566,0.022389736336820062,1.1900001586932256,0.06092887391238744,0.00586431728557408,0.010955080790007113,0.5
