,MAE,MedAE,RMSE,MaxAE,MSE,PearsonCorr,R2Coeff,Test Cases
"(0, 0)",1.0350280543260975,0.7582402161494438,1.4203635052406485,7.451868683153167,2.0174324870195015,0.8065111101996939,0.6428102546869205,4668.0
"(0, 1)",0.996778716800246,0.7455554702637492,1.3573138016839434,9.28388634601,1.8423007562417195,0.802594049943215,0.6427822960412457,4667.0
"(1, 0)",1.0151049338862987,0.7500707467402488,1.3941769155677122,8.247326029085004,1.9437292719018995,0.8076237654578333,0.6457043618984165,4668.0
"(1, 1)",0.9914819606203377,0.7277818926285002,1.3543958485108765,9.381947050598,1.834388114463497,0.8119995128652575,0.655477247286256,4667.0
"(2, 0)",1.013621462573324,0.7322933945510004,1.3904080337753508,9.7790252019465,1.9332345003870373,0.802848150441457,0.641725518135452,4668.0
"(2, 1)",1.009274297781655,0.7732580700480001,1.3628275327654034,7.0367639462712095,1.8572988840634368,0.8132391616712209,0.6569854012039367,4667.0
mean,1.0102149043313264,0.7478666317301572,1.3799142729239893,8.530136209510646,1.9047306690128487,0.8074692917631129,0.6475808465420378,4667.5
std,0.014044859658123736,0.015321327427664923,0.023817396866723635,1.0268274656968521,0.06599293197625702,0.004080016461135915,0.00625019322401868,0.5
