,MAE,MedAE,RMSE,MaxAE,MSE,PearsonCorr,R2Coeff,Test Cases
"(0, 0)",3.1695589094446626,2.680933484738692,3.9126421564208895,13.259956610202789,15.30876864420191,-0.052718910343740225,-1.71044270787857,4668.0
"(0, 1)",2.9864466053533416,2.6125505597889425,3.6732211385229903,13.128566458398105,13.492553532492133,0.04495371770627429,-1.616173812602527,4667.0
"(1, 0)",3.067479734614376,2.6824101786375047,3.784524542955457,12.584037286043166,14.322626016232208,-0.013584410619539812,-1.610674231780278,4668.0
"(1, 1)",3.034080961864918,2.6390826716184614,3.731631943295178,11.196041151416724,13.925076960220947,0.08788110161758898,-1.6153166869428723,4667.0
"(2, 0)",3.098787063822454,2.677881448697299,3.828446812408014,13.296680833721162,14.657004995437086,-0.02628258897140336,-1.7162927567116184,4668.0
"(2, 1)",3.085855994990609,2.6917558648109434,3.8009681172572103,12.937975779920816,14.447358628405821,0.0016762458860929963,-1.6682054063067016,4667.0
mean,3.0737015450150604,2.6641023680486406,3.7885724518099564,12.733876353283792,14.358898129498352,0.006987525879212146,-1.6561842670370943,4667.5
std,0.05655023467770844,0.028450587306766844,0.07494602647936277,0.727820379526216,0.5684799017212262,0.04674108765793826,0.04480267030496896,0.5
