,MAE,MedAE,RMSE,MaxAE,MSE,PearsonCorr,R2Coeff,Test Cases
"(0, 0)",3.130459593784897,2.6844054938435553,3.8626884225246685,12.359149370670318,14.920361849506111,0.03203805584686482,-1.6416746450224866,4668.0
"(0, 1)",3.0626717009177433,2.635453630542755,3.788929224177706,13.973422791385651,14.355984665827874,-0.10647616877399964,-1.783591041267134,4667.0
"(1, 0)",3.0811750499301698,2.621549952173233,3.8311407893369758,14.88091058731079,14.677639747721544,-0.0831630744202791,-1.6753847953094088,4668.0
"(1, 1)",3.088361752062743,2.662339654159546,3.802407904267261,12.631117806625367,14.458305870434145,-0.005968663246263679,-1.7154642459707121,4667.0
"(2, 0)",3.0249794352213284,2.6183119378310735,3.719944836242083,13.663307573223115,13.83798958468414,0.1380689718167069,-1.5645096585578009,4668.0
"(2, 1)",3.077229291563691,2.6413536440884275,3.7873552100257526,12.41267723274231,14.344059486909211,0.0684903601948802,-1.6491276402667436,4667.0
mean,3.0774794705800956,2.6439023854397647,3.7987443977624076,13.32009756032626,14.432390200847172,0.007164913569651585,-1.6716253377323806,4667.5
std,0.03139681819436892,0.023140204881505536,0.043945435666203334,0.9311543419166537,0.3331384860606064,0.08442085832956196,0.067514518531108,0.5
