,MAE,MedAE,RMSE,MaxAE,MSE,PearsonCorr,R2Coeff,Test Cases
"(0, 0)",0.9932429149511863,0.6895706380032045,1.4209897746868279,13.466675668334961,2.0192119397645216,0.8053678877167876,0.6424951996469725,4668.0
"(0, 1)",0.9499464418194178,0.6787965476989744,1.341561945438435,9.584426047994056,1.7997884534485586,0.8154586641416803,0.6510253297274241,4667.0
"(1, 0)",0.9594052512939524,0.6728341867923737,1.3632259319210096,10.416755154418945,1.858384941461905,0.8149768350765352,0.6612606044516831,4668.0
"(1, 1)",0.9555749903961288,0.6850435968637145,1.3368868489389534,8.418652715875067,1.7872664468659238,0.8190028107382078,0.6643273300496444,4667.0
"(2, 0)",0.9662659306999629,0.6900017727613449,1.3584863158118163,9.812075855924048,1.845485070247962,0.815376326296987,0.6579875813309374,4668.0
"(2, 1)",0.9667779706436872,0.6827193260192871,1.3678165691190451,7.403905840474451,1.8709221667565958,0.8129355185108417,0.6544693899752778,4667.0
mean,0.9652022499673892,0.6831610113564831,1.364827897652681,9.850415213836921,1.8635098364242444,0.8138530070801733,0.6552609058636566,4667.5
std,0.01383788403745356,0.0060181723841676235,0.02747082476386175,1.8932182789409224,0.07585371169703647,0.004193668620729567,0.007154963866544757,0.5
