,MAE,MedAE,RMSE,MaxAE,MSE,PearsonCorr,R2Coeff,Test Cases
"(0, 0)",0.9850133769048098,0.6783054917335513,1.415919909758403,10.161181359863281,2.004829190850244,0.8103857708704936,0.6450416890361579,4668.0
"(0, 1)",0.9574568603847499,0.6715380104064943,1.3586313117828872,8.58126430167002,1.845879041356889,0.8085126851928657,0.6420884751281185,4667.0
"(1, 0)",0.9666105419170258,0.6699006156921389,1.38182794484567,8.692017262649536,1.9094484691564084,0.8175917211333565,0.6519529372833333,4668.0
"(1, 1)",0.9622233654520743,0.6847499094890623,1.3577062734844112,9.637789710891669,1.8433663250589267,0.8178689639603581,0.6537910186172016,4667.0
"(2, 0)",0.9599551031267293,0.6692719324581176,1.3566032178070735,7.878208848907715,1.840372290564506,0.8170545124973503,0.6589351014024089,4668.0
"(2, 1)",0.9643788504805532,0.6778331089019773,1.374035139551744,9.900980859375,1.8879725647229808,0.814940569573526,0.651320443153667,4667.0
mean,0.9659396830443238,0.6752665114468902,1.3741206328716984,9.141907057226204,1.8886446469516593,0.8143923705379917,0.6505216107701478,4667.5
std,0.009021054455301332,0.005543572804265835,0.02090773225251423,0.8139069393631009,0.05793867850329457,0.003659089338075961,0.005557427462734709,0.5
