,MAE,MedAE,RMSE,MaxAE,MSE,PearsonCorr,R2Coeff,Test Cases
"(0, 0)",3.118434072130418,2.6671714267926543,3.853770092890064,12.248445522785186,14.851543928853891,-0.004739267810604285,-1.62949031880146,4668.0
"(0, 1)",3.0575027954086686,2.6679830958366395,3.746432901306028,13.770805444145203,14.035759483988302,0.04841328100489354,-1.7215001455114045,4667.0
"(1, 0)",3.115643656163072,2.6699393454551696,3.8443365399036202,12.763181533241273,14.778923432038138,0.0027842859275859573,-1.6938464031490201,4668.0
"(1, 1)",3.087899948897725,2.676727201938629,3.8023737485547735,12.27661714553833,14.458046123698479,0.009952944239554784,-1.7154154620412507,4667.0
"(2, 0)",3.1385213466474613,2.693010460393002,3.8886035401380847,13.08642132165432,15.121237492374444,-0.13672629807245196,-1.8023261154539845,4668.0
"(2, 1)",3.098324703126871,2.677196780130446,3.8191921212774913,13.898913514614105,14.586228459228064,0.003356491092786473,-1.6938525327401988,4667.0
mean,3.102721087062369,2.6753380517577567,3.825784824011677,13.007397413663071,14.638623153363554,-0.012826427269705913,-1.709405162949553,4667.5
std,0.025752791132076135,0.00882830491490634,0.04465012570526287,0.6523708973801547,0.34076724620560206,0.05801057803283849,0.051132275099079305,0.5
