,MAE,MedAE,RMSE,MaxAE,MSE,PearsonCorr,R2Coeff,Test Cases
"(0, 0)",0.9682398659322207,0.6660113170420502,1.374011997177491,7.873593417836011,1.8879089683876773,0.8183865484220071,0.6657426070356751,4668.0
"(0, 1)",0.9686521799377243,0.6825977321624757,1.3662204603804817,9.486820581151404,1.8665583463622557,0.8024575799917276,0.638078807418624,4667.0
"(1, 0)",0.9733174553705213,0.6700572736584014,1.3817094601952553,8.671395962905883,1.909121032393064,0.8125292951487039,0.6520126212211552,4668.0
"(1, 1)",0.9666752615289664,0.6724867923595212,1.3690709662544074,9.826546313954749,1.8743553106407769,0.808642976359043,0.6479708704531975,4667.0
"(2, 0)",0.9717993232733294,0.6801728056649339,1.367070924557068,9.574633541299262,1.868882912769317,0.8112366185961645,0.6536514028153934,4668.0
"(2, 1)",0.9782906208994752,0.7006524200439452,1.365600947001753,7.646291538608496,1.8648659464520843,0.8111709188496243,0.6555878809170415,4667.0
mean,0.9711624511570395,0.6786630568218879,1.3706141259277427,8.846546892625968,1.8786154195008624,0.810737322894545,0.6521740316435144,4667.5
std,0.003890978666067294,0.011354627342624421,0.005686590207869741,0.8483698738496758,0.01562185277855257,0.004745165036242918,0.008309745221533365,0.5
