,MAE,MedAE,RMSE,MaxAE,MSE,PearsonCorr,R2Coeff,Test Cases
"(0, 0)",0.9875965339112093,0.6775350920224001,1.396940066080187,9.207593307495117,1.951441548220117,0.8161913297172426,0.6544940591137773,4668.0
"(0, 1)",0.9469366352107718,0.6697389984130862,1.3379800869251681,9.73209786672727,1.7901907130082804,0.8110952253581589,0.6528863086102978,4667.0
"(1, 0)",0.9764687129894556,0.6871430753707886,1.3805266255399138,7.652710648137415,1.9058537638246213,0.8117352673578013,0.6526081666085913,4668.0
"(1, 1)",0.9617740640004032,0.6866281568338821,1.3516910902547727,9.59586239118711,1.8270688034741362,0.814634881863302,0.6568519123040568,4667.0
"(2, 0)",0.9804755308228201,0.6931084223166746,1.3768735808799726,9.887132349206366,1.8957808577252384,0.8093414349588887,0.6486665718027177,4668.0
"(2, 1)",0.9814163208614617,0.6854609510421753,1.381866302099905,7.817693480587549,1.9095544768792654,0.8085779054134714,0.6473345952090737,4667.0
mean,0.9724446329660204,0.6832691159998344,1.370979625296653,8.982181673890139,1.8799816938552762,0.8119293407781442,0.6521402689414191,4667.5
std,0.01387611147439576,0.007570225878037737,0.019913836313602606,0.9066651723981273,0.054409300790503524,0.0027125415769388415,0.0032577212536741454,0.5
