,MAE,MedAE,RMSE,MaxAE,MSE,PearsonCorr,R2Coeff,Test Cases
"(0, 0)",0.95989979455045,0.6617107213020325,1.3797973525885032,9.987418456676561,1.9038407342102421,0.8173746071407757,0.6629218616510517,4668.0
"(0, 1)",0.9368145303030723,0.6383355865478517,1.3481622341749873,10.026757166346249,1.8175414096556932,0.8093977772480682,0.6475830740407197,4667.0
"(1, 0)",0.9488385583312359,0.6523382344016238,1.364111650692934,8.427770590257644,1.8608005955562015,0.8149136795986861,0.6608202881375012,4668.0
"(1, 1)",0.9449811930299922,0.661876411437988,1.3585900897429979,9.789022282322582,1.845767031947887,0.8149978049054857,0.6533401335840278,4667.0
"(2, 0)",0.940878812855239,0.6546493625640869,1.3447764689417983,10.536978453954395,1.8084237514195711,0.8176782793720985,0.6648559280306265,4668.0
"(2, 1)",0.9544785822929817,0.6511117444992065,1.3767560129330596,9.878903730514605,1.8954571191473353,0.8127978081693321,0.6499381608214769,4667.0
mean,0.9476485785604952,0.6533370101254649,1.3620323015123803,9.77447511334534,1.8553051069894886,0.814526659405741,0.6565765743775672,4667.5
std,0.007836650761960804,0.007913645935734064,0.013157379160661266,0.6474478711177444,0.035853927717228444,0.0028198592225628506,0.006611172435511092,0.5
