,MAE,MedAE,RMSE,MaxAE,MSE,PearsonCorr,R2Coeff,Test Cases
"(0, 0)",3.157027883111454,2.709611772653522,3.8977133600381357,13.669197630882262,15.192169437019775,-0.004052800143190986,-1.6897986261632885,4668.0
"(0, 1)",3.0484533649193417,2.691370282712829,3.724654394200906,13.830176021480561,13.873050356240118,0.09298064537997953,-1.6899512353617347,4667.0
"(1, 0)",3.07265004612877,2.667496922040161,3.7819038125927884,13.287527066469192,14.30279644770387,0.03434086006500521,-1.607059772844774,4668.0
"(1, 1)",3.0808911105941266,2.659447422027588,3.795049110743685,13.03474246044159,14.402397752956436,0.024535240976198948,-1.704963949778978,4667.0
"(2, 0)",3.0484206932198266,2.5968433584213257,3.7738592246098044,13.186408094638587,14.242013447172514,0.005007824320093407,-1.6393849206974722,4668.0
"(2, 1)",3.126402891528765,2.7316814517974852,3.8503141891383486,13.099331927299499,14.824919355080098,-0.029636078570254454,-1.7379350778703784,4667.0
mean,3.088974331583714,2.676075201608819,3.8039156818872786,13.351230533535285,14.472891132695468,0.020529282004638612,-1.6781822637861044,4667.5
std,0.04010517434663551,0.04296985585366166,0.05582667630723398,0.2958980769714996,0.4258912477865973,0.03833572151342644,0.04305954909748708,0.5
