,MAE,MedAE,RMSE,MaxAE,MSE,PearsonCorr,R2Coeff,Test Cases
"(0, 0)",3.143469235553568,2.681779146269232,3.8736970921575633,13.116759431362151,15.005529161789962,0.050389243193849145,-1.6567536579656217,4668.0
"(0, 1)",3.0289412341512945,2.655243365114927,3.7113565434752647,13.196078933352233,13.774167392796663,0.048261141996284805,-1.6707780655944022,4667.0
"(1, 0)",3.070444326099055,2.6237762012958523,3.7996276548848624,13.426548059606553,14.43717031576584,-0.03229222471984226,-1.6315529345300996,4668.0
"(1, 1)",3.052297207645313,2.657037208378315,3.7364784307625065,12.62881121635437,13.961271063553443,0.10001632681831979,-1.6221144262074252,4667.0
"(2, 0)",3.1160019210672045,2.6117262037590168,3.862471025199512,12.692551638507844,14.918682420505771,-0.10263631943137888,-1.7647878274665434,4668.0
"(2, 1)",3.1068499052612064,2.6936160185575484,3.823306629234224,12.826017287373542,14.617673581146363,0.034636445758142356,-1.6996599641511851,4667.0
mean,3.086333971629607,2.653863023895815,3.8011562292856556,12.981127761092784,14.45241565592634,0.016395768935895828,-1.674274479319213,4667.5
std,0.03930741574040091,0.02901815456846521,0.06022438450658928,0.28707187951331564,0.4568233731287392,0.06587265121834357,0.04778789011982425,0.5
