,MAE,MedAE,RMSE,MaxAE,MSE,PearsonCorr,R2Coeff,Test Cases
"(0, 0)",3.117194092089101,2.6493933481098013,3.871010261092787,13.802130711078643,14.984720441485646,-0.03792199014230737,-1.6530694397557864,4668.0
"(0, 1)",3.006564024605229,2.601362385749817,3.6972449859929353,14.655781115913392,13.669620486449901,0.025833086955579263,-1.6505066708643867,4667.0
"(1, 0)",3.0935041329299757,2.6425264254687133,3.8316213074438332,13.229946497404576,14.681321843657589,-0.06522088948898534,-1.676055953864291,4668.0
"(1, 1)",3.058380220702902,2.645686891651154,3.769936701444009,12.075897639846803,14.212422732894535,0.02199820991042817,-1.6692840866450425,4667.0
"(2, 0)",3.109858412155675,2.689283628851246,3.8175809688539912,13.568212147378922,14.573924453756177,-0.018667459437451295,-1.7008959499518617,4668.0
"(2, 1)",3.117850382599165,2.7172279451123122,3.8249150123657256,13.865529310703277,14.629974851820698,0.05513048662934897,-1.701931820049686,4667.0
mean,3.083891877513674,2.6575801041571743,3.8020515395322136,13.532916237054268,14.458664135010759,-0.003141425928897934,-1.6752906535218426,4667.5
std,0.04012338347196946,0.036874776817209236,0.055391567512419825,0.7810114257592774,0.4187618064054,0.04117390888989992,0.020453506737211333,0.5
