,MAE,MedAE,RMSE,MaxAE,MSE,PearsonCorr,R2Coeff,Test Cases
"(0, 0)",1.0124224265681399,0.7384591229145016,1.3899799173635103,7.224479742565067,1.9320441706738711,0.8216597772234491,0.6579283967632723,4668.0
"(0, 1)",0.9963734386527113,0.7475835867649989,1.3556162944499284,9.004698352532884,1.8376955377781552,0.8052537540424071,0.6436752368709173,4667.0
"(1, 0)",1.0138899612661119,0.7615899557330003,1.385873893374189,8.3312630597244,1.9206464483361327,0.8142221715009724,0.6499118118877957,4668.0
"(1, 1)",0.9954411784009954,0.7536917454059999,1.3484618009060318,8.223519712215001,1.818349228502739,0.8169197093002967,0.6584895657253549,4667.0
"(2, 0)",0.9927619534012473,0.7421964353224991,1.3500768969829786,8.555572212593026,1.8227076277671885,0.8195489975814211,0.6622087849155852,4668.0
"(2, 1)",1.025015967858115,0.770635895554999,1.3845939128324667,6.763627891638999,1.9171003034527205,0.8086014137564179,0.6459409968513254,4667.0
mean,1.005984154357887,0.7523594569493331,1.3691004526515174,8.017193495211563,1.8747572194184678,0.8143676372341607,0.6530257988357084,4667.5
std,0.011863879730523642,0.01110795915337832,0.017921215580357572,0.775247218831288,0.049066523816397055,0.005814754692590591,0.006898548051752719,0.5
