,MAE,MedAE,RMSE,MaxAE,MSE,PearsonCorr,R2Coeff,Test Cases
"(0, 0)",0.9741075128268515,0.6682945450783935,1.39421049729037,8.35767260131836,1.9438229107546605,0.8160741992432213,0.655842951427859,4668.0
"(0, 1)",0.9531158188618931,0.6721671572391603,1.3444780656713176,8.654331966770117,1.8076212690712878,0.8110693300013372,0.6495065655393273,4667.0
"(1, 0)",0.9628379885162862,0.6592515562057495,1.3741620276792537,8.542779689502716,1.888321278315558,0.8134400431468419,0.6558039219181063,4668.0
"(1, 1)",0.9402803408932524,0.6683435176849364,1.3221660304742435,7.971262309658741,1.7481230121400182,0.82317853243731,0.6716789934060023,4667.0
"(2, 0)",0.9465950143545279,0.663151438806848,1.3401890016437084,8.653296950055518,1.7961065601267596,0.8190842629017672,0.6671385974779052,4668.0
"(2, 1)",0.9555933567079445,0.6571208497285843,1.3537034226183287,8.747136979675293,1.8325129564085771,0.8170872155452933,0.6615629816371512,4667.0
mean,0.9554216720267926,0.664721510790612,1.354818174229537,8.487746749496791,1.8360846644694766,0.8166555972126286,0.6602556685677251,4667.5
std,0.010929155390393188,0.005346006870793977,0.023502749771483873,0.2611337078126699,0.06389394418636661,0.003884104106587472,0.007465581746799306,0.5
