,MAE,MedAE,RMSE,MaxAE,MSE,PearsonCorr,R2Coeff,Test Cases
"(0, 0)",0.9071338915519715,0.6382057175636292,1.2788231432028354,8.144403941345216,1.6353886315911799,0.8436227954591806,0.710451748663492,4668.0
"(0, 1)",0.9000823152320361,0.6301461029052735,1.2885336855607528,9.087139996482291,1.6603190588247767,0.8254077842544536,0.6780681112880522,4667.0
"(1, 0)",0.9247416872770972,0.648218037891388,1.3226376580269672,8.361766790819168,1.7493703744310607,0.8305698029018305,0.6811313684242648,4668.0
"(1, 1)",0.9211021364097021,0.6394032675027848,1.309728635130979,10.056294086171546,1.715389097682057,0.826929542742808,0.6778268626749064,4667.0
"(2, 0)",0.9197881866938266,0.6675719537734985,1.293952360961247,9.343254926396765,1.6743127124371855,0.8314348480226365,0.6897099035799512,4668.0
"(2, 1)",0.9073696328692475,0.622632007191211,1.3044848708470327,7.2590432482541445,1.7016807782687993,0.8339948881689666,0.6857256769789195,4667.0
mean,0.9133696416723135,0.6410295144712975,1.299693392288302,8.708650498244856,1.6894101088725098,0.8319932769249793,0.6871522786015977,4667.5
std,0.008960564950798958,0.014281172819991996,0.014394266727933225,0.9038974852697698,0.0374460750335596,0.005924530749690602,0.011233719925849896,0.5
