,MAE,MedAE,RMSE,MaxAE,MSE,PearsonCorr,R2Coeff,Test Cases
"(0, 0)",1.0164246167629565,0.7376914778489991,1.388907250827708,7.679588502490066,1.9290633514017819,0.8177552217194989,0.6584561557259501,4668.0
"(0, 1)",0.9792465027266364,0.7403741677489997,1.3338773249132871,9.818852138357766,1.7792287179178272,0.8105525474960208,0.6550118132021796,4667.0
"(1, 0)",1.0128581504639762,0.7597495975323527,1.3881904352387981,7.935769942042002,1.9270726844884838,0.810505671649729,0.648740461807771,4668.0
"(1, 1)",0.9903649888379387,0.7308964565930003,1.3531515746842673,9.431921162042784,1.8310191840705121,0.8132968665944551,0.6561099777120261,4667.0
"(2, 0)",1.0099868678885535,0.7337199330100301,1.3833087541238722,10.066422269684882,1.9135431092357398,0.8053658963662703,0.6453748027724222,4668.0
"(2, 1)",0.9984858993148156,0.7456835515290001,1.3597909243254054,7.327135136669468,1.8490313578777404,0.8158233252715427,0.658512286403705,4667.0
mean,1.0012278376658126,0.741352530710397,1.3678710440188897,8.70994819188116,1.8714930674986807,0.8122165881829195,0.6537009162706756,4667.5
std,0.013238993399799231,0.009479419327548498,0.020539582112436297,1.0927106855292539,0.056016383415830005,0.004030720789207655,0.004953347135886695,0.5
