,MAE,MedAE,RMSE,MaxAE,MSE,PearsonCorr,R2Coeff,Test Cases
"(0, 0)",1.0795208753792493,0.8055907377084996,1.4577251387723262,7.335981389347,2.1249625802087975,0.8077313976711208,0.623771874544386,4668.0
"(0, 1)",1.0495268244281655,0.8097934882069999,1.4039056373226155,7.870853614358005,1.9709510385062194,0.793656115348029,0.6178373144531578,4667.0
"(1, 0)",1.0703688073302318,0.8270606532570011,1.4408911020482633,7.730533931236,2.0761671679618585,0.8016317942882987,0.6215640818853043,4668.0
"(1, 1)",1.0620127333833576,0.793292770013001,1.4326822220812998,8.183151383683667,2.0525783494678107,0.7948051755778692,0.6144981874099712,4667.0
"(2, 0)",1.0572813233226794,0.8224981184104048,1.4180558891421622,8.126981701499002,2.0108825047307683,0.8042335611521968,0.6273354901701447,4668.0
"(2, 1)",1.0647315702802853,0.8126372004749999,1.4299651933312363,7.467154050626999,2.04480045413884,0.7989121016100025,0.6223567389111264,4667.0
mean,1.0639070223539948,0.8118121613451511,1.4305375304496506,7.785776011791779,2.0467236825023822,0.8001616909412529,0.621227281229015,4667.5
std,0.00949127021179638,0.011053927523514542,0.016913204232124977,0.3131702282875553,0.04839473711943852,0.004976913953044677,0.004122031443228642,0.5
