,MAE,MedAE,RMSE,MaxAE,MSE,PearsonCorr,R2Coeff,Test Cases
"(0, 0)",3.1263028488196114,2.674492026615143,3.8679391176601237,13.629784595966338,14.960953017925377,0.046308640711085244,-1.6488613782603645,4668.0
"(0, 1)",3.082909231106062,2.720246784210205,3.7703531048425223,12.556210185909272,14.215562535195648,-0.03232938106326714,-1.756363526476461,4667.0
"(1, 0)",3.1035154422295625,2.6360959167833116,3.851668676021073,13.283282380127908,14.835351589841924,-0.05453293162689735,-1.7041319148532441,4668.0
"(1, 1)",3.088598210412301,2.6476026721954344,3.7922418949273995,12.233167743682861,14.381098589642553,0.0026190091530438643,-1.7009636805243198,4667.0
"(2, 0)",3.079323675031948,2.6337093954977684,3.8050023743208783,12.686907287263871,14.478043068587521,-0.026397388063187633,-1.6831268414526712,4668.0
"(2, 1)",3.086353920671921,2.6718734110146762,3.802215689530783,12.13008833360672,14.456844149714048,0.01052692344036835,-1.6699572365122926,4667.0
mean,3.0945005547119013,2.6640033677194235,3.8149034762171303,12.753240087759496,14.554642158484512,-0.008967521241475778,-1.6939007630132255,4667.5
std,0.016117050400310157,0.029723180712041167,0.033965064860378646,0.5402606286149437,0.2596184802298726,0.03290268103460539,0.03360077905152461,0.5
