,MAE,MedAE,RMSE,MaxAE,MSE,PearsonCorr,R2Coeff,Test Cases
"(0, 0)",1.0324364026243378,0.7418541269108336,1.4171550898136367,6.933343019135001,2.0083285485846964,0.8093887273089684,0.6444221219844866,4668.0
"(0, 1)",1.0168375199382789,0.764300055670548,1.3807026222150651,9.112553004203063,1.906339730991557,0.795095324778353,0.6303652922233263,4667.0
"(1, 0)",1.0307919158559817,0.7643463608005002,1.4062443391474435,7.453216484026998,1.9775231413842302,0.8053087623413777,0.639544542871537,4668.0
"(1, 1)",1.0254215666042115,0.7556376254120014,1.4087564118194036,8.480507574064928,1.9845946278422812,0.7937697536354005,0.6272664444268361,4667.0
"(2, 0)",1.0164194961225297,0.7477766811774127,1.3864338508639722,8.228583477148183,1.922198822821503,0.804989578880274,0.6437706925108444,4668.0
"(2, 1)",1.0472171977542213,0.7734251191501769,1.4231898351602044,7.64357646879905,2.0254693069033296,0.7943404706807656,0.6259269051187046,4667.0
mean,1.0281873498165934,0.7578899948535788,1.4037470248366208,7.975296671229537,1.9707423630879333,0.8004821029375232,0.6352159998559558,4667.5
std,0.010503363764014203,0.010713036996417066,0.01538354153854372,0.7165911964488209,0.04310800048567637,0.006254792788152957,0.007634175493554071,0.5
