,MAE,MedAE,RMSE,MaxAE,MSE,PearsonCorr,R2Coeff,Test Cases
"(0, 0)",3.1451302965121766,2.665410525538524,3.880325086981049,13.009447240084409,15.056922780654487,-0.014060668991281295,-1.6658529828506183,4668.0
"(0, 1)",3.038469811487101,2.654636359214783,3.7390947810881223,12.659469570541383,13.980829781960432,-0.020113202487776788,-1.7108494078557555,4667.0
"(1, 0)",3.1205268033208218,2.7219839456524992,3.8341787373045397,13.586106550693511,14.700926589598234,0.03884469007297785,-1.6796294329867534,4668.0
"(1, 1)",3.0693702758710533,2.625035753022398,3.7676555009844575,12.79737673778534,14.195227974098442,0.02126838449089036,-1.6660546797458315,4667.0
"(2, 0)",3.1116698492899224,2.6859926215154513,3.812421343408796,12.823831047439576,14.534556499678931,0.019281213539830564,-1.693600128701895,4668.0
"(2, 1)",3.1087862668654758,2.6867039442062377,3.822465665812481,13.089010936021804,14.611243766315255,0.017444152007677818,-1.6984724760341399,4667.0
mean,3.0989922172244255,2.673293858191649,3.809356852596574,12.994207013761006,14.513284565384296,0.010444094772053084,-1.6857431846958324,4667.5
std,0.03509398696747853,0.03014107808881405,0.04566108802709592,0.2998289493831337,0.3477232209291992,0.020756871929172818,0.01670690568305813,0.5
