,MAE,MedAE,RMSE,MaxAE,MSE,PearsonCorr,R2Coeff,Test Cases
"(0, 0)",3.105142296150467,2.663924844264984,3.8212305555411357,12.000306856632232,14.601802958601217,0.1469514484722055,-1.5852732685989115,4668.0
"(0, 1)",3.0675825368783327,2.6757895720481875,3.7811324902722263,13.35783730032444,14.29696290899225,-0.04115004454924324,-1.772146863985546,4667.0
"(1, 0)",3.085377623178357,2.66322637501406,3.7939934409977005,13.617691528797149,14.394386230333572,0.06900751004356853,-1.623754412859442,4668.0
"(1, 1)",3.0876359654780066,2.698308436012268,3.782220318133726,11.875580257177353,14.305190534903584,0.04548324323363167,-1.6867071271997447,4667.0
"(2, 0)",3.115809133049302,2.676914606028795,3.8296864881602666,13.861180688762666,14.666498597597316,0.013560673789684322,-1.718052147718919,4668.0
"(2, 1)",3.1215702833300263,2.6970522141456605,3.8370896943199426,13.108582895994186,14.72325732225631,0.017651931853548117,-1.7191596606765929,4667.0
mean,3.0971863063440828,2.679202674585659,3.8075588312375,12.970196587948005,14.498016425447375,0.04191746047389915,-1.6841822468398593,4667.5
std,0.018760432463436387,0.014078203934661875,0.022631219867700905,0.7660928426087029,0.17235375746511022,0.05783865179424286,0.0626488196894876,0.5
