,MAE,MedAE,RMSE,MaxAE,MSE,PearsonCorr,R2Coeff,Test Cases
"(0, 0)",3.144529480717555,2.666954697227478,3.892537099522618,11.726129364967345,15.151845071159956,-0.05773468044624818,-1.6826591307580872,4668.0
"(0, 1)",3.019599225305254,2.6203970003128054,3.724061453839285,12.54448920917511,13.868633711971569,-0.018359926435944637,-1.6890948586168042,4667.0
"(1, 0)",3.0573392331755285,2.6476395789533855,3.7877686747866295,13.276347811841966,14.347191533694858,-0.0008287342514797583,-1.615151941619061,4668.0
"(1, 1)",3.0725592343194026,2.6498935475676504,3.7789927233509637,12.24377063512802,14.280786003139534,-0.007094313394618807,-1.6821236279959795,4667.0
"(2, 0)",3.0735815729675235,2.646888878989376,3.788239148132793,13.055125813508035,14.350755843445869,0.01121454540980525,-1.6595374814311783,4668.0
"(2, 1)",3.0797085411412626,2.648867766571045,3.7976245874414225,12.493834537267684,14.421952507139636,-0.019201358216992304,-1.663513285631962,4667.0
mean,3.0745528812710874,2.64677357827029,3.7948706145122855,12.556616228648027,14.403527445091903,-0.015334077889246405,-1.6653467210088453,4667.5
std,0.03706848920477194,0.013649691764565413,0.04984439991667852,0.5096068353069,0.38023109125740157,0.021621944199544604,0.024838756030875774,0.5
