,MAE,MedAE,RMSE,MaxAE,MSE,PearsonCorr,R2Coeff,Test Cases
"(0, 0)",3.1274497413201603,2.7014648439638167,3.853530422862018,13.658129227161407,14.849696719923124,0.05216225218536673,-1.629163267417205,4668.0
"(0, 1)",3.055561402959871,2.6860265203285096,3.7461095048820585,13.424754317426682,14.033336422567702,0.025442031309372854,-1.7210303197056636,4667.0
"(1, 0)",3.1281950386305866,2.700381489901332,3.854082486820692,13.84073234796524,14.853951815217972,-4.876358772756397e-05,-1.707522293757191,4668.0
"(1, 1)",3.1320409770918607,2.691138195991516,3.8525104027978805,11.671118384599685,14.841836403665889,-0.08858207832949958,-1.7874964369868516,4667.0
"(2, 0)",3.112206687959959,2.7121171540737152,3.833703932619417,13.465032483959199,14.697285842981586,-0.04522611045844501,-1.7237577589036346,4668.0
"(2, 1)",3.1180873092497468,2.7453491653442383,3.8327886861673295,13.06095705628395,14.690269112812285,0.000837036336877105,-1.7130672446823039,4667.0
mean,3.112256859535364,2.7060795616005215,3.828787572691566,13.186787302899361,14.661062719528092,-0.009235938757342578,-1.7136728869088083,4667.5
std,0.026219051516820035,0.01939796729701125,0.03805841208876604,0.7184406184209352,0.2891578421885545,0.04609640404975645,0.04616244034543751,0.5
