,MAE,MedAE,RMSE,MaxAE,MSE,PearsonCorr,R2Coeff,Test Cases
"(0, 0)",3.152030840996995,2.719639494228363,3.8996571907317943,13.545142900943755,15.207326205226188,-0.037106667018748804,-1.6924821569432535,4668.0
"(0, 1)",3.0304012067449078,2.66434015750885,3.7165854746514833,13.112693428570033,13.81300759039039,0.022235148647087012,-1.678309086877832,4667.0
"(1, 0)",3.0739706271803073,2.65543549656868,3.787752065181101,13.018884640932082,14.347065707283697,0.027996685490750923,-1.6151290064555703,4668.0
"(1, 1)",3.1100279964338626,2.7012102073669433,3.822261933503076,11.513231529295444,14.609686288306673,-0.008697438344587442,-1.7438955238781428,4667.0
"(2, 0)",3.131513228381422,2.7005262750890164,3.8662322440292627,13.17849703090787,14.947751764771548,-0.07584337396148878,-1.7701750705831327,4668.0
"(2, 1)",3.081146163053171,2.6602479630708693,3.810033766283346,13.35042209625244,14.516357300219259,0.009126153048475178,-1.6809484020262526,4667.0
mean,3.096515010465111,2.6835665989721207,3.817087112396677,12.953145271150271,14.573532476032959,-0.010381582023085319,-1.6968232077940308,4667.5
std,0.04001035119726591,0.02451174907881337,0.05812445619664679,0.6661083931223117,0.44271811293592916,0.03633090276963129,0.049806070751860575,0.5
