,MAE,MedAE,RMSE,MaxAE,MSE,PearsonCorr,R2Coeff,Test Cases
"(0, 0)",3.101218550113994,2.6705417823791504,3.8206131809946338,13.102861088514327,14.597085078789933,0.12005276984711222,-1.584437960206163,4668.0
"(0, 1)",3.0138707751219704,2.603748763751984,3.7088598556735346,14.18244871082306,13.755641429026712,0.005885484098622614,-1.6671859255927743,4667.0
"(1, 0)",3.064091189567784,2.6324154864651734,3.787095169447938,13.321978713893891,14.342089822455904,0.018267065987596462,-1.6142220209428926,4668.0
"(1, 1)",3.059848720246372,2.6033194873809813,3.7804494892652474,12.049195027351379,14.291798340885869,-0.03238888864755835,-1.6841918930944426,4667.0
"(2, 0)",3.097591879854625,2.6550801237970587,3.817965533958892,13.253077600479125,14.576860818498005,-0.05046516794659081,-1.7014401284031737,4668.0
"(2, 1)",3.0587956446325126,2.5864133724239258,3.780593998852222,12.796111431717872,14.292890984157435,-0.033025979996345156,-1.6396776031224816,4667.0
mean,3.065902793256209,2.625253169366379,3.7825962046987445,13.117612095463278,14.309394412302309,0.004720880557139498,-1.6485259218936548,4667.5
std,0.029009128082075328,0.030122140689339254,0.03688311945814155,0.6375851492959469,0.27766812901642596,0.056765248362365024,0.04037839292049653,0.5
