,MAE,MedAE,RMSE,MaxAE,MSE,PearsonCorr,R2Coeff,Test Cases
"(0, 0)",0.8921339960587601,0.6044496119229766,1.2846616006828595,8.366940074920654,1.650355428269047,0.8428034663293513,0.7078018526556122,4668.0
"(0, 1)",0.8950501423709594,0.6182638069152828,1.279772096497342,9.641472163392462,1.637816618973202,0.8292761747003021,0.6824312804774562,4667.0
"(1, 0)",0.9116281213093459,0.6286032777584518,1.3111091505197783,8.374809270572662,1.7190072045766949,0.8304472664341099,0.6866658524667948,4668.0
"(1, 1)",0.8987081749584552,0.6302222278594971,1.2821400628272521,9.528790774537482,1.6438831407066703,0.8337501160779864,0.6912566428497501,4667.0
"(2, 0)",0.8894170098605853,0.6348033444818709,1.2585204429210528,9.364739957047858,1.5838737052502028,0.8418566321383352,0.7064704095784597,4668.0
"(2, 1)",0.9138227973618155,0.6250672360651612,1.3084493842105311,7.270083458978021,1.712039791040918,0.8303358980460973,0.6838125263059499,4667.0
mean,0.9001267069866535,0.6235682508338733,1.2874421229431359,8.75780594990819,1.657829314802789,0.8347449256210305,0.6930730940556704,4667.5
std,0.009365096590604943,0.009931101579401781,0.017947001823709677,0.8422621587443531,0.046191277787142125,0.005542603618626668,0.010326204079548205,0.5
