,MAE,MedAE,RMSE,MaxAE,MSE,PearsonCorr,R2Coeff,Test Cases
"(0, 0)",1.018487781880467,0.754411674445,1.3920671120505863,7.5453373541012665,1.9378508444528595,0.8130296648927627,0.6569003156048802,4668.0
"(0, 1)",0.9699282075608666,0.725208164571002,1.320826631142148,9.2443973689396,1.744582989534316,0.8138832462650177,0.6617295369523362,4667.0
"(1, 0)",0.9931548894548627,0.7350841792100342,1.3643847497436148,8.223907158225252,1.8615457453329463,0.814920824037135,0.660684465047604,4668.0
"(1, 1)",0.9923471721621373,0.7367072478119976,1.3546551590707276,8.142422870864358,1.8350905999969382,0.810503573080001,0.6553453110575951,4667.0
"(2, 0)",0.990990646842263,0.7334335939933321,1.351598198256145,9.293203810949544,1.8268176895292574,0.8141453762116,0.661447092400817,4668.0
"(2, 1)",0.9829404266012634,0.7387374399350657,1.3406364977308176,6.8843314979735,1.7973062190479527,0.818712608355721,0.6680651256885448,4667.0
mean,0.9913081874169768,0.7372637166610719,1.3540280579990067,8.222266676842253,1.8338656813157117,0.8141992154737062,0.660695307791963,4667.5
std,0.014551311193213536,0.0087682241966326,0.021764637997233976,0.8608463928319495,0.05907377879072688,0.002450162943450751,0.0040614770344035754,0.5
