,MAE,MedAE,RMSE,MaxAE,MSE,PearsonCorr,R2Coeff,Test Cases
"(0, 0)",0.9323627360087275,0.637145432472229,1.342845064449167,8.502906092739648,1.8032328671154876,0.8280025697681775,0.6807346502599823,4668.0
"(0, 1)",0.9453057718127882,0.6603091224670412,1.3313116726764769,8.974002524745886,1.7723907698046386,0.816789992976752,0.6563376749630818,4667.0
"(1, 0)",0.9319478914099902,0.6454245732480102,1.337640418832099,8.534066622924804,1.789281890093313,0.8234415607419725,0.6738564479332425,4668.0
"(1, 1)",0.9329602685581244,0.6578700351715088,1.3159322486245568,8.775435968769019,1.7316776829700826,0.823756186875408,0.6747676473447393,4667.0
"(2, 0)",0.9329046996022365,0.6643533370971682,1.315142010838725,8.092391106124659,1.7295985086729253,0.8274869067596725,0.6794641263621004,4668.0
"(2, 1)",0.9364159224865978,0.6436982405185699,1.3406092451990328,9.222723885906165,1.7972331483131205,0.8223230704392114,0.6680786207318075,4667.0
mean,0.935316214979744,0.6514667901624213,1.330580110103343,8.683587700201697,1.7705691444949279,0.823633381260199,0.6722065279324924,4667.5
std,0.004698140305509946,0.009892855284104208,0.011212274180724187,0.36239033057446324,0.029783977294416748,0.003709003032471583,0.008201049592104865,0.5
