,MAE,MedAE,RMSE,MaxAE,MSE,PearsonCorr,R2Coeff,Test Cases
"(0, 0)",1.0412746913336068,0.748503581103332,1.4251233220844763,7.645172314991919,2.030976483149094,0.8046255187133701,0.6404122678600119,4668.0
"(0, 1)",1.0096668850909956,0.755844245357285,1.375600141453941,9.761727283617466,1.8922757491681022,0.7961716451949942,0.633092264612862,4667.0
"(1, 0)",1.0352458941841878,0.7715100579728702,1.418283045533994,7.581568862159003,2.0115267972491817,0.7988463922171113,0.6333464847743455,4668.0
"(1, 1)",1.018843648335753,0.749518032350001,1.3892306342093255,8.622260206005247,1.929961755025645,0.8000636916369288,0.6375272325245351,4667.0
"(2, 0)",1.0448735792847972,0.7707322301430025,1.426727909822189,10.068739635097382,2.035552528665592,0.7897492945216031,0.6227635460831416,4668.0
"(2, 1)",1.030987554505126,0.7863460442849974,1.3931779296576594,7.207335478389166,1.940944743685202,0.8028820559434762,0.6415372946954467,4667.0
mean,1.0301487087890777,0.7637423652019146,1.404690497126931,8.481133963376697,1.9735396761571364,0.7987230997045806,0.6347798484250571,4667.5
std,0.01234641482129514,0.013644620758959522,0.01960314868667748,1.1038523049106208,0.05500438271204718,0.0048474555954922185,0.0062480575732144356,0.5
