,MAE,MedAE,RMSE,MaxAE,MSE,PearsonCorr,R2Coeff,Test Cases
"(0, 0)",3.175917559990925,2.7557981002330783,3.894160551584041,12.672176879644393,15.164486401513322,0.043638912151343884,-1.684897299122278,4668.0
"(0, 1)",3.017013485360185,2.623796905540967,3.7127703475603226,12.425158883953095,13.7846636537232,0.0025163645474822823,-1.6728132654474264,4667.0
"(1, 0)",3.0725028889437604,2.6811259738445283,3.771014467408945,12.622659754753112,14.220550113407569,0.12549137575244804,-1.5920682213400155,4668.0
"(1, 1)",3.101957717607767,2.6773317043304443,3.809176383352873,11.427616959667207,14.509824719493272,0.0019044625344401805,-1.7251401785362073,4667.0
"(2, 0)",3.111457824928787,2.6843428412278154,3.8274617181991806,13.541044141674043,14.649463204280224,0.011092307839169622,-1.7148950828554388,4668.0
"(2, 1)",3.1293893496311096,2.7072083040237427,3.861412578740725,13.19300830066204,14.910507103257098,-0.08487920024616256,-1.753741821391681,4667.0
mean,3.1013731377437552,2.6882673048667627,3.8126660078076817,12.646944153392313,14.539915865945781,0.016627370429786906,-1.6905926447821746,4667.5
std,0.04897935599476109,0.03928865303496655,0.059108196162792954,0.6626681894140728,0.4495799342095994,0.062357972429683065,0.051360757389233076,0.5
