,MAE,MedAE,RMSE,MaxAE,MSE,PearsonCorr,R2Coeff,Test Cases
"(0, 0)",0.8608881830162091,0.5898947500840088,1.2387017385994772,7.277781156731427,1.5343819972093677,0.8555262758906961,0.7283351396775191,4668.0
"(0, 1)",0.8536416532698378,0.5854845596313476,1.2262346385585465,9.737435283852973,1.5036513888008094,0.844402764615208,0.7084455972554882,4667.0
"(1, 0)",0.8801503957691662,0.6062821185112,1.2715130394274143,8.45501941986084,1.6167454094339415,0.8428851890804675,0.705305746657442,4668.0
"(1, 1)",0.8732298429121411,0.6022497337341308,1.257771367857947,9.396149965716758,1.5819888138032507,0.840332173086505,0.7028812296610134,4667.0
"(2, 0)",0.8625988016773071,0.6086328535676818,1.2185228101813907,9.405633273316779,1.4847978389323537,0.851882966557769,0.724831531658167,4668.0
"(2, 1)",0.8749007272273986,0.603492522239685,1.2585228885236244,7.2368056195557955,1.583879860937847,0.84306038683637,0.7074816984479468,4667.0
mean,0.8675682673120101,0.5993394229613423,1.2452110805247334,8.584804119839095,1.550907551519595,0.846348292677836,0.7128801572262629,4667.5
std,0.009195996019756732,0.008577549183726774,0.018892232743140055,1.016764003451066,0.047018745458239475,0.00544135670185412,0.009898238569024593,0.5
