,MAE,MedAE,RMSE,MaxAE,MSE,PearsonCorr,R2Coeff,Test Cases
"(0, 0)",0.991516534839753,0.713706323452999,1.3607396560365828,7.417188089089667,1.8516124115105574,0.82476638470339,0.6721689722251412,4668.0
"(0, 1)",0.9617041008268984,0.7163033784159998,1.3118824132461435,7.910514630225487,1.721035466184525,0.8174241024495582,0.6662953453288616,4667.0
"(1, 0)",0.9735389599829246,0.7146764049023986,1.3427097848607676,7.61592930295086,1.802869566360849,0.8238000031978675,0.6713797375687307,4668.0
"(1, 1)",0.9685153921616637,0.7226168400066653,1.321133852862305,7.92696848222612,1.7453946571787984,0.8221734063075724,0.6721914151526371,4667.0
"(2, 0)",0.9800699937131918,0.7284692102494995,1.3362071127249575,8.670978238287626,1.785449448096767,0.8200873301225676,0.6691136146266028,4668.0
"(2, 1)",0.9682647581963698,0.7265989838434042,1.3213961565424839,7.202027638551529,1.7460878025252484,0.8261594583146644,0.6775243811402403,4667.0
mean,0.9739349566201336,0.7203951901451612,1.3323448293788733,7.790601063555215,1.7754082253094579,0.82240178084927,0.6714455776737024,4667.5
std,0.00964385856976479,0.005813790365845654,0.01629358575754479,0.4698236293562327,0.04354868501844333,0.002939745918883578,0.003415618650287068,0.5
