,MAE,MedAE,RMSE,MaxAE,MSE,PearsonCorr,R2Coeff,Test Cases
"(0, 0)",0.9853478207946182,0.6687586957827364,1.3962038857713346,7.742114575463617,1.9493852906429736,0.8112802324726469,0.6548581229052568,4668.0
"(0, 1)",0.9534320875960268,0.6766214010238647,1.3406370745143885,8.482139393222754,1.7973077655624978,0.8100070385891753,0.6515063291667907,4667.0
"(1, 0)",0.9793548667970946,0.6992088747024536,1.3906928356023187,8.582938795757293,1.9340265629956177,0.8082758938162721,0.6474729350700812,4668.0
"(1, 1)",0.9654386881258344,0.7012228107452394,1.3459698411952534,8.164850566494678,1.8116348134071758,0.8131380035758369,0.6597506231609906,4667.0
"(2, 0)",0.961263093966167,0.6742911470740904,1.350325580137018,8.552913429929175,1.8233791723723745,0.8171731175021228,0.6620843316765065,4668.0
"(2, 1)",0.9580909545343026,0.6839184432888183,1.3434575476810287,8.316789313686316,1.804878182421123,0.8194308035720882,0.6666667002650265,4667.0
mean,0.9671545853023407,0.6840035621028671,1.3612144608168901,8.306957679092305,1.853435297900294,0.8132175149213571,0.6570565070407753,4667.5
std,0.011459719350202036,0.01230815825159401,0.02303235904714165,0.29059916990520873,0.0630609462512026,0.003931452454249204,0.006485564933012829,0.5
