,MAE,MedAE,RMSE,MaxAE,MSE,PearsonCorr,R2Coeff,Test Cases
"(0, 0)",3.1052298588329545,2.6505886042714115,3.8508052853688404,12.500033271312713,14.828701345824596,-0.02106192751795515,-1.6254460018456145,4668.0
"(0, 1)",3.0316933963765287,2.649483583688736,3.721553061646084,12.876269544982911,13.849957190647341,0.038026701286830694,-1.6854735258660174,4667.0
"(1, 0)",3.1091021090685795,2.7165432522792754,3.8277805561774,12.748021391034126,14.651903986249765,0.02688125447384017,-1.6706937778079065,4668.0
"(1, 1)",3.070329859196436,2.658939549922943,3.7856037537041822,11.682624599337577,14.330795780059196,-0.03701343485295294,-1.6915161365229991,4667.0
"(2, 0)",3.067870406184555,2.620480855700174,3.786653293410903,13.162057291293145,14.338743164499638,-0.0016157833494599464,-1.657311245387695,4668.0
"(2, 1)",3.069553254318196,2.661477022266388,3.7852495871764127,12.574267727136611,14.328114437219202,0.029874474806335965,-1.6461828343073304,4667.0
mean,3.0756298139962084,2.659585478021488,3.7929409229139703,12.59054563751618,14.388035984083288,0.005848547474439799,-1.6627705869562606,4667.5
std,0.025987780760028337,0.028752816396594046,0.04043685655201736,0.45931840898886445,0.30622374345926134,0.027904876989075848,0.022739794818378792,0.5
