,MAE,MedAE,RMSE,MaxAE,MSE,PearsonCorr,R2Coeff,Test Cases
"(0, 0)",3.1145504723211386,2.668723667749563,3.8461225888498665,12.831383761763572,14.792658968461199,0.015497904927397313,-1.6190646395577843,4668.0
"(0, 1)",3.0443061725229823,2.685022143649568,3.7457750380420514,13.945904817008973,14.030830635618932,-0.023014364751217285,-1.7205444536181553,4667.0
"(1, 0)",3.1478648728087513,2.7438682801726118,3.874910981063749,13.479440522193908,15.014935111168429,-0.06116422353871371,-1.7368657215621623,4668.0
"(1, 1)",3.1290801523277203,2.717333983182907,3.8362206635033287,11.545561619889737,14.716588979089918,-0.034246795482775795,-1.7639732865995406,4667.0
"(2, 0)",3.1048261842830205,2.68691165440307,3.8175611995914664,13.85977431716919,14.573773512626236,-0.00759808092270005,-1.7008679769588748,4668.0
"(2, 1)",3.1260778107513074,2.6979954319314676,3.841533748350569,13.302131962776183,14.757381539716375,-0.008143816641241612,-1.7254618799164412,4667.0
mean,3.11111761083582,2.699975860181531,3.8270207032335057,13.160699500133596,14.647694791113516,-0.019778229401541857,-1.71112965970216,4667.5
std,0.03269035692765172,0.02450427753611946,0.04009149704914649,0.8107579990182778,0.3051347787157233,0.024016430895005696,0.04533231873507552,0.5
