,MAE,MedAE,RMSE,MaxAE,MSE,PearsonCorr,R2Coeff,Test Cases
"(0, 0)",0.9648397937071895,0.663344337654309,1.3609468682413104,6.666383357602442,1.8521763781758307,0.8220111759378109,0.6720691209979848,4668.0
"(0, 1)",0.9290245859218476,0.6596634518844436,1.3130196967897427,9.506455066396155,1.724020724157828,0.8207353932159799,0.6657165109581243,4667.0
"(1, 0)",0.9584965308860492,0.6772209285736082,1.3617079581830176,7.6459915357411745,1.854248563378963,0.8184398876992939,0.662014567842321,4668.0
"(1, 1)",1.0004669991171673,0.7133077049255372,1.4068007417830644,8.394964160919189,1.97908832708138,0.7957978788604249,0.6283006017463576,4667.0
"(2, 0)",0.9652148612238683,0.7017227249383926,1.356786541210924,9.860726001454749,1.8408697184111023,0.8137211556713668,0.6588429161532998,4668.0
"(2, 1)",0.9862549663253825,0.6777260780334471,1.4022494543756097,7.834457864893286,1.9663035322966953,0.8071201416141061,0.6368539156355859,4667.0
mean,0.9673829561969174,0.6821642043349563,1.3669185434306115,8.3181629978345,1.8694512072503,0.8129709388331637,0.6539662722222789,4667.5
std,0.02240613047978962,0.01939526377008927,0.03138316229820375,1.0963270641074776,0.08553472777060885,0.009143583202639631,0.015842439582188218,0.5
