,MAE,MedAE,RMSE,MaxAE,MSE,PearsonCorr,R2Coeff,Test Cases
"(0, 0)",1.0429528164516035,0.7506249929319182,1.427122007836672,7.53245479308575,2.0366772252517737,0.8041224752079976,0.6394029420794203,4668.0
"(0, 1)",1.0082065412620265,0.7618966127717495,1.3805074508902666,9.851485200956457,1.9058008219635418,0.7948431137219363,0.6304697853930641,4667.0
"(1, 0)",1.02975531807866,0.7714029233224035,1.4094849248648909,7.592961536201004,1.9866477534213869,0.8014940284252868,0.6378813430160496,4668.0
"(1, 1)",1.017672929543972,0.7438206177500013,1.3917539765758857,8.389692349679152,1.9369791313147908,0.7997699207306771,0.6362092749031885,4667.0
"(2, 0)",1.0280401228724234,0.7521915411433111,1.4077797709027204,10.084843496962382,1.9818438833629162,0.7964383905863027,0.6327170396006692,4668.0
"(2, 1)",1.018017796416171,0.7453390614999229,1.390061707028108,7.345292080205906,1.932271549345898,0.8048869091387322,0.6431391005771516,4667.0
mean,1.024107587437476,0.7542126249032178,1.4011183063497572,8.466121576181775,1.9633700607767182,0.8002591396351555,0.6366365809282571,4667.5
std,0.011059219376465807,0.009645723164311785,0.015412734614781258,1.1132336781237735,0.04327217983836852,0.003697687515508493,0.004184489421039243,0.5
