,MAE,MedAE,RMSE,MaxAE,MSE,PearsonCorr,R2Coeff,Test Cases
"(0, 0)",3.1772458371708456,2.7284942685541136,3.930135734435214,12.790407788753509,15.445966891084618,-0.05650824453136923,-1.734733883507369,4668.0
"(0, 1)",2.9939823505644254,2.635661520957947,3.6797227359227285,14.34714015903473,13.54035941326665,0.09710186017138182,-1.6254432583801188,4667.0
"(1, 0)",3.0665464816112333,2.6113820398569105,3.8009857876063693,13.239429932832717,14.447492957585611,-0.009751603123620783,-1.6334345067342633,4668.0
"(1, 1)",3.0485303176343064,2.642573769468069,3.7574367591388147,12.199038362503051,14.1183309989276,-0.0017028008433123934,-1.6516123938673237,4667.0
"(2, 0)",3.0739730049020295,2.6676928082683062,3.7896825994393937,13.776825572872163,14.361694204493721,0.0625746282162552,-1.6615646207337726,4668.0
"(2, 1)",3.140179271401544,2.688024504184723,3.8837023448808283,12.590234343528747,15.083143903632843,-0.09774227575831497,-1.7856251888595849,4667.0
mean,3.0834095438807303,2.662304818548345,3.8069443269038907,13.15717935992082,14.499498061498507,-0.0010047393114967264,-1.6820689753470723,4667.5
std,0.06002117177324246,0.038218418222279164,0.0816881469540378,0.7280928852555092,0.6222774601384492,0.06605934932980702,0.058334234061703856,0.5
