,MAE,MedAE,RMSE,MaxAE,MSE,PearsonCorr,R2Coeff,Test Cases
"(0, 0)",3.1586303700757274,2.710342908718845,3.896199857465644,14.191734266281127,15.180373329315305,-0.013303606982150558,-1.6877101058614916,4668.0
"(0, 1)",3.039498447939235,2.651718021285534,3.7425370511293674,13.259786162102223,14.006583579076102,-0.035235952089863076,-1.7158430074310203,4667.0
"(1, 0)",3.082671834939375,2.5974115561240483,3.8334245035981405,12.90766432466507,14.69514342478665,-0.06960924989093249,-1.6785752995244518,4668.0
"(1, 1)",3.1089581824797876,2.684626002431107,3.8173329069233524,11.668232923603059,14.572030522279892,-0.044350366240628145,-1.736823264706378,4667.0
"(2, 0)",3.0455376823601217,2.6170099045753483,3.755702017871679,12.900883521461488,14.105297647045402,0.038923346655253536,-1.6140482207557776,4668.0
"(2, 1)",3.125987235219543,2.700771553516388,3.852151042404498,13.951605749130248,14.83906765349806,-0.031744735497430975,-1.7405480514456744,4667.0
mean,3.093547292168965,2.6603133244418786,3.8162245632321135,13.146651157873869,14.566416026000235,-0.02588676067429195,-1.6955913249541323,4667.5
std,0.04256392886320976,0.0421042986320398,0.053348936110283275,0.8222111488362718,0.40700681281704026,0.03349868109809018,0.04307405896404141,0.5
