,MAE,MedAE,RMSE,MaxAE,MSE,PearsonCorr,R2Coeff,Test Cases
"(0, 0)",3.1732669405520686,2.708159974737744,3.9062243120067666,13.240602922439574,15.258588375712737,-0.01666624859302332,-1.7015582086763836,4668.0
"(0, 1)",3.058627781884889,2.635656318473816,3.762593183886518,13.788893427276612,14.157107467429283,-0.024820511931379095,-1.745029228848069,4667.0
"(1, 0)",3.0833662084623743,2.6494285881343633,3.8057960330869283,12.682253938913345,14.484083445460199,0.033382434850910386,-1.6401040828102005,4668.0
"(1, 1)",3.1143494943077092,2.730080460357666,3.810494342610539,11.29234424829483,14.519867135066924,0.013414566581740901,-1.72702627920926,4667.0
"(2, 0)",3.068833329100519,2.6262100805768798,3.800447899370297,12.764500882053376,14.443404235828105,-0.037895195068955695,-1.676707439224546,4668.0
"(2, 1)",3.0702801001291706,2.6778500566005707,3.7972532959317085,12.501903873682021,14.419132593464225,-0.023074138280333084,-1.6629924908550362,4667.0
mean,3.0947873090727884,2.6712309131468395,3.8138015111487924,12.711749882109961,14.547030542160245,-0.009276515406839984,-1.6922362882705826,4667.5
std,0.039272333265081436,0.03794427138220178,0.04414267458400102,0.7640161575930422,0.3391536129372005,0.024631613988211436,0.03628233714110071,0.5
