,MAE,MedAE,RMSE,MaxAE,MSE,PearsonCorr,R2Coeff,Test Cases
"(0, 0)",3.193832878250097,2.6669113945760907,3.9589982387337392,12.743800175189971,15.673667054296848,-0.1458723566937887,-1.775048572513731,4668.0
"(0, 1)",3.08103640137086,2.6933470032691957,3.787812031167803,13.021681900644303,14.34751998345956,-0.05393924388605725,-1.7819497596305145,4667.0
"(1, 0)",3.064928850701652,2.5964537751894827,3.800859015140014,13.101339298808576,14.44652925297112,0.008499232862624004,-1.633258846293137,4668.0
"(1, 1)",3.068948050477624,2.620963842868805,3.7898531404780758,12.231182084274293,14.362986826391532,-0.06547657111138137,-1.697562047858614,4667.0
"(2, 0)",3.1050248638719715,2.6618352874611055,3.8330904705379436,12.752056813240051,14.692582555328794,-0.03158069976953122,-1.7228861274763418,4668.0
"(2, 1)",3.0693793726105763,2.6267359743595122,3.7933082066694586,12.550588113069534,14.389187150785864,-0.02326707817731838,-1.6574620271831817,4667.0
mean,3.0971917362137966,2.644374546287365,3.827320183787839,12.733441397537788,14.652078803872286,-0.051939452795908815,-1.7113612301592536,4667.5
std,0.045229028660821055,0.0325747067338656,0.06081952517496271,0.2899956990392296,0.4713413471078533,0.04813187056855441,0.05532805979858265,0.5
