,MAE,MedAE,RMSE,MaxAE,MSE,PearsonCorr,R2Coeff,Test Cases
"(0, 0)",1.008650694283048,0.7360251782076664,1.3823868730669717,7.041133273956,1.9109934668278798,0.826122979301969,0.6616554585578007,4668.0
"(0, 1)",0.9903383499944376,0.7499548300650014,1.3487214555051066,8.932493712083096,1.8190495645398135,0.8082610703189236,0.6472906464210195,4667.0
"(1, 0)",1.0084317521162236,0.753227137567999,1.3802543619976808,8.229711718023399,1.9051021038136247,0.8168504671531203,0.652745176359425,4668.0
"(1, 1)",0.9919288777442017,0.754839169836999,1.3530456900741363,9.764567967844,1.8307326394281958,0.8162406277290846,0.6561637946486754,4667.0
"(2, 0)",0.9951475712221851,0.745642375189499,1.3555854481509244,7.789599885762224,1.8376119072385424,0.8196049942619953,0.6594466662982656,4668.0
"(2, 1)",1.0044433277625495,0.7553155151849998,1.3631214184470388,6.540180797213997,1.8581000014290672,0.8163286617313291,0.656837447121738,4667.0
mean,0.9998234288537743,0.7491673676753609,1.3638525412069764,8.04961455914712,1.8602649472128538,0.817234800082737,0.655689864901154,4667.5
std,0.007610536698741639,0.006735646494428877,0.013084076433837678,1.0890368982075453,0.035759533686071154,0.005277350240034842,0.004663001187664666,0.5
