,MAE,MedAE,RMSE,MaxAE,MSE,PearsonCorr,R2Coeff,Test Cases
"(0, 0)",3.140898810457539,2.7532490910732514,3.8388400404256275,12.444706690311431,14.736692855975033,0.18689389616071078,-1.6091557471444227,4668.0
"(0, 1)",3.067242784142359,2.6471640355587005,3.800754742471293,13.480485673570634,14.445736612418022,-0.12191630489381125,-1.800993728737211,4667.0
"(1, 0)",3.1065585107677793,2.7281780575422507,3.8038096300608126,14.215283240699769,14.468967701743377,0.12434740299879511,-1.6373488420763453,4668.0
"(1, 1)",3.052928494913777,2.682007973326743,3.716164090110649,11.644822635543347,13.809875544627909,0.17878601692711915,-1.5936803121191936,4667.0
"(2, 0)",3.0588394434878494,2.6476378690928053,3.77245582609975,13.073293450796605,14.231422959873946,0.01596191357740117,-1.6374222507012415,4668.0
"(2, 1)",3.0808961346943295,2.6413417160987853,3.8091174658553917,13.047040213644504,14.5093758686846,-0.012424195122961914,-1.6796590387700578,4667.0
mean,3.0845606964106054,2.683263123782089,3.7901902991705874,12.984271984094384,14.367011923887148,0.06194145494120885,-1.6597099865914122,4667.5
std,0.030641488900436314,0.043294860471367345,0.038333013973888365,0.8019493620003232,0.2893410196194332,0.11151106863625931,0.06864336999989065,0.5
