,MAE,MedAE,RMSE,MaxAE,MSE,PearsonCorr,R2Coeff,Test Cases
"(0, 0)",0.9213145371420615,0.6241457457191895,1.311933912267267,7.83469953937608,1.721170590156897,0.8357394860369415,0.6952639115835941,4668.0
"(0, 1)",0.9307162098749215,0.6581462814863648,1.3140615131292996,8.099302146542286,1.7267576602876644,0.8200852356118142,0.6651858255980552,4667.0
"(1, 0)",0.9277887136333943,0.6401541693687438,1.336546876426504,8.910843804168701,1.7863575528854445,0.8247736261189828,0.6743894850861338,4668.0
"(1, 1)",0.9024786241800871,0.6194464436036011,1.28260542947773,8.102245065643555,1.6450766877257526,0.834776153972429,0.6910324786713707,4667.0
"(2, 0)",0.9101854955601307,0.6437519710540771,1.2950426498856908,9.726446213914313,1.6771354650229522,0.8334070181813251,0.689186780172059,4668.0
"(2, 1)",0.922840023221934,0.6437953178903015,1.305435929586531,7.792655238247461,1.7041629662554505,0.8306176450706044,0.6852672549534269,4667.0
mean,0.9192206006020882,0.6382399881870463,1.307604385128837,8.4110320013154,1.7101101537223602,0.8298998608320162,0.68338762267744,4667.5
std,0.00987398333533993,0.012993673040534308,0.016760838708013016,0.6936858307577695,0.04390366241598443,0.005675972380091162,0.010399721178328816,0.5
