,MAE,MedAE,RMSE,MaxAE,MSE,PearsonCorr,R2Coeff,Test Cases
"(0, 0)",3.1633420533368413,2.707718618273735,3.879316903351066,13.09401502907276,15.049099636625305,0.07043196378556559,-1.664467882312528,4668.0
"(0, 1)",3.027841168144056,2.629591219425201,3.7188684541987986,13.498027529144288,13.829982579634962,0.07189540313363574,-1.6816004966338811,4667.0
"(1, 0)",3.075947432633843,2.6461723696947095,3.804709968056992,13.226109427213668,14.475817941032235,-0.026886926097682843,-1.6385974778483523,4668.0
"(1, 1)",3.085925214987446,2.6472190751075746,3.812088875968436,12.291510031414033,14.532021598282293,-0.044851055377634286,-1.7293090508275997,4667.0
"(2, 0)",3.111404625701284,2.6926541770778045,3.82676198194425,14.200246300125123,14.644107266453886,-0.001930461243640057,-1.7139024997780905,4668.0
"(2, 1)",3.0552145078698376,2.6759472791433336,3.749664492679313,13.101981204748153,14.059983807660009,0.12849496336737667,-1.5966632221908559,4667.0
mean,3.086612500445552,2.6665504564537263,3.7985684460331424,13.23531492028634,14.43183547161478,0.03285898126127013,-1.6707567715985512,4667.5
std,0.042926668541828035,0.02774730011237534,0.052088697585349675,0.5669665526537836,0.3955052982058639,0.06177990621571434,0.04466753855335927,0.5
