,MAE,MedAE,RMSE,MaxAE,MSE,PearsonCorr,R2Coeff,Test Cases
"(0, 0)",3.113922583481197,2.6695624283016186,3.8439019454098853,12.845524471998214,14.7755821659259,0.011426947029632595,-1.6160411635368561,4668.0
"(0, 1)",3.0708581406098663,2.6601454865932466,3.780290021773394,13.507186110639573,14.290592648719487,-0.06873452580962372,-1.770911685776697,4667.0
"(1, 0)",3.093273097088929,2.6332591698018537,3.8222879178648648,13.87403156938553,14.609884927055722,-0.029671384321079426,-1.6630347022335519,4668.0
"(1, 1)",3.0661996389958794,2.636830205500267,3.7757491458188626,12.205100720977784,14.25628161215187,0.015171657514238077,-1.6775213738873318,4667.0
"(2, 0)",3.0701736243541617,2.6449781712293623,3.7844303772309296,13.614281948232652,14.321913280108237,0.03254282760142742,-1.6541922662317976,4668.0
"(2, 1)",3.0947507347395047,2.6678357396125794,3.825113045789534,13.233626496791839,14.631489813069285,-0.05677224293225355,-1.7022116101412723,4667.0
mean,3.0848629698782566,2.652101866839821,3.8052954089812445,13.213291886337599,14.480957407838416,-0.0160061201529431,-1.6806521336345845,4667.5
std,0.017191040839108288,0.014469183855199417,0.0261583299290368,0.5531515113289066,0.19920636183008472,0.03810189911649796,0.04796956563948454,0.5
