,MAE,MedAE,RMSE,MaxAE,MSE,PearsonCorr,R2Coeff,Test Cases
"(0, 0)",1.0504502632396584,0.7775318054209995,1.4224787425646013,7.563266283162,2.023445773048169,0.8184554342068769,0.641745592489353,4668.0
"(0, 1)",1.011014419184054,0.7755043432499997,1.3648663916805994,8.59519385551,1.8628602671392196,0.8059357983528462,0.6387958561223359,4667.0
"(1, 0)",1.044244564511364,0.7921381710726674,1.4114827265208927,7.7816210660750045,1.992283487266853,0.8117077505623161,0.6368540827140035,4668.0
"(1, 1)",1.0298436456013196,0.7745601239400006,1.3952485329143125,8.168738525116,1.9467184685995413,0.806585406459071,0.6343800964079216,4667.0
"(2, 0)",1.0319967060701938,0.7929040211380005,1.3852673946342893,8.131085772946001,1.9189657546368715,0.8146374824417151,0.644369857189754,4668.0
"(2, 1)",1.0383704066940083,0.7769314597949997,1.4007467560201332,7.221836320063,1.9620914745009266,0.8085170603346498,0.6376318180654632,4667.0
mean,1.034320000883433,0.7815949874361112,1.3966817573891381,7.910290303812001,1.9510608708652635,0.8109731553929125,0.6389628838314719,4667.5
std,0.012541090515203841,0.0077877698307739236,0.018464545530623405,0.44639095883944985,0.05146010076486198,0.004483509202699637,0.0032717845646111337,0.5
