,MAE,MedAE,RMSE,MaxAE,MSE,PearsonCorr,R2Coeff,Test Cases
"(0, 0)",3.071650788191808,2.6247980062007903,3.797787173230652,12.848901963233947,14.423187413155267,0.11622741833683446,-1.5536490920292896,4668.0
"(0, 1)",3.042105813754933,2.676130988883972,3.7152102107049543,14.777526821517945,13.80278690972635,0.10912326142246406,-1.6763273213776366,4667.0
"(1, 0)",3.0782737799779043,2.6098402037858963,3.828897436456814,13.992701734924317,14.660455578905559,-0.11189467765342918,-1.6722525298525288,4668.0
"(1, 1)",3.062598414476155,2.6169063305854796,3.78775199202517,11.351642349657203,14.347065153090645,-0.03040081176894095,-1.6945717435330572,4667.0
"(2, 0)",3.0898703553341926,2.650327793955803,3.8191614711116864,12.38570568561554,14.585994342423982,-0.04776112798226246,-1.7031327883218341,4668.0
"(2, 1)",3.133896244976662,2.64320491437912,3.885451120175349,13.753484618663787,15.096730407271876,-0.10196735900671412,-1.788134407561417,4667.0
mean,3.0797325661186092,2.636868039631844,3.805709900617438,13.18499386226879,14.486036634095614,-0.011112216108674702,-1.6813446471126274,4667.5
std,0.02832335230578104,0.02250022073074376,0.051076280581362356,1.1272926340485616,0.3880407365460768,0.09201350151650137,0.06888121061608127,0.5
