,MAE,MedAE,RMSE,MaxAE,MSE,PearsonCorr,R2Coeff,Test Cases
"(0, 0)",0.9589231409935086,0.6446948995590209,1.3772078267794667,7.99293304357583,1.896701398142622,0.8209206598514548,0.6641858928630529,4668.0
"(0, 1)",0.9482615163840259,0.6644669906616212,1.3377334146428426,8.830501123798316,1.7895306886519993,0.8144075981223532,0.6530142857520913,4667.0
"(1, 0)",0.9402283743382781,0.6392297586910523,1.3512174551660339,8.604946916770935,1.8257886111453725,0.8227963440615352,0.6672021405576685,4668.0
"(1, 1)",0.9399109019171575,0.6455322361014404,1.3355414098246838,7.824782583191162,1.783670857356504,0.8233423614168713,0.6650026301050944,4667.0
"(2, 0)",0.9322084214225036,0.6452775446381408,1.3211653037878626,9.332170220805564,1.7454777599328755,0.8254919513105392,0.6765213222085347,4668.0
"(2, 1)",0.945102380244097,0.6521011776575198,1.3406881981180916,7.667423220235193,1.7974448445731352,0.8233261755211966,0.6680395236816135,4667.0
mean,0.9441057892165952,0.648550434551466,1.3439256013864966,8.375459518062833,1.8064356933004182,0.8217141817139916,0.6656609658613425,4667.5
std,0.008286494651625257,0.008036437994682491,0.017311014943116137,0.5952464037667108,0.046767429618571894,0.0035286435632383554,0.006934549502802766,0.5
