,MAE,MedAE,RMSE,MaxAE,MSE,PearsonCorr,R2Coeff,Test Cases
"(0, 0)",1.1297152776652517,0.8454232967632456,1.5307196958530762,7.56251747501297,2.343102787272534,0.7670970238410911,0.5851497915230347,4668.0
"(0, 1)",1.102525194812355,0.8194431797650503,1.4880205444123877,8.944945131241267,2.2142051405933385,0.7556171457229837,0.5706709267003929,4667.0
"(1, 0)",1.1217992621805586,0.8622789401095862,1.5157486862743652,7.601743227799743,2.297494079942464,0.7642159348877731,0.5812214474234104,4668.0
"(1, 1)",1.104807159356724,0.8183425543543312,1.4993867522187483,8.779282530151814,2.2481606327290864,0.7601572659024585,0.5777652048530485,4667.0
"(2, 0)",1.1175304425201833,0.831208301863255,1.5059930335666336,8.789701044322243,2.2680150171512317,0.7620361621588929,0.5796827001751763,4668.0
"(2, 1)",1.0983693223810322,0.8181178093937462,1.4802562875599339,8.032423970406123,2.191158676860718,0.7722483740146068,0.5953266214226505,4667.0
mean,1.1124577764860173,0.8324690137082023,1.503354166647524,8.28510222982236,2.260356055758229,0.7635619844213011,0.5816361153496189,4667.5
std,0.011302575686232318,0.01649858996474395,0.016801945772942042,0.5754970813264,0.05058297912989305,0.005250686031209797,0.00751645935381909,0.5
