,MAE,MedAE,RMSE,MaxAE,MSE,PearsonCorr,R2Coeff,Test Cases
"(0, 0)",0.9709967255691143,0.6599018059928161,1.3970235427679718,11.23379221496582,1.9516747790479754,0.8109637935677517,0.6544527652114843,4668.0
"(0, 1)",0.9609145234179707,0.676729621887207,1.3591546691443777,9.223654791248267,1.8473014146569628,0.8058992473958734,0.6418126803521009,4667.0
"(1, 0)",0.9720448888789732,0.6786915768623352,1.3873668118303417,8.557504599761963,1.924786670568287,0.8078310213549942,0.649157147800143,4668.0
"(1, 1)",0.9610065049303205,0.6751608175730226,1.365641532572154,9.098560258281653,1.8649767954860215,0.8134693424658468,0.6497322817009088,4667.0
"(2, 0)",0.9670875269011514,0.6734644912690674,1.3697063596419807,9.439748140765586,1.8760955116436873,0.8136818418407299,0.6523147361440225,4668.0
"(2, 1)",0.9641835895374801,0.6956579223632815,1.3537285662014307,8.321442171466773,1.8325810309497814,0.816304994439299,0.661550409314172,4667.0
mean,0.9660389598725017,0.6766010393246216,1.3721035803597095,9.312450362748343,1.882902700392119,0.8113583735107491,0.6515033367538052,4667.5
std,0.004411688405976127,0.010474797039321073,0.015312255097976025,0.9410484585393454,0.04213324816813276,0.003575931536462937,0.005956106450991505,0.5
