,MAE,MedAE,RMSE,MaxAE,MSE,PearsonCorr,R2Coeff,Test Cases
"(0, 0)",1.0944041913956684,0.761042846107483,1.543036176018145,8.022779968480279,2.3809606405007,0.7693948750418907,0.578446996242561,4668.0
"(0, 1)",1.0596778273931067,0.737409275127197,1.4981086776983483,9.95879931701464,2.244329610195094,0.7629710397583802,0.5648298641987052,4667.0
"(1, 0)",1.0911327768647756,0.764241301012039,1.521256371987207,8.461573725414276,2.314220949311679,0.7663584512081375,0.5781725367843227,4668.0
"(1, 1)",1.0727344838530526,0.7567590026855466,1.510782484744781,10.169647246134703,2.2824637162116144,0.7686059154618042,0.5713226245425964,4667.0
"(2, 0)",1.0883734682411272,0.7629681410988587,1.5232763158922946,7.841716978027588,2.3203707345584017,0.7635382929710749,0.5699799364789226,4668.0
"(2, 1)",1.0893302286701072,0.7851458930969235,1.5174536729653805,10.166020988953536,2.3026656495961237,0.7674293657620191,0.5747329949234421,4667.0
mean,1.082608829402973,0.7612610765213413,1.518985616551026,9.103423037337501,2.3075018833956022,0.7663829900338844,0.5729141588617583,4667.5
std,0.012339165741171538,0.013973218392208714,0.01358602615562652,1.0140084821820556,0.04132791076072121,0.0024097738185569293,0.00479703823830001,0.5
