,MAE,MedAE,RMSE,MaxAE,MSE,PearsonCorr,R2Coeff,Test Cases
"(0, 0)",3.152223506329315,2.7116929465532302,3.889274703780872,13.215019387006759,15.126457721469789,-0.010909461848253461,-1.6781642586727257,4668.0
"(0, 1)",3.021781033532281,2.621381067633629,3.7266587619308646,13.387963022613526,13.887985527876085,0.04764865347680968,-1.6928471293692442,4667.0
"(1, 0)",3.0751206654197794,2.637649554531154,3.8102386502330456,13.633213055133819,14.51791857172974,-0.005574869898014587,-1.6462714219685934,4668.0
"(1, 1)",3.097568150805154,2.639454910349846,3.8178655607335066,11.862564867734909,14.576097439834973,-0.006708619980432622,-1.7375870865061862,4667.0
"(2, 0)",3.109721725469329,2.690262186367907,3.8384075205917703,13.401847596788407,14.733372294135462,-0.034618040499936935,-1.730445439361901,4668.0
"(2, 1)",3.0831779077618906,2.6532704715681215,3.800302655948548,12.086907756328582,14.44230027680959,-0.007400306251585362,-1.667271206400462,4667.0
mean,3.089932164886292,2.6589518561673144,3.8137913088697677,12.931252614267668,14.547355305309273,-0.002927107500235548,-1.692097757046519,4667.5
std,0.03924224640693319,0.031727276975234864,0.04848873785422708,0.6902086417929892,0.3691114607001516,0.02472266437622959,0.03278957754408588,0.5
