,MAE,MedAE,RMSE,MaxAE,MSE,PearsonCorr,R2Coeff,Test Cases
"(0, 0)",0.9730888507849118,0.6852370558221434,1.3978512896146482,8.985515504455567,1.9539882278773353,0.8120822931993303,0.6540431652851073,4668.0
"(0, 1)",0.9659397820993969,0.6596736079614623,1.3705159590811327,8.936686202419226,1.8783139940960767,0.8039690007099484,0.6357994154801492,4667.0
"(1, 0)",0.9671539250835343,0.6579042167663576,1.3794627340586454,8.534350996685028,1.9029174346565532,0.811320337954933,0.6531433896107428,4668.0
"(1, 1)",0.9416732974044725,0.6484950980871824,1.3398528758476822,8.4816973651771,1.7952057289173045,0.8190020833981262,0.6628362261303888,4667.0
"(2, 0)",0.9522681455331592,0.6713556624174118,1.3389975500292277,8.190144064618506,1.7929144389842742,0.819518919697763,0.6677301736928671,4668.0
"(2, 1)",0.9639862096271317,0.6829218255996704,1.3629840503930322,9.661605640781348,1.8577255216257957,0.8158779247458511,0.656906607794034,4667.0
mean,0.9606850350887677,0.6675979111090381,1.3649440765040612,8.798333295689462,1.8635108910262232,0.8136284266176586,0.6550764963322148,4667.5
std,0.010539619700875705,0.013427349156067268,0.020941801324103632,0.4724505186347301,0.05721462624159387,0.005317528380093245,0.010000739856609186,0.5
