,MAE,MedAE,RMSE,MaxAE,MSE,PearsonCorr,R2Coeff,Test Cases
"(0, 0)",3.14039547070144,2.7250665304780006,3.8743083320301865,12.744157698750495,15.010265051638527,0.02546007810847887,-1.6575921550651396,4668.0
"(0, 1)",3.0332693892206297,2.639482569694519,3.7302977645383786,12.649177874946595,13.915121412120024,-0.03928889345846523,-1.6981087123283074,4667.0
"(1, 0)",3.100196462575623,2.6616213472345596,3.8164076361427814,12.798218812370301,14.564967245208933,-0.008222788902337954,-1.6548472766583946,4668.0
"(1, 1)",3.1273668758179456,2.7030459904670714,3.8223362411264934,13.062457308959962,14.61025434022901,0.010524503343824097,-1.7440022116670715,4667.0
"(2, 0)",3.0987594827757663,2.668146718877213,3.798358139171135,13.325224514627457,14.427524553407606,0.057603324257248095,-1.6737645551666427,4668.0
"(2, 1)",3.143607044718715,2.713940408974886,3.858596714299793,12.511722501945496,14.888768603605158,-0.04921083561738021,-1.7497270541398828,4667.0
mean,3.10726578763502,2.6852172609543747,3.8167174712181278,12.848493118600054,14.56948353436821,-0.0005224353781053889,-1.69634032750424,4667.5
std,0.03746134934857875,0.030742694648558635,0.04638188511162848,0.27068059252287363,0.352669839980587,0.036761446810818346,0.03842239928351519,0.5
