,MAE,MedAE,RMSE,MaxAE,MSE,PearsonCorr,R2Coeff,Test Cases
"(0, 0)",0.967582978210264,0.6509133096841065,1.3775230201306925,8.180743102106836,1.8975696709899843,0.8163099644902324,0.6640321637250484,4668.0
"(0, 1)",0.9513030962171053,0.6853274322509764,1.3306700102973885,9.195335807992377,1.770682676304852,0.8144664686197753,0.6566688702014671,4667.0
"(1, 0)",0.961471796085985,0.6707312287915619,1.3564143540144626,7.769841583329523,1.8398598997764721,0.8182528925405684,0.6646372791561684,4668.0
"(1, 1)",0.9972436286599886,0.7000395521669924,1.4012820746790255,8.654960575295844,1.963591452816754,0.8003069809484205,0.6312111231011415,4667.0
"(2, 0)",0.9897061054003529,0.7099021406292916,1.3946157429638166,8.626917365897805,1.9449530705225184,0.8025520096048112,0.6395537874723367,4668.0
"(2, 1)",0.973806182002672,0.6735496379577088,1.3835054276884116,7.867637624872534,1.9140872684432946,0.8080221815173881,0.6464974581746938,4667.0
mean,0.9735189644293948,0.6817438835801063,1.3740017716289665,8.382572676582486,1.888457339808979,0.8099850829535327,0.6504334469718093,4667.5
std,0.015805488063309253,0.019491063181768676,0.02400981818842733,0.49595296813186057,0.06558634625298386,0.006846079646863836,0.012442609469972839,0.5
