,MAE,MedAE,RMSE,MaxAE,MSE,PearsonCorr,R2Coeff,Test Cases
"(0, 0)",3.1104327808942642,2.636030207565427,3.852493837076871,12.342619669437408,14.841708764715273,0.025891551620632912,-1.6277489867884243,4668.0
"(0, 1)",3.072102358840563,2.7156153226852418,3.7629575104134165,13.505184497261048,14.159849225176739,0.033896022241982904,-1.7455608491082462,4667.0
"(1, 0)",3.092894444409675,2.679419459354878,3.8018131129454473,13.838209164142608,14.453782945763953,0.05180827253441304,-1.6345810220476418,4668.0
"(1, 1)",3.0633649137862125,2.611549650144577,3.775900012676419,11.732643172931672,14.257420905729782,0.02921211011333132,-1.6777353485399784,4667.0
"(2, 0)",3.07808079390284,2.636320497274399,3.8024583797976113,13.564495231533051,14.458689730093074,0.014598828782553825,-1.6795402060392957,4668.0
"(2, 1)",3.073568834539497,2.6487904596328735,3.793605847980987,13.81304212095996,14.391445329835543,0.05121879773476964,-1.6578790781960167,4667.0
mean,3.0817406877288422,2.6546209327762327,3.798204783481792,13.132698976044294,14.427149483552396,0.03443759717128061,-1.6705075817866006,4667.5
std,0.015590504361221339,0.03392377074382078,0.028105271541601667,0.8031382667046641,0.21412439177166742,0.013401241852004551,0.03882721573977553,0.5
