,MAE,MedAE,RMSE,MaxAE,MSE,PearsonCorr,R2Coeff,Test Cases
"(0, 0)",3.138098817058055,2.711051297957025,3.864977415860016,12.675067168474197,14.938050425107967,0.011307917024209227,-1.644806436472674,4668.0
"(0, 1)",3.0218612644700333,2.6416114293066726,3.7183085072780497,13.42809974732399,13.825818155296318,0.03810968049608139,-1.6807930247292422,4667.0
"(1, 0)",3.129488637069864,2.6959041280635425,3.8449030038000944,13.672656667232513,14.783279108630989,0.0003700463156031775,-1.6946403394446437,4668.0
"(1, 1)",3.0841965596433356,2.637140384578705,3.791234800799283,11.67854788005352,14.37346131479158,-0.002406195734028596,-1.6995292976180294,4667.0
"(2, 0)",3.05888675797287,2.6339033762816406,3.7701284150781302,13.70004394235611,14.213868266179533,0.05285277207777442,-1.634168947086808,4668.0
"(2, 1)",3.0980253458649307,2.7333667562800783,3.8007164469212453,12.937613320350646,14.445445509897656,0.0680729945004099,-1.6678520826800316,4667.0
mean,3.088426230346515,2.675496228744611,3.79837809828947,13.015338120965163,14.429987129984006,0.02805120244667492,-1.6702983546719048,4667.5
std,0.03993118113240347,0.03953681627963884,0.04807236647886384,0.7047571103158334,0.3647156830072225,0.026746562992460417,0.02421526577868036,0.5
