,MAE,MedAE,RMSE,MaxAE,MSE,PearsonCorr,R2Coeff,Test Cases
"(0, 0)",3.156064975973956,2.625501888012886,3.933407433593893,13.84100444316864,15.471694038651696,-0.10449455960373678,-1.7392889173666153,4668.0
"(0, 1)",3.07642471583157,2.6332505123138428,3.8104626269912902,12.50708409729004,14.519625431697365,-0.12147439904542558,-1.8153205938170665,4667.0
"(1, 0)",3.1222747349145297,2.7111911004939118,3.835680087649383,13.07558781337738,14.712441734789977,0.01785227839384369,-1.6817283702063124,4668.0
"(1, 1)",3.0300908465856433,2.613017148375511,3.716423513761254,12.060147142410278,13.811803733637545,0.11561339191235834,-1.5940424519412488,4667.0
"(2, 0)",3.063461778470109,2.5744295136094095,3.806370899024895,13.925081219100953,14.488459420943586,-0.06521910409881124,-1.6850572400890194,4668.0
"(2, 1)",3.1046378986764323,2.7079810762405394,3.8371467871606835,12.544403088092803,14.723695466217556,-0.021364161021438524,-1.7192405791417746,4667.0
mean,3.092159158408707,2.644228539841017,3.823248558030233,12.992217967240016,14.621286637656288,-0.02984775891053502,-1.7057796920936728,4667.5
std,0.040967889980546235,0.049775546244680814,0.06369537798012596,0.6954940593915862,0.48737908068972896,0.08033775522470848,0.06682859885231747,0.5
