,MAE,MedAE,RMSE,MaxAE,MSE,PearsonCorr,R2Coeff,Test Cases
"(0, 0)",1.0104750581742938,0.6918572227156372,1.4444697492639198,9.789287033081054,2.0864928565385714,0.797892433178716,0.6305830024946121,4668.0
"(0, 1)",0.9742977838695998,0.6747986691185304,1.3888266686771686,9.25394732017652,1.9288395156289222,0.8013230029499107,0.6260026378735977,4667.0
"(1, 0)",0.9689789114024311,0.6668467442342201,1.3943076978568587,10.04703755645752,1.9440939563028932,0.8078710637843242,0.645637888601737,4668.0
"(1, 1)",0.948194188465317,0.6703747798919677,1.3382602092743308,9.539011540604987,1.7909403877269758,0.8184143013514543,0.6636373145568613,4667.0
"(2, 0)",0.9725179159733215,0.6930248221901458,1.361325439569994,9.82064539451734,1.8532069524204373,0.8134600011882563,0.6565565323124097,4668.0
"(2, 1)",0.9809832031455065,0.7057640681309325,1.3815750282876604,9.180557414424841,1.9087495587880496,0.8123097144280848,0.6474832512269559,4667.0
mean,0.9759078435050784,0.6837777177135722,1.3847941321549886,9.605081043210378,1.9187205379009749,0.808545086146791,0.6449834378443623,4667.5
std,0.01848779904835285,0.014030365080985749,0.03264581826339302,0.3118775876001085,0.09093310000413175,0.007092508157945014,0.013267908089984133,0.5
