,MAE,MedAE,RMSE,MaxAE,MSE,PearsonCorr,R2Coeff,Test Cases
"(0, 0)",1.1170984200180145,0.83529848777472,1.5146630167366326,7.724731401013199,2.294204054269717,0.7720933361309065,0.5938073927561806,4668.0
"(0, 1)",1.0905341896265976,0.7992853302036682,1.4789164282660785,8.855883302011403,2.1871938017952948,0.7589702779838032,0.5759083605958079,4667.0
"(1, 0)",1.1130998263412357,0.8477457290178998,1.504197120634841,7.570511169882396,2.2626089777261464,0.7675219601081924,0.5875801722358817,4668.0
"(1, 1)",1.0984771976027101,0.8227817412288936,1.4942277761407259,8.982093885406417,2.2327166469904594,0.7620830143250966,0.5806657930315211,4667.0
"(2, 0)",1.1041195205164345,0.8152094069470837,1.4994831760241982,8.742109527892715,2.2484497951796167,0.7638328983742214,0.5833086026526264,4668.0
"(2, 1)",1.0901846211230763,0.8077925124098866,1.4758490806562792,8.270102184282024,2.178130508873984,0.7732451307161168,0.5977327240986183,4667.0
mean,1.1022522958713448,0.821352201263692,1.494556099743126,8.357571911748026,2.233883964139203,0.7662911029397229,0.5865005075617726,4667.5
std,0.010317921319075518,0.01633863866972916,0.01363923970822954,0.5498202421571985,0.04075451871849774,0.0051782345639950576,0.007496050775025067,0.5
