,MAE,MedAE,RMSE,MaxAE,MSE,PearsonCorr,R2Coeff,Test Cases
"(0, 0)",3.1555849557263773,2.7494407817423347,3.8799326102786464,13.007376332581043,15.053877060303671,0.0413212131993904,-1.6653137330450347,4668.0
"(0, 1)",3.0438697258869873,2.669552554710486,3.738158036799284,12.151459898376466,13.973825508087076,0.012723468787731555,-1.70949129592834,4667.0
"(1, 0)",3.099579762156742,2.70428788524469,3.823753257773757,13.781267654895782,14.621088976335418,0.006136726370201552,-1.6650769340640101,4668.0
"(1, 1)",3.0997594733331653,2.6510971887848345,3.8030210298075713,11.85836768732071,14.46296895315864,0.010582976876166144,-1.7163400356052545,4667.0
"(2, 0)",3.1376347854375104,2.6645579870045184,3.8828212917549227,13.516081299209596,15.076301183705368,-0.1104411815782081,-1.7939983452315436,4668.0
"(2, 1)",3.107975847173799,2.6967015610114076,3.832583534336352,12.675617262256567,14.688696547666126,-0.044718956068960404,-1.7127768160349177,4667.0
mean,3.1074007582857632,2.6892729930830455,3.8267116267917554,12.831695022440025,14.646126371542715,-0.014065958735613143,-1.7104995266515166,4667.5
std,0.035099604228227145,0.0325522980477156,0.04903566986910572,0.6874327694880974,0.3740065006499373,0.05004817775194644,0.04304519850584196,0.5
