,MAE,MedAE,RMSE,MaxAE,MSE,PearsonCorr,R2Coeff,Test Cases
"(0, 0)",1.0221244454013372,0.7439706637431467,1.404238731010951,7.392726234254333,1.971886413671246,0.8159847360100246,0.650874262005108,4668.0
"(0, 1)",1.0045113071972462,0.7492169351175337,1.3665880528359737,9.143481840417062,1.8675629061540184,0.800716359385329,0.6378840256811216,4667.0
"(1, 0)",1.0286456135466284,0.7591859098122531,1.4027245929547492,7.420319825148001,1.9676362836800667,0.8081280714312324,0.6413466819912965,4668.0
"(1, 1)",1.0135346415211983,0.7561011171139993,1.3812000643054134,8.107776685405938,1.9077136176372784,0.8039765033662831,0.6417057318700977,4667.0
"(2, 0)",1.0103893661613401,0.7261981508986496,1.3760435251518122,8.991370781201779,1.893495783112226,0.8100389518992268,0.6490900506527149,4668.0
"(2, 1)",1.0325009662782327,0.7721434026040015,1.3999993066010035,6.8677501536545,1.9599980584832906,0.8033032165500062,0.6380184398749975,4667.0
mean,1.018617723350997,0.7511360298815974,1.388465712143317,7.987237586680268,1.9280488437896874,0.8070246397736837,0.6431531986792227,4667.5
std,0.009984443525825828,0.014187351007153076,0.014553693415717939,0.8453604290643942,0.040364246403322604,0.005058351039016484,0.005071975699965599,0.5
