,MAE,MedAE,RMSE,MaxAE,MSE,PearsonCorr,R2Coeff,Test Cases
"(0, 0)",1.0647700382613579,0.7854235037413297,1.4601675377169514,6.785691884073398,2.1320892382023846,0.7924410261910682,0.6225100880062782,4668.0
"(0, 1)",1.046045660001029,0.7820208027469984,1.4236827613601373,9.169128339331996,2.0268726049940256,0.7792888372140722,0.6069942566544397,4667.0
"(1, 0)",1.0761575008950774,0.8023748544577822,1.463988141741118,7.295832570322536,2.1432612791586116,0.7825786419508277,0.6093344204386499,4668.0
"(1, 1)",1.059222776147943,0.7886286319710002,1.44467238268764,8.628138308245369,2.0870782933003826,0.7801283744232751,0.6080186340788358,4667.0
"(2, 0)",1.076736394523738,0.7805862065415001,1.4663409002445045,8.191737515167627,2.150155635729864,0.7759892775456441,0.601524855797354,4668.0
"(2, 1)",1.0745178434045086,0.8172033478809997,1.4513454886367247,7.860215275828491,2.1064037273861733,0.7827022190799118,0.6109795598050753,4667.0
mean,1.0662417022056092,0.7927062245566017,1.451699535397846,7.988457315494903,2.1076434631285736,0.7821880627341331,0.6098936357967722,4667.5
std,0.011077510115419678,0.013066045786947474,0.014557542864502079,0.7944933836497298,0.042075139602770026,0.005109026829849834,0.006359052977910509,0.5
