,MAE,MedAE,RMSE,MaxAE,MSE,PearsonCorr,R2Coeff,Test Cases
"(0, 0)",1.035823730374469,0.7547418389573608,1.4200128714325975,7.263004898334274,2.0164365550342507,0.8061676796310476,0.6429865860855919,4668.0
"(0, 1)",1.023927906504068,0.7774218409150007,1.3894370487128447,8.919189859564,1.9305353123358597,0.7921367370911756,0.6256738269538926,4667.0
"(1, 0)",1.0419542657742191,0.7740210311483332,1.424097833058429,8.094665978610518,2.0280546381217133,0.7974412577880872,0.6303338522987101,4668.0
"(1, 1)",1.0178100909381662,0.7630015749876675,1.3823687393436441,9.71377788366962,1.9109433315145359,0.8025464058782559,0.6410991481778587,4667.0
"(2, 0)",1.025368348186595,0.7625726693124184,1.3979624764366785,8.156901367972228,1.9542990855249707,0.8007807076304048,0.637821747886952,4668.0
"(2, 1)",1.0360135774757004,0.7818933266766699,1.3961450025655402,7.270235209627874,1.9492208681887322,0.8020399013060638,0.6400088215183382,4667.0
mean,1.0301496532088696,0.768942046999575,1.4016706619249557,8.236295866296418,1.9649149651200106,0.8001854482208391,0.6363206638202239,4667.5
std,0.008364263706523694,0.00951264700625635,0.015307534708995296,0.8714191805929514,0.043001922189052966,0.004424682205073278,0.006222556286581309,0.5
