,MAE,MedAE,RMSE,MaxAE,MSE,PearsonCorr,R2Coeff,Test Cases
"(0, 0)",0.9984171245842732,0.73316895740125,1.3703232189222132,7.436023216220167,1.8777857243173361,0.8234640267091904,0.6675349440752008,4668.0
"(0, 1)",0.9708936037793691,0.7314065053189998,1.3223092869276192,8.535437558975268,1.7485018502950287,0.8149925962680701,0.6609696792372846,4667.0
"(1, 0)",0.9950110738720422,0.7356869905550001,1.3614888711800768,8.2295407056184,1.8536519463471999,0.8191942697506301,0.6621233169438685,4668.0
"(1, 1)",0.9770450714101581,0.7348600047540002,1.3346589552821695,8.763553220346562,1.781314526914892,0.8192123572365797,0.6654451806447792,4667.0
"(2, 0)",0.9751367369422684,0.7360071457565013,1.3258248926681018,8.427201918384876,1.7578116460183835,0.8250249777359587,0.6742355588178146,4668.0
"(2, 1)",0.9932955626700768,0.7361316377429432,1.350187548091801,6.876595408428368,1.8230064150221497,0.8171505257897502,0.663318693928578,4667.0
mean,0.9849665288763646,0.7345435402547823,1.3441321288453303,8.044725337995606,1.8070120181524985,0.8198397922483632,0.6656045622745875,4667.5
std,0.010867426340880582,0.0017225121806266784,0.017911961316918495,0.6674582219540602,0.04820874494371525,0.0034534779791224116,0.004417244270029997,0.5
