,MAE,MedAE,RMSE,MaxAE,MSE,PearsonCorr,R2Coeff,Test Cases
"(0, 0)",1.0067295501349534,0.7470089579670012,1.3784556151094776,7.10012675306075,1.9001398828268479,0.8234032013950536,0.6635771034852055,4668.0
"(0, 1)",0.982165811067708,0.7555951848460001,1.326590810057942,8.384475241255249,1.7598431773301866,0.8142657908142478,0.6587706230899,4667.0
"(1, 0)",1.0035686774403645,0.7428414709473325,1.3764070681551457,8.3119807104129,1.8944964172674437,0.8163267721875368,0.6546783408884069,4668.0
"(1, 1)",0.9831348967472183,0.749703101299001,1.338151513894702,8.811316991276678,1.7906494741386827,0.8191244253923584,0.6636919520403088,4667.0
"(2, 0)",0.9911073850152547,0.7409770582430016,1.341697316308891,8.085769973033184,1.8001516885904805,0.8216929317172214,0.6663889386526956,4668.0
"(2, 1)",1.0062001810954428,0.7584050966589985,1.357971582288564,6.860671406506732,1.8440868183033066,0.815983101374215,0.6594254669762605,4667.0
mean,0.9954844169168237,0.7490884783268892,1.353212317635787,7.925723512590914,1.831561243076158,0.8184660371467721,0.6610887375221296,4667.5
std,0.010453788864080835,0.0063068614774519,0.019433642863339044,0.705394032726121,0.052638024786015224,0.0032559025460326173,0.0038793068850336387,0.5
