,MAE,MedAE,RMSE,MaxAE,MSE,PearsonCorr,R2Coeff,Test Cases
"(0, 0)",1.014708293750342,0.7447458787988325,1.3940820733046944,7.233914313441583,1.943464827109515,0.8151583921209803,0.6559063507271333,4668.0
"(0, 1)",0.9895389330696032,0.7384500964929996,1.343860314856452,7.887674255513935,1.8059605458460826,0.8073864766714627,0.6498285757949324,4667.0
"(1, 0)",1.0028609401352164,0.7430150101484996,1.380377761041338,7.590389742822001,1.9054427631774968,0.8125012863942668,0.6526830822558669,4668.0
"(1, 1)",0.9849922975517096,0.7326751479879978,1.3393449876292427,8.031621107848515,1.7938449958875762,0.8168583782126597,0.6630917900895172,4667.0
"(2, 0)",0.997665880782431,0.7373322939371663,1.3626642804671378,8.643534969479747,1.8568539412610223,0.8123152693114956,0.6558806582593837,4668.0
"(2, 1)",0.9922518419100317,0.7573284663250042,1.344872302958915,7.4291866212365,1.8086815112660153,0.8199425764509032,0.6659642837993653,4667.0
mean,0.9970030311998891,0.7422578156150834,1.3608669533762967,7.80272016839038,1.8523747640912849,0.8140270631936279,0.6572257901543664,4667.5
std,0.009753418819216155,0.007793964784281342,0.020393609283334415,0.46092913190464274,0.055711741580423434,0.003950636435449268,0.0056225217054630735,0.5
