,MAE,MedAE,RMSE,MaxAE,MSE,PearsonCorr,R2Coeff,Test Cases
"(0, 0)",3.139676170468,2.6909616154749845,3.8607972197530227,12.975354500859975,14.90575517205267,0.014312904351515719,-1.6390885087165463,4668.0
"(0, 1)",3.049313048834455,2.647723320901394,3.74512409159517,14.10273155155182,14.025954461446547,-0.012606375110465187,-1.7195989751255363,4667.0
"(1, 0)",3.1582817110424855,2.731559816455841,3.886200708226204,13.498048211956025,15.10255594461785,-0.053683511427665684,-1.75283691649487,4668.0
"(1, 1)",3.118742735343175,2.704892035841942,3.811008485685943,11.19216296672821,14.523785677970265,0.028654157795317367,-1.7277622342544552,4667.0
"(2, 0)",3.1233374610064217,2.689742824542476,3.852773147410055,13.147918182933331,14.84386092540398,-0.03794076872150628,-1.7509216191071553,4668.0
"(2, 1)",3.1186811303512827,2.7213831689834596,3.835156209693512,12.943959065526723,14.708423152750706,0.017325313566840722,-1.7164200172378883,4667.0
mean,3.118005376174304,2.697710463700016,3.831843310393984,12.976695746592682,14.685055889040337,-0.00732304659099389,-1.7177713784894086,4667.5
std,0.033763574509637545,0.0269737381760292,0.045085847327147585,0.8901978133664998,0.3438028289955134,0.030234269837635226,0.037913295578936045,0.5
