,MAE,MedAE,RMSE,MaxAE,MSE,PearsonCorr,R2Coeff,Test Cases
"(0, 0)",1.0135528238036573,0.7422411016855008,1.3899789193422223,6.888457975736833,1.9320413962157723,0.8212140963526394,0.6579288879856493,4668.0
"(0, 1)",0.9963734386527113,0.7475835867649989,1.3556162944499284,9.004698352532884,1.8376955377781552,0.8052537540424071,0.6436752368709173,4667.0
"(1, 0)",1.0138899612661119,0.7615899557330003,1.385873893374189,8.3312630597244,1.9206464483361327,0.8142221715009724,0.6499118118877957,4668.0
"(1, 1)",0.9954411784009954,0.7536917454059999,1.3484618009060318,8.223519712215001,1.818349228502739,0.8169197093002967,0.6584895657253549,4667.0
"(2, 0)",0.9927619534012473,0.7421964353224991,1.3500768969829786,8.555572212593026,1.8227076277671885,0.8195489975814211,0.6622087849155852,4668.0
"(2, 1)",1.025015967858115,0.770635895554999,1.3845939128324667,6.763627891638999,1.9171003034527205,0.8086014137564179,0.6459409968513254,4667.0
mean,1.0061725538971398,0.7529897867444997,1.3691002863146362,7.9611898674068575,1.8747567570087844,0.8142933570890257,0.6530258807061046,4667.5
std,0.01197309689379804,0.010385073201314026,0.017921021789114096,0.8399285528304526,0.04906598394419719,0.005723254091975415,0.0068986062368513405,0.5
