,MAE,MedAE,RMSE,MaxAE,MSE,PearsonCorr,R2Coeff,Test Cases
"(0, 0)",3.1160736618863516,2.6976766335613593,3.839678209127293,13.053243954479694,14.743128749646976,0.0382322472846063,-1.610295232721429,4668.0
"(0, 1)",3.0297055917831455,2.6315929827690123,3.7194314663611285,13.354643072509766,13.834170432957293,0.05568625947269088,-1.6824125113623398,4667.0
"(1, 0)",3.0554348588048788,2.628651808835199,3.7775833543703805,13.171218893998862,14.270135999216176,0.03837495770505825,-1.6011065495204635,4668.0
"(1, 1)",3.051599533265421,2.6556353547466154,3.7661466397854797,11.877332097291946,14.18386051236746,0.020816977021212178,-1.6639197175881253,4667.0
"(2, 0)",3.085076020056916,2.6875745122815005,3.8111558274560764,13.519602443599702,14.52490874115241,-0.0325473489281863,-1.6918121688415928,4668.0
"(2, 1)",3.132223075143601,2.738205537104607,3.836160384915526,13.33469523191452,14.716126498795239,-0.0017041299736875954,-1.7178427070243978,4667.0
mean,3.078352123490052,2.6732228048830486,3.7916926470026477,13.051789282299083,14.378721822355926,0.01980982709694895,-1.661231481176391,4667.5
std,0.03646366188315147,0.038849390620495264,0.04229294293357971,0.5453165099425697,0.31997472983069863,0.029372057643311494,0.04243697448006411,0.5
