,MAE,MedAE,RMSE,MaxAE,MSE,PearsonCorr,R2Coeff,Test Cases
"(0, 0)",0.9732465695540734,0.6761938645471008,1.3817486741065232,7.727682871652425,1.909229398395135,0.8197564782036995,0.6619677897799165,4668.0
"(0, 1)",0.9406303644907302,0.6846799814375002,1.3203137283592496,8.812761652065673,1.7432283412939025,0.8152644805582485,0.6619922000015006,4667.0
"(1, 0)",0.9653386354327812,0.7040831115314118,1.3409745394986214,8.45713979549408,1.79821271558354,0.820466190411987,0.6722285707583839,4668.0
"(1, 1)",0.9756462119593147,0.6834948860168457,1.3912766444694762,9.531211346944508,1.9356507014462454,0.8075208602980615,0.636458771894305,4667.0
"(2, 0)",0.966609818919508,0.7024762375007814,1.3416997491142308,7.8937545351249145,1.80015821677319,0.8195266804252526,0.6663877288246703,4668.0
"(2, 1)",0.9514303840913884,0.6739547613859498,1.3464861395673542,6.929655252887982,1.8130249240469967,0.8172098198479907,0.6651621221197037,4667.0
mean,0.9621503307412994,0.6874804737365983,1.3537499125192427,8.22536757569493,1.8332507162565015,0.81662408495754,0.66069953056308,4667.5
std,0.012337908053777269,0.011793929376272634,0.024736422753593917,0.8307131288362152,0.0671992097969457,0.0044358206851769855,0.011373089196617092,0.5
