,MAE,MedAE,RMSE,MaxAE,MSE,PearsonCorr,R2Coeff,Test Cases
"(0, 0)",3.1450560475619276,2.692079992890358,3.8803637486595535,12.890306540578603,15.057222821911223,-0.024440097074958686,-1.6659061056494067,4668.0
"(0, 1)",3.0184578241313194,2.5845156708717347,3.7237993415973465,12.273596014404298,13.866681536480831,-0.04963475489651175,-1.6887163364649989,4667.0
"(1, 0)",3.0986270628948027,2.6537713474005464,3.8240164273440254,13.088021185994148,14.623101636596964,-0.01912165006077157,-1.6654437941828313,4668.0
"(1, 1)",3.074428751624915,2.6404658794403075,3.7903135074887446,11.391708285403253,14.366476485051631,-0.04240650557258026,-1.6982174526762366,4667.0
"(2, 0)",3.0729140041422456,2.627900256705284,3.791323658262187,14.418435658836366,14.374135081698574,0.011839274084660324,-1.6638702121318243,4668.0
"(2, 1)",3.099725284897999,2.664252122879028,3.816823168123439,13.016593505442142,14.568139096723847,-0.023659241772784622,-1.6905117051140683,4667.0
mean,3.0848681625422016,2.6438308783645432,3.8044399752458826,12.84644353177647,14.475959443077178,-0.024570495882157758,-1.6787776010365612,4667.5
std,0.03806756970168264,0.03323456776918375,0.046860621296407154,0.9133092669732437,0.3562745466089355,0.019589746379752193,0.014024214385970846,0.5
