,MAE,MedAE,RMSE,MaxAE,MSE,PearsonCorr,R2Coeff,Test Cases
"(0, 0)",3.1380069952576757,2.6949336798789765,3.8718536617197046,13.414929968118667,14.991250777772283,0.010869474859844892,-1.654225646553308,4668.0
"(0, 1)",3.056567847207968,2.663928220272064,3.7615067837796525,13.812201823616029,14.148933284420346,-0.002056799907892,-1.7434442743414293,4667.0
"(1, 0)",3.0931608463570974,2.644481984949112,3.8211018469147353,13.648558211326598,14.600819324495202,0.0012594738180711743,-1.6613822584028264,4668.0
"(1, 1)",3.0534414938972962,2.6075529379343507,3.7641390100288086,11.305291816127722,14.16874248682066,0.012706358621080304,-1.6610803491164736,4667.0
"(2, 0)",3.0888902466672,2.6296954845428466,3.810710620920537,13.236879568123818,14.521515436396584,0.0024062434067363488,-1.6911833085026324,4668.0
"(2, 1)",3.0679447866686758,2.650622055530548,3.7838371827637456,12.702046048641204,14.317423825665479,0.001220249017111994,-1.6442084424286456,4667.0
mean,3.0830020360093187,2.6485357271846497,3.8021915176878642,13.019984572659006,14.458114189261758,0.004400833302492119,-1.675920713224219,4667.5
std,0.028759725136596647,0.027218340040270027,0.03812941232456834,0.8433064340983115,0.29090138313809893,0.005423540445042887,0.033417373806882415,0.5
