,MAE,MedAE,RMSE,MaxAE,MSE,PearsonCorr,R2Coeff,Test Cases
"(0, 0)",0.9532491903404026,0.6368808260159546,1.383808751617772,7.962147025299847,1.9149266610539366,0.818813115695931,0.6609590800405956,4668.0
"(0, 1)",0.9337312257118254,0.6382243156433107,1.3482032680060372,9.717823209954657,1.8176520518621584,0.8103998582870056,0.6475616207818962,4667.0
"(1, 0)",0.9478307945112904,0.647975232103351,1.3668080646041307,8.552141135406494,1.8681642854668898,0.8165915313379346,0.6594780625233667,4668.0
"(1, 1)",0.9290239288685839,0.6382459411621095,1.3410197157473769,9.825984122945227,1.7983338780231757,0.8189813321460186,0.6622487176678359,4667.0
"(2, 0)",0.9310709447371249,0.6403345012664793,1.327792609963507,9.982568683816352,1.7630332150737018,0.8231273883725271,0.6732678774799119,4668.0
"(2, 1)",0.9402142220361527,0.6479174423217775,1.3512468801823165,7.702261436879944,1.8258681312024434,0.8181140553663299,0.6627901788705687,4667.0
mean,0.9391867177008967,0.6415963764188304,1.3531465483535234,8.95715426905042,1.8313297037803842,0.8176712135342911,0.6610509228940292,4667.5
std,0.008873550644962614,0.004602003708147139,0.018003401326696082,0.9231999014711483,0.04884546976178774,0.003808425415105122,0.007507299773701721,0.5
