,MAE,MedAE,RMSE,MaxAE,MSE,PearsonCorr,R2Coeff,Test Cases
"(0, 0)",0.9594735824927221,0.6831790668169793,1.3488976823883798,7.759541721898401,1.8195249575527426,0.8240549522290604,0.677850108808735,4668.0
"(0, 1)",0.9506952075145728,0.6907719898223879,1.3249386700875427,8.012383315670704,1.7554624794933464,0.8215320431414301,0.6596200299078212,4667.0
"(1, 0)",0.9603540255496176,0.6807591827700012,1.357697845994871,8.60214597530365,1.8433434410191125,0.8190718304239079,0.6640023124016642,4668.0
"(1, 1)",0.9513589810179404,0.6777712387084964,1.3364094378467364,8.022031161892627,1.7859901855658298,0.8203601192983803,0.6645670290821575,4667.0
"(2, 0)",0.9340364745241633,0.6708101237262389,1.315848184035166,7.905223938461084,1.7314564434286437,0.8251243828028794,0.6791198067196516,4668.0
"(2, 1)",0.9583853509557576,0.682641086547461,1.3496155573125115,7.650698944461768,1.8214621525399608,0.8188292055469818,0.6636038955083071,4667.0
mean,0.9523839370091288,0.6809887813985941,1.338901229610868,7.992004176281372,1.7928732765999396,0.82149542224044,0.6681271970713895,4667.5
std,0.00904004125646863,0.0060173221907838595,0.014723245105796656,0.3032185151950718,0.0393570101776621,0.0023802419742770973,0.007504377604225859,0.5
