,MAE,MedAE,RMSE,MaxAE,MSE,PearsonCorr,R2Coeff,Test Cases
"(0, 0)",3.151318638408883,2.7279101914112736,3.8904013098407875,12.44366683959961,15.135222351610913,-0.012129443309429706,-1.6797160508779245,4668.0
"(0, 1)",3.0176566458873553,2.6202150130271913,3.7107216972705728,12.59481714744568,13.769455514594599,0.04078347910646551,-1.6698644436969063,4667.0
"(1, 0)",3.1184779819676733,2.694368231487274,3.8544557501287855,12.899271394634248,14.856829129700857,-0.051963979030117284,-1.7080467597851867,4668.0
"(1, 1)",3.0562691923470915,2.6226879584832883,3.76567942791504,11.753140956950189,14.180341553822542,0.016086609526902117,-1.6632588098581733,4667.0
"(2, 0)",3.070405222840182,2.62471083841705,3.7931743327345036,13.932944204235078,14.388171518515847,-0.00011730265850832373,-1.6664714987977338,4668.0
"(2, 1)",3.110296903638442,2.659369340419769,3.8136796496075704,13.476614725589751,14.544152469830921,0.053102082314999466,-1.6860817432642303,4667.0
mean,3.0874040975149377,2.658210262207641,3.8046853612495433,12.850075878075758,14.479028756345945,0.0076269076583852955,-1.6789065510466925,4667.5
std,0.04415462692522512,0.04081361446092746,0.058292866110525365,0.7072442394481381,0.44319437471212625,0.034737770676078986,0.01517966003528331,0.5
