,MAE,MedAE,RMSE,MaxAE,MSE,PearsonCorr,R2Coeff,Test Cases
"(0, 0)",1.041538546514173,0.7699672944304985,1.4179665938674841,7.263004898334275,2.0106292613241545,0.8091545624076443,0.6440147770038079,4668.0
"(0, 1)",1.0274110182601868,0.7907466685519995,1.379224771633827,8.705708862949534,1.9022609706883822,0.7968698425076659,0.6311561540766701,4667.0
"(1, 0)",1.0343284299722537,0.7810283314410008,1.4100053287893188,8.096399683924,1.9881150272142754,0.8040148816960018,0.6376138938850231,4668.0
"(1, 1)",1.0290271115922471,0.7756044352259992,1.3849654177053667,8.483028011576668,1.918129208239801,0.8032975794287647,0.6397495439089858,4667.0
"(2, 0)",1.0209234517733332,0.7661083056244289,1.3837978343678643,8.829796744344144,1.9148964464011913,0.80712698893875,0.645123997103662,4668.0
"(2, 1)",1.0348753112192728,0.7945661908913335,1.391335320428506,7.22962765973025,1.9358139738718936,0.8054387250827411,0.6424848691349341,4667.0
mean,1.0313506448885776,0.7796702043608766,1.394549211132061,8.101260976809812,1.9449741479566163,0.804317096676928,0.6400238725188472,4667.5
std,0.006515745512385033,0.010336222875333152,0.014375176088040209,0.6460533008432975,0.04021892712661312,0.0038545852235836978,0.004699552767808642,0.5
