,MAE,MedAE,RMSE,MaxAE,MSE,PearsonCorr,R2Coeff,Test Cases
"(0, 0)",1.0136651805233643,0.7478913021439992,1.3910135770582666,7.384257949699333,1.934918771560434,0.8153468002782672,0.6574194439407345,4668.0
"(0, 1)",0.9967412906905971,0.754857490545001,1.360190339878348,9.018802994437166,1.8501177606983756,0.8013928296497003,0.6412665976003797,4667.0
"(1, 0)",1.0144628622088987,0.7637293282997618,1.390045259535616,8.1917354677524,1.932225823557438,0.808618197569728,0.6478011670607844,4668.0
"(1, 1)",0.9993131293418653,0.7565413133069989,1.3608734930522906,8.412836405811166,1.851976664092343,0.8089876535631416,0.6521738811738209,4667.0
"(2, 0)",0.9977027144829114,0.7434533526938343,1.3553818367394725,8.398006191669214,1.837059923363266,0.8143867747589475,0.6595489620812514,4668.0
"(2, 1)",1.01475311641265,0.7657020072910026,1.3780139317336286,7.183098005704792,1.8989223960519737,0.8071410094271843,0.6492981773608929,4667.0
mean,1.0061063822767145,0.755362465713433,1.3725864063329372,8.098122835845679,1.8842035565539719,0.8093122108744947,0.6512513715363105,4667.5
std,0.008228072447925984,0.007918337884695224,0.014495299376183919,0.631435329618699,0.039828280623895054,0.004658060657138545,0.0060986438250712205,0.5
