,MAE,MedAE,RMSE,MaxAE,MSE,PearsonCorr,R2Coeff,Test Cases
"(0, 0)",0.9573308621892019,0.6445851180402465,1.3842431055649824,8.642501741027832,1.9161289753041868,0.818393003853046,0.6607462083219153,4668.0
"(0, 1)",0.9509651175652517,0.6499953702926635,1.3518706742418822,8.860255047214453,1.8275543198752016,0.8100287158342863,0.6456415947320673,4667.0
"(1, 0)",0.9716670349119721,0.6595319355984314,1.39793057661311,8.670827811431884,1.954209897029862,0.8116933781316246,0.6437939930928978,4668.0
"(1, 1)",0.9452988219239744,0.6730870246887206,1.3388699114348597,9.14205507887644,1.7925726397455888,0.8209816102162302,0.6633307556808299,4667.0
"(2, 0)",0.9370105504070039,0.6501462745666504,1.3317860654137457,7.994511815979248,1.773654124030226,0.8237905795187804,0.6712995696245703,4668.0
"(2, 1)",0.9602091369639981,0.6807670783996578,1.3642467636927142,9.292617484462683,1.8611692322460442,0.8147547485557752,0.6562706072951859,4667.0
mean,0.9537469206602337,0.6596854669310618,1.3614911828268825,8.767128163165424,1.8542148647051848,0.8166070060182905,0.6568471214579111,4667.5
std,0.011067597309301107,0.013146446698416836,0.023592875828133037,0.4177565794879521,0.0643963098004213,0.004912215672049209,0.00968154608018577,0.5
