,MAE,MedAE,RMSE,MaxAE,MSE,PearsonCorr,R2Coeff,Test Cases
"(0, 0)",1.01404226020435,0.7526564751329994,1.3881209149936335,7.438358797370717,1.9268796746427623,0.8161051701834747,0.658842779293489,4668.0
"(0, 1)",0.9890487040611382,0.7398821126790027,1.3456950804814485,7.945085419302366,1.810895249631972,0.8064123334187033,0.6488717485504449,4667.0
"(1, 0)",0.9998830783452898,0.7334237412149159,1.3761739106727093,7.666754295512575,1.8938546324162184,0.8128353596980953,0.6547953230096704,4668.0
"(1, 1)",0.9906714869123625,0.7441609000779994,1.346766523862666,7.915387804933832,1.813780069797129,0.8143906526091788,0.659347715166267,4667.0
"(2, 0)",0.9911978794629255,0.728002188233337,1.3523340789175515,8.4836473438012,1.8288074610017826,0.815066029808779,0.6610783402689855,4668.0
"(2, 1)",0.9881994617637172,0.7458774389689742,1.3417429542346553,7.260126416082999,1.8002741552383406,0.8200633270511425,0.6675169934248937,4667.0
mean,0.9955071451249639,0.7406671427178715,1.358472243860444,7.784893346167281,1.8457485404547007,0.8141454787948956,0.6584088166189583,4667.5
std,0.00912657603314911,0.008130004395923532,0.01736960320419018,0.39588946541991366,0.04741327503917899,0.004108665479770207,0.005703333801954197,0.5
