,MAE,MedAE,RMSE,MaxAE,MSE,PearsonCorr,R2Coeff,Test Cases
"(0, 0)",1.0227579562875349,0.7563583090984989,1.3953530032416597,7.241618250587917,1.947010003655519,0.816158938844336,0.6552786713793957,4668.0
"(0, 1)",0.9876352369205686,0.7377499715550018,1.3434293050661679,7.989871430770816,1.8048022977105669,0.8082501536884851,0.6500531573341743,4667.0
"(1, 0)",1.0111527848634763,0.7415587162313431,1.3877588021710667,7.7964272515883035,1.925874493003274,0.8106897288649499,0.6489588636309862,4668.0
"(1, 1)",0.9941720990266822,0.743858497239331,1.3529432602297764,7.977334886874332,1.8304554654011762,0.8132796982388455,0.6562158516577765,4667.0
"(2, 0)",1.002894996347953,0.7399963904246252,1.3658916198414557,8.20348824060336,1.8656599171531154,0.8123325801446597,0.6542487008070312,4668.0
"(2, 1)",0.9964264199001305,0.753526239939998,1.3450060272317659,7.495280952795765,1.8090412132897777,0.820615468729029,0.6658978523561412,4667.0
mean,1.0025065822243908,0.745508020748133,1.3650636696303156,7.784003502203416,1.8638072317022383,0.8135544280850509,0.6551088495275842,4667.5
std,0.01163768828892182,0.006963044429622255,0.020209145396465577,0.32491611617901084,0.05533491657325823,0.00396971847542299,0.005504226877539087,0.5
