,MAE,MedAE,RMSE,MaxAE,MSE,PearsonCorr,R2Coeff,Test Cases
"(0, 0)",1.009565078003742,0.6808674618289308,1.4376975683503934,9.02857866821289,2.066974298040634,0.8033065640580619,0.6340387954312355,4668.0
"(0, 1)",1.00079004452386,0.6974521881818772,1.4187840124647002,9.793773415280738,2.012948074025435,0.7897002152365515,0.6096941898572299,4667.0
"(1, 0)",1.0046904257667788,0.6952064543355472,1.4161919674445762,7.47694885519519,2.0055996886545393,0.8012492674354628,0.6344268557663312,4668.0
"(1, 1)",0.984686168722105,0.6835116052627563,1.3910369893637833,8.791570159388938,1.9349839057782583,0.8037821472304554,0.6365840050863548,4667.0
"(2, 0)",1.010164848289099,0.6986489558547975,1.42049911024853,9.873692276669898,2.0178177222168654,0.7964854576325323,0.6260502288886229,4668.0
"(2, 1)",1.0089318538411662,0.7246715164184572,1.4071470334256195,8.539928683376855,1.980062773678522,0.8012432476437883,0.6343127949237704,4667.0
mean,1.0031380698577919,0.696726363647061,1.4152261135496005,8.917415343020751,2.0030644103990425,0.799294483206142,0.6291844783255908,4667.5
std,0.008875487489286734,0.014222045538629647,0.014122957421718844,0.8091253735272185,0.03993803281691662,0.004895497726135678,0.009325542051455783,0.5
