,MAE,MedAE,RMSE,MaxAE,MSE,PearsonCorr,R2Coeff,Test Cases
"(0, 0)",1.0805826289646556,0.791711165985303,1.4761839800829717,7.372068523367363,2.1791191430536037,0.7875361721945954,0.6141833658760505,4668.0
"(0, 1)",1.0617370208078505,0.7982369798710054,1.4296362975606842,7.906263071150764,2.0438599433030213,0.77743806369654,0.6037004524443774,4667.0
"(1, 0)",1.0659413301273224,0.8007076126205827,1.4425145199516163,7.385509712071094,2.0808481402712418,0.7911236658599995,0.620710851913794,4668.0
"(1, 1)",1.0778550195475425,0.8040900570255436,1.461778191744918,8.62360231821909,2.1367954818610424,0.7743835471936197,0.5986810775797213,4667.0
"(2, 0)",1.0699970025082195,0.7868383571535906,1.4590739295429027,8.753133250028243,2.1288967318717673,0.778723742450943,0.6054646379413429,4668.0
"(2, 1)",1.0682088449767537,0.8000296928571429,1.4555809329726141,7.813437395367277,2.118715852433426,0.7810882077585152,0.6087056992704851,4667.0
mean,1.0707203078220573,0.7969356442521947,1.4541279753092846,7.975669045033972,2.1147058821323506,0.7817155665257021,0.6085743475042952,4667.5
std,0.006564274259356151,0.005858474752854536,0.01475511962917311,0.5428360774597613,0.04285629554952224,0.00582797723190122,0.007188822528579124,0.5
