,MAE,MedAE,RMSE,MaxAE,MSE,PearsonCorr,R2Coeff,Test Cases
"(0, 0)",1.034781855790722,0.7641470908964969,1.405961689634618,7.36848008776635,1.9767282727202304,0.8123275509572738,0.6500170028840835,4668.0
"(0, 1)",1.0010593622213353,0.7528951084360005,1.357150544362786,8.222599771398853,1.8418576000642064,0.8037283105685296,0.6428682229626184,4667.0
"(1, 0)",1.016781865652793,0.7446982204704988,1.3936365980458316,8.196044506004755,1.9422229674127587,0.808716701871357,0.6459789253974955,4668.0
"(1, 1)",1.0021710941028847,0.7571404956810004,1.357951960265926,7.922707537390832,1.8440335263900711,0.8118383110544832,0.6536657092361562,4667.0
"(2, 0)",1.010261909296731,0.7542788587935623,1.3722281594807124,8.59331782544838,1.8830101216718234,0.8104002959108317,0.6510332939161758,4668.0
"(2, 1)",1.0029016117006093,0.7506278197920002,1.3540938507748015,7.226158029979748,1.8335701567061307,0.8179447686939383,0.6613677329676861,4667.0
mean,1.0113262831275127,0.7539645990115932,1.3735038004274458,7.921551292998154,1.88690377416087,0.8108259898427357,0.6508218145607025,4667.5
std,0.011841047257475028,0.005944351615467804,0.019775853261814497,0.4842017261540391,0.054551664974088095,0.004261530525099603,0.005869550977724881,0.5
