,MAE,MedAE,RMSE,MaxAE,MSE,PearsonCorr,R2Coeff,Test Cases
"(0, 0)",1.0463744563586677,0.7770990751713667,1.4192851313595538,7.085792415237333,2.014370284098306,0.808712735682579,0.6433524227587428,4668.0
"(0, 1)",1.0315041669896519,0.790939267295,1.3850513949379695,8.610291354856868,1.918367366619615,0.7949590178242838,0.628033162483624,4667.0
"(1, 0)",1.04108551525487,0.7842680983619997,1.4186956193697495,7.602812912470002,2.0126972604189173,0.801665485652413,0.6331331371638576,4668.0
"(1, 1)",1.0283838420775129,0.7980190072591531,1.3817029044899123,8.520521523541722,1.9091029162758595,0.8045822214224243,0.6414448029055393,4667.0
"(2, 0)",1.0317113588347466,0.7780062553216422,1.3879467196211652,8.334158716461,1.9263960965071534,0.8067581991905924,0.6429928375456713,4668.0
"(2, 1)",1.0380713113067868,0.7899644628829989,1.3901312897982927,7.7472695349350005,1.932465002876265,0.806702808357354,0.6431033726791412,4667.0
mean,1.036188441803706,0.7863826943820268,1.3971355099294405,7.983474409583654,1.9522331544660194,0.8038967446882744,0.6386766225894294,4667.5
std,0.0062473980956907,0.007414142263145484,0.015669121233228736,0.549367431650342,0.0439362671029788,0.0045568088463759406,0.005940892624829184,0.5
