,MAE,MedAE,RMSE,MaxAE,MSE,PearsonCorr,R2Coeff,Test Cases
"(0, 0)",1.1043819455492379,0.789560132237735,1.5338206331254123,7.871169300633753,2.3526057346012403,0.7699990098500968,0.5834672790434825,4668.0
"(0, 1)",1.0766786410728848,0.7651528644561769,1.5113572149671552,10.235761537683432,2.284200631233276,0.756236356984374,0.5570989687184225,4667.0
"(1, 0)",1.0957304997759358,0.7581211116790771,1.5382978505067493,8.537823205661773,2.366360276873685,0.7621335009189173,0.5686687768750566,4668.0
"(1, 1)",1.0816075837118206,0.7645551317355959,1.5153354648560777,10.037337377202933,2.2962415710505852,0.7666593238282083,0.5687349581495436,4667.0
"(2, 0)",1.071742646112513,0.7582030747874695,1.501942929801311,8.57653197907998,2.2558325643801456,0.7694906001217174,0.5819403993593811,4668.0
"(2, 1)",1.100045182051562,0.7804970359802246,1.5361731769169589,10.051902919543211,2.359828029479142,0.7624507409869532,0.5641759806647011,4667.0
mean,1.0883644163789925,0.7693482251460466,1.5228212116956108,9.218421053300846,2.3191781346030123,0.7644949221150444,0.5706810604684313,4667.5
std,0.012286551530138426,0.011716472879200444,0.013917320608665846,0.9211062123837449,0.042344117853539226,0.004794011887847631,0.009353127612057031,0.5
