,MAE,MedAE,RMSE,MaxAE,MSE,PearsonCorr,R2Coeff,Test Cases
"(0, 0)",1.0580358225375115,0.7707443785854982,1.449380349807256,6.869185488539834,2.1007033984074037,0.799608320986344,0.628067002646514,4668.0
"(0, 1)",1.0371477533104763,0.766997962177748,1.4025133332946766,7.779950537072394,1.9670436500693445,0.7879444853177384,0.6185949477120958,4667.0
"(1, 0)",1.0484443405545416,0.787923708124268,1.425315057956164,7.390382006192001,2.031523014436583,0.7984454529969162,0.6297016497500234,4668.0
"(1, 1)",1.056484652076696,0.7742299271650017,1.4449748898199244,8.405226063663209,2.087952432210103,0.7810033327171568,0.6078544590380924,4667.0
"(2, 0)",1.0511241616202647,0.7563984183530004,1.4354077817604152,8.310754364506678,2.0603954999383554,0.7879488339407956,0.6181595507277187,4668.0
"(2, 1)",1.0525756111234237,0.7765975544332604,1.4356610349676957,7.8138101689779695,2.0611226073245152,0.7894656009578489,0.619342287723699,4667.0
mean,1.050635390203819,0.7721486581397962,1.4322087412676885,7.761551438158681,2.0514567670643844,0.7907360044861332,0.6202866495996905,4667.5
std,0.006827648026342576,0.009570338589443169,0.015326072582597723,0.5248958809263813,0.04369100308041103,0.0064556605681105805,0.007211260959595702,0.5
