,MAE,MedAE,RMSE,MaxAE,MSE,PearsonCorr,R2Coeff,Test Cases
"(0, 0)",1.1268041825800048,0.8370061702438999,1.5267900111769848,7.714133957970342,2.3310877382298174,0.7677934781119378,0.5872770757494489,4668.0
"(0, 1)",1.0951631652399407,0.8116985009706683,1.48465677596816,8.819754145702673,2.204205742428171,0.7568647070612359,0.5726097860540726,4667.0
"(1, 0)",1.1103247416254125,0.8368560937780953,1.5067803728162816,7.744608385595333,2.2703870919043725,0.766628268946699,0.5861624069298599,4668.0
"(1, 1)",1.1075597775942105,0.8142516395980381,1.5079682365718754,8.537059174106467,2.2739682025096917,0.7570725655022438,0.5729181962448038,4667.0
"(2, 0)",1.1174333742328675,0.8258470693242679,1.5177451914119207,8.538421367352795,2.3035504660540074,0.7571126120124487,0.5730971335815132,4668.0
"(2, 1)",1.107734478459921,0.8190368693797497,1.4997939126915858,8.133388628944806,2.249381780546736,0.7645877497650605,0.5845737077570656,4667.0
mean,1.1108366199553927,0.8241160572157865,1.507289083439468,8.24789427661207,2.2720968369454657,0.7616765635666042,0.5794397177194607,4667.5
std,0.009701893312031796,0.010072739907939443,0.01328367003784833,0.4176031504259888,0.040001785288434434,0.00475379584826385,0.006612906159691189,0.5
