,MAE,MedAE,RMSE,MaxAE,MSE,PearsonCorr,R2Coeff,Test Cases
"(0, 0)",1.0394294129369483,0.7370505718557057,1.4349371027853395,7.665555224204638,2.059044488949984,0.803024641374241,0.6354427811941767,4668.0
"(0, 1)",1.020132565115732,0.7636932253482671,1.3893638896603981,9.121457371198868,1.9303320178922707,0.7922889748410619,0.625713245259574,4667.0
"(1, 0)",1.0389022163388104,0.7681197499599162,1.4093340833959764,7.38349883319141,1.986222558621577,0.8032019176066026,0.637958845919923,4668.0
"(1, 1)",1.0326541301446595,0.776628561794249,1.415949572895072,8.66962734538873,2.0049131929817365,0.7911528442656336,0.6234503446942634,4667.0
"(2, 0)",1.0265130313619264,0.7466129380463337,1.402829850033546,8.243319829266182,1.9679315881451416,0.7997828850953259,0.6352953198660467,4668.0
"(2, 1)",1.0360314406946614,0.7605673531396615,1.4112817633315646,7.571765565632329,1.9917162155122503,0.7977828400230637,0.6321605830695081,4667.0
mean,1.0322771327654563,0.7587787333573556,1.4106160436836495,8.109204028147026,1.99002667701716,0.7978723505343215,0.6316701866672486,4667.5
std,0.006952208131780478,0.013249792051460629,0.013749702522180215,0.6283617012189848,0.0388459304152344,0.004742263684931112,0.005326235959796107,0.5
