,MAE,MedAE,RMSE,MaxAE,MSE,PearsonCorr,R2Coeff,Test Cases
"(0, 0)",0.935761798203121,0.6420613798637389,1.3527699426964923,7.696662289930165,1.8299865178630712,0.8253998049519011,0.6759978723215827,4668.0
"(0, 1)",0.9211478471474818,0.6255229187011722,1.3177812397705893,9.820319416715064,1.7365473958913114,0.8195837775677923,0.6632876193128707,4667.0
"(1, 0)",0.9400504507236226,0.6353169912815093,1.3599526740840173,8.631062870693206,1.8494712757482696,0.8222178968085085,0.6628853538072076,4668.0
"(1, 1)",0.9144638015580048,0.6249533033370971,1.321735095211447,9.972528579427161,1.7469836619136128,0.8253314750133962,0.6718929786979977,4667.0
"(2, 0)",0.930112855867066,0.6495549725302223,1.326030700660884,10.085942390157141,1.7583574190951947,0.8308357659759004,0.6741344140439804,4668.0
"(2, 1)",0.9300137944456263,0.6307318466186524,1.3354073620718827,8.087424267232727,1.7833128226757846,0.822612335223002,0.670649491233358,4667.0
mean,0.9285917579908204,0.634690235388732,1.3356128357492187,9.04898996902591,1.7841098488645406,0.8243301759234166,0.6698079549028328,4667.5
std,0.008583491945102217,0.008852526821849773,0.015754423076426684,0.9531705702110321,0.042192314590049726,0.0035216096021255406,0.005041924502076541,0.5
