,MAE,MedAE,RMSE,MaxAE,MSE,PearsonCorr,R2Coeff,Test Cases
"(0, 0)",1.0133516445194124,0.7328026363994322,1.395398934703558,7.476727758796583,1.9471381869718245,0.8215091385779264,0.6552559763120767,4668.0
"(0, 1)",1.0034334334877835,0.7598117810305004,1.3653945754084797,10.1045733522112,1.864302346554903,0.8017107393370052,0.6385162403777017,4667.0
"(1, 0)",1.014759620625612,0.7510725088440011,1.3882276097962953,7.434763754206003,1.927175896600735,0.8157338957862413,0.6487216486933632,4668.0
"(1, 1)",1.005928049780581,0.7585264008929999,1.368778672177288,9.031522901043001,1.8735550534074197,0.8095607069467395,0.6481211695217215,4667.0
"(2, 0)",1.0027545820505002,0.7391260413906448,1.3661239760707107,9.15604643875158,1.8662947179952474,0.815575035601097,0.65413105706399,4668.0
"(2, 1)",1.0254343482515067,0.7630819841430014,1.3882820299254994,7.100030257484621,1.9273269946140654,0.8068658696269005,0.6440522839490459,4667.0
mean,1.0109436131192326,0.7507368921167633,1.3787009663469718,8.383944077082164,1.9009655326906991,0.811825897645985,0.6481330626529831,4667.5
std,0.007947335368243914,0.011195187762415725,0.012213848067874785,1.106683101450874,0.03369325560160722,0.006521030520381828,0.005718310304447879,0.5
