,MAE,MedAE,RMSE,MaxAE,MSE,PearsonCorr,R2Coeff,Test Cases
"(0, 0)",1.0155374840537599,0.7437960587571912,1.3972261431741808,7.377475894172678,1.9522408951693964,0.8168408767760401,0.654352533419576,4668.0
"(0, 1)",0.9811829193429968,0.7372637769962498,1.3366958281737376,9.1083595959434,1.7867557370570744,0.8107175919283585,0.6535523422197866,4667.0
"(1, 0)",1.0002392167522738,0.7278185312309998,1.373955435453198,7.750359307696319,1.8877535386113866,0.8167454349474036,0.655907407369333,4668.0
"(1, 1)",0.9829593214730081,0.7263937248649992,1.3382464538384573,8.738965917738,1.790903571211206,0.8185170367907385,0.6636442291935504,4667.0
"(2, 0)",1.0057217165713486,0.743824972671751,1.3745675299010927,9.72454942641425,1.8894358942583913,0.8099825843518106,0.6498424449304108,4668.0
"(2, 1)",0.9935080889026552,0.7383633580149986,1.352891823827361,7.210272235504,1.8303162869789236,0.8189571264721536,0.6619686727671925,4667.0
mean,0.9965247911826737,0.7362434037560317,1.3622638690613378,8.318330396244773,1.8562343205477296,0.8152934418777508,0.6565446049833082,4667.5
std,0.012167979678664785,0.006928838331198264,0.02171339673482142,0.9322127420113201,0.05927364902383958,0.003593062714668771,0.00481159986579688,0.5
