,MAE,MedAE,RMSE,MaxAE,MSE,PearsonCorr,R2Coeff,Test Cases
"(0, 0)",0.988651253226053,0.6671187135696413,1.427096528697367,9.308903160095214,2.0366045022200745,0.8050911003844068,0.6394158178119855,4668.0
"(0, 1)",0.9480754260735178,0.660519504547119,1.3453901956060261,9.04163400782389,1.810074778432821,0.8109983870898426,0.6490308359507686,4667.0
"(1, 0)",0.9586966818388144,0.646976711845398,1.3823818355573791,9.333647206115723,1.910979539278989,0.8106088556808193,0.6516738595980303,4668.0
"(1, 1)",0.9561311406432123,0.6779576407014645,1.3466489104541919,9.517277761829321,1.8134632880274624,0.8153182932807637,0.6594072110419951,4667.0
"(2, 0)",0.9698095791662239,0.6725175738334657,1.3681957116751908,9.75593364496366,1.871959505446382,0.8120469498286355,0.6530812367817005,4668.0
"(2, 1)",0.9707665593246932,0.6753837940216063,1.3737983175011954,8.87059206008911,1.8873218171691153,0.8102516131157133,0.6514406262394493,4667.0
mean,0.9653551067120857,0.6667456564197826,1.3739185832485585,9.30466464015282,1.888400571762474,0.8107191998966968,0.6506749312373216,4667.5
std,0.013037382926460785,0.010514722628729715,0.027355042802893657,0.2907777291734505,0.07582459313505205,0.0030248648093734306,0.005959556025157926,0.5
