,MAE,MedAE,RMSE,MaxAE,MSE,PearsonCorr,R2Coeff,Test Cases
"(0, 0)",0.42991434559552166,0.301470956103397,0.6083074224614686,4.153405578121472,0.3700379202217156,0.820225045353978,0.6717340120774331,966.0
"(0, 1)",0.5106461412989014,0.31873144896392014,0.7062828797372639,2.8674545421444035,0.4988355062099624,0.7447386924016794,0.5264985399907689,958.0
"(1, 0)",0.5122178749871903,0.32846836860238726,0.7119893760463564,2.772109954516213,0.5069288716028799,0.7618899237451674,0.5628481860327454,959.0
"(1, 1)",0.4709047109467511,0.34859569857511774,0.653306665064081,4.219381972595404,0.42680959861715134,0.7588788879686973,0.5752047772348946,965.0
"(2, 0)",0.45757933788079846,0.32328503627312044,0.6360196407095732,4.180623463916398,0.4045209833683346,0.7845956065910776,0.614197750450497,962.0
"(2, 1)",0.5084079357455638,0.3295182578389326,0.7042700034124162,2.8708251099635937,0.4959962377065247,0.7599594425913884,0.559222358521223,962.0
mean,0.48161172440912114,0.3250116277261459,0.6700293312385265,3.5106334368762475,0.45052151962109477,0.7717145997753314,0.5849509373845937,962.0
std,0.03125856009439969,0.014053778578787647,0.03977706501424691,0.6748849122369825,0.05282028484741778,0.024652067940836922,0.04663482231490103,2.886751345948129
