,MAE,MedAE,RMSE,MaxAE,MSE,PearsonCorr,R2Coeff,Test Cases
"(0, 0)",0.47308305575219495,0.2987800033814726,0.692793394975361,3.5045154197347235,0.4799626881214865,0.7687023661636934,0.5742181615122901,966.0
"(0, 1)",0.5448932428236561,0.3657038660350675,0.7813502193552774,3.2356815563568655,0.6105081652865401,0.6913460913921832,0.4204973302580832,958.0
"(1, 0)",0.5362713074944213,0.3093475304584651,0.805233151702903,2.9117161944691308,0.6484004286013905,0.7086586260932386,0.4408497139963792,959.0
"(1, 1)",0.4827934269061254,0.32168217631915064,0.7110530699943891,4.033360014690167,0.5055964683484456,0.7225398028820013,0.4967897509868753,965.0
"(2, 0)",0.4666062655810824,0.31292415870393503,0.6725331409785322,4.134640346301801,0.4523008257144503,0.759918708572413,0.5686288642415276,962.0
"(2, 1)",0.5347359340143503,0.36970939029485606,0.7661566042933624,3.286090610633467,0.5869959423023359,0.7251285035672697,0.478353529046875,962.0
mean,0.5063972054286384,0.3296911875321578,0.7381865968833042,3.517667357031025,0.5472940863957748,0.7293823497784665,0.496556225007005,962.0
std,0.032730669181381455,0.02772788238811994,0.048730222425318055,0.43724290594053644,0.07198457900353167,0.027140616020875936,0.05837437397520897,2.886751345948129
