,MAE,MedAE,RMSE,MaxAE,MSE,PearsonCorr,R2Coeff,Test Cases
"(0, 0)",0.4970122072785918,0.3974699724661695,0.6405748691902927,3.9214889739300594,0.4103361630381607,0.8054041989938893,0.6359848583643282,966.0
"(0, 1)",0.5538453095008974,0.41584067990001294,0.7251811038613595,2.77302275984628,0.5258876333975798,0.7171555062593896,0.5008202922312743,958.0
"(1, 0)",0.5384410092376843,0.3897732165572436,0.7178442711781765,2.813197697270006,0.5153003976633274,0.7529436596623156,0.5556289724349341,959.0
"(1, 1)",0.5312140281040021,0.43329518378489085,0.6899064797198057,4.097900051143694,0.47597095075937457,0.7274022800435098,0.5262754476173055,965.0
"(2, 0)",0.5030163234417598,0.39112656968925236,0.6542395960692627,3.7868587499387893,0.42802944906487206,0.7723708883768771,0.5917771114179768,962.0
"(2, 1)",0.5349639323933204,0.3892488937727345,0.698969676280544,2.6719418384717635,0.4885586083597285,0.7565614637199131,0.5658319665634798,962.0
mean,0.5264154683260426,0.40279241936171734,0.6877859993832404,3.344068345100099,0.47401386704717385,0.755306332842649,0.5627197747715498,962.0
std,0.020021588250717908,0.016421647080965968,0.031052956374093815,0.5996402966682087,0.04238761927582023,0.028989292730729466,0.0436497449836895,2.886751345948129
