,MAE,MedAE,RMSE,MaxAE,MSE,PearsonCorr,R2Coeff,Test Cases
"(0, 0)",0.4712312148748497,0.37380060592705777,0.6275775224466182,3.7580476125768967,0.3938535466802356,0.810377810852977,0.6506068255914734,966.0
"(0, 1)",0.5357452029836551,0.36628250349721936,0.7199852107361108,2.9518756220198235,0.5183787036787219,0.7297254763390885,0.5079478706428429,958.0
"(1, 0)",0.523828449589964,0.3350400738950312,0.7163003137832974,2.719722084536391,0.5130861395260503,0.7568670334088359,0.5575384453719198,959.0
"(1, 1)",0.4885078450412719,0.369494035370149,0.6576466450609441,4.227014811100956,0.4324991097599154,0.7560790051830247,0.5695421183791762,965.0
"(2, 0)",0.4908798185388155,0.36728665861939347,0.6561432409439866,3.916879242927674,0.4305239526364784,0.7688449147941195,0.5893980380719628,962.0
"(2, 1)",0.5249983867430863,0.37226425215058623,0.6988595409717759,2.7872177198666632,0.48840465800728133,0.7571870672308808,0.5659687778295697,962.0
mean,0.5058651529619405,0.3640280215765728,0.6794187456571222,3.3934595155047345,0.46279101838144715,0.7631802179681544,0.5735003459811573,962.0
std,0.023476669636814423,0.013223834042127498,0.03436839290903625,0.5941597285312957,0.04652380531660104,0.024169963038788815,0.042470474430912494,2.886751345948129
