,MAE,MedAE,RMSE,MaxAE,MSE,PearsonCorr,R2Coeff,Test Cases
"(0, 0)",0.4466917331374956,0.32663773473956115,0.6135214169000345,3.9243596861961763,0.37640852899502597,0.8184776439791507,0.6660825529475529,966.0
"(0, 1)",0.5281247889860043,0.3559128772448106,0.7137008373395285,3.0401208632006256,0.509368885219144,0.7345235202160981,0.5165001130993623,958.0
"(1, 0)",0.5165668258855688,0.3380458583420818,0.7089772686012132,2.8275539363201507,0.5026487673932368,0.7642022381117431,0.566539148264386,959.0
"(1, 1)",0.4741139250939768,0.3523371518531575,0.6430577329135597,4.034127596157351,0.41352324785992706,0.7684163152518286,0.58842842156702,965.0
"(2, 0)",0.46258855285140343,0.33250911553081136,0.6309454332353995,3.9080539177018254,0.39809213972060603,0.7892214816980594,0.6203291069023755,962.0
"(2, 1)",0.5175918560508735,0.3529998089493079,0.6967544939016624,2.8160496349374533,0.48546682477216174,0.7600556922116067,0.5685795460289853,962.0
mean,0.4909462803342204,0.3430737577766217,0.6678261971485663,3.4250442724189303,0.44758473232668367,0.7724828152447478,0.587743148134947,962.0
std,0.031076771614026014,0.011226562565325466,0.039911185509426565,0.5369096597356894,0.05316661828967029,0.026064513138055533,0.046711525972595036,2.886751345948129
