,MAE,MedAE,RMSE,MaxAE,MSE,PearsonCorr,R2Coeff,Test Cases
"(0, 0)",0.465520364138117,0.3221187958291869,0.6793401082795184,4.43379236294151,0.4615029827172278,0.7737539444994811,0.5905940330112374,966.0
"(0, 1)",0.5178920730761232,0.3614025255545944,0.7395674451219341,3.288701079977471,0.5469600058841849,0.7167944089995876,0.48081810911869916,958.0
"(1, 0)",0.49390391084974544,0.3020107928130604,0.7180350853601926,2.650681543498796,0.515574383808219,0.7606079739883697,0.5553926995632341,959.0
"(1, 1)",0.4807657628923314,0.3205819937858865,0.7029327521449428,4.551551948322064,0.4941144540380636,0.7234445618189941,0.5082175746407337,965.0
"(2, 0)",0.46618489921797324,0.30920184376588433,0.6799865091990679,4.3706734283101625,0.46238165269273407,0.7556325461894056,0.5590145157022828,962.0
"(2, 1)",0.5210948604276375,0.3449173051531056,0.735892877674779,2.903400988895095,0.5415383274124672,0.7342317804183403,0.5187504086100267,962.0
mean,0.49089364510032124,0.326705542816953,0.7092924629634059,3.6998002253241835,0.5036786344254828,0.7440775359856965,0.535464556774369,962.0
std,0.02238671379850844,0.020454401145700823,0.024142005069761767,0.7765522701706616,0.034214622033875736,0.020633671540474605,0.0365125220901573,2.886751345948129
