,MAE,MedAE,RMSE,MaxAE,MSE,PearsonCorr,R2Coeff,Test Cases
"(0, 0)",0.5142406219641171,0.3108029559055465,0.7575075978117624,3.8784334762227606,0.5738177607425468,0.7328591275987233,0.4909579699161517,966.0
"(0, 1)",0.54992249562454,0.36689566869073087,0.7722256318778432,3.0219722019562307,0.5963324265291342,0.6942927159864125,0.4339531346560884,958.0
"(1, 0)",0.5660022803426643,0.33840628596880884,0.8233733694305557,2.92561714221162,0.6779437054874264,0.6921022792883226,0.41537297000973006,959.0
"(1, 1)",0.5436889859007308,0.36726721259692163,0.7705585322103782,3.2284891830811087,0.5937604515622125,0.6723474819108856,0.4090418675969676,965.0
"(2, 0)",0.5364074321780383,0.33264639186417144,0.780618716103425,3.111931518300395,0.6093655799309596,0.6823930586394729,0.4188320972182116,962.0
"(2, 1)",0.5412821952463697,0.3338707317698704,0.7759758580698521,2.774876685458816,0.6021385323072433,0.7114767884335618,0.4648967432875596,962.0
mean,0.5419240018760767,0.3416482077993417,0.7800432842506361,3.156886701205155,0.6088930760932537,0.697578575309563,0.43884246378078484,962.0
std,0.015513803236146215,0.01998845138801943,0.02062888239180959,0.3524667397013686,0.03273856169460003,0.019773182082905554,0.029603109184682164,2.886751345948129
