,MAE,MedAE,RMSE,MaxAE,MSE,PearsonCorr,R2Coeff,Test Cases
"(0, 0)",0.5440050466831623,0.43938700900485217,0.6998230050161101,3.2637802524667006,0.4897522383497783,0.7544801132440727,0.5655337099969364,966.0
"(0, 1)",0.5898373447676186,0.46754583173451325,0.7522674531937104,2.8907331039156285,0.5659063211345512,0.6963935831494236,0.4628340085060463,958.0
"(1, 0)",0.5732463053805525,0.45194555422537985,0.7391110927812443,2.516450221800135,0.5462852074722852,0.7334048217215797,0.528909117693602,959.0
"(1, 1)",0.5448472446202383,0.44250840067241676,0.6996587123883554,3.6982792050671955,0.4895223138209315,0.7175118934191721,0.5127880417361914,965.0
"(2, 0)",0.5632313168185874,0.4494676243980733,0.7221891406610342,3.4883635504044497,0.5215571548887231,0.7094109028925086,0.5025772904307166,962.0
"(2, 1)",0.5885568331141793,0.47463806580172474,0.7494703725154858,2.6987953588844382,0.5617058392785009,0.7129902480677657,0.5008281188041406,962.0
mean,0.5672873485640565,0.45424874763949336,0.72708662942599,3.0927336154230916,0.529121512490795,0.7206985937490872,0.5122450478612722,962.0
std,0.01852240853467385,0.012776329689800872,0.021599671311112692,0.42437396342814776,0.031317483701071486,0.01866529063055237,0.03104547790722846,2.886751345948129
