,MAE,MedAE,RMSE,MaxAE,MSE,PearsonCorr,R2Coeff,Test Cases
"(0, 0)",0.4603636868727046,0.3375191885096921,0.6301797874569827,4.287281550681164,0.3971265645193278,0.8056318535777804,0.6477032841549795,966.0
"(0, 1)",0.5458450744062556,0.42488539011325754,0.7184179578081571,2.9123606953066092,0.5161243621012429,0.7245980398403242,0.5100877223875712,958.0
"(1, 0)",0.5238869780855078,0.3593946157635737,0.709929643390221,2.8065612852796584,0.5040000985641664,0.7635140770566544,0.5653738232933019,959.0
"(1, 1)",0.5165497520926601,0.4064482670856516,0.6813430138570499,4.188627831578433,0.464228302531808,0.7348846580342424,0.5379626750972943,965.0
"(2, 0)",0.4800055670137672,0.3714799163383766,0.6439461358753471,4.241003774248801,0.414666625908791,0.7798778770683666,0.604521585613161,962.0
"(2, 1)",0.5188915465347503,0.3506134449798173,0.6974168696217511,2.8599541158702775,0.48639029003300255,0.7570787915867454,0.567758888917667,962.0
mean,0.5075904341676076,0.3750568037983948,0.6802055680015847,3.5492982088274903,0.46375604060972314,0.7609308828606857,0.5722346632439959,962.0
std,0.028659698526633297,0.030911056790111607,0.03280892971988761,0.6909367048726506,0.04420372400322301,0.02700974571534372,0.04442573054786139,2.886751345948129
