,MAE,MedAE,RMSE,MaxAE,MSE,PearsonCorr,R2Coeff,Test Cases
"(0, 0)",0.43482576179934934,0.26978013050767724,0.66302274091754,4.153818140758283,0.4395991549738073,0.7931779861355447,0.6100252352220039,966.0
"(0, 1)",0.5351931548646446,0.32867552833593194,0.7911990071558735,3.255914353025872,0.62599586892444,0.6820280874208912,0.4057961909176746,958.0
"(1, 0)",0.5057894257253458,0.29258116218188257,0.7570497455516328,2.7447540477100976,0.5731243172397921,0.7416004637576243,0.5057643212983335,959.0
"(1, 1)",0.488841608264125,0.3282329704138054,0.7188638938995275,3.889270315898664,0.5167652979523912,0.7205508537976469,0.4856736339290456,965.0
"(2, 0)",0.4645818006156719,0.2887609259915593,0.6938883777615021,4.073263655437238,0.4814810807924891,0.746898489792415,0.5407988912255544,962.0
"(2, 1)",0.5141250145447437,0.3336023868511986,0.7448579527852918,2.853631944972671,0.554813369827496,0.7353107477038396,0.5069532588709812,962.0
mean,0.49055946096898,0.3069388507136758,0.7281469530118946,3.495108742967137,0.5319631816184026,0.736594438101327,0.5091685885772655,962.0
std,0.03307438296492348,0.02433864383287385,0.04201424089396727,0.5708565386572518,0.061058780502282174,0.033089431261333103,0.061137688091815114,2.886751345948129
