,MAE,MedAE,RMSE,MaxAE,MSE,PearsonCorr,R2Coeff,Test Cases
"(0, 0)",0.560177898239544,0.4638159420354402,0.711751890310866,3.2855590350708757,0.5065907533610912,0.744818736045943,0.5505960199298598,966.0
"(0, 1)",0.5908571585463841,0.4711892464461974,0.7472862303744583,2.8637912708570608,0.558436710107268,0.7003579805670318,0.46992426507978524,958.0
"(1, 0)",0.5778441545326726,0.4612735943454881,0.7405666741226561,2.5511092077405295,0.5484389988210923,0.7303200365504805,0.5270517884946142,959.0
"(1, 1)",0.5602892757310416,0.463729645264336,0.7096115182172282,3.634224340674425,0.5035485067865596,0.7102110107064677,0.4988280469640848,965.0
"(2, 0)",0.573975851658834,0.4651847166674077,0.7252634443301429,3.354361056242464,0.5260070636816222,0.7070271942264197,0.4983332959454482,962.0
"(2, 1)",0.5894692497951951,0.48037799602812686,0.7462131560364266,2.6902622659631295,0.5568340742418443,0.7165414305066095,0.5051575167701929,962.0
mean,0.5754355980839453,0.46759519013116607,0.7301154855652965,3.0632178627580813,0.5333093511665795,0.7182127314338254,0.5083151555306642,962.0
std,0.01228080071087634,0.006471932687619945,0.015515440835861732,0.3875931008850133,0.0226075862292136,0.01508418305781073,0.025206503165701114,2.886751345948129
