,MAE,MedAE,RMSE,MaxAE,MSE,PearsonCorr,R2Coeff,Test Cases
"(0, 0)",0.43074039121870944,0.2699451560759194,0.6461545548380385,3.1509817941320013,0.41751570873794375,0.8001328686345446,0.6296157795938,966.0
"(0, 1)",0.5277168744209493,0.31096663733001917,0.7820270164210058,2.9342777446095116,0.6115662544123401,0.6882899651451354,0.4194929776415409,958.0
"(1, 0)",0.5179190742068901,0.29655113477580897,0.7700072614102638,2.6988828685801143,0.5929111826245342,0.7241963333239465,0.4887010515178699,959.0
"(1, 1)",0.45363756734000305,0.29383701006564616,0.6878645256379939,4.332796703113324,0.4731576056311824,0.7413485338069727,0.5290755148470903,965.0
"(2, 0)",0.4610304054761405,0.30126772107985555,0.6821346372626279,3.665340314639814,0.465307663353417,0.7552832172797105,0.5562239027513858,962.0
"(2, 1)",0.5217285339575672,0.3279653131709842,0.7428267326990322,2.8351824000660546,0.5517915548123195,0.7337070246915104,0.5096386592714632,962.0
mean,0.4854621411033766,0.3000888287497056,0.7185024547114938,3.2695769708568037,0.5187083282619561,0.7404929904803033,0.5221246476038583,962.0
std,0.03820634623614961,0.01759287927970425,0.049624095311794944,0.5668547156477033,0.07116834913836124,0.0336976360439847,0.06399441847111659,2.886751345948129
