,MAE,MedAE,RMSE,MaxAE,MSE,PearsonCorr,R2Coeff,Test Cases
"(0, 0)",0.44840969407649894,0.28486511794853764,0.663541635387131,4.415427695049054,0.44028750189222826,0.784299953456762,0.6094145927206259,966.0
"(0, 1)",0.5085568484317081,0.3541953840346247,0.720786615249024,3.3274583798748,0.5195333447221445,0.7278089951059177,0.5068518696304027,958.0
"(1, 0)",0.4816366684295749,0.28894376992143317,0.7176980547038866,2.9077218488041527,0.515090497725743,0.7615735513976899,0.5558099803506531,959.0
"(1, 1)",0.44948589875145073,0.2752165881185533,0.6829777476481308,4.533363114131696,0.4664586037825138,0.7396716626633851,0.535742900003912,965.0
"(2, 0)",0.41535243069599687,0.25452961272111696,0.6302756480094739,4.531521092189557,0.39724739247376223,0.7938358492280214,0.6211347644616432,962.0
"(2, 1)",0.5001170687312317,0.33036495741641525,0.7108176947061515,2.8590854123417504,0.5052617951073677,0.754313393450094,0.5509883232047166,962.0
mean,0.4672597681860769,0.2980192383601135,0.6876828992839662,3.762429590398502,0.4739798559506266,0.7602505675503116,0.5633237383953255,962.0
std,0.03255086714273783,0.03383466735848459,0.03274272412345759,0.7469942818137798,0.04439102730512466,0.023163517937391794,0.0400517898545767,2.886751345948129
