,MAE,MedAE,RMSE,MaxAE,MSE,PearsonCorr,R2Coeff,Test Cases
"(0, 0)",1.370341155437242,1.176821985244751,1.720109999816576,7.996340490722656,2.9587784114689812,0.6455851652767034,0.20580571614942644,4247.0
"(0, 1)",1.4198955739334878,1.1866414056419676,1.8099281847322841,12.066578775024414,3.2758400338883016,0.7178592741602532,0.515141811400285,5088.0
"(1, 0)",1.2714350238027214,1.0240390267536137,1.6409291227660165,9.90487289686338,2.6926483859416486,0.7394062345284939,0.4713297328571625,4669.0
"(1, 1)",1.4610028589371062,1.2596376903533937,1.819042314457168,6.801798210144043,3.3089149417856905,0.6646316725317655,0.3983040424976023,4666.0
"(2, 0)",1.2531344141109733,1.03189847946167,1.6192259745287394,7.974093481433814,2.6218927565885455,0.69719477079357,0.4099304963315483,4675.0
"(2, 1)",1.3949279209328471,1.1815241050720213,1.763247494056407,9.313347222997107,3.1090417252961986,0.7219879796200637,0.5086190002392432,4660.0
mean,1.3617894911923962,1.1434271154212363,1.7287471817261981,9.009505179530903,2.9945193758282276,0.6977775161518082,0.4181884665792113,4667.5
std,0.07567556984767583,0.08624685782782203,0.0771528191445632,1.6937262883341981,0.26531596305385197,0.033028779801484776,0.10485835187324943,242.8159453852513
