,MAE,MedAE,RMSE,MaxAE,MSE,PearsonCorr,R2Coeff,Test Cases
"(0, 0)",2.851276342234903,2.566494696378708,3.414190349061549,13.658894206905366,11.656695739625022,0.06786749051050014,-2.128886262354216,4247.0
"(0, 1)",3.2499068980493746,2.7382185819864273,4.068038557196364,14.047810387611388,16.548937702836277,0.03961028368371639,-1.4494138525813982,5088.0
"(1, 0)",3.313471026034911,2.861622688174248,3.9955122435666097,12.430324149131774,15.964118088490682,-0.0012203705082175372,-2.1343693512328756,4669.0
"(1, 1)",2.7883841942269276,2.2991734889431097,3.5232745976650404,10.898229411125183,12.413463890551753,0.04401992840471401,-1.2572750200451455,4666.0
"(2, 0)",3.1329459011175063,2.8442563121979796,3.741134074353267,12.93957760632038,13.996084162287076,0.08632389977345464,-2.1498856748390818,4675.0
"(2, 1)",3.003031871564606,2.409348211443424,3.8310234890915758,11.919296896457672,14.67674097397139,-0.056380103707192215,-1.3196445368814245,4660.0
mean,3.0565027055380383,2.6198523298539826,3.762195551822401,12.64902210959196,14.209340092960367,0.03003685469282924,-1.7399124496556906,4667.5
std,0.1941416956582989,0.2132348326078805,0.23499941022927334,1.057235038038195,1.7586959654937557,0.04713715832499373,0.40185577043785586,242.8159453852513
