,MAE,MedAE,RMSE,MaxAE,MSE,PearsonCorr,R2Coeff,Test Cases
"(0, 0)",2.830891596612914,2.5353836417339233,3.3973137412710486,11.909944857978822,11.541740656629088,0.017515679050578933,-2.098030058502975,4247.0
"(0, 1)",3.2719659176356695,2.783768623709679,4.09236019902536,12.57992662191391,16.747411998566886,-0.0157552180259821,-1.4787901000525925,5088.0
"(1, 0)",3.3373525059858653,2.9063852557086274,4.035639293440304,13.346255642175674,16.286384506759354,-0.04993491888649049,-2.1976426231263697,4669.0
"(1, 1)",2.8656806996660604,2.3796692285490124,3.61419924309497,11.602120865344581,13.062436168788256,-0.019224030232162122,-1.3752847009272102,4666.0
"(2, 0)",3.2067558679818076,2.8817048401355745,3.832426570596555,12.918617178499698,14.687493419014471,-0.00555302700562977,-2.305490634623839,4675.0
"(2, 1)",2.9690026450845823,2.4022372344255447,3.784649483992028,11.662126005482675,14.323571716681124,0.06812812096329744,-1.2638264816523583,4660.0
mean,3.08027487216115,2.6481914707103935,3.7927647552367105,12.336498528565892,14.441506411073197,-0.000803899022731353,-1.7865107664808908,4667.5
std,0.19977320246653568,0.21790555136252268,0.23757508814564007,0.6574908964815516,1.78445463799621,0.036711680301367844,0.42277092369527214,242.8159453852513
