,MAE,MedAE,RMSE,MaxAE,MSE,PearsonCorr,R2Coeff,Test Cases
"(0, 0)",1.3855530758445649,1.1130387843608855,1.794944963423175,9.640098068237304,3.2218274217182232,0.5899169130642825,0.13519819126594668,4247.0
"(0, 1)",1.4723891085973284,1.0796822087287903,2.020389579150195,16.306449279785156,4.081974051538703,0.6679160559511824,0.3958256434790307,5088.0
"(1, 0)",1.2545040603118935,0.989067802810669,1.6434103488423555,8.850761338603919,2.700797574682152,0.7037160260341787,0.46972973420493114,4669.0
"(1, 1)",1.4592492425707664,1.0646988278391603,2.006250658888657,14.826516494750976,4.02504170629117,0.5689844791666326,0.2680829316975514,4666.0
"(2, 0)",1.2754451264776256,1.044307441711426,1.6554567071383108,8.280973001850073,2.740536909209219,0.6551797958706032,0.38322906238688337,4675.0
"(2, 1)",1.448107421710108,1.0752874903465928,1.9617432695356274,8.459330899504858,3.848436655568333,0.6520259402126033,0.3917583556557285,4660.0
mean,1.3825413392520478,1.0610137592995874,1.8470325878297202,11.060688180455381,3.4364357198346327,0.6396232017165805,0.34063731978167855,4667.5
std,0.08768109773786256,0.03813955747716723,0.15781742403702012,3.2428177432232785,0.5779874382849021,0.046124388936683525,0.10924543784272943,242.8159453852513
