,MAE,MedAE,RMSE,MaxAE,MSE,PearsonCorr,R2Coeff,Test Cases
"(0, 0)",1.4591557861198614,1.2354386732294973,1.817975670129458,8.002663341684809,3.305035537182652,0.5726465867852999,0.11286349752353209,4247.0
"(0, 1)",1.6154620243646904,1.2806293786068077,2.101026108012748,9.318384593614276,4.414310706551197,0.6342626283378857,0.34663638304881883,5088.0
"(1, 0)",1.3857699975501283,1.1472736003304957,1.759944014714852,9.217506337702984,3.097402934930631,0.6407832418846721,0.39186087362604816,4669.0
"(1, 1)",1.4907677540439144,1.2047027777947077,1.9328431154604535,8.855190380953916,3.7358825089828724,0.5678574254442494,0.3206638904577507,4666.0
"(2, 0)",1.3586587508620926,1.1294029451599867,1.7211120585693689,7.88719306529677,2.9622267181528903,0.6109291738519024,0.33333671068675064,4675.0
"(2, 1)",1.5363171493731667,1.2451536207640568,1.9981044993285195,8.742594240849,3.992421590236874,0.6221363002723189,0.36900167774682247,4660.0
mean,1.4743552437189755,1.2071001659809253,1.8885009110359003,8.670588660016959,3.584546666006186,0.6081025594293881,0.31239383884828714,4667.5
std,0.087066851328111,0.05366486292154561,0.13457702264042548,0.5504322552156387,0.5132397843642845,0.028384586920253783,0.09220571531282333,242.8159453852513
