,MAE,MedAE,RMSE,MaxAE,MSE,PearsonCorr,R2Coeff,Test Cases
"(0, 0)",2.879008140256226,2.602059962153435,3.4544392345874413,13.076662282967568,11.933150425457068,-0.001889535750424155,-2.2030921340681813,4247.0
"(0, 1)",3.2491179254688216,2.7622312827587128,4.059509069722734,13.036345515727996,16.479613887161136,0.03187479971089982,-1.4391532112352543,5088.0
"(1, 0)",3.3810179465015318,2.9114906919002532,4.085692034951871,13.820667993764795,16.69287940446916,-0.0798484160645131,-2.2774531796351396,4669.0
"(1, 1)",2.804476707043091,2.285374302232479,3.5346282614795226,10.351806977686072,12.493596946849753,0.048548055819118974,-1.271846484372602,4666.0
"(2, 0)",3.1510798109308933,2.821072762346268,3.771374960517548,12.99682807507515,14.223269092818738,0.024421977098526986,-2.201014729932164,4675.0
"(2, 1)",2.9764142720607647,2.3919563063025473,3.7867027593656175,12.342054174137116,14.339117787787181,0.08519660481536073,-1.2662835229652143,4660.0
mean,3.0735191337102212,2.629030884615616,3.782057720104122,12.604060836559782,14.360271257423838,0.018050580938161545,-1.776473877034759,4667.5
std,0.20455391394586475,0.22709675051069705,0.2372986709289519,1.0943731984998788,1.7947738728036868,0.05107545085137117,0.4549627400555439,242.8159453852513
