,MAE,MedAE,RMSE,MaxAE,MSE,PearsonCorr,R2Coeff,Test Cases
"(0, 0)",1.289338032245432,1.0890124373515833,1.6156072596971593,8.0075477896469,2.610186817586164,0.6312287584868851,0.2993745519185921,4247.0
"(0, 1)",1.5100043140833184,1.1625024979468335,1.992234871872328,9.977736685460668,3.9689997847041507,0.7000797790734112,0.41254700282781565,5088.0
"(1, 0)",1.3105504734120963,1.0633845662140313,1.6772892983157603,9.63941766719,2.813299390244576,0.6781809161301507,0.4476413081044541,4669.0
"(1, 1)",1.4298703563383368,1.1528433983189745,1.844097656214408,8.096162975957986,3.400696165655473,0.6239195858248536,0.38161446529521337,4666.0
"(2, 0)",1.2756262225442914,1.0442732027523054,1.6228830497035593,8.038715517292005,2.6337493930151252,0.6446379778025414,0.4072621036012094,4675.0
"(2, 1)",1.4271477549651794,1.1188996296826659,1.8552674535438878,7.811779725876313,3.442017324179222,0.6978864439005086,0.4559925329442477,4660.0
mean,1.3737561922647756,1.105152622044399,1.7678965982245174,8.595226726903979,3.1448248125641185,0.6626555768697252,0.40073866078192205,4667.5
std,0.08690405501703663,0.04371075071766722,0.13916332329424597,0.867908750573348,0.49833103100587905,0.030810108875488143,0.05176108316350009,242.8159453852513
