,MAE,MedAE,RMSE,MaxAE,MSE,PearsonCorr,R2Coeff,Test Cases
"(0, 0)",1.4856156601514952,1.265928363800049,1.8659438193807552,8.013202715460157,3.4817463370852404,0.6087433924446819,0.06543084537449162,4247.0
"(0, 1)",1.5299267279096598,1.3142071464340943,1.9235441522406036,12.22757998046875,3.7000221056190226,0.6735639025991926,0.4523584798553344,5088.0
"(1, 0)",1.2283591099795224,1.0030333875575197,1.58654551769538,10.186076643659034,2.5171266797193015,0.7354856150603348,0.5057913832540019,4669.0
"(1, 1)",1.5396949853522708,1.334363782978058,1.9140274475909969,7.57960729522583,3.663501070131706,0.6408875617776808,0.3338257939581927,4666.0
"(2, 0)",1.325566449714491,1.0632082080841065,1.7018914793698217,7.84597377432627,2.8964346075516003,0.6741257756775976,0.34814353981820456,4675.0
"(2, 1)",1.511725791377946,1.2639417449286559,1.9304838713493835,8.829619708253302,3.7267679775401032,0.6519299880161704,0.4109879710586498,4660.0
mean,1.4368147874142307,1.207447105630414,1.8204060479378235,9.113676686232223,3.330933129607829,0.6641227059292764,0.35275633555314584,4667.5
std,0.11766995820307719,0.12695608087685958,0.13059460264200692,1.6380174139748451,0.4613978509583118,0.03880993226498536,0.1412248897704282,242.8159453852513
