,MAE,MedAE,RMSE,MaxAE,MSE,PearsonCorr,R2Coeff,Test Cases
"(0, 0)",2.812017088429331,2.527062873840332,3.375992039789417,13.22453775959611,11.39732225272151,0.06335702062947195,-2.0592653201833935,4247.0
"(0, 1)",3.319538455257636,2.817040117287636,4.143529797645676,12.567607915401458,17.168839183977614,-0.03712087104375496,-1.5411656799438935,5088.0
"(1, 0)",3.3146175433177456,2.895049469769001,3.9853451895053644,13.572300207614898,15.88297627951355,0.04217757078891624,-2.118438098547838,4669.0
"(1, 1)",2.828395908241013,2.3394167381311854,3.5665964202642177,12.104769243344776,12.720610025041532,0.014197573020018854,-1.313126739033502,4666.0
"(2, 0)",3.1812919129616235,2.868395177745819,3.803561691006099,13.461484920978545,14.467081537289177,0.00545775617416812,-2.255885886555692,4675.0
"(2, 1)",3.008457924867365,2.4030110943317413,3.8005801771145378,11.581523847413063,14.444409682675973,0.03722123521125747,-1.2829248038319836,4660.0
mean,3.077386472179119,2.6416625785176193,3.7792675525542183,12.752037315724811,14.346873160203225,0.020881714130012944,-1.7618010880160504,4667.5
std,0.20931668990754662,0.22649872720870828,0.2530018308512246,0.7328569354014598,1.9013876862369847,0.03207158979134585,0.395623108764713,242.8159453852513
