,MAE,MedAE,RMSE,MaxAE,MSE,PearsonCorr,R2Coeff,Test Cases
"(0, 0)",2.873014368487107,2.539496801042557,3.438651302574666,13.149961612695456,11.824322780698447,-0.03081255550146247,-2.1738806550817213,4247.0
"(0, 1)",3.292377877346289,2.7727685459505613,4.08962647994844,13.01468953937292,16.725044745495467,0.017468925456751765,-1.4754795153793578,5088.0
"(1, 0)",3.357585603609603,2.9153873383522035,4.072699365597604,12.532156598567962,16.586880122539128,-0.0857140589190728,-2.2566414505629444,4669.0
"(1, 1)",2.8389927109391313,2.3494178392410277,3.5686167756338767,10.471703736785013,12.735025691335526,0.013144841216686564,-1.3157480962718715,4666.0
"(2, 0)",3.1863820255453916,2.896410266304016,3.7998672913222498,12.724118347787858,14.43899143166069,0.023736216461504474,-2.2495640739473988,4675.0
"(2, 1)",2.9938510176428643,2.452513504092203,3.812493849506798,12.330234086513519,14.535109352527163,-0.03433060413442801,-1.297259797822842,4660.0
mean,3.090367267261731,2.654332382497095,3.796992510763939,12.370477320287122,14.474229020709403,-0.016084539236670078,-1.794762264844356,4667.5
std,0.20049089600616815,0.2189632639493791,0.23890771003038344,0.8926335520953299,1.8065273090123746,0.03865226948391855,0.43642727039589085,242.8159453852513
