,MAE,MedAE,RMSE,MaxAE,MSE,PearsonCorr,R2Coeff,Test Cases
"(0, 0)",1.32857323238529,1.119642365724236,1.6761409114623516,7.6872767399949,2.8094483550778424,0.6065399690124413,0.2458888385398068,4247.0
"(0, 1)",1.5920182684253024,1.2199561938564405,2.0949204589018016,10.690846460849148,4.388691729125334,0.6269707534444497,0.3504282565408027,5088.0
"(1, 0)",1.357969679854036,1.1315964473679996,1.718996343823166,9.781116046946858,2.954948430077412,0.6580235838840447,0.41983016272062657,4669.0
"(1, 1)",1.4783289008644247,1.1465648003894084,1.9273518575990034,9.257402988419528,3.7146851829903293,0.5742893225453966,0.3245184305665063,4666.0
"(2, 0)",1.3159983457312388,1.0722662599865025,1.6785928981134963,9.256381791172695,2.8176741175970665,0.619325880016851,0.3658689647423824,4675.0
"(2, 1)",1.4157349332204252,1.0823473641254138,1.8806531136531102,8.950582230355751,3.5368561338931377,0.6937264022189232,0.4410033519518618,4660.0
mean,1.4147705600801193,1.128728905241667,1.8294425972588215,9.27060104295648,3.370383991460187,0.6298126518536844,0.3579230008436644,4667.5
std,0.09649664280515635,0.048426237735862736,0.15337462239589936,0.9025359531967336,0.5738656392941465,0.03791070826297752,0.06392921841757943,242.8159453852513
