,MAE,MedAE,RMSE,MaxAE,MSE,PearsonCorr,R2Coeff,Test Cases
"(0, 0)",2.8717197439085407,2.606141751630542,3.429715744468385,13.410583611154557,11.762950087854328,0.033029474257517816,-2.157407017971088,4247.0
"(0, 1)",3.266360912300774,2.7378795748233795,4.088954193197266,13.281964164972305,16.71954639406551,-0.015155177643655924,-1.474665702529208,5088.0
"(1, 0)",3.3158851844515103,2.8820833959820833,4.004464353603819,13.895295049571992,16.03573475928365,0.0006167078598371069,-2.1484304535578858,4669.0
"(1, 1)",2.9008484038657065,2.3791099229315615,3.650786029152563,11.829706547164918,13.32823863065554,-0.12359186817813485,-1.423618450695169,4666.0
"(2, 0)",3.1540146269156306,2.8464682792663574,3.7694654981708013,12.873465520143508,14.208870141900046,0.016879420421348545,-2.197774177167148,4675.0
"(2, 1)",2.9691416418742125,2.3874917444229125,3.782036923365444,12.652218159866333,14.303803289699554,0.021592184735989468,-1.2607021011286532,4660.0
mean,3.079661752219396,2.6398624448428065,3.787570456993046,12.990538842145604,14.39319055057644,-0.011104876424516309,-1.7770996505081917,4667.5
std,0.1749358089160743,0.20157060426498785,0.21794628670826927,0.6526419111945,1.6433773439190649,0.05261049226864623,0.3963519052846068,242.8159453852513
