,MAE,MedAE,RMSE,MaxAE,MSE,PearsonCorr,R2Coeff,Test Cases
"(0, 0)",2.9011067568672515,2.6080535320281983,3.4833708258201046,13.064172889614106,12.133872310174636,-0.036909545867843445,-2.2569698333472097,4247.0
"(0, 1)",3.268354546378591,2.757705541496523,4.093200018126365,12.69086970090866,16.754286388389673,-0.06066244937407678,-1.479807580809505,5088.0
"(1, 0)",3.367642810811073,2.9410934710921866,4.04721485779074,13.452800448560716,16.379948105122118,-0.0006193198890682965,-2.216012750024312,4669.0
"(1, 1)",2.822451308618349,2.36345801615715,3.5513874857151455,10.530845283272821,12.612353073694143,0.0475235748435247,-1.2934412012837448,4666.0
"(2, 0)",3.174722495789093,2.8440443897247314,3.793816335289461,12.889884557151795,14.393042385909158,0.022320396796051724,-2.2392230214567834,4675.0
"(2, 1)",3.0055144562316376,2.4348051137887787,3.8021151943809377,12.049124097824096,14.456079951342394,0.05641420717291819,-1.284769278365125,4660.0
mean,3.089965395782666,2.6581933440479277,3.7951841195204588,12.446282829555367,14.454930369105353,0.0046778106135843475,-1.79503727754778,4667.5
std,0.19599087367531737,0.2096667936577941,0.2269534490706696,0.9555196776232822,1.721383379431287,0.04252566377010615,0.4470728549959313,242.8159453852513
