,MAE,MedAE,RMSE,MaxAE,MSE,PearsonCorr,R2Coeff,Test Cases
"(0, 0)",1.3814536787297393,1.1469753074645996,1.7444836400772012,7.941649171783691,3.043223170497002,0.650291840004587,0.18313908296688397,4247.0
"(0, 1)",1.4684335838975844,1.240692432323486,1.860728620841641,9.809736254407325,3.4623110004192355,0.6984595497587418,0.4875421807335487,5088.0
"(1, 0)",1.260963290076994,0.9942430969238281,1.6380391814660118,9.89837795753614,2.6831723600178417,0.7428836593695932,0.47319024059472936,4669.0
"(1, 1)",1.434649877787727,1.1952181339263916,1.821478014561327,7.716114593505859,3.3177821575302735,0.6545808227524665,0.39669162031036476,4666.0
"(2, 0)",1.3550140908385508,1.1173309413909913,1.7361061021098882,8.548676225616699,3.01406439778319,0.6743061967552623,0.3216703929802347,4675.0
"(2, 1)",1.3851154890836774,1.1496482327337034,1.7717939812500823,9.86003464718,3.139253911994017,0.7124409712637036,0.5038439937207577,4660.0
mean,1.3809383350690456,1.1406846907938333,1.7621049233843589,8.962431475004953,3.10996783304026,0.6888271733173923,0.39434625188441985,4667.5
std,0.06535051701313765,0.07646992846245557,0.07038516906894317,0.927910587299496,0.2463049837589316,0.032764668507737627,0.11312777480923623,242.8159453852513
