,MAE,MedAE,RMSE,MaxAE,MSE,PearsonCorr,R2Coeff,Test Cases
"(0, 0)",1.4305538607413657,1.2262864753723144,1.7869003205494727,8.27841096496582,3.193012755579808,0.6394922614332845,0.1429326140430921,4247.0
"(0, 1)",1.4714607802162365,1.2569162178039552,1.852006486199365,9.755237760735907,3.4299280249245188,0.7018131672865743,0.49233519586170205,5088.0
"(1, 0)",1.2802227772391384,1.0290167739868163,1.6548512361474745,10.006691696835913,2.738532613778825,0.7395087079947376,0.4623208971268933,4669.0
"(1, 1)",1.4013537516948829,1.1450910277617188,1.8049855830877968,7.056069243848633,3.257972955154794,0.6471802493609946,0.407567377446433,4666.0
"(2, 0)",1.2613459296939784,1.0313259563177732,1.6250091811876715,8.515794965698486,2.640654838944226,0.6923132438895993,0.4057079999706339,4675.0
"(2, 1)",1.3521565611262565,1.1189696506500244,1.735477966842343,9.753174128724494,3.0118837733952324,0.7249337118219722,0.523974719382979,4660.0
mean,1.3661822767853096,1.1346010169821004,1.743205129002354,8.894229793468208,3.045330826962901,0.6908735569645271,0.40580646730528885,4667.5
std,0.07642066985488163,0.08711618879020712,0.08103520952516491,1.0502358093778041,0.2810540089514545,0.03696025454658645,0.1250004071140058,242.8159453852513
