,MAE,MedAE,RMSE,MaxAE,MSE,PearsonCorr,R2Coeff,Test Cases
"(0, 0)",2.8886691621398595,2.581572019721988,3.455089355876303,12.642400946044923,11.937642457089728,0.011315383171238062,-2.204297883654465,4247.0
"(0, 1)",3.3152099012349137,2.8167189788252114,4.1331748923502865,12.933533684164285,17.083134690754804,-0.02809465770166504,-1.5284805289875005,5088.0
"(1, 0)",3.381771677024033,2.948522709608078,4.080439220243437,14.006523084640502,16.649984230100866,-0.06797790981887233,-2.26903120987079,4669.0
"(1, 1)",2.7778563736210256,2.300482471036911,3.503250700373988,10.570506265004944,12.272765469670839,0.11427540373261577,-1.23169029739122,4666.0
"(2, 0)",3.2031673365674402,2.863077564217041,3.815376489293481,13.61650766134262,14.557097755053446,0.01671913464833396,-2.2761444668522355,4675.0
"(2, 1)",3.0065543713640444,2.4425083621412513,3.8340583530501005,13.542312846374513,14.700003454593247,-0.010708602902579393,-1.323321149160983,4660.0
mean,3.0955381369918857,2.658813684258414,3.8035648351979323,12.885297414595298,14.53343800954382,0.005921458521511838,-1.8054942559861988,4667.5
std,0.22113493396804582,0.23513990855176464,0.25755107064336813,1.1286472879861267,1.9518290474855848,0.055947942206219826,0.4534866691970629,242.8159453852513
