,MAE,MedAE,RMSE,MaxAE,MSE,PearsonCorr,R2Coeff,Test Cases
"(0, 0)",1.5260238387214977,1.3779087415233333,1.8622789800424235,6.997382710915335,3.4680829995078497,0.5781570193075054,0.06909835374896878,4247.0
"(0, 1)",1.58555495677413,1.3813692961731547,1.9639354408709597,9.470588050240133,3.857042415909011,0.6999356438102433,0.42911785075471176,5088.0
"(1, 0)",1.2882714485431035,1.0884543278654966,1.6242922659493404,8.821688428481679,2.638325365222843,0.7148721116525055,0.48199542765242753,4669.0
"(1, 1)",1.5440291162099624,1.3407311285793342,1.9119314512877814,7.078361053276016,3.6554818744234017,0.6006916636444062,0.33528401144791253,4666.0
"(2, 0)",1.3529348323724808,1.1649445485430006,1.678047227985343,7.259321662404968,2.8158424993492934,0.6468817866016295,0.3662811791884758,4675.0
"(2, 1)",1.5924893880270339,1.4117626877136,1.9539822209818123,8.9467509483826,3.818046519913016,0.6682208928165237,0.39656148683266756,4660.0
mean,1.4815505967747014,1.2941951217329866,1.83241126451961,8.095682142283456,3.3754702790542357,0.6514598529721356,0.3463897182708607,4667.5
std,0.11754757968400104,0.12222249128992978,0.13318872593383962,1.0068492263354636,0.4780751226365202,0.0493687189550304,0.13238804481627117,242.8159453852513
