,MAE,MedAE,RMSE,MaxAE,MSE,PearsonCorr,R2Coeff,Test Cases
"(0, 0)",2.8182853079229884,2.5298874026429323,3.4001664670165157,13.130974094891549,11.561132003423573,0.0010295931652755882,-2.1032350771419672,4247.0
"(0, 1)",3.2791581268109136,2.7254189955642536,4.100156777311311,12.860462766885757,16.811285598531875,-0.05988051291407138,-1.488244053132715,5088.0
"(1, 0)",3.344910312844146,2.9360032229423525,4.026119992558154,13.479521866464616,16.209642194476473,0.017664308922555053,-2.1825751605688466,4669.0
"(1, 1)",2.810319441444012,2.311168731951714,3.54582586736044,11.025038570722279,12.572881081642418,0.015025144294757788,-1.2862635800786273,4666.0
"(2, 0)",3.2097884250602253,2.8523758443832397,3.833344676376643,13.455165978097916,14.694531407905151,-0.03326157328919345,-2.3070745676817843,4675.0
"(2, 1)",3.0118891671643215,2.4765612726569177,3.8343995720518875,12.557013545036316,14.7026200781517,-0.002071689175568134,-1.3237347039517369,4660.0
mean,3.079058463541101,2.638569245023568,3.790002225445825,12.751362803683072,14.425348727355198,-0.010249121499374089,-1.7818545237592793,4667.5
std,0.21312845067463151,0.21869786397853183,0.24745071927737397,0.8366131179798021,1.8556719568031974,0.027703416950462273,0.42454089803298356,242.8159453852513
