,MAE,MedAE,RMSE,MaxAE,MSE,PearsonCorr,R2Coeff,Test Cases
"(0, 0)",1.3642626016068888,1.1713450370314638,1.6991813591789038,8.051524789335808,2.8872172913810665,0.6140625276855426,0.22501412739761784,4247.0
"(0, 1)",1.5136905847444257,1.1858901716108001,1.977817867963851,9.228826207248,3.911763518837073,0.7120420784574346,0.4210185618488411,5088.0
"(1, 0)",1.2977149111905317,1.077532811968668,1.6562231003061514,8.812568739847201,2.7430749579877203,0.6978476409754838,0.4614290605473721,4669.0
"(1, 1)",1.4509243457421122,1.1889519847031238,1.8725874335017154,9.106602037100382,3.5065836961085415,0.6095051031800759,0.3623597850920588,4666.0
"(2, 0)",1.3114617151405072,1.1103449097329985,1.6492249268638368,8.189919367168,2.719942859389028,0.6460733197497697,0.38786385178678806,4675.0
"(2, 1)",1.4393037643607358,1.1337484162552856,1.870686612954505,8.796065940331058,3.4994684038871977,0.6989005629014398,0.4469124460626377,4660.0
mean,1.3962263204642003,1.1446355552170566,1.7876202167948272,8.697584513505076,3.211341787931771,0.663071872158291,0.38409963878921927,4667.5
std,0.07805618587574363,0.0411834150051694,0.12552190421669876,0.4373309394335866,0.45213912913195564,0.041736066837878054,0.0786164588152427,242.8159453852513
