,MAE,MedAE,RMSE,MaxAE,MSE,PearsonCorr,R2Coeff,Test Cases
"(0, 0)",1.3876561951294777,1.1677606296539307,1.7623109635676706,10.729924255371094,3.105739932310812,0.6360586314750596,0.16635835525678644,4247.0
"(0, 1)",1.435683164280409,1.2162083423614503,1.842546564804658,14.526398568725586,3.3949778434734452,0.70579799942699,0.497508184009565,5088.0
"(1, 0)",1.2250683946994414,0.9788289260864258,1.5895318831369551,10.120865109158911,2.526611607508915,0.7421685055484388,0.5039291277383742,4669.0
"(1, 1)",1.4695438618835934,1.2386782366227176,1.850658213231093,8.02901253472588,3.4249358221997013,0.6371678081123211,0.37720670516523014,4666.0
"(2, 0)",1.2980165816895104,1.0397189903259276,1.6749041617132552,7.512843176258032,2.805303950924382,0.6906161088034737,0.3686529299104865,4675.0
"(2, 1)",1.45869466406948,1.233335034751892,1.8575765014910934,8.824730577660956,3.45059045889189,0.6814942439553698,0.45463755739923695,4660.0
mean,1.379110476958652,1.1457550266337242,1.7629213813241211,9.957295703650077,3.1180266025515238,0.6822172162202755,0.39471547657994654,4667.5
std,0.08952701748039553,0.10071482932662368,0.1006717727159798,2.3265403042511683,0.3486192031823033,0.037374988586017094,0.1149038774687568,242.8159453852513
