,MAE,MedAE,RMSE,MaxAE,MSE,PearsonCorr,R2Coeff,Test Cases
"(0, 0)",1.4562247929646608,1.2964137709059993,1.7915140657859558,7.047882758159999,3.209522647908926,0.5902167512786922,0.1385010344209251,4247.0
"(0, 1)",1.5500532534233091,1.353924593202251,1.9301870207614396,9.556409719679335,3.725621935115922,0.7161237490739021,0.4485694404547764,5088.0
"(1, 0)",1.2768139894154087,1.0829732605031919,1.6174070874722435,8.3723614601161,2.6160056866054453,0.7108899613700991,0.48637763756843766,4669.0
"(1, 1)",1.5502426621620067,1.350830391924659,1.913345170114508,7.091894677157082,3.6608897400005156,0.6027860592484235,0.33430064048984565,4666.0
"(2, 0)",1.2922661787004208,1.0932401293980005,1.616254229573229,7.472228712416334,2.6122777346133517,0.66219527029345,0.41209440300942723,4675.0
"(2, 1)",1.5637303362938093,1.361657948474001,1.9245007662514408,9.071074106889501,3.7037031993023826,0.6799104705685692,0.41463333667002056,4660.0
mean,1.4482218688266026,1.2565066824013504,1.7988680566598028,8.101975239069725,3.2546701572577574,0.6603537103055227,0.37241274876890545,4667.5
std,0.12102820912224409,0.12097271857594512,0.13690826120706484,0.9708754958132417,0.48494659975167476,0.048790872747586506,0.11424554856411445,242.8159453852513
