,MAE,MedAE,RMSE,MaxAE,MSE,PearsonCorr,R2Coeff,Test Cases
"(0, 0)",2.8645092595835764,2.584728956222534,3.424240332440214,13.984233583831788,11.72542185431027,0.06284556982996367,-2.1473337024270207,4247.0
"(0, 1)",3.3114350498185714,2.779121025085943,4.147185669196939,12.947810564517974,17.19914897479246,-0.08272668000878819,-1.5456518423081405,5088.0
"(1, 0)",3.357829858359569,2.9320289158821105,4.042776435552979,13.047619250416755,16.344041307862454,-0.023685856856145764,-2.2089628670174473,4669.0
"(1, 1)",2.8361865678290656,2.2960801343917847,3.583376972256755,10.869938344319996,12.840590525299987,-0.037577865366614074,-1.3349440970661832,4666.0
"(2, 0)",3.1848281250262818,2.8851873849868777,3.807401660595349,14.043429565429687,14.496307405104222,0.01724519628251192,-2.2624633078756786,4675.0
"(2, 1)",3.0318925832325774,2.4521021692100677,3.8337852124121334,12.640364623069763,14.697909054909948,0.04666051767161904,-1.3229901313422432,4660.0
mean,3.097780240641607,2.654874764296553,3.8064610470757287,12.922232655264326,14.550569853713222,-0.0028731864079088987,-1.8037243246727854,4667.5
std,0.20332211676456138,0.23096399664141923,0.2478389614414438,1.0561459840410248,1.8780155747106417,0.05031807911749805,0.4103228013767978,242.8159453852513
