,MAE,MedAE,RMSE,MaxAE,MSE,PearsonCorr,R2Coeff,Test Cases
"(0, 0)",2.877285156033671,2.573673835760355,3.479329460137466,12.442704166793824,12.10573349218047,-0.11543422403664372,-2.2494168214965575,4247.0
"(0, 1)",3.3141622465628227,2.8067998766601088,4.141358091579719,12.183746528625488,17.150846842692815,-0.06747676507149622,-1.5385026274401787,5088.0
"(1, 0)",3.358530981526121,2.879387845993042,4.048812305992329,12.900123532438279,16.39288108915492,-0.03706805438912559,-2.2185519913746763,4669.0
"(1, 1)",2.83160498326017,2.31595894818306,3.5899954777925025,11.200693128013611,12.88806753057062,-0.07886871760640178,-1.3435773568048708,4666.0
"(2, 0)",3.184529460171961,2.7928982062339784,3.817428937957171,13.669864322566987,14.572763696352816,-0.02324976929196884,-2.2796701618616093,4675.0
"(2, 1)",3.0056665250995795,2.42738024441821,3.8191463190092394,12.26219538450241,14.585878606001824,0.0286903034089511,-1.3052838286122999,4660.0
mean,3.0952965587757206,2.632683159541459,3.8160117654114045,12.443221177156767,14.616028542825577,-0.04890120449778084,-1.8225004645983656,4667.5
std,0.2042273336925726,0.20928222889830023,0.23255698025927474,0.7480404199737974,1.7735426012896798,0.04562201159227534,0.43313848497039353,242.8159453852513
