,MAE,MedAE,RMSE,MaxAE,MSE,PearsonCorr,R2Coeff,Test Cases
"(0, 0)",1.4567031417754885,1.2941360254569996,1.7924844340396053,7.932784662833808,3.2130004462742843,0.582653423218566,0.13756752497951297,4247.0
"(0, 1)",1.5825192904814773,1.3678417715365006,1.9633313027484447,9.181595605049,3.8546698043519054,0.7164610515372365,0.42946902179173696,5088.0
"(1, 0)",1.297488244463453,1.0984722259449997,1.642340101620738,8.740120662783568,2.6972810093916157,0.7016741418563185,0.47042017099618827,4669.0
"(1, 1)",1.5267828595259592,1.3250666898295003,1.8820227610443983,7.160608798954021,3.5420096730891806,0.6264003706045537,0.35591789477005475,4666.0
"(2, 0)",1.3143596275330751,1.112375850503667,1.6455987465570154,7.399688213925334,2.7079952346700202,0.649427117247179,0.39055272186747536,4675.0
"(2, 1)",1.546595900064701,1.3484119681345,1.9059342740962524,8.601036709295,3.6325854571748084,0.7009630658253592,0.42587342616224044,4660.0
mean,1.4540748439740254,1.2577174219010276,1.8052852700177422,8.169305775473456,3.274590270825303,0.6629298617148688,0.36830012676120144,4667.5
std,0.11134869403889072,0.11007445698702265,0.12464094304148003,0.7306019153253464,0.44614556297882724,0.047913579406011,0.109064853138494,242.8159453852513
