,MAE,MedAE,RMSE,MaxAE,MSE,PearsonCorr,R2Coeff,Test Cases
"(0, 0)",1.459340519187701,1.2166984464544677,1.8442352629809988,8.069632328908801,3.4012037052225943,0.5917535915789586,0.08705007092502437,4247.0
"(0, 1)",1.6388461500110958,1.41548633625802,2.0619700827822682,12.413468270874024,4.251720622289113,0.613329717288306,0.3707013962741492,5088.0
"(1, 0)",1.2988708103485984,1.0196695945739744,1.698502769961883,9.705118420316138,2.8849116595681896,0.6894024044680509,0.4335810699568803,4669.0
"(1, 1)",1.6300653568792893,1.3322964638710022,2.0684756564610636,9.065650849914551,4.278591541372029,0.5391614479233567,0.2219772101913885,4666.0
"(2, 0)",1.2931430083959663,1.0412999153137208,1.667639151212543,7.340723719024659,2.7810203386568912,0.6477726585130249,0.37411807298391997,4675.0
"(2, 1)",1.5338283888053061,1.2319155390381813,1.9761610191663928,8.607839288903632,3.9052123736727564,0.6235195423181142,0.3827850090141267,4660.0
mean,1.4756823722713264,1.2095610492515612,1.8861639904275247,9.200405479656968,3.583776706796929,0.6174898936816352,0.31170213822424814,4667.5
std,0.14064582438245832,0.14282299373500082,0.1617470494675079,1.6168315374374826,0.6053099286398436,0.04643960494479258,0.11958471469680496,242.8159453852513
