,MAE,MedAE,RMSE,MaxAE,MSE,PearsonCorr,R2Coeff,Test Cases
"(0, 0)",1.5042658801921784,1.3440969060070003,1.8378722311952396,7.9351063859818085,3.3777743381985683,0.5893040425844109,0.09333897356558407,4247.0
"(0, 1)",1.6159762413869398,1.4119933963705,2.0002133360245264,9.496128768851602,4.000853389610365,0.6872053190379457,0.40783234001906243,5088.0
"(1, 0)",1.2786207222598853,1.0828290914099998,1.6130340228292634,8.943738558311773,2.6018787588047565,0.720722649890299,0.4891512959240145,4669.0
"(1, 1)",1.5570487216174624,1.3568738470960011,1.9268997482225745,7.050633627998254,3.712942639700221,0.5906442980246527,0.32483529614687845,4666.0
"(2, 0)",1.3323833692858578,1.1470215567776667,1.657639141854531,7.507965368844001,2.7477675246082263,0.6546768421404721,0.3816017778120325,4675.0
"(2, 1)",1.5686386561107462,1.3688039310162863,1.9429270643036516,8.649940703430001,3.7749655772036057,0.6735717913691095,0.4033703876354283,4660.0
mean,1.476155598475512,1.285269788112909,1.8297642574049642,8.26391890223624,3.3693637046876237,0.652687490507815,0.35002167851716676,4667.5
std,0.12591484864202315,0.12363885994560032,0.1460358415283142,0.8447044180603757,0.5254877540182495,0.048523523754258495,0.12454107444084776,242.8159453852513
