,MAE,MedAE,RMSE,MaxAE,MSE,PearsonCorr,R2Coeff,Test Cases
"(0, 0)",1.335750747048531,1.14165887654075,1.664164816780028,8.041110350780809,2.7694445374085044,0.6239968822903775,0.2566266495235685,4247.0
"(0, 1)",1.533921791311134,1.1763872350518743,2.0200291001637183,10.072083461818668,4.0805175655082415,0.6773358001909398,0.3960412184677802,5088.0
"(1, 0)",1.323544110157123,1.0955793942558376,1.685963007696571,9.60074170142975,2.842471263321268,0.6736205033362272,0.4419137493139965,4669.0
"(1, 1)",1.4471037824866446,1.1539488737279238,1.8767929596780066,8.470875518890999,3.522351813496932,0.602608783821794,0.35949249697588315,4666.0
"(2, 0)",1.3143828757057816,1.0953217905616006,1.6631607461876166,7.8100758905865035,2.7661036676593493,0.6324188925088378,0.3774751411285978,4675.0
"(2, 1)",1.4566590170534035,1.1577152701215758,1.8862293538351103,9.279856570159666,3.5578611752692177,0.680627902670256,0.43768352573421565,4660.0
mean,1.4018937206271032,1.1367685733765935,1.7993899973901752,8.879123915611066,3.2564583371105855,0.6484347941364054,0.3782054635240069,4667.5
std,0.08230664334062841,0.0309350516540186,0.13657955338472505,0.8282781875867765,0.4982690143151868,0.030165455401909465,0.061976630298014236,242.8159453852513
