,MAE,MedAE,RMSE,MaxAE,MSE,PearsonCorr,R2Coeff,Test Cases
"(0, 0)",2.8588688251891545,2.559036669135094,3.4195831799083356,13.53886270108223,11.693549124312003,0.020864332935945754,-2.1387784352001087,4247.0
"(0, 1)",3.2740408902651037,2.7715604863524437,4.090107267652629,13.599934887886047,16.72897746090485,-0.048712772652375544,-1.4760615979138971,5088.0
"(1, 0)",3.385750714397104,2.967362142534877,4.07421534088757,13.695947360992431,16.59923064392362,-0.05756470430080366,-2.259066332130766,4669.0
"(1, 1)",2.826029517089207,2.334627799391747,3.5833425811956476,10.883797655127381,12.840344054209886,-0.058997742206176415,-1.3348992785497922,4666.0
"(2, 0)",3.1668145234239136,2.845313592926843,3.771448558301793,13.084890913963317,14.223824227916673,0.07550111191008305,-2.2011396657408024,4675.0
"(2, 1)",3.016090278774627,2.437663278490305,3.850594758016747,12.301964805316926,14.827079990466052,-0.12290672597034848,-1.3434054711999104,4660.0
mean,3.0879324581898513,2.652593994805218,3.7982152809937872,12.850899720728057,14.485500916955514,-0.03196941671394588,-1.792225130122546,4667.5
std,0.20646994926590936,0.2259880320814512,0.24302591668544704,0.9978330032837086,1.8342903818848002,0.06360935850072051,0.411460082803379,242.8159453852513
