,MAE,MedAE,RMSE,MaxAE,MSE,PearsonCorr,R2Coeff,Test Cases
"(0, 0)",1.457072421276641,1.1959866260997556,1.8838070454107492,8.97055662536621,3.5487289843391765,0.5553386739439935,0.04745138623012013,4247.0
"(0, 1)",1.4844407645556283,1.1105792981729739,2.00248807625439,10.93379150390625,4.009958495541008,0.6624160477592994,0.40648469021844,5088.0
"(1, 0)",1.3668543734472614,1.1167947984145752,1.7664779025727695,8.125233831597724,3.1204441802778913,0.667019812384716,0.3873369924551392,4669.0
"(1, 1)",1.4954011448307534,1.1138197818585753,2.043070158269345,13.850901947021484,4.174135671610726,0.5528933754493517,0.24097155597498088,4666.0
"(2, 0)",1.3496896769970166,1.0772956459439453,1.7537957819212313,9.140440150630896,3.075799644684703,0.6197374266658099,0.3077765804257413,4675.0
"(2, 1)",1.4440335220822185,1.0278784709808104,1.9953578741401194,9.327113837560352,3.981453045892977,0.6465636120400099,0.37073524543804115,4660.0
mean,1.4329153171982532,1.1070591035784392,1.9074994730947674,10.058006316013818,3.651753337057747,0.61732815804053,0.29345940845707713,4667.5
std,0.05561337670886004,0.05035941246915926,0.11488732393493896,1.8906500095720928,0.4348413944785729,0.047182680443049574,0.12317952558971178,242.8159453852513
