,MAE,MedAE,RMSE,MaxAE,MSE,PearsonCorr,R2Coeff,Test Cases
"(0, 0)",1.3981659760987972,1.1425846576690675,1.791741710671914,7.916373464538818,3.2103383577615165,0.6198589245598576,0.13828208186276902,4247.0
"(0, 1)",1.4023715629844689,1.0231210378646851,1.9132378425939727,10.720584259033203,3.6604790423336393,0.7177284595411071,0.4582112619930133,5088.0
"(1, 0)",1.328320278225132,1.0472564349651337,1.7263750497461732,8.216787144077246,2.980370812386102,0.696570942433801,0.41483877293623683,4669.0
"(1, 1)",1.3605086675378761,1.0259151990643554,1.8365491994577345,9.376408920288085,3.372912962028846,0.6419055658988219,0.38666658709426627,4666.0
"(2, 0)",1.3115625123443624,1.0360351367655762,1.714768068388922,8.561981960666602,2.9404295283662742,0.6595858787942669,0.3382422724899309,4675.0
"(2, 1)",1.344451562800706,0.9512415101582946,1.8575437005125641,9.700809091886219,3.450468599313911,0.703486521446737,0.4546568171861901,4660.0
mean,1.357563426665224,1.0376923294145188,1.806702595228547,9.082157473415029,3.269166550365048,0.6731893821124318,0.3651496322604011,4667.5
std,0.033685252380811714,0.056156606046404337,0.07065608791521104,0.9602305970588325,0.25550309241744457,0.03525198243901287,0.10938988722416593,242.8159453852513
