,MAE,MedAE,RMSE,MaxAE,MSE,PearsonCorr,R2Coeff,Test Cases
"(0, 0)",2.856894012484613,2.564048087954521,3.4201333004665773,12.46362420501709,11.697311792960402,0.003825997646629492,-2.139788409424944,4247.0
"(0, 1)",3.293500156656862,2.79010910525918,4.111519562249454,12.944171977043151,16.90459311075994,-0.009018794342457188,-1.502054529497138,5088.0
"(1, 0)",3.370178891220984,2.928013037443161,4.065052528664399,13.309229296445846,16.524652060800822,-0.06208035201293122,-2.2444236926875636,4669.0
"(1, 1)",2.8347293911864715,2.318361511230469,3.5713685054083038,10.555780646705628,12.75467300142234,-0.01783051114546048,-1.3193207801464992,4666.0
"(2, 0)",3.192879368403214,2.8281153321266173,3.832255223511224,13.342907975935937,14.686180098129064,-0.05971395815081468,-2.3051950654778235,4675.0
"(2, 1)",3.0012477390785888,2.4199105682107573,3.828556891038111,11.474951980018616,14.657847867915406,-0.06864213685270629,-1.3166584999727395,4660.0
mean,3.091571593171789,2.6414262737041176,3.804814335223012,12.348444346861044,14.537542988664661,-0.03557662580962339,-1.804573496201118,4667.5
std,0.20730827239317673,0.22305410190004132,0.24684177755423822,1.021180321554067,1.863403411136893,0.028726283170923607,0.43234017397963764,242.8159453852513
