,MAE,MedAE,RMSE,MaxAE,MSE,PearsonCorr,R2Coeff,Test Cases
"(0, 0)",1.4341052469360127,1.1712041351318359,1.8437250730598327,8.045246812774902,3.3993221450294855,0.5933058324837981,0.08755511866509691,4247.0
"(0, 1)",1.4932867406896644,1.087680522441864,2.038752381552528,10.698716506958007,4.156511273286105,0.6695684965408715,0.3847933641412623,5088.0
"(1, 0)",1.2535500020820105,0.9963621864318846,1.6345517928035185,9.078190847766821,2.6717595633571967,0.6965417238779853,0.4754310107936649,4669.0
"(1, 1)",1.447647120226359,1.0664134679688415,1.9747108155319595,15.40369310913086,3.8994828049788963,0.5819296914978398,0.2909146710070143,4666.0
"(2, 0)",1.3586989363774162,1.1083446504230468,1.7576373022827412,9.555445715320532,3.0892888863757517,0.6242049661274364,0.3047407620729504,4675.0
"(2, 1)",1.4594994556342653,1.0270212580356932,2.0197809062893928,9.522826642354664,4.079514909411201,0.6378205165584886,0.35523666394846753,4660.0
mean,1.4077979169909547,1.076171036738861,1.8781930452533286,10.384019939050964,3.549313263739773,0.6338952045144033,0.3164452651047427,4667.5
std,0.08006721325846078,0.05639039952422323,0.14732327888626418,2.376951519440136,0.5441571733726706,0.040113153727778884,0.11876602233087553,242.8159453852513
