,MAE,MedAE,RMSE,MaxAE,MSE,PearsonCorr,R2Coeff,Test Cases
"(0, 0)",2.8920270713176395,2.5839087700843812,3.485747633096445,13.08255812110901,12.15043656163747,-0.07025997563552437,-2.2614160040293574,4247.0
"(0, 1)",3.2806709693976686,2.781155924987793,4.100939846670773,13.053887431323528,16.817707626012105,-0.023808178626679957,-1.4891945795866905,5088.0
"(1, 0)",3.3836393285813346,2.9440357851982117,4.078592762228069,13.853210043907165,16.63491892009919,-0.045311924760741765,-2.2660733110583196,4669.0
"(1, 1)",2.8241676648067213,2.3630436891937423,3.555071557772707,10.147460444572527,12.638533780884462,0.04567813046103782,-1.2982019237435574,4666.0
"(2, 0)",3.1824310344058873,2.8403431749343873,3.814394420508606,13.84956547203064,14.549604795207186,-0.031093368036160814,-2.2744581404049082,4675.0
"(2, 1)",2.99069587965216,2.399760833360924,3.8123829421176834,12.52856951637268,14.534263697349884,-0.01057108957518537,-1.2971261428502876,4660.0
mean,3.092271991360235,2.6520413629599067,3.807854860399047,12.752541838219258,14.554244230198384,-0.022561067695542406,-1.8144116836121864,4667.5
std,0.20445595188087215,0.21954348711502347,0.2334214907281125,1.2550739642272377,1.774877098490444,0.03574793814805909,0.45739786513897135,242.8159453852513
