,MAE,MedAE,RMSE,MaxAE,MSE,PearsonCorr,R2Coeff,Test Cases
"(0, 0)",1.380918830670234,1.1199286667762696,1.7817655476715133,9.27997824859619,3.1746884668691675,0.5857148653984828,0.14785121331811968,4247.0
"(0, 1)",1.5180787914349774,1.1172069339129882,2.0620996166262637,12.294511184692382,4.252254828890184,0.6554002734158746,0.37062232817489715,5088.0
"(1, 0)",1.2634964994498523,1.0036841308593751,1.64914594542037,8.044552608859961,2.7196823492964466,0.702749450118902,0.46602192783392604,4669.0
"(1, 1)",1.4661070805602223,1.0683373065007202,2.022196522036213,15.367551193237304,4.089278773735356,0.5639228423219697,0.2564020077442396,4666.0
"(2, 0)",1.3030560809236174,1.0435129406107424,1.7010536657730362,8.720498367679541,2.893583573839884,0.6490635651737372,0.34878517858965574,4675.0
"(2, 1)",1.426584168204486,1.0323666135386351,1.968983771981219,9.039714068731007,3.8768970943253893,0.6535901708992864,0.3872602111836597,4660.0
mean,1.3930402418738985,1.064172765366455,1.8642075115847696,10.457800945299399,3.5010641811594048,0.635073527888042,0.32949047780741636,4667.5
std,0.0886230367138868,0.04288749144732105,0.1606067710600244,2.572915870969304,0.596887138562724,0.04660202403417687,0.10196162709080077,242.8159453852513
