,MAE,MedAE,RMSE,MaxAE,MSE,PearsonCorr,R2Coeff,Test Cases
"(0, 0)",2.862278367117896,2.5551779897781595,3.4358200257377245,14.28177138748169,11.804859249260378,0.0006007322849021467,-2.1686562606655184,4247.0
"(0, 1)",3.2508799873346104,2.756838520765305,4.070287541285713,13.98865623474121,16.56724066874569,0.029631106632747012,-1.4521228807405993,5088.0
"(1, 0)",3.306441558766531,2.865437245255988,3.9892773699773696,12.834370170116424,15.914333934613557,0.013746178021720654,-2.1245948102764274,4669.0
"(1, 1)",2.837071634929758,2.367443482426526,3.5724134498127547,10.359968059422119,12.762137856403067,0.021174564801485145,-1.3206781958384304,4666.0
"(2, 0)",3.2057695546985667,2.884447116088867,3.8123391533539968,13.053819264793397,14.533929820195869,0.013945369041670755,-2.270930412315458,4675.0
"(2, 1)",3.018195749995736,2.5228887721876436,3.810852065138683,12.36169564409256,14.522593462371766,0.07181030844560561,-1.2952816736415498,4660.0
mean,3.0801061421405165,2.6587055210837485,3.7818316008843738,12.813380126774568,14.350849165265055,0.02515137653802189,-1.7720440389129972,4667.5
std,0.18553091754897377,0.19031774891081535,0.22045159971610875,1.2792542117457428,1.6545875027625434,0.022624935471413452,0.4210827193238656,242.8159453852513
