,MAE,MedAE,RMSE,MaxAE,MSE,PearsonCorr,R2Coeff,Test Cases
"(0, 0)",2.8600663330981875,2.5868289887905123,3.4374900499760344,13.390078316950799,11.81633784368424,-0.019382788321072427,-2.1717373410339342,4247.0
"(0, 1)",3.316491538545177,2.801615742179691,4.131594732695778,13.513155949115752,17.070075035239494,-0.03508220799937355,-1.5265475649686886,5088.0
"(1, 0)",3.3452921082169573,2.9200637998994865,4.040401654776342,13.532250966453553,16.324845531919397,-0.031876634087462725,-2.205193999144162,4669.0
"(1, 1)",2.780408972265458,2.3037425486892458,3.514674739776773,10.605563035488128,12.352938526424927,0.06040003908002774,-1.2462690354362396,4666.0
"(2, 0)",3.1939259292491986,2.9227741543258174,3.796819195656499,13.699453856372834,14.415836004505664,0.08242043487335922,-2.2443528343288968,4675.0
"(2, 1)",2.9764714181113217,2.355453231090307,3.821963068230551,11.875810718536377,14.60740169491829,-0.04320560133921681,-1.3086855317363404,4660.0
mean,3.0787760499143833,2.648413077495843,3.7904905735186634,12.769385473819574,14.431239106115335,0.002212207034376906,-1.7837977177747104,4667.5
std,0.21913544081301295,0.2519771871100625,0.2518339099118589,1.144992610559825,1.9033966473001704,0.04983510682715713,0.4322478662773948,242.8159453852513
