,MAE,MedAE,RMSE,MaxAE,MSE,PearsonCorr,R2Coeff,Test Cases
"(0, 0)",1.453291360498785,1.2974188535020006,1.7829648877995838,7.306144832608671,3.1789637911261823,0.5824708390919119,0.14670363225109306,4247.0
"(0, 1)",1.675756505487638,1.472125925037508,2.0796579490943854,9.044581077260672,4.324977185231465,0.6186402937597535,0.3598586676781774,5088.0
"(1, 0)",1.3124823193943944,1.0796191916777929,1.6795450934204559,10.073642419292,2.8208717208327276,0.6729549036398067,0.44615456885701543,4669.0
"(1, 1)",1.5224915571388578,1.317545048890733,1.9039681808610645,7.6667722572982395,3.6250948337313913,0.5938383715592631,0.34080961723304537,4666.0
"(2, 0)",1.3025100643324647,1.0911432258249254,1.643993185644415,7.368506974794418,2.702713594445272,0.6372497495279832,0.39174138025868577,4675.0
"(2, 1)",1.5567794681883316,1.3542508189649998,1.9355385156700544,8.459268296763195,3.7463093456422376,0.655674169581763,0.4078994769684636,4660.0
mean,1.4705518791734118,1.2686838439829933,1.83761130208166,8.319819309669533,3.3998217451682127,0.6268047211934137,0.3488612238744135,4667.5
std,0.13276786049588582,0.14094302602806796,0.15167876459794707,0.9983004471058208,0.5622329514738117,0.03212297773843335,0.09647424708914622,242.8159453852513
