,MAE,MedAE,RMSE,MaxAE,MSE,PearsonCorr,R2Coeff,Test Cases
"(0, 0)",1.3835575605695483,1.1246361044334228,1.7734626597239664,8.062007162048584,3.145169805435205,0.6095980395105778,0.15577460227043194,4247.0
"(0, 1)",1.411180946251681,1.0329886651158333,1.9267188393351011,10.250172660311398,3.7122454858487997,0.7159066493807296,0.450549293223672,5088.0
"(1, 0)",1.3391636020632613,1.0810814265722533,1.7413044412056626,11.080214295864105,3.032141156962565,0.651694182409471,0.40467426648221505,4669.0
"(1, 1)",1.2836453573513353,0.9644612475206298,1.7549316311011123,9.600991726478275,3.0797850298392104,0.6798289407700203,0.4399692240409744,4666.0
"(2, 0)",1.3448151900780494,1.0641728717803955,1.7437012386301989,8.301936361267334,3.04049400960049,0.6199386426917293,0.3157222824452043,4675.0
"(2, 1)",1.3345009100501872,0.9999455976486206,1.8201279768427325,9.878955215772327,3.3128658520856185,0.7013219520172089,0.476404796620729,4660.0
mean,1.3494772610606771,1.0445476521785257,1.7933744644731286,9.529046236957004,3.2204502232953147,0.6630480677966228,0.37384907751387103,4667.5
std,0.04011452082083732,0.05271118123271807,0.0652552945823751,1.057651518434028,0.23933992910658952,0.03954903354951046,0.1100438289355735,242.8159453852513
