,MAE,MedAE,RMSE,MaxAE,MSE,PearsonCorr,R2Coeff,Test Cases
"(0, 0)",2.835678678764757,2.580620843619108,3.3839965786151747,13.1679147254169,11.451432844079209,0.048637420789975974,-2.0737896665100664,4247.0
"(0, 1)",3.2963974375532747,2.789933806061745,4.117787087658617,13.23152647614479,16.95617049928804,0.019327774006707415,-1.5096885161740623,5088.0
"(1, 0)",3.3804817505702185,2.9817871945619583,4.065962959272301,12.42745157661438,16.532054786174363,-0.042994744007699676,-2.2458771319190833,4669.0
"(1, 1)",2.8246796216759833,2.365319649964571,3.561932202838978,10.576580954933167,12.687361017621335,0.07237050409226306,-1.3070807107409452,4666.0
"(2, 0)",3.203758317974232,2.911528334903717,3.8145068719503255,12.89299267977476,14.550462676156256,0.02176753322445315,-2.27465121061518,4675.0
"(2, 1)",3.008044493324244,2.4804481305097896,3.811604474105766,11.778486963939667,14.528328667023093,0.054602686534319,-1.2961881171197676,4660.0
mean,3.091506716643785,2.6849396599368145,3.792631695740194,12.345825562803945,14.450968415057048,0.028951862440003157,-1.7845458921798507,4667.5
std,0.21667865071124487,0.22558841909429286,0.2586759276081016,0.932599496697655,1.9463798180773448,0.03708372570051229,0.42400954981376515,242.8159453852513
