,MAE,MedAE,RMSE,MaxAE,MSE,PearsonCorr,R2Coeff,Test Cases
"(0, 0)",1.3361229092988973,1.1234794839096232,1.6770657542014122,7.4829809544922545,2.8125495439151513,0.6007554393920994,0.24505641849841908,4247.0
"(0, 1)",1.5802250045505943,1.2027866616111835,2.0855034519564355,10.757603666101149,4.349324648122208,0.6322608217914683,0.35625499148151285,5088.0
"(1, 0)",1.3580384046058116,1.1250921156778966,1.7272574723219623,8.889439311180453,2.9834183756920543,0.6521395724294624,0.4142404192427118,4669.0
"(1, 1)",1.4725722991383299,1.1406318475397499,1.922081469569988,9.255763121752862,3.694397175664325,0.5758510073002926,0.32820761938175225,4666.0
"(2, 0)",1.3217051297366456,1.0851635650470002,1.6879950773989172,8.494182861765026,2.8493273813229765,0.6114984204101408,0.35874524636400873,4675.0
"(2, 1)",1.4256718726193485,1.0917169609272295,1.894155642401725,8.978901924210394,3.5878255976422917,0.6864937575728264,0.43294767812460155,4660.0
mean,1.415722603324938,1.128145105785447,1.83234314464174,8.976478639917024,3.3794737870598346,0.626499836482715,0.35590872884883434,4667.5
std,0.09027253116111505,0.03858495374683463,0.1482983052642675,0.9764845494374003,0.554153424636946,0.03592347408544331,0.06110283369708006,242.8159453852513
