,MAE,MedAE,RMSE,MaxAE,MSE,PearsonCorr,R2Coeff,Test Cases
"(0, 0)",2.8547804625006306,2.6101473104953765,3.4224081069336165,12.705125625753404,11.712877250404942,-0.026415834854815516,-2.14396648416013,4247.0
"(0, 1)",3.27203648625808,2.7506283877614672,4.086246536451874,12.662896142196656,16.69741075666494,-0.026863099867047525,-1.4713893993695564,5088.0
"(1, 0)",3.308593529375975,2.879615058898926,3.9827771222669157,13.395771052265168,15.862513605652733,0.04489839552209125,-2.114420489968517,4669.0
"(1, 1)",2.8076168733794233,2.3087678725600242,3.559987536645618,10.692681728604395,12.673511261072138,0.02397005748208921,-1.3045622590204706,4666.0
"(2, 0)",3.194299428507766,2.8884861886769535,3.814579893261651,13.086669791066647,14.551019762076068,-0.002647359052275966,-2.2747765854656112,4675.0
"(2, 1)",3.004707720147688,2.445412164626248,3.803065645522233,11.744759593009949,14.46330830415144,0.019354946544515587,-1.2859117124473158,4660.0
mean,3.073672416694927,2.647176163836499,3.778177473513651,12.381317322149371,14.32677349000371,0.005382850962426172,-1.7658378217386002,4667.5
std,0.1968681785550975,0.21585517892910686,0.22836039200726396,0.9098967739666797,1.713333809074664,0.02651296538327122,0.41898964102846614,242.8159453852513
