,MAE,MedAE,RMSE,MaxAE,MSE,PearsonCorr,R2Coeff,Test Cases
"(0, 0)",1.5056428923787402,1.3579340772492663,1.8380140719547213,7.956147385981808,3.3782957287035753,0.5869489798902429,0.09319902210550679,4247.0
"(0, 1)",1.6145319559341682,1.3993845824575004,1.990851844345972,9.469199613275,3.9634910661357585,0.6915864016037404,0.4133623501216229,5088.0
"(1, 0)",1.2935629619972002,1.0980730738989992,1.6264472438332471,9.019858262513667,2.645330636972766,0.7142476355178563,0.48062002382815705,4669.0
"(1, 1)",1.548778331755615,1.3488653115784286,1.9125244307625318,7.046019744279334,3.657749698263546,0.6016841612983026,0.33487162839759277,4666.0
"(2, 0)",1.3354895855266418,1.135918108935333,1.6582268864933614,7.6235255028480005,2.749716407089467,0.649781201235394,0.3811631724893991,4675.0
"(2, 1)",1.5684990355795323,1.3584609785728754,1.947273881662709,9.079373844435734,3.7918755702057543,0.6740258083203501,0.40069777980268795,4660.0
mean,1.4777507938619827,1.2831060221154005,1.8288897265087574,8.365687392222258,3.3644098512284777,0.6530456979776478,0.3506523294574944,4667.5
std,0.1203679212357019,0.11904065744924786,0.13990074874424918,0.8770287993562733,0.5037838943186925,0.04598671647992792,0.1230114106542635,242.8159453852513
