,MAE,MedAE,RMSE,MaxAE,MSE,PearsonCorr,R2Coeff,Test Cases
"(0, 0)",1.4369502664692109,1.2187754656887149,1.794395807946789,7.992294765896141,3.21985631557701,0.5829214553214263,0.13572727489861958,4247.0
"(0, 1)",1.59134678172408,1.2558728849867027,2.0826156384794525,9.190818429869,4.337287897639178,0.6422581348231606,0.3580365549813951,5088.0
"(1, 0)",1.3738586459976596,1.1523512406265013,1.7402963384734493,9.346070252799759,3.0286313457040945,0.6534538517999071,0.4053633771976446,4669.0
"(1, 1)",1.4888477144525318,1.189394195283727,1.9279790377133637,8.4676069254542,3.7171031698621477,0.5704037031866298,0.32407874174051254,4666.0
"(2, 0)",1.3650010371735506,1.1333964437476687,1.7232872767087244,7.997655526085496,2.969719038066172,0.61025661358403,0.3316505282594009,4675.0
"(2, 1)",1.5155374866664688,1.1991650704557926,1.9760716164629653,8.971610444404458,3.9048590333905566,0.6358689918054652,0.38284085409967517,4660.0
mean,1.4619236554139168,1.1914925501315181,1.8741076192974573,8.66100939075151,3.5295761333731934,0.6158604584201032,0.322949555196208,4667.5
std,0.0797107306097337,0.040537339464769076,0.1315171649040899,0.5433079436834263,0.4981154403662529,0.03080351590311218,0.08826028507533994,242.8159453852513
