,MAE,MedAE,RMSE,MaxAE,MSE,PearsonCorr,R2Coeff,Test Cases
"(0, 0)",2.851180514295834,2.5456870195815657,3.4362577191128523,13.1570757818833,11.807867112162663,-0.054966052731067666,-2.1694636301915167,4247.0
"(0, 1)",3.2723395894245524,2.7423641468584536,4.085675441627019,12.710670959949493,16.692743814314134,-0.022133169955017087,-1.470698643657708,5088.0
"(1, 0)",3.3442554821421258,2.928860184061951,4.013938938443845,12.79719629468918,16.111705801555697,0.05353079157548911,-2.1633464861980096,4669.0
"(1, 1)",2.7905215397692413,2.295155151854402,3.530636227373623,11.078757344487268,12.46539217004305,0.044776757282176734,-1.2667177033415333,4666.0
"(2, 0)",3.1541260952801533,2.797712355852127,3.7857953982952854,12.944787966832518,14.332246797753758,-0.01416428831578216,-2.225540683596876,4675.0
"(2, 1)",2.9966141699327973,2.4131172433289922,3.803423916906975,11.995989964199067,14.466033491699996,0.007201484921388815,-1.2863424256703806,4660.0
mean,3.068172898474117,2.620482683589582,3.7759546069599335,12.447413052006807,14.312664864588214,0.0023742537961979576,-1.7636849287760041,4667.5
std,0.20598956533124044,0.22203413802469243,0.23416163384780406,0.7094196323945696,1.7612333593380036,0.03786007960576821,0.42785700589472603,242.8159453852513
