,MAE,MedAE,RMSE,MaxAE,MSE,PearsonCorr,R2Coeff,Test Cases
"(0, 0)",2.8496850683073776,2.5691369142532348,3.4228498305835084,13.971899177455903,11.715900962725554,0.003918682217767729,-2.1447781079815456,4247.0
"(0, 1)",3.282447019436158,2.773606087445839,4.094886253353573,12.865474496781825,16.76809342790406,-0.004414009584672867,-1.4818511653861681,5088.0
"(1, 0)",3.3509654340115387,2.9224593477904466,4.047176874823899,13.612978827953338,16.379640656109345,-0.04802949188775875,-2.2159523859780577,4669.0
"(1, 1)",2.867122241798652,2.3833202525013375,3.6186966003452135,11.965344903373719,13.094965085350005,-0.05626786466846048,-1.3811997872746926,4666.0
"(2, 0)",3.192646109086656,2.8566429430542604,3.83613939164412,13.606296952390672,14.71596543212372,-0.04785021647876218,-2.3118983973370923,4675.0
"(2, 1)",2.9931460915344767,2.3493313713550568,3.8378750999255504,13.01171093864441,14.729285282628553,-0.09100006120604326,-1.3279491134040295,4660.0
mean,3.0893353273624764,2.6424161527333627,3.809604008445977,13.17228421609998,14.56730847447354,-0.0406071602679883,-1.810604826226931,4667.5
std,0.19684123343927343,0.2235797132805501,0.23286428087167121,0.6581009761057945,1.7547391818931137,0.03210594390106344,0.4188670960630155,242.8159453852513
