,MAE,MedAE,RMSE,MaxAE,MSE,PearsonCorr,R2Coeff,Test Cases
"(0, 0)",1.4658326843455871,1.256881186788934,1.8248289435024319,7.971119323580558,3.3300006730442018,0.5689623369426213,0.10616236433966786,4247.0
"(0, 1)",1.595773045106569,1.2545642463864888,2.0882891157954795,9.134207350767829,4.360951431149866,0.6394006136586368,0.3545341074030125,5088.0
"(1, 0)",1.3731201183906385,1.1343401607943497,1.742665748559616,9.427308328391733,3.036883911202847,0.6514275758682603,0.4037430817184361,4669.0
"(1, 1)",1.4950430633900214,1.216991266448673,1.9416578905126811,8.933189684479167,3.770035363790155,0.5625338891319172,0.31445350577387654,4666.0
"(2, 0)",1.3654742037293435,1.1513828414999998,1.7260233946152357,7.849877008520095,2.979156758759102,0.6103484741447703,0.32952652408301175,4675.0
"(2, 1)",1.5167996686109775,1.2154814341106197,1.9710384769214984,8.683563511350432,3.88499267750502,0.6363491236761085,0.3859807121907427,4660.0
mean,1.4686737972621895,1.2049401893381777,1.882417261651157,8.666544201181637,3.5603368025751987,0.6115036689037191,0.3157333825847912,4667.5
std,0.08057542022399938,0.047027499212053306,0.12977694561422534,0.5801467362326495,0.49247446847075205,0.03463763181780118,0.09857128658160726,242.8159453852513
