,MAE,MedAE,RMSE,MaxAE,MSE,PearsonCorr,R2Coeff,Test Cases
"(0, 0)",2.8561182777654692,2.556646278972684,3.429258370997256,13.734678770923615,11.759812975054754,-0.03100654119294818,-2.1565649552321013,4247.0
"(0, 1)",3.2839210793338776,2.7984880459106964,4.104952767128584,13.152469382476808,16.850637220356614,0.041993184253769585,-1.4940684999552163,5088.0
"(1, 0)",3.3090868531435467,2.8593484987258915,3.999577219391814,13.502752912044524,15.996617933877953,-0.007146272118805184,-2.1407503187712646,4669.0
"(1, 1)",2.8100073156516223,2.3403033164394955,3.5556127742588046,11.059422967338563,12.642382200472394,0.021645824723031202,-1.2989017236929579,4666.0
"(2, 0)",3.1843104151252777,2.8794754457473752,3.79529234959946,13.33011571764946,14.404244018928189,0.052183159362569724,-2.2417440025378004,4675.0
"(2, 1)",2.960579020846121,2.435419741563993,3.7336222697873604,11.492703793942928,13.939935253452122,0.16331442796475149,-1.2031931143635393,4660.0
mean,3.067337160310986,2.644946887893356,3.7697192918605467,12.712023924062649,14.265604933690335,0.04016396383206144,-1.7558704357588135,4667.5
std,0.2005258154386403,0.21175965566132954,0.23413968964009138,1.038021871739755,1.7662542686009255,0.06186041358299041,0.433507905379751,242.8159453852513
