,MAE,MedAE,RMSE,MaxAE,MSE,PearsonCorr,R2Coeff,Test Cases
"(0, 0)",2.8866739971359,2.6362807422041894,3.444383017078588,11.378970827484132,11.863774368339396,0.038236234073671986,-2.1844702366711437,4247.0
"(0, 1)",3.3245093472747245,2.861215559472156,4.130990697742717,12.068670649409293,17.06508414483686,-0.006420058633186137,-1.525808861596397,5088.0
"(1, 0)",3.394737609140416,2.9713062667846684,4.097084101007636,13.301425439119338,16.78609813072955,-0.07970645824992079,-2.2957555948974133,4669.0
"(1, 1)",2.8396693448010795,2.381341215419769,3.5888841850116537,10.78682595372494,12.880089693426763,-0.014960866781569574,-1.3421266599923136,4666.0
"(2, 0)",3.2102044583124965,2.9059161298625154,3.824168496808902,13.601747836494447,14.624264691985656,0.009279008992095317,-2.291260707224358,4675.0
"(2, 1)",2.9839088986802578,2.3849296878248456,3.813475381922538,12.505885299873352,14.542594488529247,-0.03298402699363649,-1.298442816237205,4660.0
mean,3.1066172758908124,2.6901649335946907,3.816497646595339,12.273921001017584,14.626984252974578,-0.014426027932090947,-1.822977479436472,4667.5
std,0.21444275661432172,0.24023998237223726,0.24764887745922953,0.9939158340372811,1.8841533163418267,0.03652751958866068,0.4412385319201005,242.8159453852513
