,MAE,MedAE,RMSE,MaxAE,MSE,PearsonCorr,R2Coeff,Test Cases
"(0, 0)",1.4088891195306288,1.1745466062545775,1.7781962696939793,8.00147459216333,3.161981973553583,0.636554719804983,0.15126188588484712,4247.0
"(0, 1)",1.4834697444589038,1.2648200298309327,1.8995706977005509,10.37569430526131,3.6083688355625574,0.6831397813812076,0.4659241112778404,5088.0
"(1, 0)",1.2361023954101207,0.9894638252258301,1.6091122804505211,9.588250878049292,2.5892423310966763,0.7322903090578029,0.4916323118810332,4669.0
"(1, 1)",1.4581956436767534,1.1873992319107056,1.8852711989463515,9.700979799588856,3.554247493576614,0.6150481048104902,0.35369255889848505,4666.0
"(2, 0)",1.3348379864468125,1.0968128776550294,1.7200152098648511,8.440057966186767,2.958452322166428,0.663640436869927,0.33418615655397144,4675.0
"(2, 1)",1.4227437799536578,1.1727836524009703,1.8385840780536875,10.124216363390621,3.380391412072528,0.6857591385653903,0.4657324479977425,4660.0
mean,1.3907064449128128,1.1476377038796743,1.7884582891183234,9.371778984106696,3.208780728004731,0.6694054150816334,0.3770715787489866,4667.5
std,0.08320709000164517,0.08589841212146432,0.100983543652865,0.8636240908121692,0.3552347646589243,0.037589243394181834,0.11708646324113067,242.8159453852513
