,MAE,MedAE,RMSE,MaxAE,MSE,PearsonCorr,R2Coeff,Test Cases
"(0, 0)",1.256413456379342,1.0181548192977905,1.6388650810393635,9.671492054748535,2.6858787538501594,0.6342571121122619,0.2790573484127704,4247.0
"(0, 1)",1.4469421587602105,1.068663557536487,1.9323388777065884,9.379148408306067,3.7339335382963577,0.7068501465943526,0.44733923726391966,5088.0
"(1, 0)",1.3004983649826949,1.0239226533769408,1.7098931772403432,8.016576024963623,2.9237346775730755,0.6820080120324101,0.4259586208442917,4669.0
"(1, 1)",1.3877668528746452,1.051273126792041,1.8432117971736817,9.111565933227538,3.3974297292402333,0.6392136568360264,0.3822084369206754,4666.0
"(2, 0)",1.2798155252263888,1.0079766845703126,1.6782745881912717,8.289761278106933,2.8166055933685827,0.6633463578584522,0.3661094412300552,4675.0
"(2, 1)",1.3668558815928287,1.062970914105924,1.7843344300433388,8.860220046468896,3.1838493582380867,0.7055421313141189,0.4967957271176131,4660.0
mean,1.339715373302685,1.038826959279916,1.7644863252324312,8.888127290970266,3.123571941761083,0.671869569457937,0.3995781352982209,4667.5
std,0.06659368126067859,0.023199408726130098,0.10079657647377506,0.5806762188139301,0.35984055060827697,0.028907960060943694,0.06876946150439868,242.8159453852513
