,MAE,MedAE,RMSE,MaxAE,MSE,PearsonCorr,R2Coeff,Test Cases
"(0, 0)",1.349845132494646,1.1212155679323335,1.6930487688963667,7.599264347856384,2.866414133861503,0.6044134213618927,0.230598103785994,4247.0
"(0, 1)",1.5990697849315785,1.2296546426548411,2.1120274317004997,10.690846460849148,4.460659872255409,0.6198085026711401,0.3397762273959257,5088.0
"(1, 0)",1.3542972897676409,1.1294646813623328,1.7249996387220337,9.749419095458354,2.9756237535911465,0.6546261391660606,0.4157708028493792,4669.0
"(1, 1)",1.4750465197642986,1.1699530864139056,1.9182298587578168,8.741034950327833,3.6796057910300335,0.5773356134862531,0.3308972975683766,4666.0
"(2, 0)",1.3192484264197224,1.0902601029306842,1.6719441607604415,8.332935717206132,2.7953972767009367,0.6257175888434867,0.37088247432161614,4675.0
"(2, 1)",1.4489366263847385,1.1342272350218339,1.8942231762282289,8.906082714514133,3.58808144136016,0.6716020319522209,0.43290724227555977,4660.0
mean,1.4244072966271044,1.1457958860526551,1.8357455058442314,9.00326388103533,3.3942970447998646,0.625583882913509,0.3534720246994752,4667.5
std,0.09592212216537133,0.04416789665080134,0.15599834156994283,0.9919211406253916,0.5871842098049952,0.031012308116942795,0.06619341472262914,242.8159453852513
