,MAE,MedAE,RMSE,MaxAE,MSE,PearsonCorr,R2Coeff,Test Cases
"(0, 0)",2.855555224926946,2.606732050126791,3.415100285173201,13.133347555571795,11.662909957790077,0.0621203739420741,-2.1305542806573636,4247.0
"(0, 1)",3.2485711469902734,2.7783395671635867,4.041640355420313,12.869465705752372,16.33485676256203,0.06019484409220409,-1.4177276603860212,5088.0
"(1, 0)",3.325338888355959,2.9129891536712647,3.997207917699599,13.041114290058612,15.977671137320362,0.034019748907551606,-2.137030335111348,4669.0
"(1, 1)",2.849966389181309,2.387745726108551,3.591420700750171,10.634443018691089,12.89830264977685,0.028470773566232364,-1.345438519741752,4666.0
"(2, 0)",3.1581173265222477,2.8270844763508056,3.793399174877628,14.043514919281005,14.389877299962269,-0.015985619922544207,-2.2385107037278997,4675.0
"(2, 1)",3.0183657342541803,2.4197801954673888,3.83999871248343,11.356097480654716,14.7455901118744,-0.0536346132251098,-1.3305260756977697,4660.0
mean,3.0759857850384864,2.6554451948147313,3.779794524400723,12.512997161668265,14.334867986547664,0.019197584560068027,-1.7666312625536922,4667.5
std,0.1833497281098335,0.20019404269902616,0.21913771893029524,1.154749560282147,1.6367424792058245,0.04157566724188922,0.4044812371556518,242.8159453852513
