,MAE,MedAE,RMSE,MaxAE,MSE,PearsonCorr,R2Coeff,Test Cases
"(0, 0)",2.855815488185684,2.589636670303345,3.4112715974601038,13.431082751178742,11.63677391163801,0.032216265348799046,-2.123538852135928,4247.0
"(0, 1)",3.233244389901612,2.738623641371727,4.065037964702933,13.498371374607085,16.524533654476162,0.02256464781948729,-1.4458018011503215,5088.0
"(1, 0)",3.354359499143916,2.9419005308151247,4.023204932923317,14.304416741752625,16.186177932298513,0.04322495055849907,-2.177968224951594,4669.0
"(1, 1)",2.8298935847085063,2.337797610759735,3.5684614848847485,10.567859223365783,12.733917369105864,0.06151791356633577,-1.3155465579981684,4666.0
"(2, 0)",3.131271253870402,2.7707797449827196,3.7614961010096937,12.658095147037507,14.148852917911126,-0.02356861933393063,-2.1842670138853135,4675.0
"(2, 1)",3.0189540008188294,2.423502413392067,3.818791433681086,12.238511190605164,14.583168013956046,-0.01762035037715223,-1.3048554221941546,4660.0
mean,3.0705897027714912,2.6337067686041196,3.77471058577698,12.783056071424484,14.30223729989762,0.01972246793033972,-1.7586629787192465,4667.5
std,0.1903474566155707,0.20755329448960164,0.2319424357913533,1.187812715692252,1.739473325856324,0.030908475756991627,0.4062564182818004,242.8159453852513
