,MAE,MedAE,RMSE,MaxAE,MSE,PearsonCorr,R2Coeff,Test Cases
"(0, 0)",2.860579559544199,2.5963616228103636,3.4226900181410893,14.219560470008851,11.714806960282651,0.033070315548155725,-2.144484456221987,4247.0
"(0, 1)",3.29236254795393,2.770322775554657,4.095771130490348,13.037023884057998,16.775341153358188,-0.06414351530314594,-1.4829239036758293,5088.0
"(1, 0)",3.3682771899455983,2.936392037677765,4.045945200248908,14.043459129333495,16.369672563417176,0.02081154499037135,-2.21399526664009,4669.0
"(1, 1)",2.825867419886777,2.2953277259111404,3.5896879807449973,11.195103311538697,12.885859799105097,-0.06535205243807075,-1.3431759010039732,4666.0
"(2, 0)",3.198703071481953,2.79809574842453,3.862054476478116,13.558685656213761,14.915464779284656,-0.09338200130715452,-2.3567966794905555,4675.0
"(2, 1)",3.034512832656649,2.4463355749049853,3.8613740043700897,12.41249451637268,14.910209201625102,-0.05673116238417113,-1.3565439616088053,4660.0
mean,3.096717103578184,2.6404725808805734,3.8129204684122584,13.077721161254246,14.595225742845479,-0.03762114514900255,-1.8163200281068734,4667.5
std,0.2063221672696798,0.21910210159403642,0.2384601526635502,1.0373207797749824,1.7945322804989436,0.04718503835664579,0.4290230899061126,242.8159453852513
