,MAE,MedAE,RMSE,MaxAE,MSE,PearsonCorr,R2Coeff,Test Cases
"(0, 0)",2.8751756489197775,2.5749624471664427,3.469067584773181,13.365872930312158,12.03442990772403,-0.07162573408036371,-2.230277537874015,4247.0
"(0, 1)",3.264421219938599,2.7388254389166833,4.094910460614738,12.650438886880874,16.768291680452002,-0.07188026667202688,-1.4818805088126745,5088.0
"(1, 0)",3.3266577737545533,2.8857548082351685,4.020412520542658,12.733075854182243,16.163716835336167,-0.0363509753076089,-2.173558249184465,4669.0
"(1, 1)",2.7872168292879897,2.299459559249878,3.512818071971282,10.283506690266687,12.339890806768034,0.06361656592895482,-1.2438964267985755,4666.0
"(2, 0)",3.19579610977753,2.8696968007087706,3.8167007101832,13.439186912775039,14.567204311112942,-0.014541269097848109,-2.278418995626472,4675.0
"(2, 1)",2.997837624908553,2.4445177254676818,3.814216213973049,11.948085092544556,14.5482453269349,0.038951112809629526,-1.2993359257129202,4660.0
mean,3.0745175344311666,2.6355361299574374,3.788020927009684,12.403361061160261,14.403629811388013,-0.015305094403210541,-1.7845612740015204,4667.5
std,0.20104116241572795,0.2164924753543321,0.2335107447735611,1.0700609290462286,1.7611231839314132,0.0516214451459493,0.449676707021946,242.8159453852513
