,MAE,MedAE,RMSE,MaxAE,MSE,PearsonCorr,R2Coeff,Test Cases
"(0, 0)",1.472726790703405,1.3187292697499986,1.8071554818862163,7.9432792552113085,3.265810935711403,0.5699827483559766,0.12339215156333094,4247.0
"(0, 1)",1.6141980680898111,1.3694690732485006,2.0221189548924405,9.18602298963775,4.088965067735296,0.6709924636841813,0.39479090081318446,5088.0
"(1, 0)",1.2791274932039054,1.0649760027080006,1.634772929060465,9.98152586827708,2.672482529588932,0.7006889135318808,0.4752890647628121,4669.0
"(1, 1)",1.531439753634157,1.3365593041027217,1.9004051891050944,7.558058061761181,3.6115398827775698,0.6097970906781923,0.3432744612488472,4666.0
"(2, 0)",1.3007088640000077,1.071838122828002,1.6392556123228972,7.280050989604332,2.6871589625321164,0.6448480166802104,0.3952420245583722,4675.0
"(2, 1)",1.5801844362504165,1.375774322491549,1.956844734010113,8.3484527580978,3.8292413130231098,0.6577550169846079,0.39479216074553414,4660.0
mean,1.4630642343136169,1.2562243491881289,1.826758816879538,8.382898320431575,3.359199781894738,0.6423440416525082,0.3544634606153468,4667.5
std,0.13007635261112133,0.13419596629720573,0.14883550264506556,0.9391223187746374,0.5399248194598467,0.042355804396450765,0.11032797163895162,242.8159453852513
