,MAE,MedAE,RMSE,MaxAE,MSE,PearsonCorr,R2Coeff,Test Cases
"(0, 0)",2.880590514685738,2.623643790886997,3.4456527605964316,14.623631443405152,11.87252294660581,-0.008550218574397741,-2.186818527041275,4247.0
"(0, 1)",3.2408185179090125,2.785817096589681,4.0155343202620415,13.444820803403854,16.124515877202334,0.16492008951629228,-1.386595034980345,5088.0
"(1, 0)",3.343645546508311,2.918207487106323,3.9986928975215053,13.796212863922118,15.989544888688933,0.09343042552745559,-2.1393616084186187,4669.0
"(1, 1)",2.803967595027105,2.347403677960761,3.550344375802237,11.035831079187744,12.604945186790575,-0.004244343941137852,-1.2920941447162808,4666.0
"(2, 0)",3.182744603702521,2.865882214307785,3.797705947206901,13.972591306591035,14.422570461450665,0.029417104002991364,-2.2458684560708715,4675.0
"(2, 1)",3.020641381908004,2.436430411934853,3.8437455662395923,12.12578170080185,14.774379977986523,-0.034605962235949986,-1.3350762858406733,4660.0
mean,3.0787346932901154,2.6628974464644,3.7752793112714507,13.166478199551959,14.298079889787473,0.040061182382542276,-1.7643023428446771,4667.5
std,0.19382117808687113,0.21364291016606768,0.2129460299541387,1.2158577647123299,1.5910852450551598,0.06886284636911601,0.42836388363432604,242.8159453852513
