,MAE,MedAE,RMSE,MaxAE,MSE,PearsonCorr,R2Coeff,Test Cases
"(0, 0)",1.5215698883545157,1.3823326836079999,1.8436290372481725,7.979799341684809,3.398968026984624,0.5651835595995621,0.08765017090893756,4247.0
"(0, 1)",1.6378472247039948,1.4150679100060013,2.0547991283462412,9.328244798833333,4.222199457852472,0.6810871564799623,0.3750708337820957,5088.0
"(1, 0)",1.3700503975554095,1.1822540095090008,1.7239414973263685,8.583913954127334,2.9719742862038814,0.6768594670002009,0.41648733342523436,4669.0
"(1, 1)",1.537465010451663,1.3342926444795464,1.910429127568764,8.31748617785174,3.6497394514631485,0.622284436141377,0.33632821861015194,4666.0
"(2, 0)",1.3738976651632497,1.1807201060069992,1.7059097141062995,7.5570984357320015,2.910127952682237,0.6243590595292534,0.34506178701024115,4675.0
"(2, 1)",1.5685075704579725,1.3529634525852334,1.9522464126516108,8.905282810628501,3.811266055711083,0.6861207534093673,0.3976331325591559,4660.0
mean,1.5015562927811341,1.3079384676991304,1.8651591528745761,8.445304253142952,3.494045871816241,0.6426490720266205,0.32637191271596944,4667.5
std,0.0986054405225531,0.09283866224946394,0.12339856670332418,0.5819963898546326,0.46145340213257763,0.04337390365648604,0.11030793629330649,242.8159453852513
