,MAE,MedAE,RMSE,MaxAE,MSE,PearsonCorr,R2Coeff,Test Cases
"(0, 0)",2.8566630170723704,2.5824261494055114,3.427037844388037,13.368549804711343,11.744588386867806,-0.07024699871954289,-2.1524783765058326,4247.0
"(0, 1)",3.301360904883267,2.8049603566352066,4.11929745667526,12.743745539665222,16.968611536571267,0.004787926635819717,-1.5115299182996376,5088.0
"(1, 0)",3.3663524306945014,2.960804753303528,4.033346610859317,12.452865761518478,16.267884883330336,0.04681364328287795,-2.194010436721593,4669.0
"(1, 1)",2.8517910113537495,2.396560710144043,3.590917338562014,10.727065739536286,12.894687332385299,-0.013502968291165776,-1.3447811072975355,4666.0
"(2, 0)",3.193567834831496,2.880152187347412,3.8108985881396213,13.719878804683685,14.52294804908456,0.03225584410114948,-2.2684589122082293,4675.0
"(2, 1)",3.0433100953319956,2.460558501446247,3.8620223321662275,12.666032609176636,14.915216494150666,-0.03498630125015418,-1.357335359288446,4660.0
mean,3.102174215694563,2.6809104430469914,3.807253361798413,12.613023043215277,14.552322780398322,-0.005813142373502615,-1.8047656850535454,4667.5
std,0.20176336898307215,0.21312569980739743,0.2390494080164305,0.9485369484434696,1.8048678209991142,0.039566689333703324,0.4052147423483481,242.8159453852513
