,MAE,MedAE,RMSE,MaxAE,MSE,PearsonCorr,R2Coeff,Test Cases
"(0, 0)",1.459351317221087,1.303448635744859,1.791700733916155,6.965918669547001,3.2101915199156887,0.5856043252293217,0.13832149602685695,4247.0
"(0, 1)",1.5639314912734057,1.3730933842025,1.9421737148565346,9.480570247554,3.772038738679632,0.7142397895590676,0.4416992736994798,5088.0
"(1, 0)",1.283696280271984,1.1050443408955002,1.6208988030961475,8.791777680950597,2.627312929878524,0.7109665271274973,0.4841575915523897,4669.0
"(1, 1)",1.5133979189367495,1.3106672880662071,1.877465190528872,7.057205991179183,3.524875541647613,0.6233540276280053,0.35903358006420205,4666.0
"(2, 0)",1.3172879001240803,1.116736811234333,1.6472608919599523,7.179015782572666,2.713468446180698,0.6526198228667732,0.3893209494422065,4675.0
"(2, 1)",1.5691722401358041,1.382779799922501,1.9310025437853782,8.578620411897417,3.7287708241056015,0.6809085153606519,0.41067142312051363,4660.0
mean,1.4511395246605183,1.2652950433443166,1.80175031302384,8.008851463950144,3.262776333401293,0.6612821679618862,0.37053405231760816,4667.5
std,0.11295337410644783,0.11305406043656362,0.12834384644301244,0.9819649918147315,0.45707641821851597,0.046366213768815355,0.11105080339064459,242.8159453852513
