,MAE,MedAE,RMSE,MaxAE,MSE,PearsonCorr,R2Coeff,Test Cases
"(0, 0)",1.321379251973644,1.0684532737731933,1.692760489072507,7.869795534088379,2.8654380733649933,0.6229990925922417,0.2308600976088554,4247.0
"(0, 1)",1.509938541435743,1.263503978919983,1.9093328398769795,9.57787812013761,3.645551893432692,0.6796229646468495,0.4604206343378774,5088.0
"(1, 0)",1.2213843686381758,0.9599614715576172,1.6075558583946776,9.676488521291175,2.584235837859049,0.7229354190394706,0.49261527873671485,4669.0
"(1, 1)",1.4093482114792875,1.1669001467852294,1.814948738405531,8.217710960805725,3.294038923039828,0.6418467359124104,0.4010091106243414,4666.0
"(2, 0)",1.2195941426325572,0.9681737518310545,1.594172530728022,8.601850553882544,2.5413860577277863,0.6899301576261495,0.4280489139210474,4675.0
"(2, 1)",1.5636682118843457,1.324818867301941,1.967788990599504,8.820306095076957,3.8721935115246153,0.6291413070558461,0.38800360783874366,4660.0
mean,1.3742187880072922,1.1253019150281698,1.7644265745128698,8.794004964213732,3.1338073828248274,0.6644126128121612,0.40015960717793003,4667.5
std,0.13266761055416554,0.13898184984807693,0.14354875818900745,0.660445212095748,0.5095397696940134,0.035999495857590276,0.08343467499061612,242.8159453852513
