,MAE,MedAE,RMSE,MaxAE,MSE,PearsonCorr,R2Coeff,Test Cases
"(0, 0)",1.3655613832224804,1.1142818283081057,1.7357557210381112,7.918537828399902,3.012847923116533,0.6028976514744587,0.1912923964244262,4247.0
"(0, 1)",1.4379484698851985,1.118571986579895,1.9024870967982221,9.63479715747468,3.619457153483728,0.7003771344833558,0.4642829256014156,5088.0
"(1, 0)",1.2954969022530713,1.0426720464116943,1.6902113580523954,8.759920212222495,2.8568144348893227,0.6758025861337084,0.43909763400382495,4669.0
"(1, 1)",1.3346881877489616,1.0837012268082,1.734514217456993,9.361276181169671,3.0085395705604445,0.673766510829974,0.4529245600325672,4666.0
"(2, 0)",1.3425201006114502,1.0858065998531252,1.7259851938288764,8.556714746429687,2.9790248893165043,0.6397333060667881,0.32955620193171364,4675.0
"(2, 1)",1.353711449342853,1.069477061405475,1.7865232528549613,9.532805055936512,3.191665332991472,0.7081342550582748,0.49556041996262234,4660.0
mean,1.3549877488440025,1.0857517915610826,1.7625794733382598,8.960675196938825,3.1113915507263337,0.6667852406744266,0.395452356326095,4667.5
std,0.043016638605058354,0.025871693996167913,0.0685941024648363,0.6098894771690702,0.24738443569729154,0.03601304900565586,0.10487359734881102,242.8159453852513
