,MAE,MedAE,RMSE,MaxAE,MSE,PearsonCorr,R2Coeff,Test Cases
"(0, 0)",2.8262248164640926,2.5592031689636077,3.3797911927768136,11.553448404693604,11.422988506771716,0.05575566341603604,-2.0661546472703822,4247.0
"(0, 1)",3.2967418108979993,2.821891132139986,4.093565943140255,13.99175329208374,16.757282130837762,0.04635046858929126,-1.4802509816599327,5088.0
"(1, 0)",3.3901063152392044,2.9780122423171997,4.068898662165158,13.459596645832061,16.555936322969416,0.013191398568008621,-2.2505659945656658,4669.0
"(1, 1)",2.840975055408783,2.34632303365916,3.572975124799386,11.126912056210596,12.766151242435187,0.00877195227882825,-1.3214079934288514,4666.0
"(2, 0)",3.163806916935703,2.834311631321907,3.782092679448051,12.735503953695297,14.30422503593454,0.0035336099965540273,-2.219234252089702,4675.0
"(2, 1)",2.9983304177157484,2.4354909822645823,3.799760580894732,13.043185648155212,14.438180472121472,0.005677139122971482,-1.281940283204587,4660.0
mean,3.086030888776922,2.6625386984444073,3.7828473638707325,12.651733333445087,14.374127285178348,0.022213371995281617,-1.7699256920365203,4667.5
std,0.2153110144025045,0.22972590160479953,0.2533635862443491,1.0115877589866242,1.9036593652942475,0.020785143012081276,0.41710394377985816,242.8159453852513
