,MAE,MedAE,RMSE,MaxAE,MSE,PearsonCorr,R2Coeff,Test Cases
"(0, 0)",2.8917340050741673,2.588769438081012,3.46734049088698,13.485809143209458,12.022450079744365,-0.04506820242014188,-2.227061916566896,4247.0
"(0, 1)",3.3365264342105347,2.8641668841650363,4.152306008970221,12.879296597838401,17.24164519213021,-0.06415011692736348,-1.5519417217734275,5088.0
"(1, 0)",3.3247418129327992,2.896780932712555,4.004596156384099,12.495229822397231,16.036790375726298,0.021085961146397394,-2.148637711597832,4669.0
"(1, 1)",2.7882481166400748,2.308567708143671,3.5252485768396213,11.461370584869385,12.427377528509775,0.038877698811520894,-1.2598050880163023,4666.0
"(2, 0)",3.2096215305828104,2.875372504912941,3.8357822895510867,13.216071579933166,14.713225772833777,-0.02564999503814545,-2.311281823911892,4675.0
"(2, 1)",3.007294916526672,2.4243427205085757,3.8250820045364766,11.905949638080598,14.63125234142879,-0.03781061259518292,-1.3124551030585625,4660.0
mean,3.0930278026611764,2.659666698087298,3.801725921194747,12.573954561054705,14.512123548395536,-0.018785877837152576,-1.8018638941541523,4667.5
std,0.21108333316343134,0.2338969780713144,0.24290650158339525,0.7103166042941536,1.8427412126104201,0.03668011047586365,0.43900680940952214,242.8159453852513
