,MAE,MedAE,RMSE,MaxAE,MSE,PearsonCorr,R2Coeff,Test Cases
"(0, 0)",2.840248172525995,2.581967088329792,3.389159725493369,12.984246026301385,11.48640364490629,0.08011988507549433,-2.083176516843598,4247.0
"(0, 1)",3.269222775793034,2.77318643450737,4.0945503167695225,13.43085281252861,16.7653422965574,-0.04348501634836627,-1.4814439695073882,5088.0
"(1, 0)",3.314302973264726,2.8700163725614547,3.9986736352376346,13.938127960586549,15.989390841144559,-0.00663970165739467,-2.1393313629707307,4669.0
"(1, 1)",2.850563109813849,2.296630203373473,3.615827049448339,11.471022245788575,13.074205251522283,-0.13160764485708049,-1.3774248011199197,4666.0
"(2, 0)",3.2049834758503573,2.8868200043484404,3.810121910098446,13.877524864673614,14.51702896981223,0.048440200889746994,-2.267126795110907,4675.0
"(2, 1)",3.0132660800276154,2.4476919947385785,3.833552886897086,11.792933259010315,14.696127736636983,-0.017093944018807223,-1.3227085957337823,4660.0
mean,3.0820977645459293,2.642718682976518,3.790314253990733,12.915784528148174,14.421416456763291,-0.01171103681940122,-1.778535340214388,4667.5
std,0.19186507808392553,0.21976310354061207,0.23438070048099968,0.9650773637544428,1.7543478508058856,0.06768870676154143,0.3912868927095413,242.8159453852513
