,MAE,MedAE,RMSE,MaxAE,MSE,PearsonCorr,R2Coeff,Test Cases
"(0, 0)",2.8519014984561766,2.5392259061336517,3.429076232546507,13.632622386837006,11.758563808615346,0.011926742523255388,-2.156229654405953,4247.0
"(0, 1)",3.230915405492189,2.717903656779746,4.05337036175918,12.300070893764495,16.429811289587747,0.010238381132194049,-1.4317819119663056,5088.0
"(1, 0)",3.391855435881264,2.992327913456128,4.054918482982825,13.804505850696565,16.442363903635734,0.040131017716316074,-2.2282673678371707,4669.0
"(1, 1)",2.8482452342612574,2.413462961065769,3.587942179837285,10.86331912476908,12.873329085855527,0.02401568027232731,-1.340897305258983,4666.0
"(2, 0)",3.15413224823289,2.8185957467555998,3.7681532657792007,15.02958747329712,14.198979034402456,0.04514201189866799,-2.1955481361221176,4675.0
"(2, 1)",2.994406181833493,2.4428249458002655,3.8067704994383575,12.170997605514527,14.491501635394162,0.028309606821733092,-1.290367640838343,4660.0
mean,3.0785760006928786,2.6540568549985264,3.783371837057226,12.966850555813132,14.365758126248494,0.026627240060748982,-1.7738486694048123,4667.5
std,0.1994067015109848,0.2086732925200056,0.2277183980505909,1.3479999772745674,1.714693381815193,0.01303520051282991,0.42204906244199086,242.8159453852513
