,MAE,MedAE,RMSE,MaxAE,MSE,PearsonCorr,R2Coeff,Test Cases
"(0, 0)",1.4515958342560444,1.197519683837891,1.8651263817761614,9.768487342834472,3.4786964199974357,0.5749625678703775,0.06624950307050692,4247.0
"(0, 1)",1.5121463460803584,1.130277890396118,2.03864167747722,10.386421814096396,4.156059889147133,0.65427350147394,0.38486017365995695,5088.0
"(1, 0)",1.249809914025706,0.9677904320240478,1.6531041394715058,8.976401850116675,2.732753295937828,0.6966207276336773,0.4634555991261796,4669.0
"(1, 1)",1.4776617123891789,1.100192412185669,2.014375252856827,16.577719598388672,4.057707659322006,0.5667853128282286,0.26214292651989934,4666.0
"(2, 0)",1.2551655973029567,0.9940721797943115,1.641250776640991,9.250048383605902,2.6937041118246556,0.6600452316875675,0.39376900740891807,4675.0
"(2, 1)",1.4402452931798155,1.0529926271438599,1.9731428631639654,9.235829204877552,3.893292758454891,0.6483550854510086,0.3846688925255196,4660.0
mean,1.3977707828723434,1.0738075375636498,1.8642735152311118,10.699151365653277,3.5020356891139914,0.6335070711574666,0.32585768371849677,4667.5
std,0.10519363726137247,0.07876163610858368,0.1628494689024967,2.6686631127086065,0.5965653286089577,0.046937134648992546,0.13034643842135718,242.8159453852513
