,MAE,MedAE,RMSE,MaxAE,MSE,PearsonCorr,R2Coeff,Test Cases
"(0, 0)",2.8846155484191396,2.5811816000938417,3.4709583494117333,12.606385137462617,12.047551863351023,-0.06641916117138884,-2.2337997286915168,4247.0
"(0, 1)",3.277548555077052,2.7536492511164,4.090030327910037,12.695987623929977,16.728348083223885,0.00370316913380852,-1.475968443511002,5088.0
"(1, 0)",3.338101495025058,2.9228023643493652,4.02782138994988,12.798735123872756,16.223345149337785,-0.018378708347043506,-2.185265576757235,4669.0
"(1, 1)",2.8642787539231542,2.407243934963011,3.603721760213639,10.746963431676697,12.986810525037288,-0.013997483238014355,-1.361532868399319,4666.0
"(2, 0)",3.1745219741578663,2.7798547538262985,3.8282031663802956,13.282181698405743,14.655139483084122,-0.07106724781722075,-2.2982092266149996,4675.0
"(2, 1)",2.9950073810565603,2.3724140759527685,3.8167728143024475,11.995566085767747,14.567754715998227,-0.057749253470294096,-1.3024193655473426,4660.0
mean,3.089012284609805,2.6361909967169477,3.8062513013613386,12.354303183519256,14.534824970005388,-0.03731811415169217,-1.809532534920236,4667.5
std,0.1853030735965353,0.2006667417302865,0.2174304506974662,0.8114806672038358,1.6462624448216507,0.028834600209663837,0.4338039784427067,242.8159453852513
