,MAE,MedAE,RMSE,MaxAE,MSE,PearsonCorr,R2Coeff,Test Cases
"(0, 0)",1.3920300564429768,1.1104015560150144,1.7806286840528265,8.02612159729004,3.1706385104717008,0.6132804802683212,0.14893830122177754,4247.0
"(0, 1)",1.5606136651902922,1.1937728610407836,2.084881592279304,10.813665778001484,4.3467312538250855,0.6387197648198172,0.3566388406463743,5088.0
"(1, 0)",1.3843522517849614,1.097882609304785,1.804706060629992,8.979449051214614,3.256963965274625,0.6557039615327593,0.3605329167424218,4669.0
"(1, 1)",1.4777375246408315,1.147324725818634,1.9478899759272426,9.184633464177784,3.794275358317834,0.5782950431275103,0.31004568418469003,4666.0
"(2, 0)",1.274610167346849,1.0104648303985595,1.6659469115704497,7.367398580577832,2.77537911217112,0.6526649099579789,0.37538765798283946,4675.0
"(2, 1)",1.4163124321902747,1.0848109523773193,1.8771002777149375,8.852627844175037,3.5235054525974956,0.6765674665985677,0.44311341405529503,4660.0
mean,1.4176093495993642,1.107442922492516,1.8601922503624586,8.870649385906132,3.4779156087763106,0.6358719377174925,0.332442802472233,4667.5
std,0.0878221826804199,0.056362703454704635,0.13266650092529653,1.0691937004087013,0.49896541681129664,0.03205469808441464,0.0909599550652165,242.8159453852513
