,MAE,MedAE,RMSE,MaxAE,MSE,PearsonCorr,R2Coeff,Test Cases
"(0, 0)",1.3741205094762319,1.190115994325999,1.7059106808027011,7.9554133416848085,2.9101312508767356,0.6156895915370105,0.21886357026860015,4247.0
"(0, 1)",1.520654742774198,1.1869988415076673,1.995503940882656,8.867138927361832,3.982035978078211,0.7046675498144586,0.4106175114484456,5088.0
"(1, 0)",1.315270392458567,1.092964284809333,1.6696263429367135,8.584754037431292,2.787652125028224,0.6945867959830864,0.4526768510383936,4669.0
"(1, 1)",1.4383083538381896,1.1675512402465595,1.857791736847498,8.648061158072398,3.451390137498844,0.6212767663503456,0.3723962295700497,4666.0
"(2, 0)",1.319235838537182,1.1089460622369982,1.6601370027252025,7.922882591431336,2.7560548678174186,0.6392523225875807,0.3797366715898616,4675.0
"(2, 1)",1.469806099814848,1.1717289479569994,1.909599022241388,8.741336849087315,3.6465684257452655,0.6824619883126957,0.4236634316742701,4660.0
mean,1.4062326561498695,1.1530508951805925,1.7997614544060265,8.453264484178163,3.2556387975074497,0.6596558357641963,0.37632571093160344,4667.5
std,0.07641620321595474,0.037949640604194174,0.12844261263986215,0.3738702317550732,0.4666848541369971,0.03556363762817233,0.07535215679501452,242.8159453852513
