,MAE,MedAE,RMSE,MaxAE,MSE,PearsonCorr,R2Coeff,Test Cases
"(0, 0)",1.3425236118059192,1.1470067581419991,1.674454896411438,7.957933124604808,2.8037992001162397,0.6261268130259894,0.2474051827721765,4247.0
"(0, 1)",1.5172287017814747,1.1979263083523333,1.969799824274376,9.0069702341235,3.8801113477113622,0.7004078486826657,0.4257034103757834,5088.0
"(1, 0)",1.321239133421005,1.0907952663709972,1.6711794194102074,8.751472632911417,2.7928406518602378,0.6880285411366105,0.451658143998633,4669.0
"(1, 1)",1.4640764296384614,1.1816071238448311,1.8928252235816987,8.533515543669605,3.5827873270271073,0.5917768892707559,0.34850285087725485,4666.0
"(2, 0)",1.31806121822404,1.099759358881668,1.6615311060082794,8.242842866282171,2.7606856162330957,0.6437708637730347,0.37869449951307244,4675.0
"(2, 1)",1.451343651759772,1.1566563575720847,1.8789392972325774,8.61150052800075,3.530412882684852,0.688632010798833,0.4420217014949629,4660.0
mean,1.4024121244384453,1.145625195527319,1.7914549611530963,8.517372488265375,3.225106170938816,0.6564571611146482,0.3823309648386472,4667.5
std,0.07817756618729294,0.03929312264249817,0.1256793264573562,0.33959987032144273,0.4528096129607168,0.03921744009921135,0.07025304582391671,242.8159453852513
