,MAE,MedAE,RMSE,MaxAE,MSE,PearsonCorr,R2Coeff,Test Cases
"(0, 0)",2.8425954016526878,2.5754936324589446,3.407042094069968,12.308740581893922,11.607935830764673,0.033463644330158436,-2.115798144383686,4247.0
"(0, 1)",3.3104404262390594,2.8082988025665285,4.1398832800494985,13.001481425762176,17.138633572433392,-0.05035064005499445,-1.5366949371886394,5088.0
"(1, 0)",3.3106047585148097,2.914692618294513,3.9882540892898413,13.682317686080932,15.906170680737143,0.03983789951679634,-2.1229920500979613,4669.0
"(1, 1)",2.8209871396998,2.314199243666623,3.573689209778395,11.96337188246045,12.77125456808653,-0.042346248105856785,-1.3223359865831794,4666.0
"(2, 0)",3.15268625577223,2.8192372131347656,3.7729407247937647,15.16586324157715,14.235081712807299,0.017491470715170616,-2.203673216552625,4675.0
"(2, 1)",3.0105848093025838,2.4246144494787014,3.834666118834933,11.695566416573525,14.704664242940568,-0.056512024304653366,-1.3240577821946107,4660.0
mean,3.0746497985301957,2.6427559932666793,3.786079252802733,12.969556872391358,14.3939567679616,-0.009735982983896536,-1.7709253528334503,4667.5
std,0.19985826742777513,0.2208163138311754,0.24405052644544048,1.1835643136468057,1.841054823967976,0.040755551080331714,0.38426246413151033,242.8159453852513
