,MAE,MedAE,RMSE,MaxAE,MSE,PearsonCorr,R2Coeff,Test Cases
"(0, 0)",2.8289991198530724,2.548179055070877,3.4083442447317314,13.7553778547287,11.616810490595917,-0.030625463837817675,-2.1181802775240968,4247.0
"(0, 1)",3.288090846929671,2.801528359679965,4.103843464488422,13.093642753362655,16.841531181024337,-0.001903503977364461,-1.4927207120015034,5088.0
"(1, 0)",3.3617309298552085,2.936728085269946,4.037990761087556,12.973577116429805,16.30536938662846,-0.00811861344050428,-2.2013700840026122,4669.0
"(1, 1)",2.806866047762921,2.386523295322373,3.53180700093937,10.753759680989344,12.473660691884346,0.12659254346132515,-1.2682212585111152,4666.0
"(2, 0)",3.143506171810323,2.809454554915428,3.7727407163420357,13.735313321971894,14.233572512745015,0.009176480634116857,-2.2033335638610914,4675.0
"(2, 1)",3.03415137520637,2.4054822090681913,3.866540536018861,12.756438827514648,14.95013571667702,-0.124356641669159,-1.3628543082096716,4660.0
mean,3.0772240819029277,2.6479825932211303,3.7868777872679957,12.844684925832842,14.40351332992585,-0.004872533138233902,-1.774446700685015,4667.5
std,0.21069986989315187,0.21219158127687807,0.25113732144405687,1.0067215355489,1.8876222846488728,0.07352942603230125,0.4060792855716699,242.8159453852513
