,MAE,MedAE,RMSE,MaxAE,MSE,PearsonCorr,R2Coeff,Test Cases
"(0, 0)",2.8724706619634413,2.594839369058609,3.4382167715990337,13.109221804463864,11.821334568504883,0.01396376278194259,-2.1730785601922014,4247.0
"(0, 1)",3.288301875123093,2.8152175978722775,4.118910145348488,12.660713058710098,16.965420785454707,-0.017593634133711747,-1.5110576541503984,5088.0
"(1, 0)",3.3654607250886124,2.9531663038730622,4.0393690606051225,13.088376340270042,16.31650240777391,0.01570812337235027,-2.2035559235254407,4669.0
"(1, 1)",2.8267864700880634,2.3794510996459124,3.5560945709753145,10.767278074029047,12.645808597720105,0.07626313201611151,-1.2995247827346725,4666.0
"(2, 0)",3.1587811536556827,2.8527123351467925,3.771184803083193,12.965407549217343,14.221834819005624,0.039682179386582854,-2.200691939751329,4675.0
"(2, 1)",2.9739565365192644,2.389972033023834,3.7808869307027866,12.413860714435577,14.295105982759138,0.03790598222073272,-1.2593275002846585,4660.0
mean,3.08095957040636,2.664226456436748,3.784110380385657,12.500809590187663,14.377667860203061,0.027654924274001364,-1.7745393934397835,4667.5
std,0.20392366884465626,0.22469926093682835,0.2411980291390934,0.8133789723096105,1.826691974062726,0.028838928861384713,0.4252449187274393,242.8159453852513
