,MAE,MedAE,RMSE,MaxAE,MSE,PearsonCorr,R2Coeff,Test Cases
"(0, 0)",2.8539030488331725,2.5472208750247955,3.4383637479803135,13.6602830845356,11.822345263425229,-0.0673063760747097,-2.1733498505752005,4247.0
"(0, 1)",3.2499928990324607,2.7472589592858583,4.070248904869,12.685188398551942,16.566926147587292,-0.02668164611864653,-1.4520763283578333,5088.0
"(1, 0)",3.3654015561057755,2.9355973487377165,4.039199640646451,14.01729294242859,16.31513373699842,0.030742833389029653,-2.203287200899684,4669.0
"(1, 1)",2.7987986053035527,2.2730676341176803,3.5510422307406486,11.727750895286963,12.609900924503522,-0.019940396868223586,-1.2929953003521262,4666.0
"(2, 0)",3.1825813100015963,2.8308452139257065,3.7959553530639427,13.643605287694932,14.409277042454802,0.024281814517960864,-2.2428767085521244,4675.0
"(2, 1)",2.9599922205359377,2.4096978197822985,3.7701893299090945,11.610542299598455,14.214327583360387,0.03920890155984767,-1.246560553372149,4660.0
mean,3.0684449399687495,2.6239479751456756,3.777499867868242,12.890777151349411,14.322985116388274,-0.00328247826579027,-1.7685243236848527,4667.5
std,0.2100275241783023,0.23453663145688142,0.23125713965992867,0.9540986579697625,1.742174759546138,0.037962912226674174,0.4428366920496301,242.8159453852513
