,MAE,MedAE,RMSE,MaxAE,MSE,PearsonCorr,R2Coeff,Test Cases
"(0, 0)",2.831214224486345,2.5942399786081176,3.394596518860308,12.290752555751801,11.52328552585852,0.02647546038817066,-2.093076338647211,4247.0
"(0, 1)",3.3155099339065397,2.8311410760879516,4.123872626497271,12.937489333376288,17.006325439573505,-0.035146475431537,-1.5171119658066967,5088.0
"(1, 0)",3.308721783886162,2.860751775455475,3.984148842853808,13.589777525091172,15.873442002013338,0.04671013853012569,-2.116566153789151,4669.0
"(1, 1)",2.8567697212816823,2.4107936424136165,3.5912843859720014,11.372050521278382,12.897323540926294,0.00380704933611467,-1.345260477740764,4666.0
"(2, 0)",3.1890975266036885,2.854524699122937,3.7996587739855707,13.377919387817382,14.437406798725531,0.018369569827946422,-2.249207444727078,4675.0
"(2, 1)",2.9810890441564704,2.3790266226768493,3.803247345822839,11.587107645720243,14.464690373508471,-0.015896902039789846,-1.2861301471556286,4660.0
mean,3.0804003723868143,2.6550796323941577,3.7828014156653,12.525849494839212,14.367078946767611,0.007386473435171767,-1.7678920879777549,4667.5
std,0.20049496607810124,0.20520695633798083,0.23977572105660247,0.8460863051123558,1.8026169714794495,0.02706580885992466,0.39424729738409503,242.8159453852513
