,MAE,MedAE,RMSE,MaxAE,MSE,PearsonCorr,R2Coeff,Test Cases
"(0, 0)",1.2792549078674875,1.0855096943110025,1.6065515913090243,7.967923649352808,2.581008015537558,0.6288457363513679,0.30720671593154525,4247.0
"(0, 1)",1.5130595128590385,1.1666054984005017,1.9795010462970408,9.095565806665,3.918424392291079,0.7120477157756868,0.4200326837217069,5088.0
"(1, 0)",1.3119724115548677,1.0606944083139966,1.690571083817888,9.126873264265,2.8580305894411886,0.6764328691751951,0.4388588561688953,4669.0
"(1, 1)",1.4255741305863208,1.1427147445278156,1.8400789193939937,7.922306179570629,3.3858904295981676,0.6282652181136283,0.38430675315702234,4666.0
"(2, 0)",1.2674019716489267,1.044052672998999,1.611945527368727,8.347053053534331,2.5983683832040434,0.6517660624446181,0.4152247690634223,4675.0
"(2, 1)",1.433380298965523,1.1363907943365015,1.8593238149123672,9.243298244931667,3.457085048700279,0.7038980703817601,0.45361109384066944,4660.0
mean,1.371773872247027,1.1059946354814694,1.7646619971831736,8.61717003305324,3.1331344764620526,0.6668759453737095,0.4032068119805436,4667.5
std,0.09099534691288777,0.04519314051503009,0.13821183798628098,0.5564794488682984,0.4919367081592592,0.033336304018977816,0.047979912119359314,242.8159453852513
