,MAE,MedAE,RMSE,MaxAE,MSE,PearsonCorr,R2Coeff,Test Cases
"(0, 0)",2.890852408548166,2.6388465485453607,3.4543260109526743,12.375589396381379,11.932368189944215,0.019392280663819275,-2.202882166680788,4247.0
"(0, 1)",3.273579944873477,2.733823947310448,4.102411765807006,14.29048843383789,16.82978229623176,-0.01908357651710246,-1.4909817555995835,5088.0
"(1, 0)",3.310215802975186,2.888286245441437,3.9908983783111074,13.23842906537056,15.927269866006228,0.03023194583005404,-2.127134630306703,4669.0
"(1, 1)",2.7945415510958447,2.321545718699694,3.5236525219742756,11.128641722106934,12.416127095615673,0.06208150594984036,-1.2577592995594737,4666.0
"(2, 0)",3.1404640203054974,2.8074041974544524,3.7578424934738734,12.80877028107643,14.121380205757939,0.02511286065637477,-2.1780841486312252,4675.0
"(2, 1)",3.025031724177304,2.428893999734521,3.846379995583428,12.9454587556839,14.79463907042437,0.009438689520162196,-1.3382782155591966,4660.0
mean,3.072447575329246,2.6364667761976524,3.7792518610170602,12.79789627574285,14.336927787330032,0.02119561768385803,-1.7658533693894949,4667.5
std,0.18888754272825192,0.20181611231675922,0.23277276114080236,0.9494338035387717,1.7545585419616636,0.024264331668461744,0.40987539459022465,242.8159453852513
