,MAE,MedAE,RMSE,MaxAE,MSE,PearsonCorr,R2Coeff,Test Cases
"(0, 0)",2.8620259744089345,2.5816872549057006,3.436505435514232,11.95039853038788,11.809569608318863,0.008697863689522557,-2.169920613624372,4247.0
"(0, 1)",3.2824061916540126,2.759039734464884,4.1091250409885385,13.301494453430175,16.884908602479058,0.04878136141329073,-1.4991410187854393,5088.0
"(1, 0)",3.3324470061806775,2.874090892672539,4.008633591108622,14.187777829170226,16.069143267764407,0.027704852200552348,-2.154989826551248,4669.0
"(1, 1)",2.8067804201820783,2.3210790167093274,3.5526124201408202,11.00517818815254,12.621055007738816,-0.01798457492559408,-1.2950235685035882,4666.0
"(2, 0)",3.194089007504955,2.8678805430412293,3.819206109779888,14.098647858524323,14.586335308980026,-0.0062228763258651044,-2.2827245181875093,4675.0
"(2, 1)",2.985984763778315,2.3994905127358885,3.819629613562043,11.994243261051178,14.589570384800123,-0.046349861484917584,-1.3058673106357297,4660.0
mean,3.0772888939514953,2.633877992421595,3.7909520351823573,12.756290020119387,14.426763696680217,0.0024377940944981455,-1.7846111427146478,4667.5
std,0.20358063008587512,0.21742027494282798,0.23547051540895372,1.1863739427468616,1.7749246423458895,0.030815728218880373,0.4250775485857191,242.8159453852513
