,MAE,MedAE,RMSE,MaxAE,MSE,PearsonCorr,R2Coeff,Test Cases
"(0, 0)",1.4184780777765256,1.199286975429736,1.7858470083941875,7.948422643615967,3.1892495373904692,0.6240382063265969,0.1439427357755173,4247.0
"(0, 1)",1.4335087407882294,1.2114449915885928,1.8395783741745766,11.667981057739258,3.3840485947307783,0.7067366612742818,0.49912582580321363,5088.0
"(1, 0)",1.2531109731209986,1.0012902999877928,1.6138549744809365,10.011254790021338,2.604527878656864,0.7427944427456611,0.4886311719794181,4669.0
"(1, 1)",1.6329487692364733,1.3874282051086426,2.050551542395764,8.387916030883789,4.204761628021646,0.5856480253979859,0.23540250554869502,4666.0
"(2, 0)",1.2988338329939968,1.0401355934143073,1.679951932144691,8.184221788776343,2.8222384943166805,0.6761141346911574,0.36484172993320463,4675.0
"(2, 1)",1.4745263838341829,1.2378603384017945,1.8953714209366819,9.181434157086768,3.592432823303536,0.6616883928341826,0.43221951062105024,4660.0
mean,1.4185677962917342,1.1795744006551443,1.810859208754473,9.230205078020576,3.2995431594033295,0.6661699772116442,0.36069391327684985,4667.5
std,0.12317060475418783,0.12860350970522033,0.14259062196530864,1.2911020532921718,0.5220754521759648,0.05146974237762172,0.13123989600931255,242.8159453852513
