,MAE,MedAE,RMSE,MaxAE,MSE,PearsonCorr,R2Coeff,Test Cases
"(0, 0)",1.49914048121128,1.350539508361999,1.8279145485407988,7.200267568447085,3.3412715967671125,0.5915232604523032,0.10313702686939485,4247.0
"(0, 1)",1.5927014413280378,1.3798690067911008,1.9806079124226763,9.404638365599935,3.922807702751312,0.6847797244188136,0.41938390846167195,5088.0
"(1, 0)",1.2820846437016071,1.0986934602666658,1.620254194581426,8.856503882999633,2.625223655058705,0.7126718500600353,0.48456779642091063,4669.0
"(1, 1)",1.557217243981656,1.3362402045380828,1.9310885196605951,7.662927437139366,3.7291028707649487,0.5813443096807379,0.3218967057403497,4666.0
"(2, 0)",1.3374470009032016,1.1482764671906693,1.6675046251488834,7.407658397285504,2.780571674892918,0.648554464596944,0.37421904690966745,4675.0
"(2, 1)",1.6133733904365009,1.4288015983442446,1.986943173627334,8.965302909348466,3.947943175224262,0.6412863209034289,0.37603144767845276,4660.0
mean,1.4803273669270471,1.2904033742487937,1.8357188289969522,8.249549760136665,3.3911534459098767,0.6433599883520438,0.34653932201340787,4667.5
std,0.12669526414369803,0.1223575949862832,0.14591033813933368,0.8533097814605067,0.5273878407985446,0.0466976126260385,0.11961471619802966,242.8159453852513
