,MAE,MedAE,RMSE,MaxAE,MSE,PearsonCorr,R2Coeff,Test Cases
"(0, 0)",2.8561361709572197,2.5636155142856323,3.427416499586221,12.909760262393952,11.747183861635863,-0.01637091763820107,-2.1531750529506377,4247.0
"(0, 1)",3.2657147369989734,2.6903236335217953,4.085931804022927,12.798897606134414,16.694838707126053,-0.0090279495666396,-1.4710087094495625,5088.0
"(1, 0)",3.357416175005213,2.9407829326629638,4.032810738874048,14.076931800270081,16.263562455577844,0.027535062364913827,-2.193161778186544,4669.0
"(1, 1)",2.857612185855062,2.358021199643888,3.597581764512528,11.300737581253053,12.942594552353073,-0.02683008361923716,-1.3534925976491827,4666.0
"(2, 0)",3.1716320174455634,2.799669651389122,3.8070490518467635,13.181350645422935,14.493622483167341,-0.026323140217916,-2.261859053353558,4675.0
"(2, 1)",2.949449648419968,2.3625594003796575,3.76911010205233,11.913010802698135,14.206190961392927,0.0406609558809512,-1.2452745682390085,4660.0
mean,3.0763268224469997,2.619162055313843,3.78664999348247,12.696781449695429,14.39133217020885,-0.0017260121326881338,-1.7796619599714154,4667.5
std,0.1984859017015979,0.2153337868056042,0.22937741185230764,0.8905658210199656,1.729474397301096,0.02631821359483805,0.42923676567434693,242.8159453852513
