,MAE,MedAE,RMSE,MaxAE,MSE,PearsonCorr,R2Coeff,Test Cases
"(0, 0)",2.84832280533916,2.5536442768096923,3.4254884121262505,12.779732372188569,11.73397086161122,-0.014963463830573369,-2.149628424027224,4247.0
"(0, 1)",3.289223361504142,2.8271098975658413,4.100830380600635,13.349028807878494,16.816809810457148,0.05479294745953142,-1.4890616936035013,5088.0
"(1, 0)",3.3773056924343936,2.9271618433713913,4.05589147360032,13.331416617655755,16.45025564562377,0.022097551995311212,-2.2298168198067705,4669.0
"(1, 1)",2.848165680367293,2.295828958208606,3.6105132484668228,11.579405274933643,13.035805917354448,-0.0860274632506245,-1.3704422329529966,4666.0
"(2, 0)",3.1649150555537067,2.8137155713457274,3.7890168145397927,13.121370154941083,14.356648420865277,0.006338489146812634,-2.2310323855751264,4675.0
"(2, 1)",3.015268818139817,2.426408237299323,3.815821125222246,11.339101540953784,14.560490859692369,0.048728605377499144,-1.3012713201722517,4660.0
mean,3.090533568889752,2.640644797433431,3.7995935757593444,12.583342461425223,14.492330252600707,0.005161111149659423,-1.795208812689645,4667.5
std,0.20425536311271336,0.23064370113164567,0.23541221643964233,0.8195485203249462,1.7790326096122961,0.047205277945621626,0.4128289637234675,242.8159453852513
