,MAE,MedAE,RMSE,MaxAE,MSE,PearsonCorr,R2Coeff,Test Cases
"(0, 0)",2.8342753434515027,2.570793105506897,3.394654887069119,13.045414473438264,11.523681802302255,0.055430304668136934,-2.0931827070339812,4247.0
"(0, 1)",3.323647437442045,2.813566443216801,4.140465159400997,12.970003098994493,17.14345173621352,-0.05689318368745766,-1.53740807523526,5088.0
"(1, 0)",3.3707569133948385,2.978332517873184,4.045865682539229,13.369687553071977,16.369029121148618,0.0067974593421707575,-2.2138689342166717,4669.0
"(1, 1)",2.887365935406318,2.379737961607959,3.6266436529568202,11.36444709188484,13.15254418553199,-0.026520625121593627,-1.391670020697323,4666.0
"(2, 0)",3.210841259336119,2.897530917823315,3.8293270416468546,13.6390750664711,14.66374559188785,0.004787348996309968,-2.3001460725586678,4675.0
"(2, 1)",3.0053395756141064,2.420602565407753,3.819670375179069,11.62148935778141,14.589881775020611,0.00859336104869773,-1.3059165255551095,4660.0
mean,3.1053710774408216,2.676760585239318,3.8094377997986815,12.668352773607014,14.573722368684143,-0.001300889125622649,-1.8070320558828357,4667.5
std,0.2082560966805946,0.23218867683863414,0.24880920029034728,0.8624996352905413,1.8778309983311159,0.03450969121244209,0.40556531741059737,242.8159453852513
