,MAE,MedAE,RMSE,MaxAE,MSE,PearsonCorr,R2Coeff,Test Cases
"(0, 0)",1.50069403449122,1.3612815902719995,1.8296421909308822,7.963983830913809,3.3475905468343585,0.5440726661458399,0.10144089646507304,4247.0
"(0, 1)",1.6470282062158252,1.378989546571,2.0874613010425684,9.482665520176,4.357494683350333,0.6748335440776702,0.355045741811039,5088.0
"(1, 0)",1.401494341295501,1.154421249112998,1.7967200480577956,9.377166042087001,3.2282029310928073,0.6447876152695984,0.36617981208293193,4669.0
"(1, 1)",1.522613986618678,1.3305655727959995,1.8898439062198706,8.825542123795001,3.571509989876379,0.6465927482822786,0.3505535316273992,4666.0
"(2, 0)",1.3674348576981676,1.199500823047999,1.7031281358331554,7.890736428119667,2.9006454470665193,0.6177628617519982,0.3471958702476807,4675.0
"(2, 1)",1.5921584589786586,1.3610535387146,1.9911457057295137,9.194312543391668,3.964661221445083,0.6708165109895234,0.37338917684651307,4660.0
mean,1.5052373142163418,1.2976353867524326,1.8829902146356308,8.789067748080525,3.5616841366109138,0.6331443244194848,0.3156341715134395,4667.5
std,0.09809404845023068,0.0874797876718446,0.12661748772335382,0.6429429507959805,0.48128637235491517,0.04405292405031736,0.09620987120927428,242.8159453852513
