,MAE,MedAE,RMSE,MaxAE,MSE,PearsonCorr,R2Coeff,Test Cases
"(0, 0)",1.3952997179593145,1.2433231266179987,1.7185500427981593,7.934837124440809,2.953414249601555,0.5967095689189866,0.2072455626334503,4247.0
"(0, 1)",1.5678141194449873,1.3381521854273342,1.9621285752512496,9.40013575509,3.8499485458174987,0.7163708703520059,0.4301678168602453,5088.0
"(1, 0)",1.2861403647483067,1.048476592603301,1.663000953670169,9.4107831188777,2.7655721719078916,0.6901660407684538,0.4570119936346466,4669.0
"(1, 1)",1.5086605252633385,1.310629499743916,1.8728758410687785,7.545068926481514,3.5076639160590846,0.6295906536002598,0.36216335696111845,4666.0
"(2, 0)",1.2747528535366583,1.0554094606940012,1.6089488291288208,7.243080871455999,2.588716334755003,0.6542180553713383,0.4173970087263136,4675.0
"(2, 1)",1.6044465080792076,1.400314831647499,1.981952098115913,8.644562253355,3.92813411922607,0.6514512259121314,0.3791622495784437,4660.0
mean,1.4395190148386356,1.2327176161223417,1.8012427233388486,8.363078008283503,3.2655748895611834,0.6564177358205293,0.3755246647323696,4667.5
std,0.12978797118544616,0.13587429867797832,0.14525681113129527,0.8523820395619509,0.5235565690076219,0.03883209320684755,0.08153625452289533,242.8159453852513
