,MAE,MedAE,RMSE,MaxAE,MSE,PearsonCorr,R2Coeff,Test Cases
"(0, 0)",1.3970839743761538,1.1459638404846193,1.7811179807922513,8.463727138798594,3.172381261501466,0.6116218857868813,0.1484705125896011,4247.0
"(0, 1)",1.568216062672529,1.3467086593627928,1.9665574452008112,10.586487680053711,3.8673481852747416,0.6551674047919182,0.4275924903539894,5088.0
"(1, 0)",1.244503397713771,0.9821506607055666,1.628565327863292,10.09106195230619,2.6522250271184715,0.7180807955397647,0.47926639032028906,4669.0
"(1, 1)",1.5050862388836301,1.2445693661277466,1.910502463078191,7.441349036407471,3.650019661427835,0.6205379639505688,0.3362772649875988,4666.0
"(2, 0)",1.2587301334500873,0.9958714237213133,1.6385506361253812,7.423059560220599,2.6848481871468914,0.6709380938823636,0.3957620756097445,4675.0
"(2, 1)",1.475265968561111,1.2120336628992554,1.8816052858908052,8.822799610687651,3.540438451892219,0.6648186380827363,0.44043717010054506,4660.0
mean,1.4081476292762138,1.1545496022168822,1.8011498564917885,8.80474749641237,3.2612101290602706,0.6568607970057055,0.37130098399362804,4667.5
std,0.12162188393630262,0.131216711994398,0.13064962120067516,1.205109997631069,0.46681387477735503,0.03506698496942853,0.1088450732028603,242.8159453852513
