,MAE,MedAE,RMSE,MaxAE,MSE,PearsonCorr,R2Coeff,Test Cases
"(0, 0)",1.5218079231160786,1.3966915793676657,1.8516688948626578,7.9351063859818085,3.428677696201897,0.5769312919375149,0.07967551171310583,4247.0
"(0, 1)",1.605632850684368,1.3999839975445003,1.9857031447105984,9.430598338654601,3.94301697891356,0.6985589895425884,0.4163927266788092,5088.0
"(1, 0)",1.2782993543289225,1.0815287141209993,1.6209578867217178,9.984098922792246,2.6275044705253374,0.7112343691036209,0.4841199847688793,4669.0
"(1, 1)",1.5513852328558129,1.3387541856511656,1.9146698279740668,7.089304885907766,3.6659605501542427,0.6066500196740874,0.33337855998175214,4666.0
"(2, 0)",1.3221747780303288,1.1258334618049979,1.6520457208135142,7.553107086955003,2.7292550636582433,0.6478484058675982,0.3857680956818188,4675.0
"(2, 1)",1.5875923067427695,1.4007618972318334,1.9611892636219976,8.460289332830724,3.8462633277461937,0.6638134149347968,0.3921018479895114,4660.0
mean,1.47781540762638,1.290592305953527,1.8310391231174254,8.40875082552036,3.373446347866579,0.6508394151767011,0.3485727878023128,4667.5
std,0.1289488193285368,0.13449508396323062,0.14402110081494507,1.018655407504145,0.5176860946580824,0.04746418368891709,0.1283143707014113,242.8159453852513
