,MAE,MedAE,RMSE,MaxAE,MSE,PearsonCorr,R2Coeff,Test Cases
"(0, 0)",1.378471065137553,1.161200828659,1.7230380802530803,7.974274885200808,2.96886022600222,0.6063709000283294,0.20309955895897824,4247.0
"(0, 1)",1.5717408844035339,1.2420865180950846,2.040532652141033,9.2455019712984,4.163773504453719,0.649083071695873,0.38371847885605437,5088.0
"(1, 0)",1.3400207267187003,1.1075618007949992,1.7002291395652918,8.973300865124907,2.8907791270269327,0.6737884818909715,0.4324290608029704,4669.0
"(1, 1)",1.5090043858968825,1.1885702676865013,1.9607947916187543,8.642553765247,3.8447162148392335,0.5497572822622807,0.3008734751687926,4666.0
"(2, 0)",1.326712046391156,1.1011901519543335,1.6760057215200694,8.159179476923086,2.8089951785680087,0.6397189378661535,0.36782220147656064,4675.0
"(2, 1)",1.4547150794252641,1.1766907965890623,1.8837085910854092,8.556490047468099,3.548358056128978,0.6803895477816636,0.4391854844071993,4660.0
mean,1.430110697995515,1.1628833939631635,1.8307181626972728,8.59188350187705,3.3709137178365154,0.6331847035875452,0.35452137661175925,4667.5
std,0.08978013425228618,0.04829244338305876,0.1392290436900153,0.4368809253035922,0.5151910035696188,0.04444384686379701,0.08172480785833398,242.8159453852513
