,MAE,MedAE,RMSE,MaxAE,MSE,PearsonCorr,R2Coeff,Test Cases
"(0, 0)",1.3343566746485114,1.143149755274981,1.6636925861830614,8.057485478001809,2.7678730213204834,0.6231453067343524,0.25704847533155994,4247.0
"(0, 1)",1.5133771008667884,1.1302535961019309,2.013994648893743,10.197886331977667,4.056174445772632,0.6958176238605063,0.3996442518325882,5088.0
"(1, 0)",1.3089334646815687,1.0749425995452446,1.6664691684754254,9.224384234092167,2.7771194894791753,0.6872429133149298,0.45474481181578497,4669.0
"(1, 1)",1.4631425971372063,1.1655197929296666,1.9045755422511759,8.180099470518115,3.6274079961413603,0.5879367234861581,0.3403889897779395,4666.0
"(2, 0)",1.3119888601418301,1.0815619606759292,1.6602838482965536,7.955661061621669,2.7565424569144135,0.6327168253835234,0.3796269373317631,4675.0
"(2, 1)",1.4501909176315775,1.1407277259447886,1.8928850354708713,8.448425426882542,3.5830137575095615,0.6854741348766545,0.4337081847449765,4660.0
mean,1.3969982691845804,1.1226925717454235,1.8003168049284717,8.677323667182328,3.2613551945229378,0.6520555879426875,0.37752694180576873,4667.5
std,0.08129631112664198,0.03318355546730063,0.14217804477160526,0.7974969889837737,0.5167270879023245,0.03998142028859946,0.06520072246009254,242.8159453852513
