,MAE,MedAE,RMSE,MaxAE,MSE,PearsonCorr,R2Coeff,Test Cases
"(0, 0)",1.2866895003033716,1.0427048652648927,1.6540039241094113,7.662102617185473,2.7357289809693315,0.639972914779783,0.2656765675901055,4247.0
"(0, 1)",1.4338672280141682,1.2034814880371094,1.8404048778334157,9.544779184056678,3.3870901143530294,0.7067017590549324,0.49867564945779397,5088.0
"(1, 0)",1.210173334929378,0.9605636304401978,1.5776891384228613,9.998750868035712,2.4891030174974706,0.7339863088595894,0.51129350416607,4669.0
"(1, 1)",1.4597117826651271,1.2427802832603454,1.8293851417654499,7.036848874517602,3.3466499969121952,0.6519108892289628,0.3914422674066128,4666.0
"(2, 0)",1.2138399024518807,0.9497808044433593,1.578621696977865,7.3283944501093625,2.4920464621692746,0.7015741860555122,0.4391530258605053,4675.0
"(2, 1)",1.555280425712733,1.3072810587237795,1.95883304862397,8.592744502021231,3.8370269123814764,0.6402056499134154,0.3935616543919771,4660.0
mean,1.3599270290127763,1.1177653550282807,1.7398229712888291,8.360603415987677,3.0479409140471296,0.6790586179820325,0.4166337781455108,4667.5
std,0.13084243242792742,0.1399151279992391,0.14476512916735337,1.1139549369541883,0.5075596412288801,0.03665694517685507,0.08180613610118458,242.8159453852513
