,MAE,MedAE,RMSE,MaxAE,MSE,PearsonCorr,R2Coeff,Test Cases
"(0, 0)",1.3503751753382764,1.1453678946485013,1.6942610078270057,8.427661852186004,2.870520362642981,0.6167357955302286,0.22949591126836877,4247.0
"(0, 1)",1.5532851000964203,1.2147174398775333,2.0087393662281823,9.344155653444467,4.035033841434799,0.6646162104228885,0.40277327981292543,5088.0
"(1, 0)",1.349364537624778,1.137589561732666,1.7065412087910115,9.174193347994523,2.912282897301887,0.6704243840096521,0.4282070450228215,4669.0
"(1, 1)",1.4701249020056726,1.1325776187341638,1.9152222981085465,8.406653885676501,3.668076451172182,0.5778023086054759,0.33299380270893986,4666.0
"(2, 0)",1.3274338038815803,1.1082336341752317,1.6728714307760153,8.783540279837002,2.7984988239065927,0.6386392518509162,0.3701844562903115,4675.0
"(2, 1)",1.4685938483302254,1.1851439716027352,1.887465374706211,8.420846514564968,3.5625255407148573,0.6674849365435198,0.4369463273437021,4660.0
mean,1.4198628945461589,1.1539383534618053,1.8141834477394954,8.75950858895058,3.30782298619555,0.6392838144937802,0.3667668037411782,4667.5
std,0.08270848246992772,0.035481981477764525,0.12869111913254752,0.37940169137793234,0.4709189999464601,0.03340552056327697,0.07070140141100556,242.8159453852513
