,MAE,MedAE,RMSE,MaxAE,MSE,PearsonCorr,R2Coeff,Test Cases
"(0, 0)",1.3684987454947521,1.1920260014909996,1.6965919924173163,8.057485478001809,2.878424388734559,0.6163145907324583,0.2273743153026132,4247.0
"(0, 1)",1.5441673103427933,1.2120585419160002,2.0177988924856276,9.099603264871002,4.071512370516225,0.6888654923392331,0.397374080416669,5088.0
"(1, 0)",1.3121636242029604,1.091977817819667,1.6807222014286707,8.945810616739191,2.824827118375237,0.6910410590644598,0.4453779724449579,4669.0
"(1, 1)",1.4535249913421704,1.1762158791895008,1.8831999647573734,8.493067830057534,3.5464421072621723,0.603383558346208,0.35511189710293267,4666.0
"(2, 0)",1.3296782018718518,1.11696829857725,1.670434847345014,8.560428689982103,2.79035257922456,0.633493179310691,0.37201780761416325,4675.0
"(2, 1)",1.4581019993369928,1.1568386762077734,1.9052194736122172,8.484138593911286,3.629861242631214,0.6832144048714787,0.4263039856028239,4660.0
mean,1.4110224787652534,1.1576808692001983,1.808994562007703,8.606755745593821,3.290236634457328,0.6527187141107548,0.3705933430806933,4667.5
std,0.0815973073579096,0.04174362157631753,0.1333240754098302,0.33903313846708516,0.48775972681053803,0.03613405096679593,0.07090723818025149,242.8159453852513
