,MAE,MedAE,RMSE,MaxAE,MSE,PearsonCorr,R2Coeff,Test Cases
"(0, 0)",1.3283744808174098,1.0961643897740478,1.6930714872250516,8.17637618617332,2.8664910608544485,0.6084261423390777,0.2305774550689984,4247.0
"(0, 1)",1.5773380815975262,1.3747955921173096,1.969178264519777,10.186919427048046,3.877663037457121,0.6561477064347596,0.4260657856025104,5088.0
"(1, 0)",1.234684793651029,0.9980334671020508,1.5993301841972123,9.958240153981604,2.557857038084289,0.7305237624971228,0.49779444999302913,4669.0
"(1, 1)",1.467206277023042,1.242376612998047,1.8433877438431967,7.943755098724365,3.3980783741513108,0.6500164114733051,0.382090486768521,4666.0
"(2, 0)",1.2170542137552478,0.9352876645088196,1.5942908659126525,8.203258760135531,2.5417633651325153,0.6786401645394985,0.42796399908519855,4675.0
"(2, 1)",1.5019288933122747,1.2224537786483767,1.9224732844026684,8.746288778973975,3.6959035292419835,0.6468923903076441,0.4158660668842532,4660.0
mean,1.3877644566927552,1.144851917524775,1.7702886383500933,8.869139734172808,3.1562927341536113,0.661774429598568,0.3967263739004185,4667.5
std,0.13625051692917353,0.15069313048226063,0.14956895092961164,0.8867009011988427,0.5306869538531537,0.03707728334139356,0.08189154064958347,242.8159453852513
