,MAE,MedAE,RMSE,MaxAE,MSE,PearsonCorr,R2Coeff,Test Cases
"(0, 0)",1.386772052898899,1.134782564611914,1.7829026874135654,7.887338373138672,3.1787419927865135,0.5881053597014004,0.14676316728516314,4247.0
"(0, 1)",1.482241855056412,1.0922087973153563,2.0258286237465235,13.40731559753418,4.103981612790733,0.6627241159928046,0.3925682969133344,5088.0
"(1, 0)",1.2364372066089035,0.9633307661385742,1.6271630006044633,8.569977566135352,2.6476594305361205,0.7026913221405067,0.48016279223353553,4669.0
"(1, 1)",1.4501176776068645,1.068068414258957,1.9757923254559122,9.707753091430664,3.903755313330481,0.580845865685446,0.2901377543897027,4666.0
"(2, 0)",1.3103277837613443,1.0636657142639159,1.6963998620728886,9.52172557963175,2.877772492040916,0.6455096998853663,0.3523435381625766,4675.0
"(2, 1)",1.4163642875736373,1.0304270925709473,1.9445573516192105,8.874205083211598,3.781303293736318,0.6604755539201835,0.4023687177444436,4660.0
mean,1.3803768105843435,1.058747224859944,1.8421073084854271,9.661385881847036,3.4155356892035136,0.6400586528876179,0.34405737778812595,4667.5
std,0.08386670892366653,0.053101249702822005,0.14891726974427344,1.7800615456357445,0.5448236092416519,0.04298921779121352,0.10502316984233907,242.8159453852513
