,MAE,MedAE,RMSE,MaxAE,MSE,PearsonCorr,R2Coeff,Test Cases
"(0, 0)",1.518606663254005,1.383925772669903,1.8415296674328159,7.976977161744808,3.391231516035217,0.5773879126842395,0.08972680251783038,4247.0
"(0, 1)",1.6375345533600276,1.4225284694644664,2.0283967009146235,9.246802445662434,4.114393176281328,0.6715094749305615,0.39102727788849867,5088.0
"(1, 0)",1.333665670071408,1.1340459331230015,1.6688999162845997,8.989102508228333,2.7852269305747437,0.6965692475151286,0.453153009829229,4669.0
"(1, 1)",1.563994241715286,1.333812951203444,1.9369423337188354,8.357796896563,3.7517456041521684,0.5872353174667092,0.3177793314996742,4666.0
"(2, 0)",1.3642827363582641,1.1655409806849995,1.6939405623712622,7.648870388078665,2.869434628846668,0.6362078119329758,0.3542200141489882,4675.0
"(2, 1)",1.6075068831726806,1.3962696306325,1.9870929067392187,9.216169903680779,3.9485382200133174,0.6524084200675327,0.37593740143231535,4660.0
mean,1.5042651246552785,1.3060206229630524,1.8594670145768928,8.572619883993003,3.4767616793172404,0.6368863640995245,0.33030730621942267,4667.5
std,0.11611208049470478,0.1139227891905573,0.1383622095000619,0.6186529493298086,0.5097622081212841,0.04283202303473146,0.11508535524878528,242.8159453852513
