,MAE,MedAE,RMSE,MaxAE,MSE,PearsonCorr,R2Coeff,Test Cases
"(0, 0)",1.3718853932217354,1.1307297543673824,1.7369116603171268,7.789035531952148,3.016862115745598,0.6063159224880567,0.19021490821918552,4247.0
"(0, 1)",1.44733882804734,1.1638785697580176,1.8833164518649936,10.105400534101648,3.5468808578653492,0.6964351815457448,0.47502496760126145,5088.0
"(1, 0)",1.2891381704604923,1.0219992065429688,1.6783772781556063,8.637528660489478,2.816950287829022,0.6875544254378068,0.44692449672597734,4669.0
"(1, 1)",1.4365048973170047,1.2276264364798217,1.825606250023778,9.180242242046518,3.3328381801258806,0.638032586968764,0.3939538201277608,4666.0
"(2, 0)",1.3808276300749582,1.0955078872680664,1.778814896195128,8.63389179415918,3.164182434925684,0.6466517035892592,0.2878856108049297,4675.0
"(2, 1)",1.3877746255217887,1.1752745637893678,1.774930348377937,9.425842093058748,3.1503777415930254,0.7128453268711624,0.5020858833470514,4660.0
mean,1.3855782574405533,1.1358360697009375,1.7796594808224284,8.961990142634619,3.1713486030140934,0.6646391911501323,0.38268161447102766,4667.5
std,0.051516127136935465,0.06503654898989145,0.06450376216111765,0.725594725324699,0.22987631801246283,0.03717747806377874,0.11035442912153519,242.8159453852513
