,MAE,MedAE,RMSE,MaxAE,MSE,PearsonCorr,R2Coeff,Test Cases
"(0, 0)",1.4358148594003965,1.2263125419616698,1.8044216130428443,7.379216398620606,3.2559373576161406,0.5866921928104286,0.12604241400069827,4247.0
"(0, 1)",1.6390180691592602,1.3778152997946536,2.0815615430250944,9.939656617833533,4.332898457401011,0.6025954817680701,0.3586862375119301,5088.0
"(1, 0)",1.331698988656081,1.0667593656685912,1.7382554113837376,9.883249643041053,3.0215318752048472,0.6711783790817358,0.40675727585333454,4669.0
"(1, 1)",1.609069606001777,1.3154274666194457,2.0534283090626517,9.439900428771972,4.216567820459901,0.534072358488591,0.233255657295243,4666.0
"(2, 0)",1.3393505223898283,1.0889226150512696,1.717996660579712,7.209181822698474,2.9515125257630417,0.6420370049961943,0.33574799092306074,4675.0
"(2, 1)",1.3864967399856776,1.0489103854656219,1.8637817474094438,10.09636822504632,3.4736824019765997,0.6890984996216494,0.4509878984104042,4660.0
mean,1.45690813093217,1.1873579457602086,1.876574214083914,8.991262189335327,3.542021739736924,0.6209456527944449,0.31857957899911177,4667.5
std,0.12329973966657735,0.12753726595754344,0.14314663381394716,1.2173832109719418,0.54568363349861,0.05270986628031137,0.10921027059259468,242.8159453852513
