,MAE,MedAE,RMSE,MaxAE,MSE,PearsonCorr,R2Coeff,Test Cases
"(0, 0)",1.384076438526993,1.1463098033811767,1.7646040279617474,7.979965421631103,3.1138273754988233,0.6222529301132821,0.16418752653707303,4247.0
"(0, 1)",1.5011670588528483,1.1065706643223763,2.0269394510393317,11.285867080688476,4.108483538179627,0.6632227965277879,0.39190196541769073,5088.0
"(1, 0)",1.29763101455353,1.0291643619537352,1.6914722932785502,8.284692826463141,2.8610785189289976,0.6807219119420638,0.43826043057981157,4669.0
"(1, 1)",1.4069584501776387,1.0413331135749817,1.9252683341200023,9.92373405456543,3.706658158365209,0.6073976789020816,0.32597807167323745,4666.0
"(2, 0)",1.3638367543285368,1.1043834831174317,1.7678102979351968,9.123873397243445,3.125153249485729,0.6297945600305884,0.29666931563925847,4675.0
"(2, 1)",1.4381692602969456,1.0534518046636534,1.9604603442468729,9.880507410129246,3.843404761364567,0.6535770294951936,0.39255364160651496,4660.0
mean,1.398639829456082,1.0802022051688924,1.8560924580969502,9.413106698453474,3.459767600303825,0.6428278178351662,0.3349251585755977,4667.5
std,0.06294142144723924,0.041796124284698456,0.12119565709812695,1.1103530114123628,0.45074656702883387,0.02521887399664972,0.08938724358233081,242.8159453852513
