,MAE,MedAE,RMSE,MaxAE,MSE,PearsonCorr,R2Coeff,Test Cases
"(0, 0)",1.2407883488928346,1.0026394939422607,1.6093609181892836,7.593696452539325,2.590042564995054,0.6429101136157415,0.30478166527263306,4247.0
"(0, 1)",1.5193876088607983,1.1454508321762085,2.045693302444518,10.704614669641193,4.1848610876663574,0.6435558929770435,0.3805972985503452,5088.0
"(1, 0)",1.369358079743255,1.0914172649383547,1.7893071228974746,9.830475988580146,3.201619980051638,0.6679272831887868,0.3713990660715901,4669.0
"(1, 1)",1.4656804885868864,1.0913493708618165,1.9671645933925468,8.916374817011002,3.8697365374972637,0.5809242899242479,0.2963237580368624,4666.0
"(2, 0)",1.295305458300527,1.027523028883154,1.693945562040237,7.535093626049023,2.8694515671558145,0.6575518485332059,0.35421620210151006,4675.0
"(2, 1)",1.376708443584067,1.030893202495575,1.8367678464864645,9.380293103648581,3.373716121886525,0.6927946883781787,0.4667874710740182,4660.0
mean,1.377871404661395,1.0648788655495613,1.8237065575750877,8.99342477624488,3.3482379765421086,0.6476106861028673,0.3623509101844932,4667.5
std,0.09435747641088328,0.048855295352753764,0.14944018335017267,1.1453091654014094,0.5474397470398932,0.03425102687882765,0.05636454458822739,242.8159453852513
