,PRC-AUC,AUROC,Accuracy,Balanced Accuracy,F1-Score,MCC,Sensitivity,Specificity,Precision,Negative Predictive Value,Test Cases,Negative Test Cases,Positive Test Cases
"(0, 0)",0.1660980153056614,0.6802117418314602,0.9785823559408465,0.5338300848864229,0.125,0.22209821562878881,0.06818181818181818,0.9994783515910276,0.75,0.9790495656617272,1961.0,1917.0,44.0
"(0, 1)",0.14241931868703384,0.7454806414879483,0.9775510204081632,0.5222053520592143,0.08333333333333334,0.1457797927802468,0.045454545454545456,0.9989561586638831,0.5,0.9785276073619632,1960.0,1916.0,44.0
"(1, 0)",0.20485410763840392,0.6955825864276568,0.9780724120346762,0.5335692606819368,0.1224489795918367,0.19716950201257563,0.06818181818181818,0.9989567031820553,0.6,0.9790388548057259,1961.0,1917.0,44.0
"(1, 1)",0.1572279892596916,0.6821740368191308,0.9785714285714285,0.5338299487568798,0.125,0.22209613729127342,0.06818181818181818,0.9994780793319415,0.75,0.9790388548057259,1960.0,1916.0,44.0
"(2, 0)",0.1229041320299929,0.6715215535638072,0.9785823559408465,0.5338300848864229,0.125,0.22209821562878881,0.06818181818181818,0.9994783515910276,0.75,0.9790495656617272,1961.0,1917.0,44.0
"(2, 1)",0.18287507885545903,0.6771979977225281,0.9775510204081632,0.5444107041184285,0.15384615384615385,0.20637488532741283,0.09090909090909091,0.9979123173277662,0.5,0.9795081967213115,1960.0,1916.0,44.0
mean,0.16272977362937377,0.6920280929754218,0.9781517655506874,0.5336125725648843,0.12243807779522065,0.20260279144484772,0.06818181818181818,0.9990433269479503,0.6416666666666667,0.9790354408363635,1960.5,1916.5,44.0
std,0.02652201547885577,0.024989957406675485,0.00046098077548644236,0.006414411849638794,0.020556178048013952,0.027119292530296935,0.01312159702703695,0.0005570438736564628,0.11334558757279536,0.0002833770445393604,0.5,0.5,0.0
