,PRC-AUC,AUROC,Accuracy,Balanced Accuracy,F1-Score,MCC,Sensitivity,Specificity,Precision,Negative Predictive Value,Test Cases,Negative Test Cases,Positive Test Cases
"(0, 0)",0.17432140676102986,0.721913975435102,0.9775624681285059,0.5333084364774505,0.12000000000000001,0.17863749963927886,0.06818181818181818,0.9984350547730829,0.5,0.9790281329923274,1961.0,1917.0,44.0
"(0, 1)",0.16013686451226153,0.7067814101347504,0.9780612244897959,0.5446716644524577,0.1568627450980392,0.22186361196747206,0.09090909090909091,0.9984342379958246,0.5714285714285714,0.9795186891961085,1960.0,1916.0,44.0
"(1, 0)",0.2012046896241672,0.7658806373595106,0.9775624681285059,0.5333084364774505,0.12000000000000001,0.17863749963927886,0.06818181818181818,0.9984350547730829,0.5,0.9790281329923274,1961.0,1917.0,44.0
"(1, 1)",0.1942153135481626,0.7337611501233632,0.9790816326530613,0.5340909090909091,0.1276595744680851,0.25836675381506796,0.06818181818181818,1.0,1.0,0.9790495656617272,1960.0,1916.0,44.0
"(2, 0)",0.16163488522990346,0.6998743301560203,0.9785823559408465,0.5338300848864229,0.125,0.22209821562878881,0.06818181818181818,0.9994783515910276,0.75,0.9790495656617272,1961.0,1917.0,44.0
"(2, 1)",0.20991467885614248,0.6815216359840577,0.9801020408163266,0.5790235338773961,0.2641509433962264,0.346306500694883,0.1590909090909091,0.9989561586638831,0.7777777777777778,0.9810353664787289,1960.0,1916.0,44.0
mean,0.18357130642194452,0.7182888565321339,0.9784920316928405,0.5430388442103479,0.1522788771603918,0.2343183468974616,0.08712121212121211,0.9989564762994835,0.6832010582010581,0.9794515754971577,1960.5,1916.5,44.0
std,0.019296565532654575,0.0268975078443804,0.0009001563592187265,0.0165921289213758,0.051592102229577816,0.05719096373759252,0.033238501467394405,0.0006024656693611355,0.17953029841207024,0.0007296950330164017,0.5,0.5,0.0
