,PRC-AUC,AUROC,Accuracy,Balanced Accuracy,F1-Score,MCC,Sensitivity,Specificity,Precision,Negative Predictive Value,Test Cases,Negative Test Cases,Positive Test Cases
"(0, 0)",0.1593549360371977,0.7244866505429886,0.9785823559408465,0.5338300848864229,0.125,0.22209821562878881,0.06818181818181818,0.9994783515910276,0.75,0.9790495656617272,1961.0,1917.0,44.0
"(0, 1)",0.14689072763300057,0.6977486240273296,0.9770408163265306,0.5108417156955779,0.04255319148936171,0.08216674077486852,0.022727272727272728,0.9989561586638831,0.3333333333333333,0.9780275932549821,1960.0,1916.0,44.0
"(1, 0)",0.19484121797685802,0.6952861952861952,0.9780724120346762,0.5113636363636364,0.044444444444444446,0.14909280396098903,0.022727272727272728,1.0,1.0,0.9780612244897959,1961.0,1917.0,44.0
"(1, 1)",0.16502618438474764,0.6883659138356424,0.9785714285714285,0.5338299487568798,0.125,0.22209613729127342,0.06818181818181818,0.9994780793319415,0.75,0.9790388548057259,1960.0,1916.0,44.0
"(2, 0)",0.12346172511260761,0.618514961824821,0.9775624681285059,0.5222056243183004,0.08333333333333334,0.14578235776159854,0.045454545454545456,0.9989567031820553,0.5,0.9785385794583547,1961.0,1917.0,44.0
"(2, 1)",0.16244056268797802,0.6649921711899791,0.9770408163265306,0.5108417156955779,0.04255319148936171,0.08216674077486852,0.022727272727272728,0.9989561586638831,0.3333333333333333,0.9780275932549821,1960.0,1916.0,44.0
mean,0.1586692256387316,0.6815657527844926,0.9778117162214196,0.5204854542860659,0.07714736012608354,0.15056716603206446,0.041666666666666664,0.9993042419054653,0.611111111111111,0.9784572351542612,1960.5,1916.5,44.0
std,0.021376849801696074,0.033137761356524485,0.000644167246226327,0.010233316778173292,0.03669925124517435,0.05717719427394402,0.02039835154217615,0.0003889558693843544,0.24374901076089228,0.00045125057976986237,0.5,0.5,0.0
