,PRC-AUC,AUROC,Accuracy,Balanced Accuracy,F1-Score,MCC,Sensitivity,Specificity,Precision,Negative Predictive Value,Test Cases,Negative Test Cases,Positive Test Cases
"(0, 0)",0.13581558348727507,0.6088881775501495,0.9724630290668026,0.5862142552283397,0.2285714285714286,0.22326431422597923,0.18181818181818182,0.9906103286384976,0.3076923076923077,0.9813953488372092,1961.0,1917.0,44.0
"(0, 1)",0.17472707853013503,0.6251660656671095,0.975,0.5764139305371039,0.22222222222222218,0.23106653793198204,0.1590909090909091,0.9937369519832986,0.3684210526315789,0.9809376609994848,1960.0,1916.0,44.0
"(1, 0)",0.18162051758524778,0.6918065632854365,0.9760326364099949,0.5658344003414426,0.20338983050847456,0.2238222344034769,0.13636363636363635,0.9953051643192489,0.4,0.9804727646454265,1961.0,1917.0,44.0
"(1, 1)",0.12515792082129426,0.6384335262858227,0.9744897959183674,0.5650502941734674,0.1935483870967742,0.20204238469748362,0.13636363636363635,0.9937369519832986,0.3333333333333333,0.98043254376931,1960.0,1916.0,44.0
"(2, 0)",0.12024407982878665,0.6977284582918386,0.972972972972973,0.5420638307962251,0.13114754098360656,0.1344013469450359,0.09090909090909091,0.9932185706833594,0.23529411764705882,0.9794238683127572,1961.0,1917.0,44.0
"(2, 1)",0.1675716215908101,0.6628689030176504,0.9739795918367347,0.5869946858986524,0.2388059701492537,0.23934154066893992,0.18181818181818182,0.9921711899791231,0.34782608695652173,0.9814145585957667,1960.0,1916.0,44.0
mean,0.15085613364059147,0.6541486156830012,0.974156337700812,0.5704285661625385,0.20294756325529328,0.20898972647881622,0.14772727272727273,0.9931298595978043,0.3320944830434667,0.9806794575266591,1960.5,1916.5,44.0
std,0.02456077834144278,0.03298693329890975,0.0012001626704729476,0.015351651760591745,0.03549108716283687,0.03522328135045275,0.03146448432923513,0.0014573964405505686,0.05187416490193479,0.0006830977978409342,0.5,0.5,0.0
