,PRC-AUC,AUROC,Accuracy,Balanced Accuracy,F1-Score,MCC,Sensitivity,Specificity,Precision,Negative Predictive Value,Test Cases,Negative Test Cases,Positive Test Cases
"(0, 0)",0.11502753016575243,0.6468914497083512,0.9719530851606323,0.5304393702281026,0.09836065573770492,0.09725914833184318,0.06818181818181818,0.9926969222743871,0.17647058823529413,0.9789094650205762,1961.0,1917.0,44.0
"(0, 1)",0.1492097410783417,0.6585927120895805,0.975,0.5764139305371039,0.22222222222222218,0.23106653793198204,0.1590909090909091,0.9937369519832986,0.3684210526315789,0.9809376609994848,1960.0,1916.0,44.0
"(1, 0)",0.17946656372089503,0.6922867169346043,0.9765425803161653,0.577198036705079,0.23333333333333334,0.25418730215432433,0.1590909090909091,0.9953051643192489,0.4375,0.9809768637532134,1961.0,1917.0,44.0
"(1, 1)",0.10466297697017943,0.6727201556272536,0.9739795918367347,0.5425839817802239,0.13559322033898305,0.14477544925354016,0.09090909090909091,0.994258872651357,0.26666666666666666,0.9794344473007712,1960.0,1916.0,44.0
"(2, 0)",0.10154679585317981,0.6177087779200455,0.9750127485976543,0.55420993977332,0.16949152542372878,0.18430166879342663,0.11363636363636363,0.9947835159102765,0.3333333333333333,0.9799588900308325,1961.0,1917.0,44.0
"(2, 1)",0.13134903062731726,0.6822214841525905,0.9709183673469388,0.5632235718352628,0.17391304347826086,0.1669254766662797,0.13636363636363635,0.9900835073068893,0.24,0.9803617571059432,1960.0,1916.0,44.0
mean,0.1302104397359443,0.6617368827387377,0.9739010622096876,0.5573448051431821,0.1721523334223722,0.17975259718856598,0.12121212121212122,0.9934774890742428,0.30373194014447885,0.9800965140351369,1960.5,1916.5,44.0
std,0.027365530837657463,0.024638351719353538,0.001919999085470911,0.01704872409580122,0.046622721496788776,0.05226127449852828,0.03387981784090591,0.0017249338615133655,0.08620311670014986,0.0007549012980343468,0.5,0.5,0.0
