,PRC-AUC,AUROC,Accuracy,Balanced Accuracy,F1-Score,MCC,Sensitivity,Specificity,Precision,Negative Predictive Value,Test Cases,Negative Test Cases,Positive Test Cases
"(0, 0)",0.18861421421794447,0.6761156162564614,0.9775624681285059,0.5333084364774505,0.12000000000000001,0.17863749963927886,0.06818181818181818,0.9984350547730829,0.5,0.9790281329923274,1961.0,1917.0,44.0
"(0, 1)",0.13929081507579422,0.6636221294363256,0.9775510204081632,0.5111026760296071,0.04347826086956522,0.1030292200671877,0.022727272727272728,0.9994780793319415,0.5,0.9780388151174668,1960.0,1916.0,44.0
"(1, 0)",0.20421884572320506,0.7266265945843411,0.9775624681285059,0.5111028121591502,0.04347826086956522,0.10303105974473263,0.022727272727272728,0.9994783515910276,0.5,0.9780500255232262,1961.0,1917.0,44.0
"(1, 1)",0.15976017566750325,0.6516594704877586,0.9780612244897959,0.5335689884228506,0.1224489795918367,0.1971668769997854,0.06818181818181818,0.9989561586638831,0.6,0.9790281329923274,1960.0,1916.0,44.0
"(2, 0)",0.11674925224846283,0.6778761796367431,0.9785823559408465,0.5338300848864229,0.125,0.22209821562878881,0.06818181818181818,0.9994783515910276,0.75,0.9790495656617272,1961.0,1917.0,44.0
"(2, 1)",0.14525017591972042,0.6630586923514898,0.9775510204081632,0.5222053520592143,0.08333333333333334,0.1457797927802468,0.045454545454545456,0.9989561586638831,0.5,0.9785276073619632,1960.0,1916.0,44.0
mean,0.1589805798087717,0.6764931137921867,0.9778117595839969,0.5241863916724493,0.08962313911071675,0.1582904441433367,0.04924242424242425,0.9991303591024744,0.5583333333333333,0.9786203799415064,1960.5,1916.5,44.0
std,0.029678714635933457,0.024077226547659137,0.00039079273696887476,0.010087399961198382,0.03547316591372767,0.04520459093383549,0.02039835154217615,0.0003888544282549553,0.09316949906249124,0.00044513182352274986,0.5,0.5,0.0
