,PRC-AUC,AUROC,Accuracy,Balanced Accuracy,F1-Score,MCC,Sensitivity,Specificity,Precision,Negative Predictive Value,Test Cases,Negative Test Cases,Positive Test Cases
"(0, 0)",0.1418469489627302,0.6548228766538626,0.9780724120346762,0.5113636363636364,0.044444444444444446,0.14909280396098903,0.022727272727272728,1.0,1.0,0.9780612244897959,1961.0,1917.0,44.0
"(0, 1)",0.16209425754812204,0.6837160751565763,0.9775510204081632,0.5111026760296071,0.04347826086956522,0.1030292200671877,0.022727272727272728,0.9994780793319415,0.5,0.9780388151174668,1960.0,1916.0,44.0
"(1, 0)",0.18131325184068828,0.6998328353962158,0.9775624681285059,0.5111028121591502,0.04347826086956522,0.10303105974473263,0.022727272727272728,0.9994783515910276,0.5,0.9780500255232262,1961.0,1917.0,44.0
"(1, 1)",0.14152588406047859,0.7193846080850257,0.9775510204081632,0.5111026760296071,0.04347826086956522,0.1030292200671877,0.022727272727272728,0.9994780793319415,0.5,0.9780388151174668,1960.0,1916.0,44.0
"(2, 0)",0.1283405841732411,0.6661568739033528,0.9785823559408465,0.5227272727272727,0.08695652173913045,0.21090287403166305,0.045454545454545456,1.0,1.0,0.9785604900459418,1961.0,1917.0,44.0
"(2, 1)",0.17792308071740418,0.6696242171189979,0.9775510204081632,0.5222053520592143,0.08333333333333334,0.1457797927802468,0.045454545454545456,0.9989561586638831,0.5,0.9785276073619632,1960.0,1916.0,44.0
mean,0.15550733455044405,0.6822562477190052,0.9778117162214198,0.514934070894748,0.05752818035426732,0.13581082844200115,0.030303030303030304,0.9995651114864655,0.6666666666666666,0.9782128296093101,1960.5,1916.5,44.0
std,0.019714284230203428,0.02183624874806673,0.00039324704219639443,0.00532902811715377,0.019558962373955626,0.039026459754098825,0.010713739108887083,0.00035864468252903755,0.23570226039551584,0.00023452227407212567,0.5,0.5,0.0
