,PRC-AUC,AUROC,Accuracy,Balanced Accuracy,F1-Score,MCC,Sensitivity,Specificity,Precision,Negative Predictive Value,Test Cases,Negative Test Cases,Positive Test Cases
"(0, 0)",0.12977227881668915,0.626973965002134,0.9765425803161653,0.5549924123867785,0.17857142857142858,0.2088688229453495,0.11363636363636363,0.9963484611371936,0.4166666666666667,0.9799897383273474,1961.0,1917.0,44.0
"(0, 1)",0.10085767661861615,0.6533141962421714,0.9770408163265306,0.5330470677547922,0.1176470588235294,0.1641295865484273,0.06818181818181818,0.9979123173277662,0.42857142857142855,0.9790066564260113,1960.0,1916.0,44.0
"(1, 0)",0.15147450937741674,0.601033812301418,0.9775624681285059,0.5555140607957509,0.18518518518518517,0.23085631143681326,0.11363636363636363,0.9973917579551382,0.5,0.9800102511532548,1961.0,1917.0,44.0
"(1, 1)",0.0997247095028039,0.6215837919908901,0.9770408163265306,0.5441497437843993,0.1509433962264151,0.1934783541858833,0.09090909090909091,0.9973903966597077,0.4444444444444444,0.9794976934905176,1960.0,1916.0,44.0
"(2, 0)",0.08321030456384376,0.5865343576611182,0.9760326364099949,0.532525963863992,0.11320754716981131,0.14253988501741952,0.06818181818181818,0.9968701095461658,0.3333333333333333,0.9789959016393442,1961.0,1917.0,44.0
"(2, 1)",0.1226294798979601,0.6141167678876448,0.9770408163265306,0.5441497437843993,0.1509433962264151,0.1934783541858833,0.09090909090909091,0.9973903966597077,0.4444444444444444,0.9794976934905176,1960.0,1916.0,44.0
mean,0.11461149312955499,0.6172594818475627,0.9768766889723762,0.5440631653950186,0.14941633536713075,0.1888918857199627,0.0909090909090909,0.9972172398809467,0.42791005291005285,0.9794996557544988,1960.5,1916.5,44.0
std,0.022545649765402943,0.020937189921206096,0.00047874135994720537,0.009174674047860844,0.02724719307138474,0.028762944512048447,0.018556740475630138,0.0004913979599538451,0.04969127977847047,0.00040778115798077475,0.5,0.5,0.0
