,PRC-AUC,AUROC,Accuracy,Balanced Accuracy,F1-Score,MCC,Sensitivity,Specificity,Precision,Negative Predictive Value,Test Cases,Negative Test Cases,Positive Test Cases
"(0, 0)",0.13655020234523055,0.7283456632048181,0.9780724120346762,0.5113636363636364,0.044444444444444446,0.14909280396098903,0.022727272727272728,1.0,1.0,0.9780612244897959,1961.0,1917.0,44.0
"(0, 1)",0.1303858868188371,0.7716715695577909,0.9780612244897959,0.5224663123932435,0.08510638297872342,0.17026674729496824,0.045454545454545456,0.9994780793319415,0.6666666666666666,0.9785385794583547,1960.0,1916.0,44.0
"(1, 0)",0.19520874826002746,0.7591940532081376,0.9775624681285059,0.5111028121591502,0.04347826086956522,0.10303105974473263,0.022727272727272728,0.9994783515910276,0.5,0.9780500255232262,1961.0,1917.0,44.0
"(1, 1)",0.14588970025242975,0.7966525906244069,0.9775510204081632,0.5222053520592143,0.08333333333333334,0.1457797927802468,0.045454545454545456,0.9989561586638831,0.5,0.9785276073619632,1960.0,1916.0,44.0
"(2, 0)",0.14306803793229672,0.7115877080665813,0.9780724120346762,0.5224664485227866,0.08510638297872342,0.17026870940338226,0.045454545454545456,0.9994783515910276,0.6666666666666666,0.9785495403472931,1961.0,1917.0,44.0
"(2, 1)",0.18416835264771725,0.7084776523059404,0.9785714285714285,0.5338299487568798,0.125,0.22209613729127342,0.06818181818181818,0.9994780793319415,0.75,0.9790388548057259,1960.0,1916.0,44.0
mean,0.15587848804275647,0.7459882061612791,0.9779818276112077,0.5205724183758185,0.07774480076746497,0.16008920841259874,0.041666666666666664,0.9994781700849703,0.6805555555555555,0.9784609719977264,1960.5,1916.5,44.0
std,0.02461207246740571,0.03241040122727596,0.00034923761111409283,0.007746804470367625,0.02785612088293185,0.03566832484407703,0.015617824339460833,0.00030133106553161367,0.1695354946629681,0.0003368805814724594,0.5,0.5,0.0
