,PRC-AUC,AUROC,Accuracy,Balanced Accuracy,F1-Score,MCC,Sensitivity,Specificity,Precision,Negative Predictive Value,Test Cases,Negative Test Cases,Positive Test Cases
"(0, 0)",0.12916626916354046,0.6637976004173187,0.9739928607853137,0.5314826670460473,0.10526315789473682,0.11491395030840397,0.06818181818181818,0.9947835159102765,0.23076923076923078,0.978952772073922,1961.0,1917.0,44.0
"(0, 1)",0.13631395891388398,0.6878795786676788,0.9755102040816327,0.5766748908711331,0.22580645161290322,0.23814769779076114,0.1590909090909091,0.994258872651357,0.3888888888888889,0.9809474768280123,1960.0,1916.0,44.0
"(1, 0)",0.1683764894658184,0.6449826907573386,0.9760326364099949,0.5769372125005928,0.22950819672131148,0.24582794278461395,0.1590909090909091,0.9947835159102765,0.4117647058823529,0.9809670781893004,1961.0,1917.0,44.0
"(1, 1)",0.10709216185705919,0.5991945815145189,0.9744897959183674,0.5428449421142532,0.13793103448275862,0.15073642498077985,0.09090909090909091,0.9947807933194155,0.2857142857142857,0.9794450154162384,1960.0,1916.0,44.0
"(2, 0)",0.11295483158697084,0.6741653625456442,0.9739928607853137,0.5314826670460473,0.10526315789473682,0.11491395030840397,0.06818181818181818,0.9947835159102765,0.23076923076923078,0.978952772073922,1961.0,1917.0,44.0
"(2, 1)",0.13806796129768462,0.7182102865818941,0.9739795918367347,0.5758920098690453,0.21538461538461537,0.2183994744151847,0.1590909090909091,0.9926931106471816,0.3333333333333333,0.9809179989685405,1960.0,1916.0,44.0
mean,0.1319952787141596,0.6647050167473989,0.9746663249695594,0.5558857315745198,0.16985943566517706,0.18048990676469126,0.11742424242424242,0.9943472207247973,0.31353994589288703,0.9800305189249893,1960.5,1916.5,44.0
std,0.019873886212915668,0.036902536123634914,0.0008153538929626641,0.020963008972741205,0.054962663513715225,0.055552223095290135,0.042349772301132384,0.0007640823682007249,0.07093846488390301,0.000928391690677638,0.5,0.5,0.0
