,AUROC,Accuracy,Balanced Accuracy,F1-Score,MCC,Sensitivity,Specificity,Precision,Negative Predictive Value,Test Cases,Negative Test Cases,Positive Test Cases
"(0, 0)",0.8241275544149795,0.758376882877344,0.7560366885277064,0.7779661016949151,0.5131945472782665,0.7868571428571428,0.7252162341982701,0.7692737430167598,0.7450444292549556,3253.0,1503.0,1750.0
"(0, 1)",0.8251273257485523,0.752460024600246,0.7521768595720212,0.7663280116110304,0.503486019719829,0.7560137457044673,0.748339973439575,0.7769276044732195,0.7256922086284611,3252.0,1506.0,1746.0
"(1, 0)",0.8318878126559623,0.7706732247156471,0.7691862721936642,0.7866132723112128,0.538820306939013,0.7906843013225991,0.7476882430647291,0.7825839499146272,0.7566844919786097,3253.0,1514.0,1739.0
"(1, 1)",0.8393413446072375,0.7706027060270603,0.7698520775950188,0.7858783008036739,0.5389905466543058,0.7791690381331816,0.7605351170568562,0.7927041111754487,0.7455737704918033,3252.0,1495.0,1757.0
"(2, 0)",0.8254112120072767,0.7654472794343683,0.7615238106089091,0.7885840953172625,0.5278147450314695,0.8187571921749137,0.7042904290429043,0.760555852485302,0.7720694645441389,3253.0,1515.0,1738.0
"(2, 1)",0.825545260297923,0.7595325953259533,0.7600481562198738,0.7721445221445223,0.5186056959665669,0.7536973833902162,0.7663989290495314,0.7915173237753883,0.7256020278833967,3252.0,1494.0,1758.0
mean,0.8285734182886553,0.7628487854967697,0.7614706441195324,0.7795857173137694,0.5234853102649085,0.7808631339304202,0.7420781543086443,0.7789270974734577,0.7451110654635609,3252.5,1504.5,1748.0
std,0.005442793338986385,0.006671065465569606,0.006425313828549519,0.008202796715281123,0.013063948769661994,0.022085754007137862,0.02127235907280143,0.011520853133880377,0.016424638842811562,0.5,8.220908303425682,7.852812659593164
