,AUROC,Accuracy,Balanced Accuracy,F1-Score,MCC,Sensitivity,Specificity,Precision,Negative Predictive Value,Test Cases,Negative Test Cases,Positive Test Cases
"(0, 0)",0.8199462028324304,0.7728250845373501,0.7706860564585115,0.790947666195191,0.5423907286541532,0.7988571428571428,0.7425149700598802,0.7831932773109244,0.7602179836512262,3253.0,1503.0,1750.0
"(0, 1)",0.81783613921557,0.7623001230012301,0.7611124802051816,0.7783194723257815,0.5221083195365549,0.777205040091638,0.7450199203187251,0.7794371051120046,0.7425545996029119,3252.0,1506.0,1746.0
"(1, 0)",0.8210841044254013,0.7675991392560714,0.7662255976992198,0.7833810888252148,0.5327390054541725,0.7860839562967222,0.7463672391017173,0.7806967447173044,0.7523302263648469,3253.0,1514.0,1739.0
"(1, 1)",0.8301068064102882,0.7789052890528906,0.7764384411708161,0.7977496483825598,0.5541889487190838,0.807057484348321,0.745819397993311,0.7886540600667408,0.7668500687757909,3252.0,1495.0,1757.0
"(2, 0)",0.8252019505748043,0.7691361819858592,0.7682366970874303,0.7833862128641478,0.5362772958440863,0.7813578826237054,0.7551155115511551,0.7854251012145749,0.7506561679790026,3253.0,1515.0,1738.0
"(2, 1)",0.8172884941358151,0.7702952029520295,0.7687964600152601,0.7874822190611664,0.5375660060948175,0.7872582480091013,0.750334672021419,0.7877063175867957,0.7498327759197324,3252.0,1494.0,1758.0
mean,0.8219106162657183,0.7701768367975719,0.76858262210607,0.7868777179423435,0.5375450507171446,0.7896366257044386,0.7475286185077014,0.7841854343347241,0.7537403037155852,3252.5,1504.5,1748.0
std,0.004481774808322865,0.005049475429738876,0.004612705353999285,0.006228822291140298,0.009691046705814846,0.010245847131731187,0.004105592864776507,0.0034059744076758566,0.007807210754923554,0.5,8.220908303425682,7.852812659593164
