,AUROC,Accuracy,Balanced Accuracy,F1-Score,MCC,Sensitivity,Specificity,Precision,Negative Predictive Value,Test Cases,Negative Test Cases,Positive Test Cases
"(0, 0)",0.8227919399296645,0.7589916999692592,0.7566550708107594,0.7785310734463277,0.5144340197055235,0.7874285714285715,0.7258815701929474,0.7698324022346369,0.745727956254272,3253.0,1503.0,1750.0
"(0, 1)",0.8148942983316828,0.7496924969249692,0.7480935365068935,0.7675613934894346,0.4964231186981772,0.7697594501718213,0.7264276228419655,0.765375854214123,0.7312834224598931,3252.0,1506.0,1746.0
"(1, 0)",0.8337586019083532,0.7728250845373501,0.7714980291289351,0.7881914588707366,0.5432639548690655,0.7906843013225991,0.7523117569352709,0.7857142857142857,0.7578176979374585,3253.0,1514.0,1739.0
"(1, 1)",0.8318770784040141,0.764760147601476,0.7636970512598436,0.7811158798283262,0.5269312100325753,0.7768924302788844,0.7505016722408027,0.785385500575374,0.7410832232496698,3252.0,1495.0,1757.0
"(2, 0)",0.8204286251409952,0.7589916999692592,0.7579384520730554,0.7741935483870968,0.5157911116225963,0.7733026467203682,0.7425742574257426,0.7750865051903114,0.7406188281764319,3253.0,1515.0,1738.0
"(2, 1)",0.8246682216160813,0.767220172201722,0.7678118617815974,0.7793646167298164,0.5340790013483627,0.7605233219567691,0.7751004016064257,0.799163179916318,0.7333755541481951,3252.0,1494.0,1758.0
mean,0.8247364608884652,0.7620802168673393,0.7609490002601808,0.7781596617919565,0.5218204027127168,0.7764317869798356,0.7454662135405257,0.7800929546408414,0.7416511137043201,3252.5,1504.5,1748.0
std,0.006475580772730343,0.00732105217227813,0.007731934228125967,0.006311621388097013,0.015122569013157002,0.010260494482761954,0.016856215530310276,0.011330051590902925,0.008711497303664918,0.5,8.220908303425682,7.852812659593164
