,AUROC,Accuracy,Balanced Accuracy,F1-Score,MCC,Sensitivity,Specificity,Precision,Negative Predictive Value,Test Cases,Negative Test Cases,Positive Test Cases
"(0, 0)",0.815863511073092,0.7688287734399016,0.768145613534835,0.7834101382488479,0.5356671801284135,0.7771428571428571,0.759148369926813,0.7897793263646922,0.7452645329849772,3253.0,1503.0,1750.0
"(0, 1)",0.821383994377587,0.7699876998769988,0.768864975379125,0.7854274239816408,0.5375864486595641,0.784077892325315,0.7536520584329349,0.7867816091954023,0.7506613756613757,3252.0,1506.0,1746.0
"(1, 0)",0.8138837212658849,0.7626806025207501,0.7604288287275442,0.7813031161473089,0.522288306729153,0.7929844738355377,0.7278731836195509,0.7699609156895589,0.7537619699042407,3253.0,1514.0,1739.0
"(1, 1)",0.8284410375697402,0.7742927429274292,0.7729677563039766,0.790763968072976,0.5457759617316582,0.7894137734775185,0.7565217391304347,0.7921187892632782,0.7534976682211859,3252.0,1495.0,1757.0
"(2, 0)",0.818473492918912,0.7660620965262834,0.7643435229598909,0.7828815977175463,0.5294222535184989,0.7894131185270425,0.7392739273927392,0.77645727221279,0.7537012113055181,3253.0,1515.0,1738.0
"(2, 1)",0.8149134269348917,0.7632226322263223,0.761601582667416,0.7811256395679362,0.5232561619964896,0.7815699658703071,0.7416331994645248,0.7806818181818181,0.7426273458445041,3252.0,1494.0,1758.0
mean,0.8188265306900179,0.7675124245862811,0.7660587132621314,0.7841519806227094,0.5323327187939629,0.785767013529763,0.7463504129944997,0.7826299551512567,0.7499190173203002,3252.5,1504.5,1748.0
std,0.004960296193663876,0.004034946371446702,0.0043678489434271425,0.0032859322780787073,0.008278345202179484,0.00537787265744308,0.011062657610532956,0.007754455988309972,0.00442085609016916,0.5,8.220908303425682,7.852812659593164
