,AUROC,Accuracy,Balanced Accuracy,F1-Score,MCC,Sensitivity,Specificity,Precision,Negative Predictive Value,Test Cases,Negative Test Cases,Positive Test Cases
"(0, 0)",0.8358519152171847,0.7755917614509683,0.7732574850299401,0.7940180586907449,0.5478500579416091,0.804,0.7425149700598802,0.7842809364548495,0.7649074708704592,3253.0,1503.0,1750.0
"(0, 1)",0.8358414376096227,0.7779827798277983,0.7772689311482592,0.7919308357348703,0.5540328318360457,0.7869415807560137,0.7675962815405046,0.796983758700696,0.756544502617801,3252.0,1506.0,1746.0
"(1, 0)",0.8333966361876085,0.7660620965262834,0.7657280372646178,0.7788433594885208,0.5307554070201781,0.7705577918343876,0.760898282694848,0.7873090481786134,0.7427466150870407,3253.0,1514.0,1739.0
"(1, 1)",0.8380395284604534,0.772140221402214,0.7715741905764424,0.7868852459016393,0.5422897058886736,0.7785998861696073,0.7645484949832776,0.7953488372093023,0.7460835509138382,3252.0,1495.0,1757.0
"(2, 0)",0.8370774419214074,0.7808177067322472,0.7798886850710387,0.794583693460098,0.5596615418578424,0.7934407364787112,0.7663366336633664,0.795729948066936,0.7638157894736842,3253.0,1515.0,1738.0
"(2, 1)",0.8307035498840261,0.7702952029520295,0.7713093557392254,0.7812591508052709,0.5409260564550364,0.7588168373151308,0.7838018741633199,0.8050694025347013,0.7341692789968652,3252.0,1494.0,1758.0
mean,0.8351517515467172,0.7738149614819235,0.773171114138254,0.7879200573468573,0.5459192668332309,0.7820594720923085,0.7642827561841994,0.7941203218575165,0.7513778679932814,3252.5,1504.5,1748.0
std,0.002445416219148195,0.004913697494400685,0.004533964894013725,0.006130537831380535,0.009367110201588657,0.014828083624229646,0.012121300950067844,0.006774815359908797,0.01127763282953503,0.5,8.220908303425682,7.852812659593164
