,AUROC,Accuracy,Balanced Accuracy,F1-Score,MCC,Sensitivity,Specificity,Precision,Negative Predictive Value,Test Cases,Negative Test Cases,Positive Test Cases
"(0, 0)",0.8490668187434655,0.7808177067322472,0.7785841650033267,0.7986444507201356,0.5584232066056157,0.808,0.7491683300066534,0.7895030709101061,0.7701778385772914,3253.0,1503.0,1750.0
"(0, 1)",0.8477654863554565,0.7742927429274292,0.7726459568370276,0.7908831908831909,0.5457740810183468,0.7949599083619702,0.750332005312085,0.7868480725623582,0.7594086021505376,3252.0,1506.0,1746.0
"(1, 0)",0.854215172478755,0.7817399323701198,0.7803916370346006,0.7966781214203895,0.5611399548636065,0.7998849913743531,0.760898282694848,0.793496862521392,0.768,3253.0,1514.0,1739.0
"(1, 1)",0.8606451404130254,0.7902829028290282,0.7892618727193472,0.8051428571428573,0.5781417768256923,0.8019351166761526,0.7765886287625418,0.8083763625932301,0.7693836978131213,3252.0,1495.0,1757.0
"(2, 0)",0.8559035650400484,0.7832769750999078,0.7821478350366682,0.7974719908072394,0.5644178669819143,0.7986191024165707,0.7656765676567657,0.7963281698221457,0.7682119205298014,3253.0,1515.0,1738.0
"(2, 1)",0.8502972831789806,0.7706027060270603,0.7696337111814722,0.7864911276473956,0.5387216857115181,0.7815699658703071,0.7576974564926372,0.7914746543778802,0.7467018469656992,3252.0,1494.0,1758.0
mean,0.8529822443682885,0.7801688276642987,0.778777529635407,0.7958852897702013,0.5577697620011156,0.7974948474498924,0.7600602118209219,0.7943378654645187,0.7636473176727417,3252.5,1504.5,1748.0
std,0.004444628603931811,0.006336186628854786,0.006391775208252026,0.005912317654388624,0.012765363620651499,0.008135096061876321,0.009347799084423333,0.0069452407307265185,0.00837109003103156,0.5,8.220908303425682,7.852812659593164
