,AUROC,Accuracy,Balanced Accuracy,F1-Score,MCC,Sensitivity,Specificity,Precision,Negative Predictive Value,Test Cases,Negative Test Cases,Positive Test Cases
"(0, 0)",0.8689723410322214,0.7968029511220412,0.7959298545765612,0.810438772583883,0.5915177498288858,0.8074285714285714,0.7844311377245509,0.8134715025906736,0.7777044854881267,3253.0,1503.0,1750.0
"(0, 1)",0.8587625443244205,0.7829028290282903,0.7839044737430576,0.792108362779741,0.5663222300208084,0.7703321878579611,0.797476759628154,0.8151515151515152,0.7496878901373284,3252.0,1506.0,1746.0
"(1, 0)",0.8577871626369337,0.7792806640024593,0.7787751353478327,0.7920046349942061,0.557003235234239,0.7860839562967222,0.7714663143989432,0.7980151780502043,0.7584415584415585,3253.0,1514.0,1739.0
"(1, 1)",0.8643472931018403,0.7890528905289053,0.7883729296859385,0.8032128514056226,0.576027893363845,0.796812749003984,0.7799331103678929,0.8097165991902834,0.7655942219304005,3252.0,1495.0,1757.0
"(2, 0)",0.8580005468901322,0.774362127267138,0.7737625661300307,0.7874927620150549,0.5470659513772981,0.7825086306098964,0.765016501650165,0.7925407925407926,0.7540663630448926,3253.0,1515.0,1738.0
"(2, 1)",0.8656512664232965,0.7915129151291513,0.7922406348945269,0.8024475524475524,0.5828061234975406,0.7832764505119454,0.8012048192771084,0.8225806451612904,0.7585551330798479,3252.0,1494.0,1758.0
mean,0.8622535257348073,0.7856523961796643,0.7854975990629912,0.7979508227043434,0.5701238638871029,0.7877404242848467,0.7832547738411356,0.8085793721141266,0.760674942020359,3252.5,1504.5,1748.0
std,0.004306858138620342,0.007592465368975834,0.00761586696904723,0.007986665306059145,0.0151198890769097,0.011711956300826758,0.012964622629984693,0.010273697549388056,0.009019191416673995,0.5,8.220908303425682,7.852812659593164
