,AUROC,Accuracy,Balanced Accuracy,F1-Score,MCC,Sensitivity,Specificity,Precision,Negative Predictive Value,Test Cases,Negative Test Cases,Positive Test Cases
"(0, 0)",0.8234291417165668,0.7679065478020289,0.7633913126128695,0.7922971114167813,0.5320240084029073,0.8228571428571428,0.7039254823685961,0.7639257294429708,0.7733918128654971,3253.0,1503.0,1750.0
"(0, 1)",0.826740004472374,0.7638376383763837,0.7607188656599262,0.7849944008958567,0.523994718775126,0.8029782359679267,0.7184594953519257,0.7677984665936474,0.758765778401122,3252.0,1506.0,1746.0
"(1, 0)",0.821307246986721,0.7589916999692592,0.7569785699581366,0.7771461057418988,0.5149948860270093,0.7860839562967222,0.7278731836195509,0.7684092186621697,0.7476255088195387,3253.0,1514.0,1739.0
"(1, 1)",0.8262106852094726,0.7752152521525215,0.7724749354231426,0.7949509116409537,0.5466133337283207,0.8064883323847467,0.7384615384615385,0.7837389380530974,0.7645429362880887,3252.0,1495.0,1757.0
"(2, 0)",0.8195080267520422,0.7706732247156471,0.7689552499553753,0.787221905305191,0.5386874615050119,0.7940161104718066,0.7438943894389439,0.7805429864253394,0.7589225589225589,3253.0,1515.0,1738.0
"(2, 1)",0.8286709599109369,0.768450184501845,0.7663863645709117,0.7871077184054284,0.5333807936945423,0.7918088737201365,0.7409638554216867,0.7824620573355818,0.7515274949083504,3252.0,1494.0,1758.0
mean,0.8243110108413524,0.7675124245862811,0.7648175496967271,0.7872863589010183,0.5316158670221529,0.8007054419497469,0.728929657443707,0.7744795660854678,0.759129348367526,3252.5,1504.5,1748.0
std,0.003198616244138872,0.005106625409358552,0.005139718962776107,0.005656366351269053,0.01010405786076642,0.012020740355114665,0.014116013853992656,0.007948698825873927,0.008396688564400305,0.5,8.220908303425682,7.852812659593164
