,AUROC,Accuracy,Balanced Accuracy,F1-Score,MCC,Sensitivity,Specificity,Precision,Negative Predictive Value,Test Cases,Negative Test Cases,Positive Test Cases
"(0, 0)",0.8311063587111491,0.7642176452505379,0.7659258625605931,0.7723360047491837,0.5303219909148028,0.7434285714285714,0.7884231536926147,0.8035824583075973,0.7252141982864138,3253.0,1503.0,1750.0
"(0, 1)",0.8230959324215166,0.7619926199261993,0.760552292548021,0.7787307032590051,0.5212509021433742,0.7800687285223368,0.7410358565737052,0.7773972602739726,0.744,3252.0,1506.0,1746.0
"(1, 0)",0.834166145684176,0.7697509990777743,0.7698619668601961,0.7810581701256942,0.5387450803439977,0.7682576193214491,0.7714663143989432,0.7942925089179548,0.743475493316359,3253.0,1514.0,1739.0
"(1, 1)",0.8489634391245339,0.7742927429274292,0.7763091922800913,0.7824540604623592,0.5508304214324221,0.7512805919180421,0.8013377926421404,0.8163265306122449,0.7327217125382263,3252.0,1495.0,1757.0
"(2, 0)",0.8373753831079309,0.7660620965262834,0.7672653974258186,0.7739827739827739,0.5332739610563397,0.7497123130034522,0.7848184818481848,0.7998772252915899,0.7321428571428571,3253.0,1515.0,1738.0
"(2, 1)",0.8366962350730188,0.767220172201722,0.7683144409263905,0.7780709469363823,0.5349314334932301,0.754835039817975,0.7817938420348058,0.8027828191167574,0.7304565353345841,3252.0,1494.0,1758.0
mean,0.8352339156870542,0.7672560459849911,0.7680381921001852,0.7777721099192331,0.5348922982306944,0.7579304773353045,0.7781459068650657,0.7990431337533529,0.7346684661030735,3252.5,1504.5,1748.0
std,0.0077538331557624705,0.0039602657724929595,0.004706551312849181,0.0035971600738596184,0.00892994628723637,0.012439173583358915,0.018810851674410392,0.011726853120894415,0.006854844321291888,0.5,8.220908303425682,7.852812659593164
