,AUROC,Accuracy,Balanced Accuracy,F1-Score,MCC,Sensitivity,Specificity,Precision,Negative Predictive Value,Test Cases,Negative Test Cases,Positive Test Cases
"(0, 0)",0.8468617051611064,0.7795880725484169,0.7782395209580839,0.795318298601199,0.556558397216666,0.796,0.7604790419161677,0.7946377638334284,0.762,3253.0,1503.0,1750.0
"(0, 1)",0.8422837858189236,0.7752152521525215,0.7746916115606304,0.7887893672349031,0.5487076342323565,0.781786941580756,0.7675962815405046,0.7959183673469388,0.7521145087833442,3252.0,1506.0,1746.0
"(1, 0)",0.8487383994354398,0.7746695358130956,0.7739495587664451,0.7882114995665993,0.5475315643232811,0.7843588269120184,0.7635402906208718,0.7921022067363531,0.7550620509470934,3253.0,1514.0,1739.0
"(1, 1)",0.8487628082985783,0.7813653136531366,0.7804605752812924,0.7964500429430288,0.5603815552387338,0.7916903813318156,0.7692307692307693,0.8012672811059908,0.758575197889182,3252.0,1495.0,1757.0
"(2, 0)",0.8453721321499238,0.7777436212726714,0.7770118151055612,0.7911008379081191,0.5536956824007777,0.7876869965477561,0.7663366336633664,0.7945443993035404,0.7588235294117647,3253.0,1515.0,1738.0
"(2, 1)",0.8412721801121819,0.7752152521525215,0.7749553389896332,0.7891548889529852,0.548811107375177,0.7781569965870307,0.7717536813922357,0.8004681100058514,0.7472456254050551,3252.0,1494.0,1758.0
mean,0.845548501829359,0.7772995079320605,0.7765514034436077,0.7915041558678056,0.5526143234644986,0.7866133571598962,0.7664894497273192,0.7964896880553504,0.7556368187394065,3252.5,1504.5,1748.0
std,0.002921418608806227,0.002502350177989275,0.002277395713345984,0.0032378713945132335,0.00470134835645646,0.005985053159114612,0.0036809857951704376,0.003302610278295669,0.004872173089913176,0.5,8.220908303425682,7.852812659593164
