,AUROC,Accuracy,Balanced Accuracy,F1-Score,MCC,Sensitivity,Specificity,Precision,Negative Predictive Value,Test Cases,Negative Test Cases,Positive Test Cases
"(0, 0)",0.8323822830529417,0.7808177067322472,0.7809318505845453,0.7927927927927928,0.5606827202919492,0.7794285714285715,0.782435129740519,0.8066232998225902,0.7528809218950064,3253.0,1503.0,1750.0
"(0, 1)",0.8359448802727235,0.7724477244772447,0.7719773825659562,0.7860034702139964,0.5432317570239029,0.7783505154639175,0.7656042496679947,0.7938084112149533,0.7487012987012988,3252.0,1506.0,1746.0
"(1, 0)",0.8479914890578485,0.7878881032892714,0.787381221689381,0.8002316155182398,0.574236615108912,0.7947096032202415,0.7800528401585205,0.8058309037900875,0.7678803641092328,3253.0,1514.0,1739.0
"(1, 1)",0.8530946448320431,0.7859778597785978,0.7858264029405551,0.7990762124711317,0.570502844523824,0.7877063175867957,0.7839464882943143,0.8107791446983011,0.7585760517799353,3252.0,1495.0,1757.0
"(2, 0)",0.8292058319756026,0.7706732247156471,0.7706914362322308,0.782126168224299,0.540471043696766,0.7704257767548907,0.7709570957095709,0.7941874258600238,0.7453733248245055,3253.0,1515.0,1738.0
"(2, 1)",0.8325375830207443,0.77460024600246,0.7754921848942985,0.785735165156387,0.5493080201221345,0.764505119453925,0.786479250334672,0.8081779915814793,0.7394587791063562,3252.0,1494.0,1758.0
mean,0.838526118701984,0.7787341441659114,0.7787167464844945,0.7909942373961413,0.5564055001279148,0.7791876506513903,0.7782458423175985,0.8032345294945724,0.7521451234027224,3252.5,1504.5,1748.0
std,0.0088409558509857,0.006610524757144839,0.006464640487476345,0.006893118862606429,0.012992350469751866,0.010054888467736504,0.007461427860123294,0.006711752749110062,0.009202866903578933,0.5,8.220908303425682,7.852812659593164
