,AUROC,Accuracy,Balanced Accuracy,F1-Score,MCC,Sensitivity,Specificity,Precision,Negative Predictive Value,Test Cases,Negative Test Cases,Positive Test Cases
"(0, 0)",0.8217351962741185,0.7697509990777743,0.7680636821594905,0.7869132290184923,0.5365283422871276,0.7902857142857143,0.7458416500332667,0.7835694050991502,0.7533602150537635,3253.0,1503.0,1750.0
"(0, 1)",0.825166877355032,0.7650676506765067,0.7622750692533418,0.7852726250702642,0.5265762519060775,0.800114547537228,0.7244355909694555,0.7709713024282561,0.7576388888888889,3252.0,1506.0,1746.0
"(1, 0)",0.817879967153415,0.7537657546879803,0.7531162096073982,0.7680278019113814,0.5057524134298248,0.7625071880391029,0.7437252311756936,0.7736289381563594,0.7316439246263807,3253.0,1514.0,1739.0
"(1, 1)",0.8377619954962757,0.7727552275522755,0.7716944929312849,0.7886760080068631,0.5429586903775228,0.7848605577689243,0.7585284280936455,0.792528735632184,0.75,3252.0,1495.0,1757.0
"(2, 0)",0.8290094832268037,0.7626806025207501,0.7624070001936902,0.7753201396973225,0.5240860199108996,0.766398158803222,0.7584158415841584,0.784452296819788,0.7389067524115756,3253.0,1515.0,1738.0
"(2, 1)",0.8230810995213316,0.7527675276752768,0.7518309872025074,0.7694954128440368,0.5030295753928797,0.7633674630261661,0.7402945113788487,0.7757225433526012,0.7266754270696452,3252.0,1494.0,1758.0
mean,0.8257724365044962,0.7627979603650941,0.7615645735579522,0.7789508694247266,0.523155215550722,0.7779222715767262,0.7452068755391781,0.7801455369147231,0.7430375346750422,3252.5,1504.5,1748.0
std,0.006330197127996197,0.007470469680559379,0.007213248490041307,0.008365039814489245,0.014671326535384964,0.01458174698519892,0.011619784417371626,0.007414065175294545,0.011422415650964676,0.5,8.220908303425682,7.852812659593164
