,AUROC,Accuracy,Balanced Accuracy,F1-Score,MCC,Sensitivity,Specificity,Precision,Negative Predictive Value,Test Cases,Negative Test Cases,Positive Test Cases
"(0, 0)",0.8382309666381522,0.778051029818629,0.777139625510883,0.7927669345579794,0.5538902272376593,0.7891428571428571,0.7651363938789089,0.7964244521337946,0.7570770243581304,3253.0,1503.0,1750.0
"(0, 1)",0.8322445232434142,0.7739852398523985,0.772450860931988,0.7902995720399429,0.5452428287593423,0.7932416953035509,0.751660026560425,0.7873791927231382,0.7582049564634963,3252.0,1506.0,1746.0
"(1, 0)",0.8425166151001615,0.778051029818629,0.7765568134254719,0.7935963407661522,0.5536290473693617,0.7981598619896493,0.7549537648612946,0.7890847072200113,0.7650602409638554,3253.0,1514.0,1739.0
"(1, 1)",0.8446003848913949,0.7816728167281672,0.7824408053405109,0.7927612375948628,0.5632423322453107,0.7729083665338645,0.7919732441471572,0.8136608747753146,0.7479469361970941,3252.0,1495.0,1757.0
"(2, 0)",0.8381807168058578,0.7752843529050107,0.775514893261478,0.7859443631039531,0.5499986713415671,0.7721518987341772,0.7788778877887789,0.8002385211687537,0.748730964467005,3253.0,1515.0,1738.0
"(2, 1)",0.8328431282962719,0.7755227552275523,0.7763956851295969,0.7866744593804793,0.5511173438602266,0.7656427758816837,0.7871485943775101,0.8088942307692307,0.7405541561712846,3252.0,1494.0,1758.0
mean,0.8381027224958754,0.7770945373917311,0.7767497805999882,0.7903404845738949,0.5528534084689113,0.7818745759309639,0.7716249852690126,0.7992803297983738,0.7529290464368109,3252.5,1504.5,1748.0
std,0.00454067586428086,0.002523403635421715,0.0029638943592036598,0.0030308305459924257,0.005457269066765084,0.012149379629459665,0.015417899005337366,0.009608061867450474,0.00803938276909516,0.5,8.220908303425682,7.852812659593164
