,MAE,MedAE,RMSE,MaxAE,MSE,PearsonCorr,R2Coeff,Test Cases
"(0, 0)",0.6944910416793334,0.5636981010437012,0.8940433956994629,3.913518371582031,0.7993135933938263,0.6918142231253679,0.46281453172626197,2096.0
"(0, 1)",0.6710251961192364,0.5294968628883362,0.8705570159290912,3.5526254177093506,0.757869517983364,0.6926499741516174,0.4596697048613778,2104.0
"(1, 0)",0.6736449945874456,0.5485851263999939,0.878011731508769,4.139610233306884,0.7709046006670267,0.6883191092059029,0.44829882208332117,2096.0
"(1, 1)",0.6936919855533218,0.5643705248832703,0.8925064896023287,3.566925535202026,0.7965678339822716,0.693111527883075,0.46708973290767797,2104.0
"(2, 0)",0.6719270068712176,0.5438934418559074,0.8666353026796311,4.0609104180336,0.7510567478506157,0.6984044037772403,0.4712461097073817,2100.0
"(2, 1)",0.702083261987425,0.5433108019828796,0.9154346785982647,3.6696466827392578,0.8380206507803082,0.6725409914225507,0.4311665903040981,2100.0
mean,0.6844772477996632,0.5488924765090147,0.886198102336258,3.8172061097621923,0.7856221574429022,0.6894733715942923,0.45671424859835313,2100.0
std,0.012589434371338214,0.012187467805966001,0.01658556174862414,0.23346282846104358,0.02953655467393386,0.008130269846627096,0.013467715010710889,3.265986323710904
