,MAE,MedAE,RMSE,MaxAE,MSE,PearsonCorr,R2Coeff,Test Cases
"(0, 0)",0.7738430973964014,0.6394000000000002,0.979441817320991,3.6610166666666677,0.9593062735170456,0.6123089489926795,0.3552900963823783,2096.0
"(0, 1)",0.7671018961615065,0.6397071428571435,0.9648990553680832,3.386125,0.9310301870502193,0.5967491192314935,0.33621315567562604,2104.0
"(1, 0)",0.779771139358415,0.6523125000000006,0.9882780196049413,3.4726416666666666,0.9766934440342648,0.5554493663301387,0.3010251552903346,2096.0
"(1, 1)",0.7810370768453135,0.6397833333333325,0.9878646835686109,3.598883333333334,0.9758766330421118,0.6142241268424594,0.3471307088013774,2104.0
"(2, 0)",0.7663815573850752,0.6334833333333327,0.9687357914624557,3.5490500000000003,0.9384490336603905,0.5940656911575914,0.33931946046775274,2100.0
"(2, 1)",0.7686799015306122,0.6423500000000006,0.9716340211495388,3.492973809523809,0.9440726710552223,0.6143745950724134,0.35918037821976956,2100.0
mean,0.7728024447795541,0.6411727182539684,0.9768088980791036,3.5267817460317468,0.954238040393209,0.5978619746044628,0.3396931591395398,2100.0
std,0.005890306154741732,0.005654322856981401,0.009078382383257933,0.08904303539383626,0.017745387925138155,0.020670354315916413,0.019086635377922215,3.265986323710904
