,MAE,MedAE,RMSE,MaxAE,MSE,PearsonCorr,R2Coeff,Test Cases
"(0, 0)",0.763597814279656,0.6265666666666658,0.9714554510469018,3.4767666666666663,0.9437256933687393,0.6207347246308926,0.3657611571927011,2096.0
"(0, 1)",0.7434693084034945,0.6246499999999997,0.9423290996769252,3.3731,0.8879841320979246,0.6163134748900836,0.36690325077117425,2104.0
"(1, 0)",0.7485808773514177,0.6107625000000025,0.9475666371253733,3.4524999999999992,0.8978825317930889,0.6072683460365755,0.35742652204638137,2096.0
"(1, 1)",0.7423062297437987,0.6202901190476195,0.9475098740618004,3.469749999999999,0.897774961444609,0.653540582844223,0.3993813532484496,2104.0
"(2, 0)",0.7441552008314437,0.6101750000000004,0.9422042510724727,3.5213,0.8877488507390392,0.6213159488791399,0.37501306023225933,2100.0
"(2, 1)",0.7548274489795919,0.6391666666666668,0.9542817862326587,3.4846333333333344,0.9106537275353936,0.631766060589564,0.38186455858348534,2100.0
mean,0.749489479931567,0.621935158730159,0.9508911832026886,3.4630083333333332,0.904294982829799,0.6251565229784131,0.37439165034574184,2100.0
std,0.007579145205642638,0.009929601256415786,0.01004691680018431,0.04526631253952473,0.019229591405611163,0.014616369394918373,0.013534479902636485,3.265986323710904
