,MAE,MedAE,RMSE,MaxAE,MSE,PearsonCorr,R2Coeff,Test Cases
"(0, 0)",0.7847085529235938,0.640490312576294,1.0113587054075222,3.6568404769897462,1.0228464310035792,0.5680898899077652,0.3125873955454451,2096.0
"(0, 1)",0.7620968793722104,0.6029546308517456,0.9736555903953603,3.341282596588135,0.9480052087081378,0.5890071121254994,0.3241106522172287,2104.0
"(1, 0)",0.7426227496231672,0.5964110183715821,0.9504498538379433,3.941724681854248,0.9033549246605678,0.6046157996393468,0.3535101806619887,2096.0
"(1, 1)",0.8112278135613796,0.6726788091659546,1.028140381603617,3.9270904159545896,1.0570726442840312,0.567603656961488,0.2928099263245828,2104.0
"(2, 0)",0.7795165481879598,0.657255642414093,0.9798790479624998,3.4304958724975587,0.9601629486358949,0.5723048080932643,0.3240325769537725,2100.0
"(2, 1)",0.8096855539998838,0.6536012411117554,1.0385999127350198,3.929835090637207,1.0786897787331908,0.5543506563997869,0.2678046963764189,2100.0
mean,0.7816430162780326,0.6372319424152374,0.9970139153236603,3.7045448557535807,0.9950219893375669,0.5759953205211917,0.3124759046799061,2100.0
std,0.02442743065831085,0.028217257626637297,0.031388564614392024,0.2469394352599875,0.06252114767761227,0.01634760819966618,0.026879409144842926,3.265986323710904
