,MAE,MedAE,RMSE,MaxAE,MSE,PearsonCorr,R2Coeff,Test Cases
"(0, 0)",0.791014856870229,0.671349999999999,1.0005852889482372,3.508800000000001,1.001170920459627,0.6057144431353926,0.32715460593428214,2096.0
"(0, 1)",0.7799415297392721,0.6466249999999987,0.9873325818747625,3.417500000000001,0.9748256272314845,0.576448187220417,0.30498877923964385,2104.0
"(1, 0)",0.7765837685159941,0.6432999999999999,0.9807565175584317,3.521700000000001,0.9618833467333425,0.5782444730201657,0.3116240648297376,2096.0
"(1, 1)",0.780532830436357,0.6335250000000012,0.9905530280210362,3.6311999999999998,0.9811953013216437,0.6199937102724625,0.3435724770821139,2104.0
"(2, 0)",0.7802690167422525,0.6459416666666654,0.9825233652745466,3.477485714285713,0.9653521633104202,0.5908587933206452,0.3203793011466234,2100.0
"(2, 1)",0.7863151723922902,0.6629599999999991,0.9900653172317243,3.474099999999999,0.9802293323851549,0.6117332147712664,0.334637884036154,2100.0
mean,0.7824428624493991,0.6506169444444438,0.9886360164847896,3.505130952380952,0.9774427819069454,0.5971654702900583,0.32372618537809245,2100.0
std,0.004785975120792908,0.012686454040689608,0.006450489596304208,0.06530411297308773,0.012780189123952969,0.016499579724676455,0.013124073771372074,3.265986323710904
