,MAE,MedAE,RMSE,MaxAE,MSE,PearsonCorr,R2Coeff,Test Cases
"(0, 0)",0.6569457446095598,0.5209847283363342,0.8549660995399174,3.352048936486244,0.7309670313625001,0.7246096159487153,0.5087474174336223,2096.0
"(0, 1)",0.6537469433916612,0.5155698466300964,0.8474642602410746,4.407228622436524,0.7181956723859518,0.7054515214186494,0.48795555116111566,2104.0
"(1, 0)",0.6440006243390606,0.5097538042068481,0.8370403160125333,3.9114581680297853,0.7006364906303616,0.7107781576980674,0.4985864958676828,2096.0
"(1, 1)",0.6800065236215695,0.5500623035430908,0.8755551293058214,3.8388122797012327,0.7665967844537336,0.7011567793723513,0.4871406053229529,2104.0
"(2, 0)",0.6454496249048483,0.5182953500747681,0.8448376983693874,4.171601343154907,0.713750736586084,0.7122940998217587,0.4975100353612988,2100.0
"(2, 1)",0.6384567608164889,0.4976449605822563,0.8304045277004537,3.77363525390625,0.6895716796254137,0.7301951190000963,0.5319310933617016,2100.0
mean,0.653101036947198,0.5187184988955656,0.8483780051948647,3.909130767285824,0.7199530658406741,0.7140808822099398,0.501978533084729,2100.0
std,0.013508766441348519,0.015927558504984635,0.014416176409032144,0.3293026934159991,0.024612530510303637,0.010215362155418352,0.015227470643293389,3.265986323710904
