,MAE,MedAE,RMSE,MaxAE,MSE,PearsonCorr,R2Coeff,Test Cases
"(0, 0)",0.7449941010630996,0.6033963346481324,0.9668894116064559,3.9004266357421873,0.9348751342766785,0.6229869328113657,0.37170925036870506,2096.0
"(0, 1)",0.7481185654420476,0.6282484012842178,0.9519873010668687,3.6987929821014403,0.9062798213925808,0.6104262901474208,0.3538591647355579,2104.0
"(1, 0)",0.7394803243360787,0.5820576953887939,0.9567581790549322,4.086798133850097,0.9153862131885097,0.600843306637327,0.3448999375177946,2096.0
"(1, 1)",0.746135636499371,0.6122954225540163,0.9555732796087291,3.685780668258667,0.9131202927021823,0.6308682443980087,0.38911520361218954,2104.0
"(2, 0)",0.7563470671477772,0.6131126832962036,0.9836560713986983,5.0655747985839845,0.967579266799521,0.5813071906701011,0.31881139081585763,2100.0
"(2, 1)",0.7619494006646531,0.6133655929565431,0.9824218257694397,4.143431606292724,0.9651526437481593,0.595840426867123,0.3448716702755743,2100.0
mean,0.7495041825255044,0.6087460216879846,0.966214344750854,4.096800804138184,0.9337322286846054,0.6070453985885577,0.3538777695542798,2100.0
std,0.007481021869995712,0.013989490941451842,0.0127306198703439,0.4666740707658484,0.024661824617427937,0.01663111344375357,0.022177319582852132,3.265986323710904
