,MAE,MedAE,RMSE,MaxAE,MSE,PearsonCorr,R2Coeff,Test Cases
"(0, 0)",0.7489691424709196,0.6403624999999997,0.9459645616622655,3.5013000000000005,0.8948489519208822,0.6427567016755431,0.39860918512486854,2096.0
"(0, 1)",0.7639669953112741,0.6518500000000004,0.964191089830153,3.191949999999999,0.9296644577078581,0.5866309198144837,0.3371868654252952,2104.0
"(1, 0)",0.748432282086817,0.6154833333333332,0.9476522351911233,3.439866666666667,0.8980447588627322,0.6028104572453135,0.3573104235494535,2096.0
"(1, 1)",0.7309849525846461,0.6014666666666666,0.9341747608937571,3.6164083333333332,0.8726824838909081,0.6603835496076665,0.41616842190059455,2104.0
"(2, 0)",0.7552192976001512,0.6230499999999997,0.9574454251310244,3.8236600000000003,0.916701742104328,0.6006902259409098,0.3546298415361656,2100.0
"(2, 1)",0.7551246654761905,0.6362166666666678,0.9523686514857677,3.3873499999999988,0.9070060483328195,0.6313960092022038,0.38434053790015843,2100.0
mean,0.7504495559216663,0.6280715277777779,0.9502994540323484,3.4934224999999994,0.9031580738032546,0.6207779772476868,0.37470754590608935,2100.0
std,0.010103300231899934,0.01670490966874415,0.009435118922148164,0.19546936989791316,0.01791077572938756,0.026002497799793075,0.02737597082946369,3.265986323710904
