,MAE,MedAE,RMSE,MaxAE,MSE,PearsonCorr,R2Coeff,Test Cases
"(0, 0)",0.7703294466819813,0.6280539846420288,0.987557428422193,4.055010261535644,0.9752696744318549,0.6004698528724318,0.344561757634562,2096.0
"(0, 1)",0.7680643565510842,0.6147019195556641,0.9888713008334991,4.44108943939209,0.9778664496121365,0.5705276256551247,0.30282079594513966,2104.0
"(1, 0)",0.7350784004860706,0.5960747861862182,0.9486593182441599,4.326621713638305,0.8999545020914743,0.6080935924694408,0.35594370763168126,2096.0
"(1, 1)",0.7872723097583642,0.6540442705154419,1.0142951535340916,3.6206710624694827,1.0287946584827465,0.5667342597254508,0.3117281255328763,2104.0
"(2, 0)",0.765832578206772,0.6299271297454834,0.9761541763907821,3.910171422958374,0.952876976085166,0.5842201562848072,0.32916199805515833,2100.0
"(2, 1)",0.764128483989409,0.6194048237800598,0.979799372534779,3.5009207344055175,0.9600068104195467,0.6028153113627875,0.34836456978266406,2100.0
mean,0.7651175959456135,0.6237011524041494,0.9825561249932507,3.9757474390665686,0.9657948451871542,0.5888101330616738,0.33209682576368027,2100.0
std,0.01544085995144762,0.01751701792056537,0.019450100909802776,0.34199862948413856,0.038165857266787895,0.016055155140338513,0.019447668590118282,3.265986323710904
