,MAE,MedAE,RMSE,MaxAE,MSE,PearsonCorr,R2Coeff,Test Cases
"(0, 0)",0.7019005695487308,0.5565678644180297,0.9080099517112519,3.657252688407898,0.8244820724066699,0.6833097600991862,0.4458998423027447,2096.0
"(0, 1)",0.702480729997668,0.5540981245040892,0.9116316329349464,3.731778383255005,0.831072234167637,0.6628395912320335,0.40747913075563147,2104.0
"(1, 0)",0.6978140151375578,0.5531197381019592,0.8996798195539619,3.918995532989502,0.8094237777126495,0.6672690869308617,0.42073240811969503,2096.0
"(1, 1)",0.6957535476212039,0.5681460237503053,0.9021413619827683,3.839455413818359,0.8138590370001242,0.6853981823126866,0.45552177946355676,2104.0
"(2, 0)",0.7016558242741086,0.5563229525089265,0.9175945658396158,4.284859895706177,0.8419797872583931,0.668262214431909,0.40723508664996877,2100.0
"(2, 1)",0.6985286102679513,0.5564776897430419,0.9044054125493786,3.2171849834918977,0.8179491502486116,0.6754135065603079,0.44479076540590146,2100.0
mean,0.69968888280787,0.5574553988377253,0.9072437907619871,3.774921149611473,0.8231276764656809,0.6737487235944974,0.43027650211624974,2100.0
std,0.0024800219045395078,0.004956221226835559,0.00603163240761134,0.3193056059691068,0.010961098782680326,0.008376469550469863,0.01929504825780229,3.265986323710904
