,MAE,MedAE,RMSE,MaxAE,MSE,PearsonCorr,R2Coeff,Test Cases
"(0, 0)",0.7917515063840422,0.6655999999999997,1.0004648290256948,3.4279999999999995,1.0009298741174129,0.6091700402631682,0.32731660316952027,2096.0
"(0, 1)",0.7685319693780555,0.6371333333333347,0.9696331580011173,3.4297,0.9401884610952197,0.6020273150446359,0.32968367691935796,2104.0
"(1, 0)",0.7663772231120501,0.6398499999999996,0.970829837992388,3.373300000000001,0.9425105743363263,0.5952391861498965,0.3254882723356959,2096.0
"(1, 1)",0.7816642620631903,0.6396000000000001,0.9930662059158515,3.4179999999999993,0.9861804893321044,0.6211139912208941,0.3402373463364011,2104.0
"(2, 0)",0.7715665699546486,0.6385500000000001,0.9729956452565363,3.5594999999999986,0.9467205256881834,0.6042076758294592,0.3334962206117281,2100.0
"(2, 1)",0.7684088190287225,0.6428499999999991,0.9710471167256631,3.2196999999999996,0.9429325029012235,0.6335971690253643,0.35995430394351147,2100.0
mean,0.7747167249867849,0.6439305555555556,0.9796727988195418,3.4046999999999996,0.9599104045784118,0.6108925629222364,0.3360294038860358,2100.0
std,0.009091788386973526,0.00984284575995768,0.012313075631100638,0.10043138619641406,0.02424405573858607,0.012853354677703844,0.011717659332178401,3.265986323710904
