,MAE,MedAE,RMSE,MaxAE,MSE,PearsonCorr,R2Coeff,Test Cases
"(0, 0)",0.6694740250968297,0.5400134682655334,0.8655038015634398,3.504644914865494,0.749096830520766,0.7133974390513045,0.49656313240327454,2096.0
"(0, 1)",0.6547698313146546,0.5080499982833862,0.8489119748498977,3.89648211479187,0.7206515410435533,0.7097332281740731,0.4862046161979118,2104.0
"(1, 0)",0.6477931226253907,0.5145597100257875,0.8475762021023037,3.7988509273529054,0.7183854183701651,0.7065091720604725,0.4858843997427732,2096.0
"(1, 1)",0.6846556142699186,0.5544504451751708,0.881803494985994,3.9412688493728636,0.7775774037695139,0.6960181417188326,0.4797944829680527,2104.0
"(2, 0)",0.6513009100736606,0.5228695535659791,0.8547479828148399,3.9730576157569883,0.7305941141260378,0.7033964159783372,0.485652074660719,2100.0
"(2, 1)",0.633991772920319,0.49866161346435545,0.8271243941091884,3.6795276260375975,0.684134763330492,0.7332751792753233,0.5356215747733373,2100.0
mean,0.6569975460501288,0.5231007981300354,0.8542779750709438,3.79897200802962,0.7300733451934214,0.7103882627097239,0.4949533801243447,2100.0
std,0.016186582145543155,0.018998433111561113,0.01680733477113906,0.1637873741650474,0.02873595629730297,0.011573884428974118,0.01884846182995826,3.265986323710904
