,MAE,MedAE,RMSE,MaxAE,MSE,PearsonCorr,R2Coeff,Test Cases
"(0, 0)",0.7953990632051366,0.6651900000000006,1.0094552361819837,3.9045733333333335,1.0189998738552244,0.5647683812744778,0.31517250684601394,2096.0
"(0, 1)",0.7883110529361005,0.6389986111111108,0.9974688915260234,3.4365200000000007,0.9949441895621537,0.5394511913281632,0.290645058501513,2104.0
"(1, 0)",0.7967631485170306,0.661697857142859,1.0088200221536627,3.485668333333333,1.0177178370981166,0.5283598086211991,0.2716658727577612,2096.0
"(1, 1)",0.7738862965365824,0.6320273809523814,0.9910376740900029,3.6746333333333325,0.9821556714657227,0.5884495002763629,0.3429299817563486,2104.0
"(2, 0)",0.7798464704738151,0.6432900595238071,0.9938519995817111,3.7502372549019607,0.9877417970725656,0.552133623324274,0.3046167026640969,2100.0
"(2, 1)",0.8193926471675071,0.671983333333334,1.0414222212816926,3.6879442857142855,1.0845602429792947,0.5191706961268163,0.26381993037990104,2100.0
mean,0.7922664464726954,0.6521978736772489,1.0070093408025127,3.6565960901027075,1.0143532686721797,0.5487222001585489,0.29814167548427245,2100.0
std,0.014569347014189306,0.014781339069255647,0.01689544934792801,0.15770183674991956,0.03435961423009425,0.023170549178726258,0.026686816832104006,3.265986323710904
