,MAE,MedAE,RMSE,MaxAE,MSE,PearsonCorr,R2Coeff,Test Cases
"(0, 0)",0.6720488768908416,0.5307347869873048,0.8719455588761914,3.9627603912353515,0.7602890576439137,0.7047866234201957,0.48904130139994284,2096.0
"(0, 1)",0.6662206241494122,0.5447996735572814,0.8587475160842967,3.6970309019088745,0.7374472963809494,0.7019808408883981,0.47422992237109074,2104.0
"(1, 0)",0.6627276746061354,0.5264396286010744,0.8617803091128728,3.7433261013031007,0.7426653011746787,0.6961204229137876,0.46850839766503394,2096.0
"(1, 1)",0.6930511449176833,0.5596288156509399,0.891029339619819,3.9889404869079588,0.7939332840633307,0.692379653549551,0.46885226792488044,2104.0
"(2, 0)",0.6818290358378775,0.5631295275688171,0.8774872185981496,4.06856671333313,0.7699838188031167,0.6875114075916494,0.45792120126788005,2100.0
"(2, 1)",0.6917105541718858,0.5297611510753633,0.9027074045292637,3.956660451889038,0.8148806581919598,0.6783707575072703,0.446873602860545,2100.0
mean,0.6779313184289726,0.5424155972401302,0.8772828911367655,3.9028808410962426,0.7698665693763248,0.6935249509784752,0.4675711155815622,2100.0
std,0.011807927818191526,0.014622206442380277,0.015533779161647514,0.13488747805234008,0.027350002070282483,0.008871187490494002,0.013097940773679704,3.265986323710904
