,MAE,MedAE,RMSE,MaxAE,MSE,PearsonCorr,R2Coeff,Test Cases
"(0, 0)",0.7291301029070302,0.5896881628036499,0.9350164296228388,3.5884769105911256,0.874255723664641,0.660420112664813,0.4124490385385041,2096.0
"(0, 1)",0.7160026016747827,0.5813318061828614,0.9213229769438571,4.131710891723633,0.848836027844691,0.6485444647639248,0.3948142647694065,2104.0
"(1, 0)",0.7038241223948262,0.5672110700607298,0.9210118610592436,4.301824960708618,0.8482628482118114,0.6410418828438403,0.39293706103649395,2096.0
"(1, 1)",0.7542783011276515,0.603811058998108,0.9716251866248969,4.3466031360626225,0.9440555032838658,0.6225901070910548,0.3684192997225917,2104.0
"(2, 0)",0.7008090662859736,0.5682830834388732,0.901678198302599,4.10089409828186,0.813023573294221,0.6655751455286887,0.42762064449964887,2100.0
"(2, 1)",0.7513845463917369,0.5955571746826172,0.9680390683896504,3.64327486038208,0.9370996379287022,0.6206169108524625,0.36391354822648425,2100.0
mean,0.7259047901303335,0.5843137260278065,0.9364489534905144,4.018797476291656,0.8775888857046553,0.6431314372907974,0.39335897613218823,2100.0
std,0.021134810649299514,0.013501974486284663,0.025539052667943905,0.29811726623494555,0.048003252890961946,0.01715194637635747,0.022470754932170083,3.265986323710904
