,MAE,MedAE,RMSE,MaxAE,MSE,PearsonCorr,R2Coeff,Test Cases
"(0, 0)",0.6897516821128608,0.5413511562347414,0.8923364480462416,3.4296146965026857,0.7962643365117829,0.694120855338868,0.46486381063206994,2096.0
"(0, 1)",0.6737831554806901,0.5516675615310669,0.8752656181178343,4.194440727233887,0.7660899022591946,0.6855782676037013,0.4538089035538764,2104.0
"(1, 0)",0.665979714562249,0.5272045564651489,0.8610957795740172,3.6217846298217773,0.7414859416001843,0.692914252520451,0.46935241139367534,2096.0
"(1, 1)",0.6876209773501459,0.5560046362876891,0.8878056199068544,3.6691101670265196,0.788198818738194,0.6935218951944525,0.4726886712011371,2104.0
"(2, 0)",0.6659891331400191,0.5310783433914186,0.8676692508296259,3.9691727638244627,0.7528499288352442,0.7011515385327326,0.46998368656248024,2100.0
"(2, 1)",0.6556896331638098,0.5170993709564209,0.8541388366029744,3.7436593627929686,0.7295531521934826,0.7130013485753204,0.5047923858079184,2100.0
mean,0.6731357159682959,0.5374009374777476,0.8730519255129247,3.7712970578670504,0.7624070133563471,0.696714692960921,0.4725816448585262,2100.0
std,0.012199590933072324,0.013670731414670144,0.013687538658276458,0.2478279527513521,0.02392176320165448,0.008566660358581786,0.015634904351395612,3.265986323710904
