,MAE,MedAE,RMSE,MaxAE,MSE,PearsonCorr,R2Coeff,Test Cases
"(0, 0)",2.2394048270006586,2.2859903651475904,2.54870143330234,6.476418647766113,6.495878996117404,0.02766087169409641,-3.36561048031567,2096.0
"(0, 1)",2.277754899967398,2.3183169308304787,2.56244526618483,6.508505010604859,6.566125742193044,0.0119573804593811,-3.6813819213063423,2104.0
"(1, 0)",2.291969300042749,2.3355159997940063,2.596828259685773,6.267245054244995,6.743517010302639,0.021361440088024288,-3.826026819227746,2096.0
"(1, 1)",2.2903686552415445,2.3047517810761926,2.594333165012681,7.115282821655273,6.730564571084715,0.02935577105325312,-3.502801657615894,2104.0
"(2, 0)",2.3287604283931,2.3295585656166073,2.6251881813592473,6.475250835418701,6.891612987548272,0.005881495311207375,-3.851786749783737,2100.0
"(2, 1)",2.323932251565052,2.3480021983385084,2.616126166475024,6.13645450592041,6.844116118915304,-0.04249886678100437,-3.645663450718339,2100.0
mean,2.292031727035084,2.320355973467231,2.590603745336649,6.49652614593506,6.7119692376935625,0.008953015304159656,-3.645545179827955,2100.0
std,0.029840769293052953,0.020442893632260532,0.02722998974088494,0.3071594787231099,0.14085515086030093,0.024447160549639593,0.1708472234144649,3.265986323710904
