,MAE,MedAE,RMSE,MaxAE,MSE,PearsonCorr,R2Coeff,Test Cases
"(0, 0)",2.27001518126762,2.3030458664894105,2.564355503015614,5.681922459602356,6.575919145846463,-0.02098171954916745,-3.41940214064556,2096.0
"(0, 1)",2.309579259053354,2.3187100851535796,2.5922774807958566,6.729749393463135,6.719902537441313,-0.023466401519980758,-3.791018552930036,2104.0
"(1, 0)",2.3284643582023863,2.3847499042749405,2.627037220210423,5.410726523399353,6.901324556370905,-0.07711080363626585,-3.938962465187922,2096.0
"(1, 1)",2.2414830596336364,2.246727669984102,2.5408217100191095,5.95464174747467,6.455774962104432,0.029851452146302603,-3.318965206194312,2104.0
"(2, 0)",2.282174466711283,2.315209296345711,2.5794985332317535,6.104992461204529,6.653812682944769,0.010892189434153727,-3.6843721881920732,2100.0
"(2, 1)",2.301314864187652,2.3362417757511142,2.5915689431076077,5.591541776657104,6.716229586879884,-0.0219299707288158,-3.558856363083737,2100.0
mean,2.288838531509322,2.3174474329998094,2.5825932317300606,5.912262393633525,6.6704939119312945,-0.017124208975628923,-3.618596152705607,2100.0
std,0.028276349917047913,0.04102467449452114,0.026572755848329584,0.43102248819195443,0.13732117331609284,0.03333722143190891,0.21202057531007243,3.265986323710904
