,MAE,MedAE,RMSE,MaxAE,MSE,PearsonCorr,R2Coeff,Test Cases
"(0, 0)",0.8525061045983279,0.7172499999999999,1.0717146955303265,3.5039,1.1485723886156602,0.5254898672111548,0.22809220120344986,2096.0
"(0, 1)",0.8376152229313779,0.7167999999999994,1.0483781971375588,3.3534000000000006,1.099096844233398,0.5066921943045442,0.21638843080690273,2104.0
"(1, 0)",0.8340484653307888,0.6941500000000005,1.048503786448229,3.4918999999999993,1.0993601901962735,0.48460668216789854,0.2132381732302584,2096.0
"(1, 1)",0.8552897306717363,0.7253000000000007,1.0756526354162164,3.7407000000000004,1.1570285920778518,0.518862107777773,0.22593859589441545,2104.0
"(2, 0)",0.8417853793650794,0.7035999999999996,1.049130976284595,3.5110000000000006,1.1006758053998678,0.5125443932114214,0.2251096661847749,2100.0
"(2, 1)",0.8477798095238096,0.7007499999999993,1.072223442496057,3.411199999999999,1.1496631106380952,0.510727165839177,0.21962926973585328,2100.0
mean,0.8448374520701867,0.7096416666666666,1.0609339555521637,3.502016666666666,1.1257328218601912,0.5098204017519947,0.22139938950927576,2100.0
std,0.007687585266088562,0.010877094306640822,0.012327360489189332,0.12075519887588933,0.026161596673357698,0.012787000451715002,0.0053853622328085896,3.265986323710904
