,MAE,MedAE,RMSE,MaxAE,MSE,PearsonCorr,R2Coeff,Test Cases
"(0, 0)",2.2384485568007,2.293478679060936,2.5286080748460815,5.967998852729798,6.393858796176807,0.015085297418727658,-3.297046941134787,2096.0
"(0, 1)",2.3060552987038823,2.3351782566308974,2.598049095367963,6.093803215026855,6.74985910194229,-0.004118989377860308,-3.812376371068999,2104.0
"(1, 0)",2.2731819501826322,2.2847415065765384,2.5634839723550344,6.085355911254883,6.571450076521148,-0.026131704765435297,-3.7028863814023367,2096.0
"(1, 1)",2.2600231054995366,2.2755403396487237,2.5651826209947313,6.03818103313446,6.5801618790534,-0.06989243335526411,-3.402181050854617,2104.0
"(2, 0)",2.2928694212632164,2.288187114596367,2.5903707150671034,6.410220708847046,6.710020441477256,-0.010727380399234567,-3.723943194076427,2100.0
"(2, 1)",2.3241894929600617,2.3755949383974073,2.6194522182146285,6.0432239818573,6.861529923509538,-0.00669795443186859,-3.657483629414285,2100.0
mean,2.282461304235005,2.308786805818478,2.5775244494742573,6.106463950475057,6.64448003644674,-0.01708052748515587,-3.5993195946585756,2100.0
std,0.028673298613233276,0.03536011219427546,0.029116126273388696,0.14183819744306683,0.14988448446603828,0.026526160906887704,0.18496203587187426,3.265986323710904
