,MAE,MedAE,RMSE,MaxAE,MSE,PearsonCorr,R2Coeff,Test Cases
"(0, 0)",0.7716032328017084,0.6419999999999995,0.9790623003549416,3.5025000000000004,0.9585629879763098,0.6119230798760129,0.35578962772347045,2096.0
"(0, 1)",0.7611685199393445,0.6403499999999993,0.9654808683245026,3.3823,0.9321533071006356,0.5915368340670976,0.3354124165326501,2104.0
"(1, 0)",0.7611816864322065,0.6315500000000007,0.9663835548921488,3.514400000000001,0.9338971751659867,0.5839343839490144,0.33165248832822103,2096.0
"(1, 1)",0.7694364469038566,0.6363500000000015,0.9752554192944348,3.5583,0.951123132863164,0.6275722056164724,0.3636909988721996,2104.0
"(2, 0)",0.7574881657974302,0.6366999999999998,0.9534109612262328,3.4269500000000006,0.9089924609863291,0.6182777423528648,0.3600572774711558,2100.0
"(2, 1)",0.7613749152683297,0.6350666666666682,0.9615919641835423,3.3259000000000003,0.9246591055823629,0.6238358232346304,0.37235795878654765,2100.0
mean,0.7637088278571461,0.6370027777777781,0.9668641780459671,3.451725,0.9348980282791312,0.6095133448493488,0.3531601279523741,2100.0
std,0.005035054483407412,0.00341992279351098,0.008466964664369565,0.08075688696121638,0.016369450674381,0.016285553446980825,0.014784568049368448,3.265986323710904
