,MAE,MedAE,RMSE,MaxAE,MSE,PearsonCorr,R2Coeff,Test Cases
"(0, 0)",0.687308998874154,0.5507582998275757,0.8918742793900505,3.7191686058044433,0.7954397302375219,0.6949764238628804,0.46541799426067487,2096.0
"(0, 1)",0.6585283242640556,0.5211109685897826,0.8571991052764194,3.6564706802368163,0.734790306086694,0.7037593152146185,0.47612424892178196,2104.0
"(1, 0)",0.6654942728496577,0.5425560092926027,0.8666429413220821,3.7535985946655273,0.7510699877433898,0.6918071949410249,0.46249354773941875,2096.0
"(1, 1)",0.6895192426326949,0.5560752964019776,0.8908936212489219,3.4433940696716308,0.7936914443820176,0.6927762807526239,0.4690140606105301,2104.0
"(2, 0)",0.6525136249262662,0.5240782260894776,0.8450320441508876,3.867780044078827,0.7140791556418277,0.7147668351905648,0.4972788239996172,2100.0
"(2, 1)",0.6735798579129435,0.5151896262168885,0.8870803995941329,3.6360744857788085,0.7869116353440864,0.6923819179339759,0.46585847467438923,2100.0
mean,0.671157386909962,0.5349614044030507,0.8731203984970825,3.679414413372676,0.7626637099059229,0.6984113279826148,0.47269785836773526,2100.0
std,0.013802503549860809,0.015568224684109115,0.018013318245645733,0.12953485133104103,0.031349507307781264,0.008362857026007166,0.011785838505468181,3.265986323710904
