,MAE,MedAE,RMSE,MaxAE,MSE,PearsonCorr,R2Coeff,Test Cases
"(0, 0)",2.2110149629979277,2.2478758972883224,2.5308575533150512,6.375647163391113,6.405239955171848,0.0011769358535960615,-3.304695745402322,2096.0
"(0, 1)",2.253656634053378,2.3085217279195787,2.5420493355219618,5.629914808273315,6.462014824227647,0.05690111306482595,-3.6071550501939056,2104.0
"(1, 0)",2.306624206712875,2.312855570334941,2.5970987971655957,5.629680261611938,6.744922162238984,-0.0011291096913714949,-3.8270324222268224,2096.0
"(1, 1)",2.230398766994582,2.2469388151168825,2.535622297088524,6.041830015182495,6.429380433492484,0.001928840370404081,-3.3013070549455357,2104.0
"(2, 0)",2.2394835455699336,2.2602756278961897,2.5430070764436294,5.7168493795394895,6.466884990842375,0.009802955372535626,-3.552772619071072,2100.0
"(2, 1)",2.2911337936591987,2.3418088737130165,2.5954500273431953,5.3474710655212405,6.736360844435794,-0.021557683582119503,-3.5725211001833923,2100.0
mean,2.255385318331316,2.2863794187114883,2.5573475144796594,5.790232115586598,6.540800535068189,0.007853841897978454,-3.5275806653371746,2100.0
std,0.03354670395445707,0.03647643808552097,0.027824903466063842,0.33138929562289965,0.14281181034647583,0.02392645613820712,0.1823618878954494,3.265986323710904
