,MAE,MedAE,RMSE,MaxAE,MSE,PearsonCorr,R2Coeff,Test Cases
"(0, 0)",0.8378384658776735,0.6816281270980834,1.067585954920988,3.659252939224243,1.139739771144558,0.5413161729513774,0.234028236561176,2096.0
"(0, 1)",0.8447974440672156,0.6408104801177978,1.104317037672326,4.826517038345337,1.2195161196933815,0.48948501164039276,0.1305343608044458,2104.0
"(1, 0)",0.8176669372646636,0.6523554348945617,1.0639120888617577,4.132349414825439,1.1319089328261884,0.5120706170154443,0.18994452621726432,2096.0
"(1, 1)",0.8117794171556434,0.6649367189407349,1.0352024318222008,3.9467643547058104,1.0716440748505984,0.5682802731136297,0.28306152245503935,2104.0
"(2, 0)",0.8095881536537692,0.6377862262725829,1.0470409655161754,4.504663591384888,1.096294783469045,0.5371363434188428,0.22819396360438937,2100.0
"(2, 1)",0.8083998499715612,0.6581885075569153,1.0421174547932337,4.158291174173355,1.0860087895847275,0.5546874575797838,0.262836682886054,2100.0
mean,0.821678377998421,0.655950915813446,1.060029322264447,4.204639752109845,1.1241854119280832,0.5338293126199118,0.2214332154213948,2100.0
std,0.01433069880797779,0.01481658348055093,0.022874611858136322,0.3759579415897004,0.04896506996490542,0.026232226631266425,0.04995127115149858,3.265986323710904
