,MAE,MedAE,RMSE,MaxAE,MSE,PearsonCorr,R2Coeff,Test Cases
"(0, 0)",0.7189871276293718,0.5768557929992675,0.923687121459549,4.062011489868164,0.8531978983502277,0.674488202543438,0.4266011283388539,2096.0
"(0, 1)",0.7203186991367446,0.5856378841400147,0.9205484177930737,4.320173482894898,0.8474093895013315,0.6461762764663955,0.39583140017178386,2104.0
"(1, 0)",0.6914585377138022,0.5487705612182618,0.8901922798246925,3.6638632559776307,0.7924422950594836,0.6677774327731147,0.4328852788827142,2096.0
"(1, 1)",0.7115932687949884,0.5833714294433594,0.911331480748709,3.7636613941192625,0.8305250678036346,0.6763206585960563,0.44437207124289413,2104.0
"(2, 0)",0.6888260582733722,0.5426617956161499,0.89298943586629,4.104231719970703,0.7974301325687948,0.6735866708420244,0.43859863314060366,2100.0
"(2, 1)",0.7026306985541468,0.5507201027870179,0.9144095851013987,3.9260387516021726,0.8361448893253121,0.6654116960961609,0.4324398235868676,2100.0
mean,0.7056357316837376,0.5646695943673453,0.9088597201322854,3.973330015738805,0.826191612101464,0.6672934895528649,0.4284547225606196,2100.0
std,0.012395763580684524,0.017652393721514198,0.012869390915180587,0.2188100853426669,0.023322447149567438,0.010186345786417344,0.015596413827465535,3.265986323710904
