,MAE,MedAE,RMSE,MaxAE,MSE,PearsonCorr,R2Coeff,Test Cases
"(0, 0)",0.8495544624681935,0.7215500000000002,1.0664067749277528,3.5118,1.137223409611811,0.5196298615669619,0.23571937863543413,2096.0
"(0, 1)",0.8236286517743979,0.6869499999999997,1.0325665720854427,3.5334000000000003,1.0661937257882816,0.5303697974037485,0.23984702266020497,2104.0
"(1, 0)",0.8268793813613231,0.6973,1.0420609632246984,3.7130999999999994,1.0858910510767865,0.4925330744518407,0.22287742030611568,2096.0
"(1, 1)",0.8493170579847907,0.7218500000000005,1.0662060884864204,3.4827000000000004,1.1367954231255124,0.5304516225619975,0.23947474813472214,2104.0
"(2, 0)",0.8380604952380952,0.71,1.0465377120156856,3.6502,1.0952411826710262,0.5101041273221376,0.22893571250999756,2100.0
"(2, 1)",0.8366088492063493,0.6983999999999997,1.0551684158811558,3.5330999999999997,1.113380385873148,0.5369886083999769,0.2442573335214956,2100.0
mean,0.8373414830055251,0.7060083333333335,1.0514910877701926,3.5707166666666663,1.1057875296910944,0.5200128486177772,0.23518526929466166,2100.0
std,0.009925743511200607,0.012944606877855687,0.012410561266569748,0.08227623019776437,0.026083583824706644,0.015043704302261778,0.007225640709927559,3.265986323710904
