,MAE,MedAE,RMSE,MaxAE,MSE,PearsonCorr,R2Coeff,Test Cases
"(0, 0)",0.78445350781534,0.6551633333333325,0.9901844330732017,3.682083333333333,0.9804652115004978,0.6010813756117925,0.34107005295667425,2096.0
"(0, 1)",0.7632369626494457,0.6439583333333332,0.9698106574686461,3.5976000000000004,0.9405327113397677,0.5840996442040326,0.3294382404268954,2104.0
"(1, 0)",0.7589944269907228,0.6215525000000004,0.960698400709372,3.445316666666665,0.9229414171255451,0.5932775011746803,0.33949302347440113,2096.0
"(1, 1)",0.7542054488704079,0.6194741666666668,0.9650196854836004,3.496088888888889,0.9312629933708669,0.637281370296308,0.37697759141312603,2104.0
"(2, 0)",0.7614312643193447,0.6359983333333333,0.9681362631212025,3.416433333333334,0.9372878239702862,0.5934799217305099,0.3401369674575311,2100.0
"(2, 1)",0.7676513974522833,0.635459285714285,0.9682767364467156,3.335350000000001,0.9375598383439023,0.6243593520616957,0.3636011724263438,2100.0
mean,0.7649955013495906,0.6352676587301586,0.970354362717123,3.4954787037037036,0.9416749992751443,0.6055965275131698,0.34845284135916205,2100.0
std,0.00960817507526189,0.012311757725872103,0.00934933318426291,0.1152215413662811,0.018264374293358355,0.018872581441299583,0.016373891861981762,3.265986323710904
