,MAE,MedAE,RMSE,MaxAE,MSE,PearsonCorr,R2Coeff,Test Cases
"(0, 0)",0.7980228356733915,0.6737599999999992,1.0104316982919306,3.4278500000000003,1.0209722169131152,0.5970881754956696,0.3138469769940181,2096.0
"(0, 1)",0.7812708597569257,0.6509500000000003,0.9853526780274691,3.4799333333333324,0.970919900095905,0.5781769984691213,0.30777340462148295,2104.0
"(1, 0)",0.7749716949518357,0.6489874999999996,0.9806480717255931,3.474666666666666,0.961670640579124,0.577047432466606,0.31177628889965614,2096.0
"(1, 1)",0.7846295238095239,0.6465999999999995,0.9964163404408413,3.3332500000000005,0.9928455234975185,0.6124605509967581,0.33577838504554225,2104.0
"(2, 0)",0.7902022168178382,0.6700866666666665,0.9924052000486895,3.3623000000000007,0.9848680810836794,0.5715949422987086,0.3066398367522576,2100.0
"(2, 1)",0.783470401908541,0.6475499999999994,0.991570985770656,3.386183333333334,0.9832130198221906,0.6120454031948626,0.33261261043854573,2100.0
mean,0.7854279221530094,0.6563223611111108,0.9928041623841967,3.4106972222222223,0.985748230331922,0.5914022504869544,0.3180712504585838,2100.0
std,0.00721698132419179,0.01116294789255978,0.009387517485251672,0.05495640815991743,0.018698985987974318,0.016709373947401594,0.011684659750353509,3.265986323710904
