,MAE,MedAE,RMSE,MaxAE,MSE,PearsonCorr,R2Coeff,Test Cases
"(0, 0)",2.214572937782669,2.271320902109146,2.5298597190782717,5.847005915641785,6.400190198214792,-0.01295329003631052,-3.301302013482755,2096.0
"(0, 1)",2.303231709382883,2.3021732553094623,2.583728078181313,5.8826296472549435,6.6756507819825,-0.0016480919396202004,-3.7594688421683653,2104.0
"(1, 0)",2.3033543992696335,2.2972844725847246,2.5986252545255044,5.5784831142425535,6.752853213457742,-0.026250651594830303,-3.832708312986484,2096.0
"(1, 1)",2.2503963581676607,2.2447515122592447,2.538580193911624,6.113219704627991,6.444389400920379,0.008123423516085953,-3.31134817448308,2104.0
"(2, 0)",2.28163467506149,2.2839667531847954,2.5977965939050174,6.524637823104858,6.748547143304511,-0.0692273153885413,-3.751066502041642,2100.0
"(2, 1)",2.3159962564278924,2.3986457979679106,2.610113756729086,6.192349405288697,6.812693823066424,0.012501221070183406,-3.624334559035839,2100.0
mean,2.278197722682038,2.2996904489025476,2.5764505993884694,6.023054268360138,6.639054093491058,-0.014909117395505494,-3.5967047340330276,2100.0
std,0.03540510741032134,0.04808753599795601,0.030925756285891587,0.2990909336239303,0.1588391974914551,0.027509397435705085,0.21427083337645708,3.265986323710904
