,MAE,MedAE,RMSE,MaxAE,MSE,PearsonCorr,R2Coeff,Test Cases
"(0, 0)",2.2395562457984655,2.2367299515008927,2.5609161872089437,5.640482258796692,6.558291717908794,-0.09191276147095531,-3.4075554784476205,2096.0
"(0, 1)",2.3297999529098603,2.3604683980345724,2.6195688471914655,6.028080034255981,6.862140945176024,-0.03911864881180044,-3.8924287812182135,2104.0
"(1, 0)",2.283191668644853,2.319596117138863,2.574929034397857,6.171849322319031,6.630259532185081,-0.03336299237419188,-3.744973620127279,2096.0
"(1, 1)",2.2655395296559853,2.313003068342805,2.5701060453682376,5.596803169250489,6.605445084438361,0.0049046573013314014,-3.419095717954958,2104.0
"(2, 0)",2.273384152612955,2.3139155298471454,2.5716084826723806,6.250482740402221,6.613170188152544,-0.003992013487678711,-3.655759333978212,2100.0
"(2, 1)",2.3279525147811286,2.35825159907341,2.635039347899716,6.49414472579956,6.943432364979762,-0.049452466972624565,-3.713077539899124,2100.0
mean,2.2865706774005408,2.3169941106562812,2.588694657456433,6.030307041803995,6.702123305473427,-0.035489037635986584,-3.638815078604235,2100.0
std,0.03270880313849838,0.04096076532232409,0.02798706719086681,0.3223742341464808,0.14545730771835375,0.03167549325286846,0.17471365485099183,3.265986323710904
