,MAE,MedAE,RMSE,MaxAE,MSE,PearsonCorr,R2Coeff,Test Cases
"(0, 0)",0.7648931322254665,0.6279083333333336,0.9721126968510286,3.7059809523809513,0.9450030953789799,0.616762645731148,0.3649026683558838,2096.0
"(0, 1)",0.7515380472145419,0.6254750000000002,0.9580789111895187,3.6918500000000005,0.9179152000660937,0.5931461175500031,0.3455636106282519,2104.0
"(1, 0)",0.7413521814936944,0.6051583333333335,0.946044622874661,3.3977750000000007,0.8950004284700595,0.6075045719099643,0.35948911162856445,2096.0
"(1, 1)",0.7440175466729275,0.6110409523809521,0.9521733899143794,3.4479000000000006,0.9066341644610408,0.6446554526069181,0.3934544754054047,2104.0
"(2, 0)",0.7544117356152912,0.6182561111111107,0.9585375834129051,3.5586533333333326,0.918794298815052,0.5997929375750174,0.35315665391802664,2100.0
"(2, 1)",0.758395174562871,0.6301833333333329,0.9624433942313195,3.248366666666667,0.9262972870995032,0.6231724251298076,0.371245990510792,2100.0
mean,0.7524346362974654,0.6196703439153438,0.9582317664123021,3.508420992063492,0.9182740790484548,0.6141723584171431,0.3646354184078206,2100.0
std,0.008053189152158696,0.009120913260428668,0.008121630797704433,0.1626514705232831,0.015579698472718468,0.016883225137432845,0.01525499640529026,3.265986323710904
