,MAE,MedAE,RMSE,MaxAE,MSE,PearsonCorr,R2Coeff,Test Cases
"(0, 0)",0.7746320306820248,0.6524749999999997,0.9807234118631352,3.5154750000000003,0.9618184105764686,0.6153838511765659,0.35360179340118636,2096.0
"(0, 1)",0.770173275224063,0.6481575000000009,0.9701292685360609,3.2374000000000014,0.9411507976703125,0.5898214125261353,0.3289975698873372,2104.0
"(1, 0)",0.7651872490117231,0.64225,0.9667358232965114,3.4153466666666663,0.9345781520447838,0.5837423401655091,0.3311651443094653,2096.0
"(1, 1)",0.7623743481991972,0.6336900000000001,0.9619434113251476,3.532566666666666,0.9253351265918621,0.6449726730016571,0.38094338181253784,2104.0
"(2, 0)",0.7654642080498867,0.6388333333333341,0.9631090107741649,3.4277333333333333,0.9275789666343904,0.6029326732704559,0.3469721315131665,2100.0
"(2, 1)",0.7784740393046108,0.6558333333333328,0.9807282186021523,3.5207249999999997,0.961827838762551,0.6038472345860978,0.3471284883561031,2100.0
mean,0.769384191745251,0.645206527777778,0.9705615240661953,3.441541111111111,0.9420482153800614,0.6067833641210701,0.3481347515466327,2100.0
std,0.005670189619343116,0.007707755810447292,0.007651364738755692,0.10212113464132674,0.014873846286588253,0.019893202163349746,0.017140878571219445,3.265986323710904
