,MAE,MedAE,RMSE,MaxAE,MSE,PearsonCorr,R2Coeff,Test Cases
"(0, 0)",0.7377624599160697,0.5985006070137024,0.9521885026717112,3.3274542713165283,0.9066629446201954,0.6376927152842506,0.3906694913015506,2096.0
"(0, 1)",0.6991327642961034,0.5484956836700439,0.8976543923668173,3.196723163127899,0.80578340813544,0.6560924222137615,0.4255090402709871,2104.0
"(1, 0)",0.7002214931483373,0.5599368572235108,0.9054175916984591,4.469022693634033,0.8197810153570377,0.6503069445237518,0.4133202066573769,2096.0
"(1, 1)",0.7168764122778075,0.5839067769050599,0.922032525056599,3.5040947914123537,0.850143977262248,0.6592325817924001,0.43124686352846553,2104.0
"(2, 0)",0.6897152329644988,0.5789992570877076,0.8869634322157309,3.9694677925109865,0.7867041300879095,0.6720214805030722,0.4461498808396449,2100.0
"(2, 1)",0.6999868361264466,0.5436106014251709,0.9061578596843086,3.4538306617736816,0.8211220666676472,0.6674524612152444,0.44263704656420044,2100.0
mean,0.7072825331215439,0.568908297220866,0.911735717282271,3.6534322289625805,0.8316995903550796,0.6571331009220801,0.4249220881937042,2100.0
std,0.015807080172757896,0.019746820853492122,0.02091822618823926,0.43628231285399083,0.038535430177731166,0.011241062230564845,0.018764462313564278,3.265986323710904
