,MAE,MedAE,RMSE,MaxAE,MSE,PearsonCorr,R2Coeff,Test Cases
"(0, 0)",0.8204567164223897,0.6558961009979247,1.0583082996448219,4.045571669340134,1.120016457097114,0.5518525926434472,0.2472834567651765,2096.0
"(0, 1)",0.8305022750620662,0.6766067504882813,1.0765204858155983,4.130479621887207,1.158896356380652,0.5042622096354079,0.17375379874827335,2104.0
"(1, 0)",0.8349118395075771,0.6945330858230592,1.0691444934008383,4.253336372375488,1.1430699477693351,0.5100959807251069,0.18195709808990346,2096.0
"(1, 1)",0.815909963535152,0.6534242463111879,1.0560693150143448,4.830648412704468,1.1152823981148672,0.5599752848043017,0.25386713433875996,2104.0
"(2, 0)",0.8130639695434344,0.6719249773025513,1.0482522595664614,4.27053466796875,1.098832799686192,0.5362926179139901,0.22640716659832738,2100.0
"(2, 1)",0.8534065213021779,0.6938178491592408,1.0940655913994257,3.9850377571582793,1.1969795182841751,0.5119857898693394,0.18751173961196044,2100.0
mean,0.8280418808954663,0.6743671683470409,1.0670600741402485,4.252601416905722,1.1388462462220559,0.5290774125985989,0.21179673235873353,2100.0
std,0.013697145816674021,0.01620575797563021,0.015134212826028354,0.2780365180506115,0.03242996477685307,0.02157799474097848,0.03206795015855026,3.265986323710904
