,MAE,MedAE,RMSE,MaxAE,MSE,PearsonCorr,R2Coeff,Test Cases
"(0, 0)",0.7356995391857079,0.5786892652511597,0.9611784658394227,4.201802644729614,0.9238640431934262,0.6324284775314423,0.37910934736273594,2096.0
"(0, 1)",0.7320359370203072,0.5990325117111206,0.933074826245006,3.303886585235596,0.8706286313721483,0.6253075332863715,0.37927702040686384,2104.0
"(1, 0)",0.7156999202986881,0.5726944828033447,0.9255563746104963,4.234394493103027,0.8566546025821253,0.6341953230564109,0.38693146609402795,2096.0
"(1, 1)",0.7420468302579603,0.6003704118728639,0.9499625602823023,3.6630515098571776,0.9024288659381069,0.6377501977087512,0.39626785383151564,2104.0
"(2, 0)",0.7124586511021568,0.5673207426071167,0.9261736100829108,4.497603807449341,0.8577975560140116,0.6370017703146743,0.3960991681069056,2100.0
"(2, 1)",0.721482793484841,0.57401132106781,0.932625779545871,3.7915237045288084,0.8697908446735435,0.6465108120258628,0.40960155165957124,2100.0
mean,0.7265706118916103,0.5820197892189026,0.9380952694343349,3.948710457483928,0.8801940906288936,0.6355323523205855,0.3912144012436034,2100.0
std,0.01076975468923655,0.01293850417327785,0.013090305337017416,0.4018833721727825,0.02468767502047409,0.006371462615312139,0.010761525255759121,3.265986323710904
