,MAE,MedAE,RMSE,MaxAE,MSE,PearsonCorr,R2Coeff,Test Cases
"(0, 0)",0.7738826092216466,0.6383333333333334,0.9834604299355403,3.415633333333334,0.9671944172489978,0.6080186642733498,0.3499888025979605,2096.0
"(0, 1)",0.7422232794110991,0.6088650000000008,0.9480970895669414,3.5274666666666663,0.8988880912453049,0.6117258557000836,0.3591291691852556,2104.0
"(1, 0)",0.7586386701048103,0.6323833333333326,0.964295808831996,3.4527666666666668,0.9298664069309532,0.5871342901903385,0.3345371248724224,2096.0
"(1, 1)",0.7522334400273101,0.6087500000000001,0.9588381348294439,3.4373999999999985,0.9193705688032068,0.6427337942195694,0.38493371879156113,2104.0
"(2, 0)",0.7590027522297808,0.6248750000000016,0.9636566531806376,3.6465749999999995,0.9286341452193078,0.5995649336186466,0.34622927182470054,2100.0
"(2, 1)",0.7559918537037036,0.6231083333333329,0.9629886052100691,3.364066666666666,0.9273470537644344,0.6183779353708828,0.37053342769883524,2100.0
mean,0.7569954341163917,0.622719166666667,0.9635561202591046,3.4739847222222218,0.9285501138687007,0.6112592455621452,0.35755858582845584,2100.0
std,0.009432272168321848,0.011023255247430098,0.010474587339009635,0.09121698824687338,0.020251209263386454,0.017179505490628598,0.0165118835837115,3.265986323710904
