,MAE,MedAE,RMSE,MaxAE,MSE,PearsonCorr,R2Coeff,Test Cases
"(0, 0)",0.795611866117519,0.6443367552757263,1.0281049941362363,4.142481575012207,1.0569998789678707,0.582518531493653,0.2896342816618668,2096.0
"(0, 1)",0.7936961868767956,0.6419818615913391,1.0130271743536041,3.6599425077438354,1.0262240559788476,0.5634379674497165,0.26834377965102907,2104.0
"(1, 0)",0.7738236939156329,0.6370407605171202,0.9941798120662425,4.6014027023315425,0.9883934987200693,0.5831562999742794,0.292651961063367,2096.0
"(1, 1)",0.7917656825780303,0.6384901690483094,1.023296497393188,4.0693361282348635,1.0471357215771668,0.5807960844559369,0.2994578072807058,2104.0
"(2, 0)",0.7784468895905076,0.6463299226760865,1.0019147732960303,4.131316337585449,1.0038332129488357,0.585292118253186,0.2932881329265322,2100.0
"(2, 1)",0.7989317363266435,0.6321020340919494,1.040758993423782,4.601663255691529,1.083179282392484,0.5568428123065846,0.2647573016947007,2100.0
mean,0.7887126759008548,0.6400469172000885,1.0168803741115138,4.201023751099904,1.0342942750975457,0.5753406356555594,0.2846888773797002,2100.0
std,0.009248895485190029,0.004764530210077741,0.015766415076776532,0.3263975513174901,0.032067837337270214,0.010994268991752763,0.013193218843370286,3.265986323710904
