,MAE,MedAE,RMSE,MaxAE,MSE,PearsonCorr,R2Coeff,Test Cases
"(0, 0)",2.2792547778453227,2.293357594609261,2.584514277349974,7.386196088790894,6.679714049825858,-0.013017932889581503,-3.489158384702237,2096.0
"(0, 1)",2.3599125694716525,2.4067692163586614,2.6397636800125137,6.446212244033814,6.968352286313209,0.023269115238141524,-3.9681531690474445,2104.0
"(1, 0)",2.340770394498098,2.3946706819534302,2.6306583760276716,6.601332759857177,6.920363491364547,-0.00807092340381416,-3.9525877605269084,2096.0
"(1, 1)",2.252735735450131,2.2683740389347076,2.557466493561217,6.0372833728790285,6.5406348656883075,0.014172534275287306,-3.3757371620216396,2104.0
"(2, 0)",2.2800344060950337,2.3097963166236877,2.577243262138128,6.014396023750305,6.6421828322363785,-0.00707765770407565,-3.6761846193789554,2100.0
"(2, 1)",2.2753861214850275,2.329061508178711,2.5699172319556833,6.590188398361206,6.604474579102761,-0.0017018308937102125,-3.482999065217318,2100.0
mean,2.298015667474211,2.3336715594430766,2.5932605535075313,6.512601481278737,6.72595368408851,0.0012622174370412174,-3.65747002681575,2100.0
std,0.03850726878569701,0.050899283117233164,0.030876944640341394,0.45745746991398,0.16062801349897182,0.013040636122486569,0.2317006186186899,3.265986323710904
