,MAE,MedAE,RMSE,MaxAE,MSE,PearsonCorr,R2Coeff,Test Cases
"(0, 0)",0.7845632571722772,0.6415083169937132,1.0036486223927796,4.277528228759765,1.0073105572309242,0.5980862117049499,0.3230284110574799,2096.0
"(0, 1)",0.7851678151754882,0.6247781038284301,1.017428112200669,4.575770769119263,1.0351599634962172,0.5584410394809911,0.26197283922972847,2104.0
"(1, 0)",0.7649275290829535,0.6137484812736511,0.99274935788289,4.437830123901367,0.9855512875768905,0.570131572707574,0.2946860016362509,2096.0
"(1, 1)",0.7737916382028236,0.6383098542690278,0.9942155965618162,4.020446186065674,0.9884646524467682,0.6079520886303309,0.33870922290034355,2104.0
"(2, 0)",0.7646873184364467,0.6209235286712647,0.992972008456964,4.35700006723404,0.9859934095790569,0.5884732279781069,0.3058475905984339,2100.0
"(2, 1)",0.7572849044234979,0.5892364120483398,0.9819035948696404,3.8703224658966064,0.9641346696179228,0.6045394072893359,0.34556265288435073,2100.0
mean,0.7717370770822479,0.6214174495140711,0.9971528820607932,4.256482973496119,0.9944357566579631,0.5879372579652148,0.3116344530510979,2100.0
std,0.010440715000311067,0.01729627366396578,0.011040219917064253,0.24159586673707073,0.02209162167263387,0.018104247507895833,0.028287222837399775,3.265986323710904
