,MAE,MedAE,RMSE,MaxAE,MSE,PearsonCorr,R2Coeff,Test Cases
"(0, 0)",2.2076168456585465,2.212344709634781,2.5213665786773474,6.071565794944763,6.357289424071113,-0.02198116395938191,-3.2724701849762132,2096.0
"(0, 1)",2.2935507722720927,2.322879537194967,2.5933496919636667,5.795287041664124,6.725462624808046,-0.04992479721562924,-3.7949826702042833,2104.0
"(1, 0)",2.261331710330076,2.296444319933653,2.5461156311260082,5.582370471954346,6.482704807064191,0.04528548246069826,-3.6393754493731683,2096.0
"(1, 1)",2.272915064800113,2.259788469672203,2.5824610828514967,5.834311919212341,6.669105244442526,0.009603765612880405,-3.4616848753671494,2104.0
"(2, 0)",2.277037206797018,2.279240859746933,2.577967455286697,6.118561019897461,6.645916200517367,-0.009049107417853827,-3.678812960057761,2100.0
"(2, 1)",2.3232942800270657,2.361687496006489,2.617754491326132,5.95647668838501,6.852638576858136,0.002373622647557081,-3.6514483425418245,2100.0
mean,2.272624313314152,2.2887308986981707,2.5731691552052243,5.893095489343008,6.622186146293562,-0.003948699645288206,-3.583129080420066,2100.0
std,0.035067587384160576,0.04710071900724396,0.031410905653822006,0.18086623456191372,0.16132998711206042,0.029190841137466794,0.16986571568132863,3.265986323710904
