,MAE,MedAE,RMSE,MaxAE,MSE,PearsonCorr,R2Coeff,Test Cases
"(0, 0)",0.7748253406715739,0.6460660714285715,0.9804718698070248,3.3647000000000014,0.9613250874828834,0.6236967685074339,0.3539333353632249,2096.0
"(0, 1)",0.7575462615426399,0.6376624999999996,0.956156720991232,3.5380999999999982,0.9142356750967047,0.6166854433317573,0.3481869630200597,2104.0
"(1, 0)",0.7637043258701381,0.6424000000000003,0.9710426237419938,3.5021000000000004,0.9429237771237354,0.5914458003749712,0.32519256199185465,2096.0
"(1, 1)",0.7619990140095962,0.6241500000000011,0.9736487028488767,3.5573999999999995,0.9479917965593003,0.6383758361919873,0.3657858879636978,2104.0
"(2, 0)",0.7619607033635677,0.6430883333333327,0.9661544666534796,3.4368999999999996,0.9334544534344696,0.6073191392889087,0.3428357110472089,2100.0
"(2, 1)",0.7735952834656086,0.6399500000000009,0.9799687756381288,3.2996000000000008,0.9603388012256933,0.6200936324899542,0.3481392203690521,2100.0
mean,0.7656051548205207,0.6388861507936511,0.9712405266134558,3.4498,0.9433782651537977,0.6162694366975021,0.3473456132925164,2100.0
std,0.006373109816855533,0.007086841930382543,0.008372850017437735,0.09316508645052177,0.016222474334665667,0.014462459653524279,0.012219358915108579,3.265986323710904
