,MAE,MedAE,RMSE,MaxAE,MSE,PearsonCorr,R2Coeff,Test Cases
"(0, 0)",2.2795879949251803,2.2882158762216567,2.5867399978186003,6.009909567832946,6.691223816314571,-0.008268638987585729,-3.496893620724821,2096.0
"(0, 1)",2.349651743355685,2.386916826814413,2.6337392572800096,5.858092308044434,6.9365824753378575,-0.009071474176706272,-3.9455025795548258,2104.0
"(1, 0)",2.315407192946931,2.342996393144131,2.61254664193711,5.959257173538208,6.825399956296871,-0.017911218682099328,-3.884626700091367,2096.0
"(1, 1)",2.2704731658329127,2.297624020278454,2.5723278226357,5.831311388015747,6.616870427105721,0.028959795209312043,-3.426739363797454,2104.0
"(2, 0)",2.25934973109251,2.2657384398579596,2.5363054963218032,5.916702842712402,6.432845570672189,0.05775385797843398,-3.528808416779036,2100.0
"(2, 1)",2.25371285145155,2.3178073292970653,2.559412702635383,6.741886329650879,6.550593382411354,-0.009510476140443262,-3.4464254738578095,2100.0
mean,2.2880304466007946,2.3165498142689462,2.583511986438101,6.05285993496577,6.675585938023094,0.006991974200151904,-3.621499359134218,2100.0
std,0.03397666927811622,0.03957127077774328,0.03243075629323761,0.31382599331465966,0.16773069283894035,0.027211439310843983,0.21091649466502962,3.265986323710904
