,MAE,MedAE,RMSE,MaxAE,MSE,PearsonCorr,R2Coeff,Test Cases
"(0, 0)",2.206112009209815,2.1886097449064255,2.50862404695359,5.983670196533203,6.293194608953809,0.03373592422865599,-3.229394721782203,2096.0
"(0, 1)",2.3428830296063206,2.3891531601548195,2.6323250843123653,6.214740648269653,6.929135349500101,0.010863236239323969,-3.940193080219694,2104.0
"(1, 0)",2.3313979374890694,2.366589060127735,2.6224630910192186,6.542126770019531,6.877312663758073,-0.006122391239827473,-3.921778251438197,2096.0
"(1, 1)",2.2626045045981846,2.317356675863266,2.5720009328908984,6.569422769546509,6.615188798791652,-0.05472110839388066,-3.4256143409735715,2104.0
"(2, 0)",2.2861498280176447,2.306847148835659,2.596624520806605,5.925819826126099,6.742458902054132,-0.05831700959036358,-3.74678029962699,2100.0
"(2, 1)",2.305873122411842,2.3632782427966594,2.5958107400909793,6.382700490951538,6.738233398371679,-0.03339041861628873,-3.573792156259633,2100.0
mean,2.289170071888813,2.321972338780761,2.587974736012276,6.269746783574422,6.699253953571574,-0.01799196122873008,-3.6395921417167147,2100.0
std,0.045754342910798274,0.06613842737112269,0.04050579382957166,0.25163013009454793,0.20812158576066947,0.033816996499044016,0.25815282507420845,3.265986323710904
