,MAE,MedAE,RMSE,MaxAE,MSE,PearsonCorr,R2Coeff,Test Cases
"(0, 0)",0.7156413363767717,0.5820520806312561,0.920305952858349,4.4343862628936765,0.8469630468665137,0.6755368019508206,0.43079131306932417,2096.0
"(0, 1)",0.6958019501203141,0.579171485900879,0.8921803672261626,4.364037494659424,0.7959858076638103,0.6677185307470691,0.43249433289572914,2104.0
"(1, 0)",0.6912768701751155,0.5458460164070129,0.892134961875211,3.6181044006347656,0.7959047902000843,0.6664429439354014,0.4304073294114731,2096.0
"(1, 1)",0.7007000845553134,0.5789577317237853,0.8990588179266678,3.671185474395752,0.808306758091697,0.6826737798252782,0.45923629856642934,2104.0
"(2, 0)",0.6765733760442052,0.5414028906822205,0.8767715517733721,4.135719423294067,0.7687283539990869,0.6883820550641672,0.4588050651052744,2100.0
"(2, 1)",0.7062243638055665,0.5738748216629027,0.9105099310120339,4.061398754119873,0.8290283344715387,0.66819602005844,0.43727041357172114,2100.0
mean,0.6977029968462144,0.5668841711680094,0.8984935971119662,4.047471968332926,0.8074861818821217,0.6748250219301961,0.4415007921033252,2100.0
std,0.012211676192544107,0.01667124895645529,0.013979908115644018,0.31194176971935417,0.025138672118080924,0.008272523727692297,0.012588065242408302,3.265986323710904
