,MAE,MedAE,RMSE,MaxAE,MSE,PearsonCorr,R2Coeff,Test Cases
"(0, 0)",2.2263058352543625,2.2548249527812003,2.537260595705281,5.469153833389282,6.437691330518718,0.0065481852176097165,-3.326504966971817,2096.0
"(0, 1)",2.3241316622136754,2.402084235548973,2.604814780066267,6.238737478256225,6.785060038451674,0.011761098490864146,-3.837473214208809,2104.0
"(1, 0)",2.329443393024609,2.349815926551819,2.6229674004826626,5.969833898544311,6.879957983994776,-0.008364037657946974,-3.92367138619092,2096.0
"(1, 1)",2.30197908226266,2.3543543800711633,2.5965351141411523,6.271363306045532,6.741994598968007,0.0386134484689794,-3.51044843790541,2104.0
"(2, 0)",2.2445753748388517,2.280589148849249,2.531286292318435,6.181954584121704,6.4074102936792094,0.053045998722211954,-3.510901645154659,2100.0
"(2, 1)",2.2992143261864073,2.3426764357089995,2.60251866516104,6.058472204208374,6.773103402511602,-0.0043073195927394795,-3.597461290585324,2100.0
mean,2.2876082789634276,2.330724179918567,2.5825638079791395,6.0315858840942385,6.6708696080206655,0.01621622894149646,-3.6177434901694894,2100.0
std,0.0388054443222035,0.049044553090677484,0.03512528628993578,0.27199317840043696,0.18076266016281767,0.022348721782907244,0.2041370790634536,3.265986323710904
