,MAE,MedAE,RMSE,MaxAE,MSE,PearsonCorr,R2Coeff,Test Cases
"(0, 0)",2.245668610386792,2.2447312092781067,2.5547555455985904,5.501190114021301,6.526775897766751,-0.011994893992104856,-3.386375004674928,2096.0
"(0, 1)",2.2905796441174475,2.31808307826519,2.5715829340006224,6.129438953399658,6.613038786443249,0.022018758153394782,-3.714829023273202,2104.0
"(1, 0)",2.3160247680009878,2.3474204640462997,2.611428369772177,5.733388242721558,6.819558130450971,0.011811988415687454,-3.880445972414325,2096.0
"(1, 1)",2.251537001417461,2.2690722918510438,2.5527656547795683,5.7688700342178345,6.516612488222157,0.05401940250826369,-3.3596659989071576,2104.0
"(2, 0)",2.262273366753473,2.2746196883916854,2.5542411362861723,5.407543754577636,6.524147782296477,-0.01800377596601494,-3.5930863820949988,2100.0
"(2, 1)",2.264637569102556,2.336883190870285,2.552568728606594,5.937798538208008,6.515607114260285,0.041896139125649726,-3.422677421603515,2100.0
mean,2.271786826629786,2.2984683204504353,2.5662237281739544,5.746371606190999,6.585956699906649,0.016624603040812643,-3.559513300494688,2100.0
std,0.024303634463254037,0.03780942171331671,0.021271503558049448,0.24460099717739942,0.10983583302392025,0.026164479659977747,0.1901261759283987,3.265986323710904
