,MAE,MedAE,RMSE,MaxAE,MSE,PearsonCorr,R2Coeff,Test Cases
"(0, 0)",2.232755413188898,2.2516194939613343,2.5395052380591494,6.278954648971558,6.449086854129857,0.021077523866371704,-3.3341634251012255,2096.0
"(0, 1)",2.3147010510592785,2.3388950741291046,2.6178431067771393,6.173060169219971,6.853102531700586,-0.03716927529530258,-3.885984758197254,2104.0
"(1, 0)",2.3280193947366516,2.3499964332580565,2.6222098383826777,5.859341335296631,6.875984436510909,-0.009210083939664937,-3.9208276999222678,2096.0
"(1, 1)",2.2225383258003304,2.2541179944574834,2.530104702138613,6.111084899902344,6.401429803783921,-0.009571420280297931,-3.282607859587716,2104.0
"(2, 0)",2.2314597985456746,2.219973075389862,2.5392037771275726,5.864935088157654,6.447555821778932,0.04381399295908052,-3.539164628239929,2100.0
"(2, 1)",2.3201570297596352,2.4079741382598874,2.6173677538515077,5.931630716323852,6.850613958901687,0.01377846346160596,-3.6500740681317305,2100.0
mean,2.2749385021817448,2.303762701575955,2.5777057360561098,6.036501142978668,6.6462955678009825,0.003786533461965455,-3.602137073196687,2100.0
std,0.046294250607088125,0.06637780450298703,0.04157771163026862,0.16063059174423258,0.21432845022417757,0.02590283057602938,0.245732070411833,3.265986323710904
