,MAE,MedAE,RMSE,MaxAE,MSE,PearsonCorr,R2Coeff,Test Cases
"(0, 0)",0.7872160342072579,0.67035,0.9952613864923259,3.5929999999999995,0.9905452274426269,0.6002174873561065,0.33429569289470107,2096.0
"(0, 1)",0.7637025954531053,0.6431500000000001,0.9630067495228113,3.562500000000001,0.9273819996264907,0.604752676870515,0.33881416566561684,2104.0
"(1, 0)",0.7803557415485278,0.6471000000000009,0.9822029633597871,3.374299999999999,0.9647226612327472,0.5693250226144309,0.3095920972523719,2096.0
"(1, 1)",0.7739396355581205,0.6552699999999999,0.9785026448768536,3.64605,0.9574674260309978,0.6285672052359418,0.35944661588013227,2104.0
"(2, 0)",0.7782950074074074,0.6626666666666665,0.9775711655020759,3.3985000000000003,0.9556453836210871,0.5858954164228467,0.32721300251158214,2100.0
"(2, 1)",0.7870660921768707,0.6702505952380957,0.9836748590118982,3.4224500000000004,0.9676162282520779,0.6089338456572773,0.34319943323447866,2100.0
mean,0.7784291843918815,0.6581312103174605,0.9800366281276253,3.4994666666666663,0.9605631543676713,0.599615275692853,0.3354268345731472,2100.0
std,0.008088706140949323,0.010575596630773438,0.009558341692253542,0.10488159064180697,0.018711534265705834,0.018518186961926055,0.015193295489465653,3.265986323710904
