,MAE,MedAE,RMSE,MaxAE,MSE,PearsonCorr,R2Coeff,Test Cases
"(0, 0)",0.778057695140949,0.6566583333333348,0.9842816564289011,3.4997,0.9688103791824212,0.6106932702676275,0.34890278169816225,2096.0
"(0, 1)",0.7629383892471333,0.6313333333333334,0.9719881343928269,3.6603733333333337,0.9447609334004482,0.5828710805729442,0.3264236892149158,2104.0
"(1, 0)",0.7538983042296311,0.6162333333333321,0.9560777627117059,3.366875,0.9140846883518209,0.6017112725114209,0.3458313793393477,2096.0
"(1, 1)",0.7585457163460344,0.6183622549019611,0.9696205049143458,3.60488,0.9401639235503508,0.6306979966823046,0.3710227977634688,2104.0
"(2, 0)",0.7621171966252768,0.6211458333333338,0.9693529415938297,3.5053,0.9396451253766106,0.590797002024205,0.3384773960699451,2100.0
"(2, 1)",0.7713073113773792,0.6570341666666673,0.9732417902460162,3.3139,0.9471995822812707,0.6206451180187429,0.3570578868791645,2100.0
mean,0.7644774354944005,0.633461209150327,0.9707604650479374,3.4918380555555557,0.9424441053571537,0.6062359566795409,0.34795265516083407,2100.0
std,0.008021983938812892,0.01719866931865873,0.008259833961144634,0.12158904284978389,0.016023174359204993,0.01648552142116365,0.013986995063499357,3.265986323710904
