,MAE,MedAE,RMSE,MaxAE,MSE,PearsonCorr,R2Coeff,Test Cases
"(0, 0)",0.6910166451030675,0.5660112929344177,0.8849933590179698,3.6355303370952607,0.7832132455059092,0.6962241377286028,0.47363490684689313,2096.0
"(0, 1)",0.6842016056352809,0.539394850730896,0.887207662215331,4.0561746406555175,0.7871374358935929,0.6772550313444183,0.4388028638719055,2104.0
"(1, 0)",0.6655934689029027,0.5330417871475219,0.8609258724000538,3.650303993225098,0.7411933577677937,0.6899242872950782,0.4695618002659555,2096.0
"(1, 1)",0.7113688382180585,0.5731407451629638,0.9178890807689014,3.638754138946533,0.8425203645947787,0.6674121132418049,0.4363471215222121,2104.0
"(2, 0)",0.6656373980625754,0.5369502592086792,0.8633524820516211,3.8164781379699706,0.7453775082646946,0.6932602005420397,0.4752443695373524,2100.0
"(2, 1)",0.6781745449914819,0.5458945417404175,0.8737004800833275,3.449985370635986,0.7633525288978369,0.7015656848431286,0.4818499742116984,2100.0
mean,0.6826654168188945,0.5490722461541494,0.8813448227562007,3.707871103088061,0.7771324068207677,0.6876069091658454,0.4625735060426695,2100.0
std,0.01579853394112931,0.01513215076886398,0.019071188258961886,0.18838798909198398,0.03391788145022249,0.011700606452465836,0.01805634941371389,3.265986323710904
