,MAE,MedAE,RMSE,MaxAE,MSE,PearsonCorr,R2Coeff,Test Cases
"(0, 0)",0.7568448473471769,0.6319250000000001,0.9645614392030724,3.588899999999999,0.9303787699975022,0.6205944617674393,0.37473107005349626,2096.0
"(0, 1)",0.7562793657206229,0.6285700000000007,0.9613134945138175,3.1758000000000006,0.9241236347343675,0.5941496588022419,0.3411372479667959,2104.0
"(1, 0)",0.7460512381861142,0.6189833333333328,0.9478205322597694,3.3949999999999996,0.8983637613731924,0.6032983815278017,0.35708212803710726,2096.0
"(1, 1)",0.7531125611835355,0.6184999999999998,0.9585809140948262,3.3537,0.9188773688668725,0.6363998470651586,0.3852636735029983,2104.0
"(2, 0)",0.7467690412509449,0.6182499999999994,0.9426138101932181,3.4872,0.8885207951669761,0.6248196818822821,0.3744696011387495,2100.0
"(2, 1)",0.7673555238095238,0.6369500000000008,0.9719221804034381,3.4738,0.9446327247601733,0.6067598168811563,0.3588002237948118,2100.0
mean,0.754402096249653,0.6255297222222223,0.9578020617780236,3.4124,0.9174828424831807,0.6143369746543467,0.3652473240823266,2100.0
std,0.007152455508859995,0.007369217156314539,0.009902168295265424,0.129257662571057,0.018946439097729396,0.014274716659527559,0.014521118957988669,3.265986323710904
