,MAE,MedAE,RMSE,MaxAE,MSE,PearsonCorr,R2Coeff,Test Cases
"(0, 0)",2.2188637300297787,2.2346936178207395,2.540626426959266,6.2341012859344485,6.454782641363808,-0.015042361065389148,-3.3379913271383552,2096.0
"(0, 1)",2.3305115831014436,2.3681995299458505,2.6267539976949332,6.155721006393433,6.899836564406313,-0.022029673710744276,-3.919304232177547,2104.0
"(1, 0)",2.27913105071437,2.303683801442385,2.5638136001993788,5.937222790718079,6.5731401765673,-0.03777111731040114,-3.704095908736136,2096.0
"(1, 1)",2.261212239581596,2.2806688398122787,2.5667233756799694,6.6465512466430665,6.588068887261978,0.01739406297353008,-3.4074709027373737,2104.0
"(2, 0)",2.256741260411413,2.2661378440260886,2.5500913928105704,5.800017590522766,6.502966111686555,-0.01994941723330896,-3.578174205658339,2100.0
"(2, 1)",2.3175357238404803,2.360112886428833,2.614413419369573,6.047118706703186,6.835157527379704,-0.028369955785184153,-3.6395825192227695,2100.0
mean,2.2773325979465135,2.302249419912696,2.577070368785615,6.136788771152497,6.642325318110944,-0.01762807702191627,-3.59776984927842,2100.0
std,0.03774918956497613,0.04836184613203939,0.03215015455819906,0.26800748297716,0.1662427396989435,0.017219799273340764,0.19171178391133414,3.265986323710904
