,MAE,MedAE,RMSE,MaxAE,MSE,PearsonCorr,R2Coeff,Test Cases
"(0, 0)",2.2527141099846886,2.2866972267627714,2.5627342775821327,5.804262232780457,6.567606977494417,-0.006922918189075665,-3.413815877524968,2096.0
"(0, 1)",2.3352361868883347,2.3673155403137205,2.6204642467817925,6.139316177368164,6.866832868661666,-0.008575905019880963,-3.8957739327800693,2104.0
"(1, 0)",2.334710287113482,2.4013795655965806,2.628394246151022,5.626783113479615,6.908456313199799,-0.023553031324717914,-3.9440663374954834,2096.0
"(1, 1)",2.2599649285177694,2.2596832966804508,2.5606313402339844,5.7330541324615485,6.55683286058849,0.02479502040644505,-3.3865737504706885,2104.0
"(2, 0)",2.291985759823131,2.295808327794075,2.5883568911375705,5.788941502571106,6.699591395899349,-0.011761431952943303,-3.716601007967137,2100.0
"(2, 1)",2.2437286871016737,2.2416230388730765,2.5515740062814483,5.812553024291992,6.510529909531161,0.021997012580189917,-3.4192311059606935,2100.0
mean,2.28638999323818,2.3087511660034457,2.5853591680279915,5.817485030492147,6.684975054229146,-0.000670208916663814,-3.6293436686998395,2100.0
std,0.03742648402230389,0.05712200524376787,0.02988354936679174,0.15710133929235096,0.15484216208839383,0.01784430828390722,0.2335187494664476,3.265986323710904
