,MAE,MedAE,RMSE,MaxAE,MSE,PearsonCorr,R2Coeff,Test Cases
"(0, 0)",2.217387571493804,2.2345808124542232,2.5229962254886757,5.699210743904114,6.365509953830106,-0.0047494387291855695,-3.2779948616044345,2096.0
"(0, 1)",2.341568845206156,2.3908153235912324,2.6329485060360427,5.970333690643311,6.932417835437429,0.035382461324652344,-3.942533359849918,2104.0
"(1, 0)",2.301815208127093,2.295613157749176,2.611365776422705,6.764982376098633,6.819231218271756,-0.024489698062280584,-3.8802120163136706,2096.0
"(1, 1)",2.300114489173616,2.339625276997685,2.6074748817285847,6.418462982177735,6.798925258845496,0.017808379330518286,-3.548535505781829,2104.0
"(2, 0)",2.244859788834907,2.2548778972029684,2.5435347447282655,6.023793649673462,6.469568997639883,3.703842973251821e-05,-3.5546621953778104,2100.0
"(2, 1)",2.2683542940438857,2.308175233602524,2.570314462759202,5.940411162376404,6.606516437469124,-0.00030562909450068166,-3.4843850421089044,2100.0
mean,2.2790166994799104,2.3039479502663016,2.581439099527246,6.136199100812276,6.665361616915632,0.003947185533156052,-3.614720496839427,2100.0
std,0.04073530514650599,0.051842422779125,0.039163661059638165,0.3522497614500814,0.20188389785564406,0.018699253828178324,0.22960326539048742,3.265986323710904
