,MAE,MedAE,RMSE,MaxAE,MSE,PearsonCorr,R2Coeff,Test Cases
"(0, 0)",2.253032307063748,2.257281255722046,2.554377107362275,5.604847106933594,6.524842406616464,0.03291179652070878,-3.3850755855763985,2096.0
"(0, 1)",2.333852957151122,2.3520206613838672,2.6132924849601222,5.951526761054993,6.829297611949052,0.05254980081034268,-3.8690128138059245,2104.0
"(1, 0)",2.280882138231812,2.275558220744133,2.5699667723414414,6.881407718658448,6.6047292109390865,0.023386223775497067,-3.726702736425432,2096.0
"(1, 1)",2.25990489809398,2.2805428075790406,2.5630015262065053,5.948136281967163,6.568976823336876,-0.013684369137648483,-3.394698158908634,2104.0
"(2, 0)",2.2721591503396987,2.2738365617394445,2.5744134109807044,5.798755812644958,6.627604410637305,-0.02257527745880569,-3.66592121763615,2100.0
"(2, 1)",2.2901621037322495,2.3545548331737516,2.5930498035165885,5.890207576751709,6.723907283517418,0.005605117136587566,-3.564067846061959,2100.0
mean,2.281665592435435,2.29896572339038,2.578016850894606,6.012480209668477,6.646559624499368,0.013032215274446987,-3.6009130597357504,2100.0
std,0.026394730633823173,0.03907548291277089,0.01971651599103174,0.4061370747457393,0.10191425170969892,0.026143431352508774,0.17435335377382313,3.265986323710904
