,MAE,MedAE,RMSE,MaxAE,MSE,PearsonCorr,R2Coeff,Test Cases
"(0, 0)",0.8204525112459107,0.6950500000000002,1.0375346958322997,3.3680000000000003,1.0764782450558228,0.5667321536887554,0.27654368080803093,2096.0
"(0, 1)",0.8060456362031504,0.6901500000000003,1.0126859788576092,3.4553,1.0255328917747941,0.5527890416104003,0.26883655175691756,2104.0
"(1, 0)",0.8046671596692111,0.6595000000000001,1.0197169925739558,3.716500000000001,1.0398227449440731,0.5269557346303924,0.25584640082076426,2096.0
"(1, 1)",0.8210550205956907,0.6854250000000001,1.0424601043035964,3.4454000000000002,1.0867230690646652,0.5615825785425429,0.272973554436134,2104.0
"(2, 0)",0.8194923793650793,0.6894499999999998,1.026593231560745,3.4302999999999995,1.0538936630863334,0.5380438052225518,0.25804491350835557,2100.0
"(2, 1)",0.824073365079365,0.6755500000000003,1.0409996084276694,3.3367000000000004,1.083680184746561,0.5475837921474641,0.2644172981473787,2100.0
mean,0.8159643453597346,0.6825208333333336,1.0299984352593126,3.4587,1.0610217997787081,0.5489478509736845,0.2661103999129302,2100.0
std,0.007640560930489239,0.011903662047407445,0.011181374784698063,0.12285922838761461,0.02299468127909311,0.013509777698573382,0.0074906217589818915,3.265986323710904
