,MAE,MedAE,RMSE,MaxAE,MSE,PearsonCorr,R2Coeff,Test Cases
"(0, 0)",0.8069665637703343,0.640502723455429,1.043878592764976,4.236603689193726,1.0896825164329866,0.545094877860056,0.2676696384276952,2096.0
"(0, 1)",0.817982775443747,0.6464427065849304,1.0554144776782939,4.0366044521331785,1.113899719692946,0.4984514238236206,0.2058345796806017,2104.0
"(1, 0)",0.7613782141758627,0.604708788394928,0.9897665113669586,3.9745362758636475,0.9796377470235198,0.5612970506749335,0.29891805225072354,2096.0
"(1, 1)",0.8382502676515411,0.6979480504989624,1.0689968782721844,3.678270378112793,1.1427543257556756,0.5220072177169593,0.23548819450206804,2104.0
"(2, 0)",0.813339307945399,0.6628653812408447,1.0445981383301899,4.310405883789063,1.0911852706028986,0.5081471565823454,0.23179112828363213,2100.0
"(2, 1)",0.831116142217744,0.6501726865768434,1.0665542857957264,3.6765761184692383,1.1375380445492322,0.508984607576754,0.22785954745000503,2100.0
mean,0.8115055452007714,0.6504400561253231,1.044868147368055,3.9854994662602743,1.0924496040095433,0.5239970557057781,0.24459352343245425,2100.0
std,0.024760602307770864,0.027741509068172254,0.026460510675189817,0.24534763413895683,0.05440497886582124,0.022246870150213018,0.030311580636279714,3.265986323710904
