,MAE,MedAE,RMSE,MaxAE,MSE,PearsonCorr,R2Coeff,Test Cases
"(0, 0)",0.7630346805139041,0.6343833333333331,0.9761405339608912,3.69705,0.9528503420414537,0.6048251821964593,0.35962885979328685,2096.0
"(0, 1)",0.7719433729575769,0.6241400000000006,0.9769836360280142,3.4557999999999995,0.9544970250665193,0.5666704600634188,0.3194822498792591,2104.0
"(1, 0)",0.760183907819942,0.6381458333333332,0.964233455893038,3.492000000000001,0.9297461574634313,0.5788603077566429,0.3346231819186748,2096.0
"(1, 1)",0.7484738055013744,0.6040000000000011,0.9565704906618345,3.5032000000000014,0.9150271036050229,0.631861298292473,0.3878395318311093,2104.0
"(2, 0)",0.7657038823661787,0.6334600000000004,0.9721122832548417,3.75927,0.9450022912549416,0.5799999702237573,0.33470588039257876,2100.0
"(2, 1)",0.7855363688019653,0.6351500000000021,0.9971334562335797,3.5466666666666673,0.9942751295403243,0.5706783239934784,0.325103848472433,2100.0
mean,0.7658126696601569,0.628213194444445,0.9738623093386999,3.575664444444445,0.9485663414952822,0.5888159237543715,0.3435639253812237,2100.0
std,0.011303819850682994,0.011656513681524018,0.012591423461093595,0.11247565978117141,0.024612331706606386,0.022750201606113386,0.02344324648064413,3.265986323710904
