,MAE,MedAE,RMSE,MaxAE,MSE,PearsonCorr,R2Coeff,Test Cases
"(0, 0)",2.256256561790209,2.2605147986114025,2.5574510980382152,5.891229104995728,6.540556118856873,0.04230273267035044,-3.395636118936456,2096.0
"(0, 1)",2.283570211305825,2.2878030651807784,2.569907792806909,6.0049218702316285,6.60442606352968,0.021584551754529946,-3.708688500395043,2104.0
"(1, 0)",2.3001095129554123,2.3194187355041507,2.597002614518327,5.971430921554566,6.744422579815027,-0.03770500828955126,-3.8266748939262714,2096.0
"(1, 1)",2.283273381195474,2.3004167425632476,2.610502279815209,6.528550310134888,6.814722152920404,-0.04331008859508965,-3.5591037545631075,2104.0
"(2, 0)",2.2938242749189697,2.3031278926134107,2.5818117332376795,6.409931859970093,6.665751825883751,0.05201154034830081,-3.692777502828833,2100.0
"(2, 1)",2.2757875866174437,2.269419494867325,2.576299488612991,6.290349531173706,6.637319055027558,0.034900221101473256,-3.5052933072656263,2100.0
mean,2.282136921463889,2.290116788223386,2.582162501171555,6.182735599676768,6.667866299338883,0.011630658165002255,-3.614695679652556,2100.0
std,0.0139824962365392,0.02018246378612213,0.01741025221932289,0.23945428886305803,0.08999783008346791,0.03800096050602011,0.1431275894123448,3.265986323710904
