,MAE,MedAE,RMSE,MaxAE,MSE,PearsonCorr,R2Coeff,Test Cases
"(0, 0)",0.805534354911847,0.6667195844650268,1.025652092774934,3.931356678009033,1.051962215413602,0.5783154452852869,0.29301988610769536,2096.0
"(0, 1)",0.785285725183785,0.6212586307525635,1.0171581386110409,4.768228921890259,1.0346106789426777,0.5639833679435993,0.2623644568867083,2104.0
"(1, 0)",0.8072084158505419,0.6513157796859742,1.043081403935896,4.129266414642334,1.0880188152368797,0.5357168281381092,0.22135467677541598,2096.0
"(1, 1)",0.791727149352828,0.645976414680481,1.0111962956083704,4.171540145874023,1.022517948252091,0.5926759618779939,0.31592729499815275,2104.0
"(2, 0)",0.7706255431826626,0.6164169073104857,0.9980109099063115,4.233515455722809,0.9960257762920238,0.5800744616629131,0.2987846716598792,2100.0
"(2, 1)",0.771521355597178,0.61739239692688,0.9962433164065589,3.578651351928711,0.9925007454847392,0.5942311660826894,0.3263082685920431,2100.0
mean,0.7886504240131403,0.6365132856369018,1.015223692873852,4.135426494677862,1.0309393632703356,0.5741662051650986,0.28629320916998247,2100.0
std,0.014540489070231588,0.01924951268994444,0.01613123361414731,0.3566149997341034,0.03286565794177224,0.019913907226931895,0.03528518814974569,3.265986323710904
