,MAE,MedAE,RMSE,MaxAE,MSE,PearsonCorr,R2Coeff,Test Cases
"(0, 0)",2.210177409310455,2.2277875119447708,2.514742372522006,6.191574969291687,6.323929200157609,0.048187412857262614,-3.2500501640322392,2096.0
"(0, 1)",2.3581796221853635,2.3798885284364224,2.6535306143254824,6.34445366859436,7.041224721162573,-0.01837495722936538,-4.020108265927975,2104.0
"(1, 0)",2.2928870609439955,2.3377094793319704,2.5753114480529464,5.531193885803223,6.632229054472563,0.06396105596097548,-3.7463831171843696,2096.0
"(1, 1)",2.3157499499787564,2.3284397667646406,2.611811339493267,6.04735300064087,6.821558473105614,-0.036967550685419286,-3.5636773075744257,2104.0
"(2, 0)",2.30741737002702,2.3024078238010404,2.6125419628330295,6.187667946815491,6.825375507563459,-0.036215247479394364,-3.8051546872593285,2100.0
"(2, 1)",2.3053077446563615,2.3462333142757417,2.612068989221378,6.580485744476318,6.82290440445199,-0.009045699674746248,-3.631265318819766,2100.0
mean,2.298286526183659,2.3204110707590977,2.5966677877413518,6.147121535936992,6.744536893485635,0.0019241689582188035,-3.6694398101330172,2100.0
std,0.04437941459449426,0.047383702682037114,0.04304989653959345,0.3213734219016383,0.2221696879678575,0.03976689697453611,0.23658608026609335,3.265986323710904
