,MAE,MedAE,RMSE,MaxAE,MSE,PearsonCorr,R2Coeff,Test Cases
"(0, 0)",2.2650346942435955,2.2595297265052796,2.5768448100395616,5.909223260879516,6.640129175027823,0.016351535192768676,-3.4625550344268436,2096.0
"(0, 1)",2.3440665939610326,2.3786439394950865,2.631806046582226,6.222943210601807,6.926403066826768,-0.03340319982376883,-3.9382450732498233,2104.0
"(1, 0)",2.3102975250018107,2.3397217631340026,2.60709126681673,6.3301589012146,6.796924873512063,0.054265748857273595,-3.8642483851869533,2096.0
"(1, 1)",2.2906587261167277,2.328124149441719,2.5913230706777743,6.485312232971191,6.714955256626889,0.008796194109896615,-3.492358901102288,2104.0
"(2, 0)",2.310951513501611,2.297449862957001,2.6047423288371427,5.737662029266358,6.784682599635943,0.014092534504210115,-3.776506341531033,2100.0
"(2, 1)",2.295875558790671,2.3570457857847216,2.5932020047774342,5.761021194458008,6.7246966375817046,-0.005729029255103457,-3.5646036454643095,2100.0
mean,2.302814101935908,2.3267525378863017,2.600834921288478,6.074386804898579,6.764631934868532,0.009062297264212786,-3.6830862301602085,2100.0
std,0.023969311538999467,0.039068388071271075,0.01701902097322084,0.2872886628956759,0.08867384029630072,0.026280413829235023,0.18515854649762506,3.265986323710904
