,MAE,MedAE,RMSE,MaxAE,MSE,PearsonCorr,R2Coeff,Test Cases
"(0, 0)",0.6945978131391223,0.5564499616622922,0.8895220552329529,3.520926246643066,0.7912494867458565,0.6889269458714224,0.4682340828782774,2096.0
"(0, 1)",0.7122117002802714,0.5818168687820435,0.9129164244641266,4.118481283187866,0.8334163980563652,0.6574761919266793,0.4058078367719121,2104.0
"(1, 0)",0.6701161157968277,0.5365846920013428,0.8710583666195317,3.737188491821289,0.7587426780578866,0.6843486985876602,0.4570025540670044,2096.0
"(1, 1)",0.7256141433410149,0.5862309575080872,0.9283007158874278,3.63679874420166,0.8617422191171109,0.664494963061776,0.42348754674338196,2104.0
"(2, 0)",0.6938010676198062,0.5584998261928559,0.8964368219263906,4.300435428619385,0.8035989757054873,0.6754347933145675,0.4342556859312673,2100.0
"(2, 1)",0.722469747892306,0.5578931236267091,0.9356470068512448,3.512918720245361,0.8754353214296933,0.6632434985374407,0.4057701819240399,2100.0
mean,0.703135098011558,0.5629125716288884,0.9056468984969458,3.8044581524531047,0.8206975131854,0.6723208485499242,0.43242631471931375,2100.0
std,0.01919975441042255,0.016736732679243235,0.02238768474547713,0.30072813072907273,0.04049817569879724,0.011504599760989652,0.023764570116019762,3.265986323710904
