,MAE,MedAE,RMSE,MaxAE,MSE,PearsonCorr,R2Coeff,Test Cases
"(0, 0)",0.8058304238750222,0.6317808330059052,1.042287975236713,4.029023497700692,1.0863642233230468,0.5786456592674369,0.2698997254084057,2096.0
"(0, 1)",0.7978878701112797,0.639572491645813,1.0251551892331598,3.509489105343819,1.0509431620116758,0.5580341543104848,0.25072005743850134,2104.0
"(1, 0)",0.7678371682097667,0.6016242265701294,1.0000817462550156,4.6799878501892085,1.0001634991924815,0.5735640114429831,0.284228709834757,2096.0
"(1, 1)",0.7946494246956967,0.6557739168405533,1.0215532046712583,4.288768601417542,1.0435709499741177,0.5916464809862509,0.30184266806225013,2104.0
"(2, 0)",0.78599533241377,0.6311236786842345,1.0155957733337788,4.422066330909729,1.0314347748134363,0.5761417432440074,0.2738562680829949,2100.0
"(2, 1)",0.8018776746793872,0.6379392004013063,1.040746709991278,4.16971755027771,1.0831537143576693,0.5586982026218625,0.2647746568188367,2100.0
mean,0.7923463156641537,0.6329690578579902,1.024236766453534,4.18317548930645,1.0492717206120712,0.572788375312171,0.2742203476076243,2100.0
std,0.012581165903900848,0.016205374617515696,0.014517811711143688,0.36351032952510387,0.029689812523766006,0.011676205267197513,0.015934474912207057,3.265986323710904
