,MAE,MedAE,RMSE,MaxAE,MSE,PearsonCorr,R2Coeff,Test Cases
"(0, 0)",0.7924670107650249,0.6665999999999999,1.0051669329145239,3.874200000000002,1.0103605630247907,0.5906809178255029,0.3209786288391404,2096.0
"(0, 1)",0.7602061902121431,0.6389333333333327,0.9614158439119407,3.4782,0.9243204249249091,0.6093991475352323,0.34099694452509177,2104.0
"(1, 0)",0.7625084601622139,0.6230500000000003,0.963521162688548,3.3478000000000003,0.9283730309486914,0.5969978367239902,0.33560586578767115,2096.0
"(1, 1)",0.7756878498626953,0.6430000000000006,0.9866281645582186,3.4113499999999997,0.9734351350995192,0.6205407789201464,0.3487640904986873,2104.0
"(2, 0)",0.7759274073696145,0.6466666666666676,0.9805228405899163,3.5302000000000007,0.9614250409185185,0.5879804028062188,0.32314404728373713,2100.0
"(2, 1)",0.7764633291572184,0.6582499999999998,0.9768409573008493,3.609,0.9542182558604396,0.6193838307869407,0.35229373695056343,2100.0
mean,0.773876707921485,0.6460833333333335,0.9790159836606661,3.541791666666667,0.9586887417961448,0.6041638190996719,0.3369638856474819,2100.0
std,0.010613636544143334,0.013907225673221914,0.014712087991957995,0.1702147281540459,0.028911155086688883,0.013053129418233987,0.011824235880763213,3.265986323710904
