,MAE,MedAE,RMSE,MaxAE,MSE,PearsonCorr,R2Coeff,Test Cases
"(0, 0)",2.2101720248712295,2.199653677940369,2.53288865838068,6.277887487411499,6.415524955753481,-0.03813927593812834,-3.31160786712689,2096.0
"(0, 1)",2.312671268289916,2.365125286579132,2.599465821840255,6.895005416870117,6.7572225589156325,-0.009581124770412735,-3.817626217889905,2104.0
"(1, 0)",2.3062337049086845,2.304872912298888,2.6074560078819515,5.803943119049072,6.798826833039683,-0.02635511491062653,-3.8656095306656937,2096.0
"(1, 1)",2.269876273950799,2.321574147939682,2.562464030615278,6.056776275634766,6.566221908197097,0.007573661575996423,-3.392855098593712,2104.0
"(2, 0)",2.302788339851726,2.2866847217082977,2.6017865245665925,5.707417774200439,6.769293119416309,-0.0222712312697177,-3.765671943785457,2100.0
"(2, 1)",2.249011105084703,2.2867995989322663,2.5538914961810057,6.302448320388794,6.522361774265655,-0.030127521211167786,-3.427262363846423,2100.0
mean,2.2751254528261766,2.2941183908997727,2.5763254232442936,6.173913065592449,6.638241858264642,-0.019816767754009444,-3.5967721703180136,2100.0
std,0.036676758683079645,0.04990635181215654,0.028092201938498353,0.3906240342893959,0.14453157673432088,0.014976672549176215,0.22405787815133787,3.265986323710904
