,MAE,MedAE,RMSE,MaxAE,MSE,PearsonCorr,R2Coeff,Test Cases
"(0, 0)",0.7353077177818552,0.5946809244155884,0.9565097507243828,3.9487725687026978,0.9149109032308209,0.6480925441583822,0.38512638088134743,2096.0
"(0, 1)",0.7307224138081074,0.5742995929718018,0.9511584878531811,4.653350744247437,0.9047024690151502,0.6339174468121234,0.35498375314479036,2104.0
"(1, 0)",0.7090743315239785,0.54896639585495,0.9252615396117337,4.014779958724976,0.8561089166846759,0.6448116966126956,0.38732198854276534,2096.0
"(1, 1)",0.7050424498798389,0.5548395586013792,0.9162698969836494,4.333802103996277,0.8395505241184275,0.6758125211279563,0.43833396861037754,2104.0
"(2, 0)",0.7318711836284115,0.6012434887886048,0.9429267253256342,4.146933317184448,0.8891108093333239,0.6381707189133782,0.3740542233571411,2100.0
"(2, 1)",0.6979732900968619,0.5450926160812377,0.9154335655681934,3.767752941250801,0.8380186129688959,0.6696644166010676,0.43116797353398983,2100.0
mean,0.7183318977865089,0.5698537627855936,0.9345933276777959,4.144231939017772,0.8737337058918824,0.6517448907042672,0.3951647146784019,2100.0
std,0.014729791120576156,0.021970780102543247,0.016401760638011707,0.2863112290083913,0.03067510432901799,0.015619672178144087,0.02995067652412364,3.265986323710904
