,MAE,MedAE,RMSE,MaxAE,MSE,PearsonCorr,R2Coeff,Test Cases
"(0, 0)",2.2723782966903037,2.3008205514401197,2.5836967422042965,5.725658054351807,6.675488855677094,0.01864248037749582,-3.486318807199603,2096.0
"(0, 1)",2.359157023089566,2.369856015443802,2.640153121863913,6.225652170181275,6.970408506887765,-0.004948209323059056,-3.969619171101302,2104.0
"(1, 0)",2.3230968868979853,2.3538700515031814,2.6071405819240088,5.849660263061524,6.797182013915059,0.03006749945076346,-3.864432408817245,2096.0
"(1, 1)",2.2799857326991986,2.287356324791908,2.5804457323769667,6.043745098114014,6.658700177742501,-0.012332505024938817,-3.4547238023264493,2104.0
"(2, 0)",2.304237278022794,2.2885022972524167,2.594048285862829,5.801604700088501,6.72908650938788,0.013214549177030908,-3.737365958213993,2100.0
"(2, 1)",2.296487854299659,2.3150696636736394,2.6117152219093254,6.372561025619507,6.821056400352876,-0.05970809966451246,-3.630010926733065,2100.0
mean,2.3058905119499182,2.319245817350845,2.60286661435689,6.003146885236105,6.775320410660529,-0.002510714167870024,-3.6904118457319424,2100.0
std,0.02892130086050972,0.031830970738076586,0.020144441586480197,0.23409437935684083,0.10514534976459866,0.029240472565848948,0.18765911861359846,3.265986323710904
