,MAE,MedAE,RMSE,MaxAE,MSE,PearsonCorr,R2Coeff,Test Cases
"(0, 0)",0.7070428249646575,0.5828042078018189,0.9087133932428335,4.019131908416748,0.8257600310589045,0.682364499086466,0.44504097936996234,2096.0
"(0, 1)",0.7159454882136429,0.5781299543380737,0.9258965887530292,4.519136409759522,0.8572844930644961,0.637274275182355,0.3887908509793485,2104.0
"(1, 0)",0.6870794358478419,0.5532467174530029,0.8946843372604781,4.055389585494995,0.800460063339221,0.664946665746632,0.42714732868710403,2096.0
"(1, 1)",0.7180480123975601,0.5815952003002167,0.9244236288382875,3.848839979171753,0.8545590455545481,0.6657973795394589,0.428293147444905,2104.0
"(2, 0)",0.6801627525275662,0.544126796722412,0.8855180920791594,4.410692338943481,0.7841422913995146,0.6796982458411321,0.4479534491807423,2100.0
"(2, 1)",0.7019695183568058,0.5476096487045287,0.9147848985281563,4.041761407852173,0.8368314105751691,0.6651771180938799,0.4319738252573261,2100.0
mean,0.701708005384679,0.5645854208866755,0.9090034897836573,4.149158604939778,0.8265062224986423,0.6658763639149873,0.4281999301532314,2100.0
std,0.014002520028210183,0.016532843666493508,0.01479452803487151,0.2354812362740585,0.02681583548341287,0.014619291040817554,0.01933156709284338,3.265986323710904
