,MAE,MedAE,RMSE,MaxAE,MSE,PearsonCorr,R2Coeff,Test Cases
"(0, 0)",2.213318584095438,2.2349475690722467,2.5191157231620087,5.676815366744995,6.34594402668205,0.0005619856985263003,-3.2648454145987715,2096.0
"(0, 1)",2.3006260772937903,2.3221626257896424,2.5921486523439317,5.971254668235779,6.71923463584846,-0.04985081554383399,-3.7905423661244892,2104.0
"(1, 0)",2.317555483898738,2.344217945039272,2.599707853445554,5.856159000396728,6.75848092326649,0.042297621731749974,-3.8367358076048497,2096.0
"(1, 1)",2.310271031455643,2.362809397578239,2.6089026689837063,5.99536741733551,6.806373136230307,-0.0536670166030194,-3.5535181954625914,2104.0
"(2, 0)",2.2786007473322076,2.251948595046997,2.5748553277423514,6.248952875137329,6.629879958803171,-0.007077555805317928,-3.6675232336604955,2100.0
"(2, 1)",2.254978055329869,2.3247938245534896,2.5565584875922913,6.207888102531433,6.535991300480185,-0.011898659782711617,-3.436513842150605,2100.0
mean,2.279224996567615,2.3068133261799812,2.575214785544974,5.9927395717302945,6.632650663551776,-0.013272406717434446,-3.5916131432669673,2100.0
std,0.03610874282175455,0.047025508346139555,0.030322794434736865,0.19615682907677215,0.15548898188802482,0.03237639658224747,0.19904122891850287,3.265986323710904
