,MAE,MedAE,RMSE,MaxAE,MSE,PearsonCorr,R2Coeff,Test Cases
"(0, 0)",0.7596543483672138,0.6102509307861328,0.9783867425754152,3.8672592782974244,0.957240618047332,0.6215843894237303,0.356678337630821,2096.0
"(0, 1)",0.7191367725097352,0.572919750213623,0.9295497451624317,4.097776327133179,0.8640627287315418,0.6323085237870287,0.383958243265768,2104.0
"(1, 0)",0.71502026837831,0.5526405465602875,0.9366148558915754,4.180287780761718,0.8772473882767967,0.6304161247018364,0.3721941508483987,2096.0
"(1, 1)",0.73853877460237,0.610576639175415,0.9451312131369035,3.6246235275268557,0.893273010045635,0.6435338521761592,0.4023931948269249,2104.0
"(2, 0)",0.6990219617111343,0.5773360013961791,0.8931324546024408,3.8921836948394777,0.797685581464181,0.670674985787394,0.438418793737532,2100.0
"(2, 1)",0.7456882483136086,0.6005214500427245,0.9635383825146709,3.971777820587158,0.9284062145789884,0.6265811818215055,0.36981448830635366,2100.0
mean,0.7295100623137287,0.587374219695727,0.941058898980573,3.938984738190969,0.8863192568574125,0.6375165096162756,0.38724286810263314,2100.0
std,0.020408384214641452,0.021411334264591114,0.02697045618606075,0.17826719802573116,0.050469605414489846,0.016261638824819343,0.026844302191973715,3.265986323710904
