,MAE,MedAE,RMSE,MaxAE,MSE,PearsonCorr,R2Coeff,Test Cases
"(0, 0)",0.7821902759034594,0.6492625000000004,0.9909215024435646,3.536600000000001,0.9819254240050114,0.5927374332158408,0.34008870477931397,2096.0
"(0, 1)",0.7643768534906951,0.6356105952380953,0.9733267650734736,3.6502611904761904,0.9473649916083928,0.5719267087398165,0.3245671010995883,2104.0
"(1, 0)",0.7824533803239542,0.6576750000000005,0.9871804204625599,3.8183000000000016,0.9745251825446367,0.551521179477563,0.3025768809082957,2096.0
"(1, 1)",0.7650064781454551,0.6340950000000001,0.9701790214319805,3.5424666666666664,0.9412473336267154,0.6203473248349333,0.37029798773658185,2104.0
"(2, 0)",0.7729625702569917,0.6392133333333336,0.986476645219428,3.5767,0.9731361715633773,0.5621060454491578,0.31489925631965165,2100.0
"(2, 1)",0.7694001745464852,0.6517833333333334,0.974171323291497,3.25985,0.9490097671235065,0.5996118218136846,0.35582916582672974,2100.0
mean,0.7727316221111734,0.6446066269841272,0.9803759463204172,3.564029642857143,0.9612014784119399,0.583041752255166,0.33470984944502685,2100.0
std,0.007355390338896855,0.008798438746707764,0.008030086443262604,0.1663292090276694,0.01574639640623712,0.0235077068923259,0.023342864031494753,3.265986323710904
