,MAE,MedAE,RMSE,MaxAE,MSE,PearsonCorr,R2Coeff,Test Cases
"(0, 0)",2.2734872936918435,2.3185585110262035,2.58041112337536,6.248212289810181,6.658521565639287,-0.006126541762706644,-3.4749157962666892,2096.0
"(0, 1)",2.310457548605094,2.3490774151682854,2.600022089802969,6.0963306140899665,6.7601148674633995,-0.021650369872101984,-3.8196883168319573,2104.0
"(1, 0)",2.3135297150679555,2.358756201863289,2.5987583932095406,5.9361128330230715,6.753545186277034,0.0042450523240975604,-3.8332035262971313,2096.0
"(1, 1)",2.3087007912042985,2.380075712800026,2.597913271257637,6.070779252052307,6.749153364976555,0.007661482102596616,-3.5152377097576197,2104.0
"(2, 0)",2.2878223136539617,2.3239063647389413,2.588518039754698,5.556890230178833,6.700425642135503,-0.010415148365191166,-3.7171883283581613,2100.0
"(2, 1)",2.298251226441385,2.32833220243454,2.5979933435818294,6.4646031856536865,6.749569413295493,-0.04186255216113127,-3.581486840174011,2100.0
mean,2.2987081481107565,2.343117734671881,2.593936043497006,6.062154734134675,6.728555006631211,-0.011358012955739481,-3.6569534196142617,2100.0
std,0.014214909085713849,0.02174402507723487,0.007128034673914018,0.27958401332086036,0.03692870507828644,0.01668289366340888,0.1414751064417218,3.265986323710904
