,MAE,MedAE,RMSE,MaxAE,MSE,PearsonCorr,R2Coeff,Test Cases
"(0, 0)",0.6842793908605764,0.5713812828063964,0.8696922071180708,3.349346342086792,0.7563645351219014,0.7075281843755326,0.49167880999001545,2096.0
"(0, 1)",0.6746070635512811,0.5403293204307555,0.872024290570785,4.028208141326904,0.7604263633454809,0.6965376782372367,0.45784677759440895,2104.0
"(1, 0)",0.6671186305909552,0.5286338376998901,0.8661690525492298,3.4037870502471925,0.7502488275940304,0.6937574426192363,0.46308121451591455,2096.0
"(1, 1)",0.7026876987399313,0.5524718284606933,0.9060276860406451,3.737445240020752,0.8208861678721658,0.6766593063022167,0.4508205725730011,2104.0
"(2, 0)",0.6615359194111257,0.5401459932327272,0.8494953037560677,4.034216527938843,0.7216422711036139,0.7041129620913039,0.49195429062101936,2100.0
"(2, 1)",0.6739555599715029,0.5456240963935852,0.8681677802712492,3.380310878753662,0.7537152947011081,0.7030109129539838,0.48839155619187835,2100.0
mean,0.6773640438542289,0.5464310598373413,0.8719293867176746,3.6555523633956906,0.7605472432897167,0.6969344144299184,0.47396220358103963,2100.0
std,0.013315568833009168,0.013248459681450385,0.016922998193480716,0.29492120327163773,0.029789889860780207,0.010181796678245585,0.017124239734709588,3.265986323710904
