,MAE,MedAE,RMSE,MaxAE,MSE,PearsonCorr,R2Coeff,Test Cases
"(0, 0)",2.2382669466343987,2.246088387966156,2.5469450021713036,5.87554889678955,6.486928844085383,0.015000831568600593,-3.3595954548611067,2096.0
"(0, 1)",2.290691630702763,2.315227644443512,2.5758222793904086,5.986355075836181,6.634860415004001,0.013441079333503428,-3.730386961309833,2104.0
"(1, 0)",2.3470978451694027,2.346358721256256,2.652952586618204,6.645186853408814,7.038157426844221,-0.028234350703562432,-4.036887494760363,2096.0
"(1, 1)",2.2545159519207396,2.3311247625947003,2.5561514459083785,5.962214994430542,6.533910214419495,0.008530883331476512,-3.3712383164106514,2104.0
"(2, 0)",2.314852092111679,2.322923243045807,2.611803927262748,5.923825898170471,6.821519754465115,-0.04350887672011626,-3.8024401860494104,2100.0
"(2, 1)",2.238001076862748,2.2863561975955964,2.538727114923364,6.249999923706055,6.445135364047107,0.024451631017771328,-3.374842459632502,2100.0
mean,2.2805709239002883,2.308013159483671,2.580400392712401,6.107188607056936,6.660085336477553,-0.0017198003620544726,-3.6125651455039773,2100.0
std,0.040792438817003444,0.03312247227286553,0.040238660107399675,0.2685560507134765,0.2088630717401264,0.02499600109560745,0.26100074890777414,3.265986323710904
