,MAE,MedAE,RMSE,MaxAE,MSE,PearsonCorr,R2Coeff,Test Cases
"(0, 0)",0.7640729385146601,0.6179572939872743,0.9884342045560712,4.23376537322998,0.9770021767363932,0.612232688613723,0.343397414791602,2096.0
"(0, 1)",0.7783493146672844,0.6164901638031004,1.0076181601856211,4.392976012229919,1.0152943567358559,0.5766842802246277,0.27613621288340984,2104.0
"(1, 0)",0.7627155722748801,0.6295194387435914,0.9815378920541424,4.279624643325805,0.9634166335380894,0.585648214865323,0.31052676156350856,2096.0
"(1, 1)",0.7532911389029299,0.6206472039222718,0.9737795815448782,3.946196508407593,0.948246673433718,0.6275749647415289,0.36561537329134086,2104.0
"(2, 0)",0.7717823472129448,0.6278826332092284,0.9971433034782108,4.4846679306030275,0.9942947676714392,0.5884363007113101,0.3000033246376782,2100.0
"(2, 1)",0.7697659688684202,0.5931479597091673,0.9957472021123661,4.24185580253601,0.9915124905146053,0.5969782475526224,0.3269790783671801,2100.0
mean,0.76666288007352,0.6176074488957722,0.9907100573218818,4.263181045055389,0.9816278497716834,0.5979257827848559,0.3204430275891199,2100.0
std,0.007889902359385144,0.011946773304029065,0.011019623086000508,0.16731846385898227,0.021828646332693682,0.017207797375857297,0.02912436633318057,3.265986323710904
