,MAE,MedAE,RMSE,MaxAE,MSE,PearsonCorr,R2Coeff,Test Cases
"(0, 0)",2.273790815849113,2.2431141757965087,2.6063137727526495,6.8907983779907225,6.792871482040149,-0.031549288530127916,-3.565206795132232,2096.0
"(0, 1)",2.3242007790066075,2.339886226207018,2.619132379651683,6.238185963630676,6.859854422139889,-0.0016879928896560725,-3.8907985828296523,2104.0
"(1, 0)",2.287150183171034,2.3079959017038347,2.572004946787969,5.891863327026368,6.615209446301784,0.04052329444289193,-3.7342029617314454,2096.0
"(1, 1)",2.2789852305982943,2.310771649815142,2.5813299471649125,5.914100074768067,6.663264296130409,-0.03623103127117225,-3.457777234118919,2104.0
"(2, 0)",2.2698332004680166,2.296484890580177,2.556783936028331,6.704366683959961,6.5371440955325255,0.07436154144006599,-3.6022359586119377,2100.0
"(2, 1)",2.3104626494944096,2.3595514782518148,2.6049709584074954,5.874620571136474,6.785873694146465,0.02809514337523603,-3.6061295358448007,2100.0
mean,2.2907371430979127,2.309634053725749,2.5900893234655067,6.252322499752045,6.70903623938187,0.012251944427872953,-3.6427251780448313,2100.0
std,0.019933376885854216,0.03653472213573299,0.02176087893132204,0.40808071180147804,0.11263799952542426,0.03952076884218888,0.1372965516924788,3.265986323710904
