,MAE,MedAE,RMSE,MaxAE,MSE,PearsonCorr,R2Coeff,Test Cases
"(0, 0)",2.259209086794036,2.2757535040378567,2.564286989011315,6.411220741271973,6.5755677620127155,0.038016509836129184,-3.4191659901649034,2096.0
"(0, 1)",2.292965487022052,2.3245766592025756,2.5865393748079826,7.881482219696045,6.690185937432069,-0.023024425213116886,-3.769831819762252,2104.0
"(1, 0)",2.2813431788060305,2.3227376562356947,2.571851895553625,6.674073886871338,6.614422172662775,-0.03288037366589972,-3.733639545981158,2096.0
"(1, 1)",2.2701248529248166,2.311689571142197,2.5679692519028032,6.635951557159424,6.594466078718242,0.06225596524126694,-3.4117506751084923,2104.0
"(2, 0)",2.255756194796945,2.276931566298008,2.547615987872619,7.296965074539185,6.490347221664179,0.04600870789434693,-3.5692903400788056,2100.0
"(2, 1)",2.2943742315191953,2.330114015340805,2.5824640170982343,5.889783668518066,6.6691203996071495,0.01410493172918439,-3.5268794904381764,2100.0
mean,2.2756288386438457,2.306967162042856,2.570121252707763,6.798246191342671,6.605684928682855,0.01741355263698514,-3.571759643588965,2100.0
std,0.01516260145665583,0.022335734822640323,0.01271515091272713,0.6375698630269517,0.06528975400280122,0.035186793842747144,0.13925139642548093,3.265986323710904
