,MAE,MedAE,RMSE,MaxAE,MSE,PearsonCorr,R2Coeff,Test Cases
"(0, 0)",0.712946979504875,0.5770819282531738,0.9225173691821019,3.676921021938324,0.8510382964426665,0.6753089691903205,0.42805250708630194,2096.0
"(0, 1)",0.7067804954268972,0.5465249729156494,0.9252919766582973,4.120807528495789,0.856165242068219,0.6520941600016052,0.3895888316433048,2104.0
"(1, 0)",0.6995486563421387,0.5563377285003663,0.9029924790536895,4.287367343902588,0.8153954172275278,0.6617876409442893,0.4164587787346822,2096.0
"(1, 1)",0.7037942350494316,0.5610959196090697,0.911405981702967,4.0382277250289915,0.8306608634839492,0.6787218510636677,0.4442812228440771,2104.0
"(2, 0)",0.7128085095354489,0.5689781379699708,0.9221807778050872,3.9864784479141235,0.8504173869531957,0.6620828680408289,0.40129490479802954,2100.0
"(2, 1)",0.6993074006411291,0.5444400072097778,0.9124873471113972,3.72764102935791,0.8326331586383956,0.6722483745788649,0.4348235234858049,2100.0
mean,0.7058643794166534,0.5590764490763347,0.91614598858559,3.9729071827729547,0.8393850608023256,0.6670406439699295,0.4190832947653667,2100.0
std,0.005573617346906745,0.011587238377378165,0.007847827779554315,0.21329711323933387,0.014354368702197754,0.009196985241354204,0.018957739871327997,3.265986323710904
