,MAE,MedAE,RMSE,MaxAE,MSE,PearsonCorr,R2Coeff,Test Cases
"(0, 0)",2.2222179053013233,2.2767745178937915,2.5244855796469685,5.829770607948303,6.373027441845491,-0.02548324077239847,-3.283047053076171,2096.0
"(0, 1)",2.327106906861499,2.3504489803314206,2.628151181716778,6.3153959655761716,6.907178633959296,-0.027728145073490775,-3.924538830633291,2104.0
"(1, 0)",2.335282928215176,2.370223915576935,2.620519761708194,6.527818975448608,6.867123821503171,0.010918596460770008,-3.9144865628573102,2096.0
"(1, 1)",2.236694383409207,2.2336282706260677,2.5534500973146304,5.707565355300903,6.520107399476094,0.0019081366338791358,-3.362004122555069,2104.0
"(2, 0)",2.284458794646568,2.324098712205887,2.575554325193414,5.7292115068435665,6.633480082022501,0.0010966814375846083,-3.670057768052472,2100.0
"(2, 1)",2.282062928068709,2.292557299733162,2.58232502473948,7.171232280731201,6.668402533395755,0.0069777471155419695,-3.5263922157100973,2100.0
mean,2.28130397441708,2.3079552827278773,2.580747661719911,6.213499115308125,6.661553318700385,-0.005385037366352254,-3.6134210921474015,2100.0
std,0.041839662499460126,0.04596656392087304,0.03598368001744511,0.5266535520486166,0.18559821082032507,0.01536772713583681,0.24852025455252127,3.265986323710904
