,MAE,MedAE,RMSE,MaxAE,MSE,PearsonCorr,R2Coeff,Test Cases
"(0, 0)",0.7652693329319641,0.6430999999999998,0.972067873686092,3.7350666666666665,0.9449159510526002,0.6215111593578939,0.3649612344382832,2096.0
"(0, 1)",0.7422942699280283,0.6308999999999998,0.9431607996215341,3.5081000000000016,0.8895522939427316,0.6155819182996104,0.365785214839759,2104.0
"(1, 0)",0.7465484124522902,0.617649999999998,0.9452214212965567,3.3999999999999995,0.8934435352778828,0.6117877954159612,0.36060330890702297,2096.0
"(1, 1)",0.7376600658609451,0.6092452380952371,0.9455555151098468,3.570499999999999,0.8940752321546478,0.6560716436098231,0.4018565018045064,2104.0
"(2, 0)",0.7502465711829176,0.6044999999999998,0.9527106647482658,3.4274,0.9076576107250826,0.6120700595526904,0.36099702972105185,2100.0
"(2, 1)",0.7538595075963719,0.6273000000000009,0.9540967126819179,3.3602,0.9103005371504421,0.633449670291916,0.3821042978915282,2100.0
mean,0.7493130266587529,0.6221158730158726,0.9521354978573688,3.500211111111111,0.9066575267172312,0.6250787077546491,0.37271793126702524,2100.0
std,0.008839713770725854,0.013167421235207536,0.009773455741519459,0.1259012379938937,0.018723832496549245,0.015702572915909818,0.014885858401556379,3.265986323710904
