,MAE,MedAE,RMSE,MaxAE,MSE,PearsonCorr,R2Coeff,Test Cases
"(0, 0)",0.7663151477493032,0.6365500000000006,0.9759113496148784,3.748633333333335,0.9524029623071333,0.6051390260166802,0.3599295251317264,2096.0
"(0, 1)",0.7688483173724512,0.628704880952381,0.9771554872206308,3.296699999999999,0.9548328462053883,0.5656102416717811,0.31924282299801743,2104.0
"(1, 0)",0.7732168340544104,0.6316874999999995,0.9870652168033408,3.5442666666666662,0.9742977422230262,0.5509874702925783,0.3027396495481893,2096.0
"(1, 1)",0.7435849998319698,0.6070016666666675,0.9507748622615579,3.346566666666667,0.9039728387084845,0.6368835973430814,0.39523492366996016,2104.0
"(2, 0)",0.7642383005561899,0.6269750000000008,0.9728893133516548,3.6961533333333336,0.9465136160338545,0.5784449835531326,0.33364188774670644,2100.0
"(2, 1)",0.7923509041940863,0.6468232142857124,1.0062128315303884,4.247377142857141,1.0124642623364017,0.5598134388048855,0.3127573908783745,2100.0
mean,0.7680924172930684,0.6296237103174603,0.9783348434637419,3.646616190476191,0.9574140446357148,0.5828131262803565,0.3372576999954957,2100.0
std,0.014340685898670913,0.012025475916157203,0.01658248173496602,0.31536265631401245,0.032460594262413614,0.02966181482631738,0.03163526767437662,3.265986323710904
