,MAE,MedAE,RMSE,MaxAE,MSE,PearsonCorr,R2Coeff,Test Cases
"(0, 0)",2.211199497414881,2.2306306200474504,2.513795161758793,5.537527632713318,6.3191661152819165,0.0062668935458782445,-3.246849092512221,2096.0
"(0, 1)",2.348258807562759,2.366281850337982,2.6382031691445644,6.7345111942291265,6.960115961684423,-0.021846148541037547,-3.9622810029133957,2104.0
"(1, 0)",2.348281139531564,2.3590034607052806,2.637846862211912,6.122820558547973,6.958236068481228,-0.020527226910581425,-3.9796914324831194,2096.0
"(1, 1)",2.26554207191012,2.316848839521408,2.563032163101076,6.00322648525238,6.569133869090581,0.024824861058726787,-3.394803223776913,2104.0
"(2, 0)",2.2912998640653632,2.314231425523758,2.5918020052518758,5.581333351135254,6.717437634427643,0.05011902655520852,-3.7291649960757995,2100.0
"(2, 1)",2.3029446424323887,2.3620146799087527,2.6085893334996535,5.658782339096069,6.804738310848165,0.0012711151166414304,-3.6189344998168016,2100.0
mean,2.2945876704861794,2.324835146007439,2.5922114491613124,5.939700260162354,6.721471326635659,0.006684753470806001,-3.655287374596375,2100.0
std,0.04768204139436139,0.04711392833866321,0.04371646683652008,0.4160083308457144,0.22546790244774287,0.025164743573449375,0.2710892651756437,3.265986323710904
