,MAE,MedAE,RMSE,MaxAE,MSE,PearsonCorr,R2Coeff,Test Cases
"(0, 0)",0.7756786997462355,0.6513749999999999,0.9807996103921949,3.791600000000001,0.9619678757454814,0.611684949019655,0.3535013440688213,2096.0
"(0, 1)",0.7567829378634737,0.6267014285714293,0.9640285209816093,3.760750000000001,0.9293509892659891,0.5893091708340139,0.33741035573819544,2104.0
"(1, 0)",0.7523124956765034,0.6351699999999989,0.9548937246152351,3.4829999999999988,0.9118220253095566,0.6014251192620022,0.3474506638326115,2096.0
"(1, 1)",0.7494113856854319,0.6067391666666672,0.9589641158028492,3.44955,0.9196121753975404,0.6411456971872095,0.3847720820429694,2104.0
"(2, 0)",0.7569510436948543,0.6148075000000011,0.9626091792605411,3.3666,0.9266164319966527,0.5970711097699322,0.34764976863672836,2100.0
"(2, 1)",0.7755637975558832,0.6548373809523808,0.9787214648975606,3.2813,0.957895705851227,0.6051071609791214,0.34979754975601396,2100.0
mean,0.7611167267037303,0.6316050793650796,0.966669435991665,3.522133333333334,0.9345442005944079,0.607623867841989,0.35343029401255666,2100.0
std,0.010578539975469127,0.017643772914945025,0.009716075028735106,0.19084953424680515,0.018825657764282848,0.016491172132358494,0.014839802497063504,3.265986323710904
