,MAE,MedAE,RMSE,MaxAE,MSE,PearsonCorr,R2Coeff,Test Cases
"(0, 0)",2.229382626577814,2.2820823100209235,2.5463925689296603,6.665409364700317,6.484115115100195,-0.022385805919341542,-3.357704464472609,2096.0
"(0, 1)",2.32495222904985,2.33225613951683,2.633797849560049,6.101300048828125,6.936891112347138,-0.03883165733083259,-3.94572262525182,2104.0
"(1, 0)",2.3286227054410538,2.372950110435486,2.621360984026043,6.63725588798523,6.871533408573985,0.034453460705353,-3.9176423027231637,2096.0
"(1, 1)",2.241176161207896,2.2737026840448378,2.5448401448675617,5.720935201644897,6.4762113629295515,0.004088578749919822,-3.3326373221868373,2104.0
"(2, 0)",2.296222301555177,2.314093282222748,2.597816145629289,6.304758214950562,6.748648726492216,0.010499313815994022,-3.751138017950182,2100.0
"(2, 1)",2.258009745595108,2.3103582179546356,2.5448066243889165,5.668845915794373,6.476040755533712,0.07906922915597149,-3.395820485891095,2100.0
mean,2.2797276282378167,2.3142404573659103,2.581502386233587,6.183084105650583,6.665573413496133,0.011148853196177368,-3.616777536412618,2100.0
std,0.03915901039342014,0.032822601757464494,0.037667537302447276,0.39547975287216114,0.19478280622165647,0.03836051870711604,0.26250516001195495,3.265986323710904
