,MAE,MedAE,RMSE,MaxAE,MSE,PearsonCorr,R2Coeff,Test Cases
"(0, 0)",0.7656933168362332,0.6324833333333335,0.9706497291143522,3.5617900000000002,0.9421608966297654,0.6177519491336131,0.366812792090351,2096.0
"(0, 1)",0.760016190685592,0.6311416666666652,0.9623309242349422,3.4198000000000004,0.9260808077388779,0.5887177138513925,0.33974186282189867,2104.0
"(1, 0)",0.7463980027723153,0.6171416666666669,0.9488747505999846,3.5235000000000003,0.900363292326183,0.6045133304538437,0.3556511551500715,2096.0
"(1, 1)",0.7417547833081733,0.6043958333333336,0.9531251742116748,3.6212999999999993,0.9084475977160354,0.6455225554006947,0.3922412740193507,2104.0
"(2, 0)",0.7499082406496087,0.620391666666668,0.9530060377988951,3.4303927272727273,0.9082205080811492,0.6063748195844344,0.360600742532757,2100.0
"(2, 1)",0.7619919688190117,0.6307791666666669,0.9648896511497085,3.309075000000001,0.9310120388958061,0.6141716310458856,0.36804570142762494,2100.0
mean,0.7542937505118222,0.6227222222222223,0.9588127111849264,3.477642954545455,0.9193808568979694,0.612841999911644,0.36384892134034225,2100.0
std,0.00876318270458712,0.010029218213718804,0.007683864143823512,0.10312976231653401,0.014747097174326136,0.017258169860615624,0.015766142468705023,3.265986323710904
