,MAE,MedAE,RMSE,MaxAE,MSE,PearsonCorr,R2Coeff,Test Cases
"(0, 0)",0.7726192962407609,0.6377999999999995,0.976175087740971,3.4488666666666674,0.9529178019260924,0.6195467052674408,0.35958352280662875,2096.0
"(0, 1)",0.7667299594875973,0.6522666666666667,0.964771265678081,3.2534833333333335,0.9307835950780864,0.5956430848812705,0.3363889657721132,2104.0
"(1, 0)",0.7687982626772083,0.6488299999999998,0.9731899504376903,3.351440000000001,0.9470986796329142,0.5761088569038421,0.3222047751372836,2096.0
"(1, 1)",0.768041522987205,0.6370000000000005,0.9700814252911544,3.4657500000000008,0.9410579716949176,0.6381335963900651,0.37042467238708676,2104.0
"(2, 0)",0.7689278894540644,0.6507999999999989,0.9682444378207665,3.4738999999999995,0.9374972913708522,0.5938407925496102,0.33998949963535163,2100.0
"(2, 1)",0.7715008236583522,0.6389833333333332,0.9719979852826868,3.41528,0.9447800833936022,0.6149167550186854,0.35870019939347586,2100.0
mean,0.7694362924175313,0.6442799999999997,0.9707433587085582,3.401453333333334,0.9423559038494108,0.6063649651684857,0.3478819391886567,2100.0
std,0.002013660754167068,0.006455530216052584,0.0036380451671264844,0.07769409689669211,0.007060846655685344,0.020179952987117722,0.016410527245542938,3.265986323710904
