,MAE,MedAE,RMSE,MaxAE,MSE,PearsonCorr,R2Coeff,Test Cases
"(0, 0)",0.7855714846873866,0.6497000000000008,0.9986851259304853,3.3672999999999993,0.9973719807547893,0.5992451161739958,0.3297077155287559,2096.0
"(0, 1)",0.7567848862710483,0.6278000000000015,0.9589616722216693,3.302799999999999,0.9196074887901803,0.6105709690126736,0.3443570772553586,2104.0
"(1, 0)",0.7770097255543439,0.6493499999999993,0.9848333402599405,3.7191,0.9698967080875518,0.5657228978671636,0.3058892684692489,2096.0
"(1, 1)",0.777007422596415,0.6502500000000002,0.9853239325794073,3.4436,0.9708632521137484,0.6177805521993015,0.35048470083519234,2104.0
"(2, 0)",0.7604198165532879,0.6352999999999993,0.9624266610475375,3.579999999999999,0.9262650778951116,0.6062640484995531,0.3478971265741835,2100.0
"(2, 1)",0.7755328571428572,0.6364500000000007,0.9853368481626423,3.4025000000000007,0.97088870434709,0.6004708715325285,0.3409781350677321,2100.0
mean,0.7720543654675565,0.6414750000000004,0.9792612633669471,3.469216666666666,0.959148868664745,0.6000090758808693,0.3365523372884119,2100.0
std,0.010102974052399955,0.008727864859173439,0.014008809146962736,0.14018051952948238,0.027375284745279917,0.016547117231156767,0.015222731283154515,3.265986323710904
