,MAE,MedAE,RMSE,MaxAE,MSE,PearsonCorr,R2Coeff,Test Cases
"(0, 0)",0.74192340953304,0.5844009804725647,0.96063952972575,3.9124867510795593,0.9228283060717101,0.6373836999370235,0.3798054232650301,2096.0
"(0, 1)",0.7163652413926253,0.5664699649810792,0.9366615414351538,3.580979347229004,0.8773348432036784,0.631365187643401,0.374495762773182,2104.0
"(1, 0)",0.7051748742926724,0.5755559247732163,0.9153171066710684,4.215933265686035,0.837805405764696,0.6544615144944944,0.40042097449488745,2096.0
"(1, 1)",0.7344246191350112,0.6006983518600464,0.9486463950860028,4.451723289489746,0.8999299829096685,0.6453572219428194,0.3979396266113179,2104.0
"(2, 0)",0.7003366369150934,0.5903667020797729,0.8964045335659309,4.021583080291748,0.8035410877975541,0.6732112591341721,0.43429643978456556,2100.0
"(2, 1)",0.7325961048174472,0.5786276936531067,0.9495191427083881,3.809510374069214,0.9015866023696724,0.6365171923073559,0.38801916076346055,2100.0
mean,0.7218034810143149,0.5826866029699644,0.9345313748653822,3.998702684640884,0.8738377046861632,0.646382679243211,0.39582956461540725,2100.0
std,0.015532201962817384,0.010928912531201224,0.022109140154729583,0.2800773733755848,0.04103465652961482,0.014082651003054975,0.019485637903245083,3.265986323710904
