,MAE,MedAE,RMSE,MaxAE,MSE,PearsonCorr,R2Coeff,Test Cases
"(0, 0)",0.7582547419120321,0.6397800000000005,0.961261349621089,3.5161,0.9240233822753575,0.6262545460267045,0.379002262183591,2096.0
"(0, 1)",0.7459130389582956,0.6211500000000003,0.9444749008152984,3.391700000000001,0.8920328382700676,0.613638653615043,0.36401668712266544,2104.0
"(1, 0)",0.7455905070883315,0.6104499999999998,0.9437705113114524,3.459299999999999,0.8907027780210802,0.6097492652165943,0.3625647435717705,2096.0
"(1, 1)",0.739203482934999,0.5990500000000003,0.9374207657789924,3.3191666666666655,0.8787576921136725,0.6567422306525039,0.41210405889405755,2104.0
"(2, 0)",0.7455683609599395,0.6068166666666674,0.9433417004157343,3.6487,0.8898935637432489,0.6215701761262169,0.37350315389324773,2100.0
"(2, 1)",0.746591048696145,0.6302000000000008,0.9428831857370182,3.4067000000000003,0.8890287019455884,0.6444539847235503,0.3965432386727601,2100.0
mean,0.7468535300916238,0.6179077777777783,0.9455254022799308,3.4569444444444444,0.8940731593948358,0.6287348093934355,0.38128902405634874,2100.0
std,0.00566732093278535,0.013989590265710844,0.007407633779485251,0.1049120101634852,0.014083189389588309,0.016719931229125774,0.01778125788804956,3.265986323710904
