,MAE,MedAE,RMSE,MaxAE,MSE,PearsonCorr,R2Coeff,Test Cases
"(0, 0)",0.777827933478735,0.653525000000001,0.985780020713935,3.381866666666668,0.9717622492387661,0.6025540261841476,0.34691895243314486,2096.0
"(0, 1)",0.7501886650710665,0.6232,0.9509382259966854,3.4923,0.9042835096617232,0.6052010151378832,0.3552824542083859,2104.0
"(1, 0)",0.7682311423686841,0.6451000000000002,0.9719485307301708,3.5035999999999996,0.9446839463885378,0.5744559644603544,0.32393288932174213,2096.0
"(1, 1)",0.7632710923448911,0.6284500000000025,0.9684083673520174,3.617899999999999,0.9378147659574,0.6239391728289013,0.3725944030265671,2104.0
"(2, 0)",0.7603712469198791,0.6384999999999967,0.960624351496626,3.7049000000000007,0.9227991446883131,0.599977306698235,0.35033718942141,2100.0
"(2, 1)",0.7539427394557823,0.637699999999999,0.9589106099825971,3.360699999999999,0.9195095579371965,0.6235766295294186,0.3758533795051946,2100.0
mean,0.7623054699398398,0.6377458333333332,0.9661016843786719,3.510211111111111,0.9334755289786562,0.60495068580649,0.35415321131940747,2100.0
std,0.009105733859747315,0.010013578454889125,0.011093440374790218,0.1215805930948025,0.021492394263684333,0.016673120038065235,0.01728397343772553,3.265986323710904
