,MAE,MedAE,RMSE,MaxAE,MSE,PearsonCorr,R2Coeff,Test Cases
"(0, 0)",0.7144436686200211,0.5774955320358276,0.9244875089186788,4.302977350354195,0.8546771541466642,0.6722269606683435,0.4256069819559162,2096.0
"(0, 1)",0.7118935248054592,0.5609807014465332,0.9245578816645778,3.7645456790924072,0.8548072765480913,0.6555667843782836,0.39055700610192545,2104.0
"(1, 0)",0.7089539063235616,0.5670607447624205,0.9169150177827559,4.092883739471436,0.8407331498355516,0.6582842327951575,0.39832572191612214,2096.0
"(1, 1)",0.700317339883841,0.5629947376251221,0.9103274052058634,4.020245611667633,0.8286959846688402,0.6805346693149806,0.4455957425240007,2104.0
"(2, 0)",0.7133438707306272,0.5522602081298829,0.9336608484299285,4.247136116027832,0.8717225798908939,0.6559070595865871,0.38629576700786694,2100.0
"(2, 1)",0.6963980271154926,0.5640010738372803,0.8997985615215168,3.9176463508605956,0.8096374513161909,0.6821167091631788,0.4504325977875884,2100.0
mean,0.7075583895798339,0.5641321663061777,0.9182912039205536,4.0575724745790165,0.843378932734372,0.6674394026510885,0.41613563621557,2100.0
std,0.00681427686367898,0.007520440660181959,0.01096346370963131,0.18450028469205115,0.020094343660490708,0.011310770556692978,0.025806210451126108,3.265986323710904
