,MAE,MedAE,RMSE,MaxAE,MSE,PearsonCorr,R2Coeff,Test Cases
"(0, 0)",0.7897932644319215,0.6339366531372069,1.017872155857813,4.3601651287078855,1.0360637256706318,0.5605744470217511,0.30370460075287065,2096.0
"(0, 1)",0.795613512683079,0.6659926795959474,1.0117078243346138,3.574181203842163,1.0235527218198777,0.5502667752376126,0.2702483327967615,2104.0
"(1, 0)",0.7517580101186879,0.6084432101249695,0.9692603498358443,4.304189119338989,0.9394656257639034,0.5875674651717,0.3276674028177917,2096.0
"(1, 1)",0.8075984244603848,0.6700635743141173,1.027613329709297,4.206524620056152,1.0559891553962286,0.5540821787932687,0.29353478907695363,2104.0
"(2, 0)",0.8053438739231654,0.6716490530967713,1.0198130095943276,3.7652210235595702,1.04001857453784,0.5448649556387023,0.2678131594753428,2100.0
"(2, 1)",0.793327469418872,0.6448298025131227,1.019245187824879,3.78080885887146,1.038860752904173,0.5537354855600516,0.2948399258138922,2100.0
mean,0.7905724258393518,0.6491524954636892,1.0109186428594625,3.998514992396037,1.0223250926821092,0.5585152179038477,0.29296803512226877,2100.0
std,0.018476332110128623,0.022856120881412027,0.019198703114837408,0.3025934287549851,0.03824418222693322,0.013815074129564214,0.02029818459611528,3.265986323710904
