,MAE,MedAE,RMSE,MaxAE,MSE,PearsonCorr,R2Coeff,Test Cases
"(0, 0)",0.7128072368080607,0.5825720536708832,0.9215153546717665,3.6143441200256348,0.8491905488958317,0.6768330698380728,0.42929430147013525,2096.0
"(0, 1)",0.7067728131318274,0.5466564559936522,0.9214083177996163,3.958988904953003,0.8489932881103186,0.6555647210421811,0.39470214456437935,2104.0
"(1, 0)",0.686761771814457,0.567258505821228,0.8863509496766379,4.136822853088379,0.7856180059926778,0.6789126204088699,0.43776911056998524,2096.0
"(1, 1)",0.7009402226220407,0.5717043876647948,0.9068664276410515,4.453595757484436,0.8224067175824424,0.6812684706747005,0.44980331262643813,2104.0
"(2, 0)",0.7024492359531778,0.541020622253418,0.9150867602433466,4.109820127487183,0.8373837787726641,0.6694433440229447,0.4104707374494613,2100.0
"(2, 1)",0.693525708468755,0.5423267912864684,0.909085515581291,3.828166904449463,0.8264364746397017,0.6776900444154726,0.4390297216081339,2100.0
mean,0.7005428314663864,0.5585898027817408,0.9100522209356182,4.01695644458135,0.8283381356656062,0.6732853784003736,0.42684488804808884,2100.0
std,0.00848703155828933,0.016009650837585217,0.011962058173853618,0.26291440909594455,0.021629800560281014,0.008719382025962846,0.01871793461857659,3.265986323710904
