,MAE,MedAE,RMSE,MaxAE,MSE,PearsonCorr,R2Coeff,Test Cases
"(0, 0)",0.7651471059766147,0.6438333333333333,0.9726453181147755,3.7297499999999992,0.9460389148505929,0.6230485744080281,0.36420653710964423,2096.0
"(0, 1)",0.7449663603340576,0.6187450000000002,0.9474529146578916,3.4765,0.897667025493734,0.6156748947093879,0.3599997396492658,2104.0
"(1, 0)",0.7490364298209742,0.6045250000000025,0.9534034681694183,3.3777999999999997,0.9089781731174751,0.6027282831220622,0.3494858788291684,2096.0
"(1, 1)",0.7420790231758102,0.6089799999999997,0.9457038219934188,3.6208,0.89435571893296,0.6581895990005936,0.40166885390112694,2104.0
"(2, 0)",0.7549404448223734,0.6227999999999998,0.9572453018311807,3.4798,0.9163185678778683,0.6095670488221496,0.3548996012626846,2100.0
"(2, 1)",0.755383998356009,0.6269500000000006,0.9563626257203536,3.3134999999999994,0.9146294718747292,0.6302135044240147,0.3791658945272742,2100.0
mean,0.7519255604143065,0.6209722222222226,0.9554689084145065,3.4996916666666658,0.9129979786912266,0.6232369840810393,0.36823775087986066,2100.0
std,0.007633166937540453,0.012786646885725528,0.00878315116675576,0.14026909381811642,0.016852904579185233,0.01795852520247376,0.017562827348832168,3.265986323710904
