,MAE,MedAE,RMSE,MaxAE,MSE,PearsonCorr,R2Coeff,Test Cases
"(0, 0)",0.7930420037031988,0.6697333333333333,1.0050949984627868,3.3522250000000002,1.0102159559349093,0.6008841712855176,0.3210758132582916,2096.0
"(0, 1)",0.7715499480581206,0.6394750000000002,0.9772914507340417,3.457099999999999,0.9550985796778477,0.5892663542693296,0.31905336578645915,2104.0
"(1, 0)",0.7758688412736278,0.6459499999999991,0.985564816279053,3.6033999999999993,0.9713380070871636,0.57421272543625,0.30485779666958923,2096.0
"(1, 1)",0.7840810685994931,0.6518999999999997,0.9949439829092559,3.2764,0.9899135291273337,0.6164752814768353,0.3377399127852666,2104.0
"(2, 0)",0.7750650107898714,0.6374499999999995,0.9743843212465307,3.4723000000000006,0.9494248054910625,0.5989358437991598,0.3315923718409074,2100.0
"(2, 1)",0.7816931156462584,0.6456474999999999,0.9897714685336063,3.2324,0.9796475599231715,0.6124347457179551,0.33503278076442555,2100.0
mean,0.7802166646784284,0.6483593055555553,0.9878418396942124,3.3989708333333333,0.975939739540248,0.5987015203308412,0.32489200685082326,2100.0
std,0.007096453684169532,0.010649632670772157,0.010403811311343346,0.12616264338862548,0.020584967619448138,0.014130642657498683,0.011275500831947304,3.265986323710904
