,MAE,MedAE,RMSE,MaxAE,MSE,PearsonCorr,R2Coeff,Test Cases
"(0, 0)",0.7904594067119532,0.6628750000000005,0.9998760434525865,3.4430000000000005,0.9997521022703986,0.6016276446127962,0.3281081347115671,2096.0
"(0, 1)",0.7688993232844468,0.6229499999999996,0.9734807514121787,3.8795000000000015,0.9476647733700201,0.6009528912521327,0.3243533688357967,2104.0
"(1, 0)",0.783992198121138,0.6540000000000006,0.9857403179619431,3.189400000000001,0.9716839744557125,0.5700736520029573,0.30461020364110813,2096.0
"(1, 1)",0.7877255962565635,0.6702333333333335,0.9942185022890184,3.7355999999999994,0.9884704302938189,0.6211296297611884,0.33870535747434516,2104.0
"(2, 0)",0.7901826600202706,0.6583499999999998,0.9970751020138343,3.5742,0.994158759055898,0.5680769846387885,0.30009907650301537,2100.0
"(2, 1)",0.7939072777399849,0.6689416666666661,0.9925596554672901,3.2957,0.9851746696613455,0.611159864629549,0.33128107765877846,2100.0
mean,0.7858610770223929,0.656225,0.9904917287661418,3.5195666666666674,0.981150784851199,0.595503444482902,0.32119286980410183,2100.0
std,0.008157126656264996,0.01591048600184226,0.008770410313017413,0.23951199459642009,0.017300860888949346,0.019865850960047355,0.014060593502715334,3.265986323710904
