,MAE,MedAE,RMSE,MaxAE,MSE,PearsonCorr,R2Coeff,Test Cases
"(0, 0)",0.741804808248972,0.6009386062622071,0.9614234829768977,3.96046820640564,0.9243351136194292,0.6439950432268127,0.3787927604943607,2096.0
"(0, 1)",0.7328475692984382,0.5868649148941041,0.9480507964613567,4.2767206478118895,0.8988003126710129,0.6390183493704821,0.35919175175630325,2104.0
"(1, 0)",0.7153427907897031,0.5792867672443389,0.9210342903127444,4.210924301147461,0.8483041639319008,0.6535365244256077,0.39290749326452834,2096.0
"(1, 1)",0.7164178655911307,0.5916799879074097,0.920707519059356,3.9114476442337036,0.8477023356524345,0.6705456162886051,0.43288034134029807,2104.0
"(2, 0)",0.7124571555035456,0.5590762114524842,0.9233873350638483,4.587769031524658,0.8526441705563157,0.6591449265018084,0.3997272196712278,2100.0
"(2, 1)",0.7136323874821267,0.5541623902320862,0.9284944913137775,3.7746078395843505,0.8621020204000304,0.6594067709121099,0.41482058787781073,2100.0
mean,0.7220837628189861,0.5786681463321051,0.9338496525313302,4.120322945117951,0.8723146861385205,0.6542745384542377,0.3963866924007548,2100.0
std,0.011153621023125374,0.01691758014478848,0.015476194804749507,0.27076313566832083,0.029100727327553054,0.010438490119297358,0.02376225618471111,3.265986323710904
