,MAE,MedAE,RMSE,MaxAE,MSE,PearsonCorr,R2Coeff,Test Cases
"(0, 0)",0.7779817674616255,0.6281949999999997,0.9959479629095184,3.8305000000000002,0.9919123448236193,0.5823094527062137,0.3333769100833449,2096.0
"(0, 1)",0.7750127042470627,0.6330483333333323,0.984837897387901,3.318633333333334,0.9699056841314218,0.5559751640770061,0.3084964995585662,2104.0
"(1, 0)",0.7651093539989094,0.625544404761905,0.9793344704403965,3.5838000000000028,0.9590960049927717,0.5608214241043568,0.31361883787973455,2096.0
"(1, 1)",0.7587389735036563,0.6148708333333333,0.9646225427013841,3.803673333333335,0.9304966498876838,0.6197248558126944,0.3774902813472224,2104.0
"(2, 0)",0.766569606487218,0.6316250000000007,0.9793491230383086,3.7893025000000002,0.959124704795904,0.570015411382729,0.3247635143576886,2100.0
"(2, 1)",0.7962902241452992,0.6520366666666677,1.0173102547229984,4.356028333333332,1.0349201543645719,0.5472563226941206,0.29751473353066726,2100.0
mean,0.7732837716406284,0.6308867063492064,0.9869003752000846,3.7803229166666674,0.9742425904993288,0.5726837717961867,0.32587679612620396,2100.0
std,0.012095519141918868,0.011141754708782849,0.016438975918871043,0.31261234500048274,0.032620220140255195,0.023731433087220668,0.025749374769596732,3.265986323710904
