,MAE,MedAE,RMSE,MaxAE,MSE,PearsonCorr,R2Coeff,Test Cases
"(0, 0)",0.784102102758088,0.653349999999999,0.996107550473296,3.4501,0.99223025210991,0.5973162948221356,0.33316325779985423,2096.0
"(0, 1)",0.7603387349493029,0.6279666666666668,0.9567441756439119,3.4852000000000007,0.9153594176285484,0.6094566976854073,0.347385780073018,2104.0
"(1, 0)",0.7682156345419848,0.6460499999999998,0.9716478756391717,3.6539999999999995,0.9440995942341152,0.5841823555215109,0.32435108344282293,2096.0
"(1, 1)",0.7613232956500091,0.6309250000000004,0.9677220581590908,3.570599999999998,0.9364859818476668,0.639662742821363,0.37348337024896405,2104.0
"(2, 0)",0.769640886111111,0.6386499999999999,0.9707659373260927,3.5258,0.9423865050726075,0.5986482167946028,0.3365474284833735,2100.0
"(2, 1)",0.7699232936507936,0.6408000000000001,0.9711586554031436,3.4120999999999997,0.9431491339644418,0.6246433739908857,0.3598072586574296,2100.0
mean,0.7689239912768815,0.639623611111111,0.9723577087741178,3.5162999999999993,0.9456184808095482,0.6089849469393175,0.3457896964509104,2100.0
std,0.0077874533819925415,0.008598393498565077,0.011788426404580905,0.07979903925904502,0.023059781088410086,0.018460363033769096,0.01668552116596192,3.265986323710904
