,MAE,MedAE,RMSE,MaxAE,MSE,PearsonCorr,R2Coeff,Test Cases
"(0, 0)",0.7645390725531624,0.6268500000000015,0.9724437028951305,3.533949999999999,0.9456467553003929,0.6192843884783388,0.3644700912557932,2096.0
"(0, 1)",0.7407949331771682,0.6131000000000002,0.9438867545645876,3.1795999999999993,0.89092220544247,0.6159394160626313,0.3648085233811329,2104.0
"(1, 0)",0.7486571389191808,0.6183583333333315,0.946397476093217,3.2897000000000003,0.8956681827556112,0.611398062429124,0.3590112304152743,2096.0
"(1, 1)",0.7488590764379262,0.6170876190476191,0.9575033110565927,3.4942,0.9168125906843381,0.6435465614949011,0.38664502666063205,2104.0
"(2, 0)",0.7457170914450628,0.5994874999999995,0.9458422394486059,3.4094,0.8946175419251539,0.6250252750042208,0.37017741073404176,2100.0
"(2, 1)",0.7559655258881329,0.6356500000000002,0.9575333392222599,3.360500000000002,0.9168700957221314,0.6282465972888551,0.3776449991868348,2100.0
mean,0.7507554730701056,0.618422242063492,0.9539344705467322,3.3778916666666667,0.910089561971683,0.6239067167930118,0.3704595469389515,2100.0
std,0.007634671307373631,0.011228377501291091,0.009929142682453799,0.11991276835220208,0.019018569388711107,0.010385241684529646,0.00924257969511672,3.265986323710904
