,MAE,MedAE,RMSE,MaxAE,MSE,PearsonCorr,R2Coeff,Test Cases
"(0, 0)",0.7112498052281733,0.5751154661178588,0.9113347076109526,4.067403936386109,0.8305309492963404,0.6746030188920646,0.4418346433728588,2096.0
"(0, 1)",0.7098789405921906,0.5711738824844361,0.9155687659656045,4.178749952316284,0.8382661652117799,0.6535954624234036,0.4023501490614846,2104.0
"(1, 0)",0.6991536582527214,0.5749825000762939,0.8959918396202853,4.128602657318115,0.8028013766661429,0.6600294620072646,0.4254717577809022,2096.0
"(1, 1)",0.7080750044489089,0.5822788834571839,0.9077626260157657,4.304965782165527,0.824032985191039,0.6756206312201899,0.4487153265583488,2104.0
"(2, 0)",0.722686829020012,0.5834553289413451,0.9317696238628279,4.636245880126953,0.8681946319534758,0.6474715273302436,0.3887794890461791,2100.0
"(2, 1)",0.6942978772438707,0.5632532334327698,0.8961625197112496,3.6088608360290526,0.8031072617352157,0.6791370437480466,0.4548651735264415,2100.0
mean,0.7075570191309795,0.575043215751648,0.909765013797781,4.154138174057007,0.8278222283423323,0.6650761909368689,0.42700275655770253,2100.0
std,0.009079544428110911,0.0067958671875152235,0.01224124225133156,0.30585530708031783,0.02235164019534562,0.012019803342437727,0.024285963143158347,3.265986323710904
