,MAE,MedAE,RMSE,MaxAE,MSE,PearsonCorr,R2Coeff,Test Cases
"(0, 0)",0.7737156965648855,0.6564949999999996,0.9843063494248482,3.4104,0.9688589895180714,0.6152031228894492,0.34887011271050206,2096.0
"(0, 1)",0.7523967928435633,0.6200500000000004,0.9541175043551726,3.6051999999999995,0.9103402121169428,0.6121466543219828,0.350964270474194,2104.0
"(1, 0)",0.7577720286941113,0.6295000000000004,0.9617068731583107,3.3959,0.9248801098799352,0.5981505430504781,0.3381055897046583,2096.0
"(1, 1)",0.7608810078308891,0.62955,0.9714569807568965,3.4922999999999993,0.9437286654613052,0.6365412147451589,0.36863795684617384,2104.0
"(2, 0)",0.7575014326152684,0.6242583333333331,0.9599131079078091,3.5903999999999994,0.9214331747332292,0.6076373373029098,0.3512988503476189,2100.0
"(2, 1)",0.7624401754535147,0.6291499999999983,0.9652637890718914,3.2463999999999995,0.9317341824934249,0.6311553296055603,0.36755552328638097,2100.0
mean,0.7607845223337054,0.6315005555555554,0.9661274341124882,3.4567666666666668,0.9334958890338182,0.6168057003192565,0.3542387172282546,2100.0
std,0.006585002730056861,0.011701988857022259,0.009678330901455758,0.12332997292719314,0.018771824185081304,0.013239783026010152,0.010748177846699536,3.265986323710904
