,MAE,MedAE,RMSE,MaxAE,MSE,PearsonCorr,R2Coeff,Test Cases
"(0, 0)",0.6835588286529857,0.5448592877388,0.8914216831751764,3.8470281839370726,0.7946326172348647,0.6974673664666591,0.4659604213879822,2096.0
"(0, 1)",0.69531180863598,0.564722708761692,0.9001112947854418,4.2951842880249025,0.8102003430003245,0.6636875652962987,0.4223599444668681,2104.0
"(1, 0)",0.6570207223348775,0.5211128759384154,0.8527148253397632,3.709328088760376,0.7271225733542228,0.6985817515984956,0.47963161737232884,2096.0
"(1, 1)",0.7136682693572439,0.5728340196609498,0.9220503236954863,4.221006917953491,0.8501767994269512,0.6659639341145621,0.43122490523714074,2104.0
"(2, 0)",0.6817048754306066,0.55361967086792,0.8835942742551649,4.0752565741539,0.7807388414965115,0.6812568337125352,0.45034952295516617,2100.0
"(2, 1)",0.6735015116125346,0.5255103206634522,0.880618915961708,3.5528472518920897,0.7754896751495738,0.6919160694554642,0.47361149669933067,2100.0
mean,0.6841276693373713,0.5471098139385382,0.8884185528687903,3.950108550786972,0.7897268082770746,0.6831455867740025,0.4538563180198028,2100.0
std,0.017567144214948368,0.018981441922045317,0.02095908384447012,0.2691166259077207,0.037193645856133634,0.014128582734911096,0.021282396727775512,3.265986323710904
