,MAE,MedAE,RMSE,MaxAE,MSE,PearsonCorr,R2Coeff,Test Cases
"(0, 0)",0.7972087790803343,0.66295,1.0092714685889568,3.516899999999999,1.0186288973077098,0.593094230765043,0.31542182477585057,2096.0
"(0, 1)",0.7757321673003802,0.6575499999999996,0.9780162404787459,3.3400000000000007,0.9565157666401801,0.5920858914915224,0.31804296883625427,2104.0
"(1, 0)",0.7864394322519084,0.6489499999999999,0.9966712382079701,3.4596999999999998,0.9933535570710083,0.5585696220605023,0.28910227406917755,2096.0
"(1, 1)",0.7989106384664133,0.6745000000000005,1.0094412632755574,3.4406999999999988,1.0189716640033533,0.5946252035738268,0.31829978759144795,2104.0
"(2, 0)",0.7742869333333334,0.6411499999999999,0.9745649057430055,3.5064999999999995,0.949776755505873,0.6034230205696856,0.33134459437262387,2100.0
"(2, 1)",0.7851541111111111,0.6546499999999995,0.9953497078771681,3.419500000000001,0.9907210409711639,0.6057563120009704,0.32751630014325317,2100.0
mean,0.7862886769239134,0.6566249999999999,0.9938858040285674,3.447216666666666,0.9879946135832148,0.5912590467435916,0.3166212916314346,2100.0
std,0.009445936125174761,0.010509192404747585,0.0136243214033958,0.05892397408714173,0.027036121376578848,0.015503300883637527,0.01353421846760556,3.265986323710904
