,MAE,MedAE,RMSE,MaxAE,MSE,PearsonCorr,R2Coeff,Test Cases
"(0, 0)",0.7728333317430026,0.6428499999999997,0.9779750332300283,3.3333000000000004,0.9564351656212751,0.6180695988856308,0.3572196487535638,2096.0
"(0, 1)",0.7530370739407931,0.634520833333333,0.9488726814426993,3.249799999999999,0.9003593655882582,0.6197937911689387,0.35808021012159885,2104.0
"(1, 0)",0.7642580505952381,0.634183333333334,0.9651859587152962,3.5152999999999994,0.9315839349011654,0.5886342823966773,0.33330796862734224,2096.0
"(1, 1)",0.7728820196224878,0.6388666666666671,0.9761463935990137,3.3644999999999987,0.9528617817363605,0.6256824852199027,0.36252782883712187,2104.0
"(2, 0)",0.7634372209183673,0.6376333333333332,0.9642617352944748,3.6829999999999994,0.9298006941531117,0.6021971572163666,0.34540800593669574,2100.0
"(2, 1)",0.7769783240362812,0.6501000000000003,0.9796703883064409,3.284600000000001,0.9597540697244927,0.6109723714434151,0.348536125640151,2100.0
mean,0.767237670142695,0.6396923611111113,0.9686853650979922,3.4050833333333332,0.938465835287444,0.6108916143884885,0.35084663131941224,2100.0
std,0.007989878258496612,0.005481865313802695,0.010700408048925908,0.1498968469388938,0.020647345628404153,0.01238635679175996,0.009763129284240987,3.265986323710904
