,MAE,MedAE,RMSE,MaxAE,MSE,PearsonCorr,R2Coeff,Test Cases
"(0, 0)",0.7669980063120986,0.641012500000001,0.9742976206547677,3.4588000000000005,0.9492558536135415,0.6212254043884924,0.3620445661760021,2096.0
"(0, 1)",0.745111743504436,0.6179833333333337,0.9450130569200158,3.454699999999999,0.893049677749313,0.6199814574420505,0.3632917217257312,2104.0
"(1, 0)",0.7495176982233734,0.6103666666666668,0.9524637229741865,3.455550000000001,0.9071871435818478,0.6040514555576073,0.35076763678421785,2096.0
"(1, 1)",0.7465914764960166,0.6072500000000004,0.950237072775395,3.7269499999999995,0.9029504944767515,0.6526667865107999,0.3959188801572181,2104.0
"(2, 0)",0.7617961885435992,0.6319499999999999,0.9622260524262599,3.4282000000000017,0.9258789759678234,0.6012378664898741,0.34816894744083215,2100.0
"(2, 1)",0.7624795850907029,0.6357500000000009,0.9616564866578851,3.2787333333333333,0.9247831983311872,0.6278577507640076,0.3722737268510141,2100.0
mean,0.7554157830283712,0.6240520833333338,0.9576490020680849,3.4671555555555558,0.9171842239534108,0.6211701201921386,0.36541091318916924,2100.0
std,0.008598292378561667,0.012866652217806569,0.00962355399068746,0.1322077075366588,0.018470469875320583,0.016973134575222565,0.01583965725266369,3.265986323710904
