,MAE,MedAE,RMSE,MaxAE,MSE,PearsonCorr,R2Coeff,Test Cases
"(0, 0)",0.6749303023809524,0.5480500000000011,0.8717073782971857,3.439200000000001,0.7598737533777528,0.6963188125457714,0.4725363753908818,2100.0
"(0, 1)",0.6829076515873016,0.5377000000000005,0.8866577245413629,3.6062000000000003,0.7861619204888675,0.689333128462958,0.45898419618317066,2100.0
"(1, 0)",0.6599423730158731,0.5320000000000004,0.8508092896478298,3.5210000000000004,0.7238764473510447,0.7017455364514458,0.47983794254026924,2100.0
"(1, 1)",0.6796632375283447,0.5442000000000006,0.8786243673356913,3.3634999999999993,0.7719807788760438,0.714078057655373,0.4858072680812525,2100.0
"(2, 0)",0.6776839056689342,0.5448999999999997,0.8779281990268103,3.403,0.7707579226464586,0.6968628699774553,0.47012730530550995,2100.0
"(2, 1)",0.671334896371882,0.528549999999999,0.8700205891417976,3.2430000000000003,0.7569358255306406,0.6998396191990062,0.4740308050821417,2100.0
mean,0.6744103944255481,0.5392333333333336,0.8726245913317796,3.4293166666666663,0.7615977747118013,0.6996963373820017,0.47355398209720434,2100.0
std,0.007411300514160279,0.007110067197682586,0.01113989743426616,0.115130019494869,0.019333549859427358,0.007504286943457941,0.008315796566776836,0.0
