,MAE,MedAE,RMSE,MaxAE,MSE,PearsonCorr,R2Coeff,Test Cases
"(0, 0)",0.6796232134920636,0.5482999999999998,0.8786633597550368,3.292199999999998,0.7720492997760093,0.6888559698625446,0.4640847637826725,2100.0
"(0, 1)",0.689744119047619,0.5460500000000018,0.8931481778807617,3.5869999999999997,0.7977136676517248,0.6848340203969728,0.45103458985663214,2100.0
"(1, 0)",0.6652268544217687,0.5428000000000002,0.8595522197088653,3.414499999999999,0.7388300184064375,0.6921131725538624,0.4690926277631312,2100.0
"(1, 1)",0.6843900589569161,0.5401000000000016,0.8885067875251367,3.3394000000000013,0.7894443114782383,0.7027533206655038,0.4741753443554464,2100.0
"(2, 0)",0.680663103287982,0.5407500000000001,0.8869789005590581,3.455966666666667,0.7867315700369555,0.6872693990739713,0.45914590720603865,2100.0
"(2, 1)",0.6774430884353742,0.5416999999999995,0.8806561246549548,3.3183000000000007,0.7755552098922832,0.6879037739119161,0.46109282239953586,2100.0
mean,0.6795150729402871,0.5432833333333339,0.8812509283473022,3.4012277777777773,0.7767206795402748,0.6906216094107952,0.46310434256057614,2100.0
std,0.007507494579950865,0.002947126660928466,0.010838857287221289,0.1002252156796118,0.01898111604392836,0.005840102626465839,0.007357334439530219,0.0
