,MAE,MedAE,RMSE,MaxAE,MSE,PearsonCorr,R2Coeff,Test Cases
"(0, 0)",0.6215599643771137,0.48225632667541496,0.8350713541615084,3.826273775100708,0.6973441665411353,0.7260711996523207,0.5159410625136341,2100.0
"(0, 1)",0.6403480191433714,0.49794308662414566,0.8526052680673893,4.461893463134766,0.7269357431362649,0.7136928426907884,0.4997420822017292,2100.0
"(1, 0)",0.6264380743124655,0.4826848638057709,0.8358863176591118,3.725805907249451,0.6987059360497097,0.7218592755245005,0.49792493099489776,2100.0
"(1, 1)",0.6341346463481585,0.49476924896240226,0.8340415098612732,3.628496243953705,0.6956252401716724,0.7358967080406762,0.5366653517510178,2100.0
"(2, 0)",0.6387448565680357,0.4849692058563233,0.8561409176818842,4.007723007202149,0.7329772709291787,0.7172050759041467,0.49610035747215186,2100.0
"(2, 1)",0.6380378999247438,0.49510593891143806,0.8425174049618858,4.022209510803223,0.7098355776637102,0.7204761631723385,0.506759179952804,2100.0
mean,0.6332105767789814,0.48962144513924916,0.8427104620655088,3.9454003179073336,0.7102373224152784,0.7225335441641286,0.5088554941477058,2100.0
std,0.006920161951480787,0.006452825402745009,0.00874068307486302,0.2706134910602297,0.014769468503392414,0.007098440984079083,0.01410208608643379,0.0
