,MAE,MedAE,RMSE,MaxAE,MSE,PearsonCorr,R2Coeff,Test Cases
"(0, 0)",0.566910911122674,0.43376331090927134,0.7577810430416682,3.6615700304508207,0.5742321091933186,0.7796354159796691,0.6013988529862091,2100.0
"(0, 1)",0.5586027112343481,0.4209223675727844,0.7582244620155827,3.8745393562316894,0.5749043347988197,0.7797901738050969,0.604366069250021,2100.0
"(1, 0)",0.5544982832355159,0.4186430931091307,0.7491867441179463,3.808315110206604,0.5612807775620491,0.7751695123268809,0.5966756963323492,2100.0
"(1, 1)",0.5517955263556469,0.4045040893554688,0.745020054572103,3.4242561900615693,0.5550548817146193,0.7950461390789286,0.6302949583677335,2100.0
"(2, 0)",0.554741811931559,0.4166190767288208,0.7553100982178578,4.155779247283935,0.5704933444698699,0.7818804329909904,0.6078031287676042,2100.0
"(2, 1)",0.554070832792776,0.4211593770980835,0.7466039416033508,3.15148588180542,0.5574174456176596,0.7860548181627177,0.6126694031172905,2100.0
mean,0.5567700127787533,0.41926855246225997,0.7520210572614182,3.67932430267334,0.5655638155593894,0.7829294153907139,0.608868018136868,2100.0
std,0.004958192621231735,0.008581070606833214,0.005305185652575312,0.32294096844613884,0.00797736712762408,0.006306146008876816,0.010796658183652486,0.0
