,MAE,MedAE,RMSE,MaxAE,MSE,PearsonCorr,R2Coeff,Test Cases
"(0, 0)",0.7053778490021883,0.5472620833333321,0.926534010255416,4.296912857142857,0.8584652721599834,0.6369346410315919,0.4040994283040398,2100.0
"(0, 1)",0.7034266854539407,0.5519283333333347,0.9227985675044224,4.544530000000002,0.851557196188214,0.6436642856539923,0.41398090013659483,2100.0
"(1, 0)",0.7002590034005677,0.5450083333333331,0.9140993959361072,3.715641666666668,0.8355777056507561,0.633997225235397,0.39957181901789185,2100.0
"(1, 1)",0.7014475036800424,0.5518094841269837,0.9127313419385966,3.64431,0.8330785025570314,0.6674155406347528,0.4451119472738051,2100.0
"(2, 0)",0.707072239993472,0.5563499999999999,0.929963944281364,4.132500000000002,0.8648329376633518,0.6372030098124478,0.4054535857811363,2100.0
"(2, 1)",0.7060646326039041,0.5549874999999975,0.9218531824073566,3.650233333333337,0.8498132899145711,0.6408672960176812,0.4094933852370949,2100.0
mean,0.7039413190223526,0.5512242890211635,0.9213300737205438,3.9973546428571436,0.8488874840223178,0.6433469997309772,0.4129518442917604,2100.0
std,0.0024636746296836866,0.003991866327106319,0.006195101324052973,0.34926021509696664,0.0114094266018433,0.011193967880263105,0.015060468920441272,0.0
