,MAE,MedAE,RMSE,MaxAE,MSE,PearsonCorr,R2Coeff,Test Cases
"(0, 0)",0.6573576492644492,0.5088613295555116,0.8596650978876769,3.795225534439087,0.739024080526229,0.7041636027096306,0.4870091005841046,2100.0
"(0, 1)",0.6652610665162405,0.5191620016098022,0.8769112609773289,3.48330904006958,0.768973359628849,0.689474750242146,0.47081290834510636,2100.0
"(1, 0)",0.6385607579847177,0.48757971525192256,0.8531929837378986,3.809868965148926,0.7279382674995782,0.6943918558172112,0.47691920587847536,2100.0
"(1, 1)",0.6614726507540261,0.504235258102417,0.8598056738260632,3.700383672714233,0.7392657967434906,0.713794447572943,0.5075977148096051,2100.0
"(2, 0)",0.6687298977759624,0.5095158398151398,0.8843685922418586,3.5928503894805908,0.7821078069438469,0.6823806953166957,0.4623246040935933,2100.0
"(2, 1)",0.6502352607552495,0.49750023365020746,0.8586848630454665,4.143473958969116,0.7373396940234116,0.6998172761271847,0.4876474964378932,2100.0
mean,0.6569362138417741,0.5044757296641666,0.8654380786193822,3.7541852601369228,0.7491081675609008,0.6973371046309685,0.48205183835812965,2100.0
std,0.010097121460164287,0.009954173786521239,0.011184794879345638,0.2076166933132589,0.01944575689767209,0.010147099339752394,0.014435482196850261,0.0
