,MAE,MedAE,RMSE,MaxAE,MSE,PearsonCorr,R2Coeff,Test Cases
"(0, 0)",0.6146639344687973,0.451354775428772,0.8261796109177332,3.868871808052063,0.682572749496177,0.7346826436445143,0.5261945883664653,2100.0
"(0, 1)",0.6094140613340197,0.4647468757629394,0.8144884374081334,4.803543567657471,0.6633914146715427,0.7443827289565831,0.5434716054034692,2100.0
"(1, 0)",0.6140783641274487,0.46776330947875966,0.8157478958545578,4.480099439620972,0.6654446295911385,0.7324382490645266,0.5218257909615417,2100.0
"(1, 1)",0.6112933295313802,0.4694177007675171,0.8256830147664584,3.889066219329834,0.6817524408738277,0.7498618610179695,0.5459055980958878,2100.0
"(2, 0)",0.6197399319946766,0.4651090764999389,0.8306151435454492,4.327947292327881,0.6899215166870272,0.7350229397813797,0.5256998826305292,2100.0
"(2, 1)",0.6125544043733959,0.4758683443069458,0.8101158286682532,3.6065932631492617,0.6562876558588505,0.7504070345230869,0.5439678261434926,2100.0
mean,0.6136240043049531,0.46571001370747883,0.8204716551934307,4.1626869316895805,0.6732284011964272,0.7411325761646766,0.5345108819335643,2100.0
std,0.0032401691785092024,0.00739950757025616,0.007393525585210554,0.4101208570154844,0.012131078952001254,0.007385798253379115,0.010060433188937599,0.0
