,MAE,MedAE,RMSE,MaxAE,MSE,PearsonCorr,R2Coeff,Test Cases
"(0, 0)",0.5968413790504138,0.4657876574993133,0.7907447804240663,3.2661408805847167,0.6252773077679048,0.7567085270910288,0.5659660125448066,2100.0
"(0, 1)",0.5905147725240105,0.45834286689758297,0.7955725053968623,3.836884822845459,0.6329356113434405,0.7527316459517899,0.5644304823078534,2100.0
"(1, 0)",0.5880862658659617,0.44219317436218253,0.7897520609319519,3.712785129547119,0.6237083177462655,0.7510241838956252,0.5518166076533326,2100.0
"(1, 1)",0.592987110327397,0.44654556751251206,0.7922628427604065,3.304251194000244,0.6276804120188006,0.7657685215111669,0.5819213189507979,2100.0
"(2, 0)",0.5971549475679795,0.4573375010490417,0.804448350762247,4.029767160415649,0.6471371490440991,0.7503779692438315,0.5551128377331092,2100.0
"(2, 1)",0.5839063453916994,0.43694666862487797,0.7801133159590549,3.2579430389404296,0.6085767857366322,0.7614849959670086,0.5771205018401693,2100.0
mean,0.591581803454577,0.4511922393242518,0.7921489760390981,3.5679620377222694,0.6275525972761904,0.7563493072767419,0.5660612935050114,2100.0
std,0.0047075816983364015,0.010061750690378426,0.0072523814294870835,0.3064061474655542,0.011493365448829469,0.005661672667768718,0.0107957929967024,0.0
