,MAE,MedAE,RMSE,MaxAE,MSE,PearsonCorr,R2Coeff,Test Cases
"(0, 0)",0.6484682922085127,0.5098084354400634,0.8597265044573982,4.3396117210388185,0.7391296624665367,0.7069111468703876,0.4869358112611344,2100.0
"(0, 1)",0.645548436162869,0.4954286432266235,0.8554311400877374,4.161023769378662,0.7317624354318061,0.7151988310955012,0.49642048045024156,2100.0
"(1, 0)",0.6221834739037923,0.47644230604171767,0.8252932213090604,3.955944929122925,0.6811089011386857,0.7216093225759141,0.5105697820851696,2100.0
"(1, 1)",0.6271323912860383,0.4748824262619018,0.8373857558098592,3.9518188679218293,0.701214904033249,0.7353877546571796,0.5329422480026627,2100.0
"(2, 0)",0.6368658536630017,0.494851665496826,0.8412893178789149,4.680754337310791,0.70776771637717,0.7243411054265557,0.5134311616196531,2100.0
"(2, 1)",0.6280568349084683,0.49750338077545164,0.8353002076996411,3.493734245300293,0.6977264369830635,0.7247836849458886,0.515173413709651,2100.0
mean,0.6347092136887804,0.49148614287376396,0.8424043578737684,4.097147978345553,0.7097850094050852,0.7213719742619045,0.509245482854752,2100.0
std,0.009746868042727301,0.012252782271559643,0.011828239106854783,0.36711309567568984,0.019955619298271183,0.008795616042239591,0.014595392258980752,0.0
