,MAE,MedAE,RMSE,MaxAE,MSE,PearsonCorr,R2Coeff,Test Cases
"(0, 0)",0.5887034326803117,0.45433260917663565,0.7851319092864558,3.964882123470306,0.6164321149797956,0.7610497345941647,0.5721058712090171,2100.0
"(0, 1)",0.5995991301618872,0.440755181312561,0.8070630373979665,4.419536571502686,0.6513507463340314,0.7481436652784316,0.551757674328125,2100.0
"(1, 0)",0.5874375061001096,0.44568435907363885,0.7818091144719489,4.442916784286499,0.6112254914714129,0.7549690306961089,0.5607864983326061,2100.0
"(1, 1)",0.5900295089540027,0.4559086561203002,0.7891602747454444,3.582003631591797,0.6227739392363053,0.7675641951639216,0.5851893700644402,2100.0
"(2, 0)",0.5825167397809881,0.44638561248779296,0.7816743068817111,4.1153504133224486,0.6110147220390035,0.7655729817141088,0.57994591070416,2100.0
"(2, 1)",0.5800557385312659,0.44240269184112546,0.7810521657522972,3.823495235443115,0.6100424856263539,0.7619027184862289,0.5761020363838043,2100.0
mean,0.5880570093680942,0.447578185002009,0.787648468089304,4.0580307932694755,0.620473249947817,0.7598670543221607,0.5709812268370255,2100.0
std,0.006226661445411324,0.0056769550176814084,0.00911815027238373,0.3088674618250133,0.014484643347825493,0.0065672766028080035,0.011425132140209605,0.0
