,MAE,MedAE,RMSE,MaxAE,MSE,PearsonCorr,R2Coeff,Test Cases
"(0, 0)",0.5941106328989779,0.448349061012268,0.7922419913189509,3.4460808658599853,0.6276473728090166,0.7554738555376596,0.5643208404466953,2100.0
"(0, 1)",0.6028535095904555,0.4654756784439087,0.8036940646659023,4.0557426506280905,0.6459241495791996,0.7510094053967905,0.5554921144336435,2100.0
"(1, 0)",0.5899283028667881,0.4560878360271453,0.7918760224711785,3.486665368080139,0.6270676349647744,0.7539875003380971,0.549402674498809,2100.0
"(1, 1)",0.598505058418853,0.45453555941581714,0.7959184595485291,3.5598580980300905,0.6334861942501036,0.7641670247430187,0.5780542653814262,2100.0
"(2, 0)",0.5850692681613423,0.4374694108963013,0.7878636770686116,3.5087130069732666,0.6207291736440735,0.7610000706013059,0.5732675198654599,2100.0
"(2, 1)",0.5948122145095041,0.43195616245269775,0.7905597688726181,3.2460675716400145,0.6249847481599274,0.7569950932445414,0.5657191617332018,2100.0
mean,0.5942131644076535,0.44897895137468974,0.7936923306576317,3.550521260201931,0.6299732122345159,0.7571054916435688,0.5643760960598727,2100.0
std,0.0057069573008715945,0.011373915805443965,0.00506917052113906,0.24656343988607707,0.008072198961090274,0.004370193673634418,0.009756067297207231,0.0
