,MAE,MedAE,RMSE,MaxAE,MSE,PearsonCorr,R2Coeff,Test Cases
"(0, 0)",0.6192629509517125,0.46944568157196054,0.827622658392722,4.172679114341736,0.6849592646850362,0.7339604217471678,0.5245379974576401,2100.0
"(0, 1)",0.609907053488493,0.453396439552307,0.8166486391449845,4.138829383850098,0.6669149998173552,0.7399769084037884,0.5410467674657662,2100.0
"(1, 0)",0.6079197187212252,0.4603887367248536,0.8115820764819102,4.35188928604126,0.6586654668666891,0.7374013578655086,0.5266971515970589,2100.0
"(1, 1)",0.6074664850097327,0.466781865954399,0.8076414524568539,3.698191804885864,0.6522847157266166,0.7556767629307347,0.5655331464902089,2100.0
"(2, 0)",0.6269318840482405,0.48831115484237675,0.8346324980365318,4.092456731796265,0.6966114067787013,0.729967776917693,0.5211007860971923,2100.0
"(2, 1)",0.6086430933484009,0.47737788677215565,0.8084430007152476,3.5370975399017333,0.6535800854054737,0.7480339629804933,0.5458492256010326,2100.0
mean,0.6133551975946342,0.4692836275696754,0.817761720871375,3.998523976802826,0.6688359898799786,0.740836198474231,0.5374608457848166,2100.0
std,0.007274876350410207,0.011294325456249886,0.010087505016903529,0.28484492669150296,0.016559241191133365,0.008660115178591103,0.015393648536406068,0.0
