,MAE,MedAE,RMSE,MaxAE,MSE,PearsonCorr,R2Coeff,Test Cases
"(0, 0)",0.6644121300453515,0.5362100000000007,0.8611745140547685,3.340699999999998,0.7416215436574667,0.7033660765101973,0.48520608092208706,2100.0
"(0, 1)",0.6680231063492063,0.5209823809523817,0.8668130492612955,3.5237999999999987,0.7513648623696652,0.7076376608408003,0.48293060961046386,2100.0
"(1, 0)",0.6569034947845804,0.5305999999999993,0.8480395787581098,3.2800000000000002,0.7191711271402322,0.7033924723544865,0.4832190845166653,2100.0
"(1, 1)",0.6727487965419502,0.5313999999999998,0.8693297277214728,3.5120250000000004,0.75573417550029,0.7188334003500157,0.4966286325540078,2100.0
"(2, 0)",0.6701271955060812,0.5387250000000006,0.8682320799097304,3.5336999999999987,0.7538269445843764,0.7042444283508963,0.48176683920581065,2100.0
"(2, 1)",0.6697011819727892,0.5451499999999997,0.8642708848614848,3.2540999999999998,0.746964162419254,0.7020653364001488,0.48095977771335685,2100.0
mean,0.666985984199993,0.5338445634920636,0.8629766390944771,3.4073875,0.7447804692785475,0.7065898958010909,0.4851185040870652,2100.0
std,0.005160853512698077,0.00751848463921782,0.0071965030221814484,0.11876277453218788,0.012354232469071405,0.0057386205959822426,0.005313725411616101,0.0
