,MAE,MedAE,RMSE,MaxAE,MSE,PearsonCorr,R2Coeff,Test Cases
"(0, 0)",0.6804323766250946,0.5555500000000011,0.8801500745198925,3.2166000000000006,0.7746641536773723,0.6938442597873525,0.4622696723803109,2100.0
"(0, 1)",0.6879680027210884,0.5466499999999989,0.8911759798263054,3.7397,0.7941946270193754,0.6910655106475161,0.4534563003805795,2100.0
"(1, 0)",0.669652993877551,0.5387250000000001,0.8600652712010214,3.4486,0.7397122707260865,0.6989349414593466,0.46845866020766425,2100.0
"(1, 1)",0.6888191736961452,0.5421666666666654,0.894806386741801,3.404233333333334,0.8006784697539175,0.7042026771901145,0.4666926159085163,2100.0
"(2, 0)",0.682671189229025,0.5449999999999999,0.8870399356982875,3.4755,0.7868398475236221,0.6932037513560934,0.4590714697180167,2100.0
"(2, 1)",0.6710473685941044,0.5285999999999992,0.873203281072359,3.3447000000000005,0.7624839700755333,0.7020670948430932,0.470175586421406,2100.0
mean,0.680098517457168,0.542781944444444,0.8810734881766112,3.4382222222222225,0.7764288897959846,0.6972197058805861,0.4633540508360823,2100.0
std,0.007480430069419625,0.008173838144680822,0.011764277635434792,0.15885225918101864,0.020646778536192945,0.004840742835420331,0.005791059820515226,0.0
