,MAE,MedAE,RMSE,MaxAE,MSE,PearsonCorr,R2Coeff,Test Cases
"(0, 0)",0.6823590492630386,0.548999166666666,0.8744897367017013,3.39925,0.7647322995966108,0.6950291437046711,0.46916383306060894,2100.0
"(0, 1)",0.686288577494331,0.5531999999999997,0.8927232741730337,3.6160500000000004,0.7969548442502215,0.6866118473672017,0.4515567920160346,2100.0
"(1, 0)",0.6647616497732427,0.5339166666666677,0.8619570726707603,3.4752,0.7429699951271463,0.6926316630622336,0.466117729468319,2100.0
"(1, 1)",0.6869210509070295,0.5483499999999996,0.8843260903199306,3.3729000000000005,0.7820326340205341,0.7095040267900469,0.4791120355067807,2100.0
"(2, 0)",0.6837820258692365,0.545225,0.8894966987533868,3.572800000000001,0.7912043770931733,0.6894832485233429,0.4560709880153426,2100.0
"(2, 1)",0.6798645698412699,0.5358999999999998,0.8792103138440326,3.258,0.7730107759697222,0.6903541157033312,0.4628608637798377,2100.0
mean,0.6806628205246913,0.5442651388888887,0.8803671977438077,3.449033333333334,0.775150821009568,0.6939356741918047,0.46414704030782056,2100.0
std,0.007493393293811252,0.007034635878870836,0.010218519769698764,0.12156332254791713,0.01793145457199849,0.007433704977119601,0.00892929755857488,0.0
