,MAE,MedAE,RMSE,MaxAE,MSE,PearsonCorr,R2Coeff,Test Cases
"(0, 0)",0.6617335914399092,0.5355925000000021,0.8597871326522187,3.506399999999999,0.739233913474324,0.7001208317784332,0.4868634458001716,2100.0
"(0, 1)",0.6596464692176871,0.5220166666666686,0.8599855753890788,3.7055666666666665,0.739575189877285,0.7077535942203711,0.49104394984479605,2100.0
"(1, 0)",0.6421899023242631,0.5085375000000001,0.8324011191094032,3.4966000000000004,0.6928916230945869,0.714450196663893,0.5021029713228002,2100.0
"(1, 1)",0.6660898930839002,0.5263083333333337,0.8617749506877387,3.608,0.7426560656328545,0.7181442304986139,0.5053395606303013,2100.0
"(2, 0)",0.6548096309352024,0.5255499999999995,0.8577485686748154,3.69707,0.7357326070636946,0.7082567537167435,0.49420614744915004,2100.0
"(2, 1)",0.6573212290249434,0.5247499999999996,0.8538002511480198,3.2519999999999993,0.7289748688604217,0.7063051102599498,0.4934599315324034,2100.0
mean,0.6569651193376509,0.5237925000000007,0.8542495996102124,3.5442727777777776,0.7298440446671944,0.7091717861896675,0.4955026677632704,2100.0
std,0.007486314641225951,0.008015023797936487,0.010082967469259276,0.15413970191111367,0.017068122325452958,0.005792991937679296,0.006333752523760059,0.0
