,MAE,MedAE,RMSE,MaxAE,MSE,PearsonCorr,R2Coeff,Test Cases
"(0, 0)",2.27408749855331,2.2598598608374596,2.586912743377109,5.989582347869873,6.692117541846882,-0.011128597223367294,-3.6453092493879575,2100.0
"(0, 1)",2.300825650027181,2.32710040897131,2.6081296041910367,6.5228205490112305,6.8023400322576935,-0.04373788761100554,-3.681190177843784,2100.0
"(1, 0)",2.289571443545898,2.292910852730274,2.5747370133466574,6.020788192749023,6.629270687897265,0.06989086645939814,-3.763651439541687,2100.0
"(1, 1)",2.2947391637547385,2.291775083243847,2.599824355190727,5.926005840301514,6.759086677842879,-0.004174979863518308,-3.5020204378866975,2100.0
"(2, 0)",2.2833873224706878,2.332251537144184,2.5917682550350865,6.379548540115357,6.717262687807617,-0.009036474831112183,-3.6179143629665935,2100.0
"(2, 1)",2.3140999446273556,2.3289833068847656,2.6088628981551087,6.436741924285888,6.8061656213702735,0.005348217662962459,-3.729375108966641,2100.0
mean,2.292785170496528,2.30548017496864,2.595039144882621,6.212581232388814,6.734373874837103,0.001193524098892879,-3.656576796098893,2100.0
std,0.012721618879623642,0.026342513240879956,0.012071096221027077,0.23910006939930728,0.06259558871764943,0.0342557208629328,0.0845377641393881,0.0
