,MAE,MedAE,RMSE,MaxAE,MSE,PearsonCorr,R2Coeff,Test Cases
"(0, 0)",0.6110086359104939,0.45537970066070566,0.8097065137413904,3.463578462600708,0.6556246383952364,0.742626269223411,0.5449005224699756,2100.0
"(0, 1)",0.6222243802328904,0.48698041439056394,0.8199776697371135,3.720454339981079,0.6723633788675069,0.7366588215164246,0.5372973373617445,2100.0
"(1, 0)",0.6102475687637215,0.45903122425079346,0.8105507108992367,4.001318578720093,0.656992454939258,0.7323297460166159,0.5278993420116135,2100.0
"(1, 1)",0.6237652056320793,0.47901938915252695,0.8245514787870545,3.6568688744306566,0.6798851411699183,0.7430231276763165,0.5471493491870253,2100.0
"(2, 0)",0.6114292560605775,0.4804205393791199,0.8183513825456455,3.682384614944458,0.6696989853143694,0.7398382847357644,0.5396022595988801,2100.0
"(2, 1)",0.6137130013575157,0.4773641088604927,0.8104138729175816,3.3386876702308657,0.656770645417274,0.7388489397107509,0.5436322129770532,2100.0
mean,0.6153980079928797,0.4730325627823671,0.8155919381046703,3.64388209015131,0.6652225406839272,0.7388875314798806,0.5400801706010486,2100.0
std,0.005492315921431614,0.011628916299853072,0.005686051582137531,0.2085378805893636,0.009285387739270842,0.0036505350104814715,0.0063530993479639685,0.0
