,MAE,MedAE,RMSE,MaxAE,MSE,PearsonCorr,R2Coeff,Test Cases
"(0, 0)",2.2638346628919592,2.299090164899826,2.551915185160603,6.1312287902832034,6.512271112253275,0.03142102637853884,-3.52046949909421,2100.0
"(0, 1)",2.31765665510311,2.3278783124685285,2.615731630881868,7.1698689365386965,6.8420519647959175,-0.019230092859756118,-3.7085188776235025,2100.0
"(1, 0)",2.3108540388971566,2.33521945476532,2.5955798714875935,5.9254233932495115,6.737034869271553,0.001623328119917737,-3.8410884642014063,2100.0
"(1, 1)",2.292281935625949,2.28365102827549,2.6115177216644576,6.519025144577026,6.820024810567519,-0.022189219707956787,-3.542609460050346,2100.0
"(2, 0)",2.2935114944695356,2.3372092199325563,2.600011138785728,6.046323313713073,6.7600579218098575,-0.0016762214759577483,-3.647334788361623,2100.0
"(2, 1)",2.3052498029770594,2.331614167690277,2.5971199310867155,5.8601925611495975,6.745031936447867,0.01407267947222414,-3.6868953716408788,2100.0
mean,2.297231431660795,2.319110391338666,2.595312579844494,6.275343689918518,6.736078769190999,0.00067024998783501,-3.6578194101619945,2100.0
std,0.01742000319104021,0.020324313356397183,0.020769739813331415,0.45232182107775726,0.10725607709672565,0.018485258321140813,0.10743343029884184,0.0
