,MAE,MedAE,RMSE,MaxAE,MSE,PearsonCorr,R2Coeff,Test Cases
"(0, 0)",2.304023124663532,2.3332326090335846,2.5984939863343923,5.894205141067505,6.752170997016001,0.011510120944676688,-3.6869951386465356,2100.0
"(0, 1)",2.301890478904155,2.313813291788101,2.61663262796382,5.674476623535156,6.846766309724848,-0.032453299210010486,-3.7117631648940046,2100.0
"(1, 0)",2.3121512110016176,2.3251833149418237,2.60231051655612,6.778539609909058,6.772020024578579,0.021001246147687724,-3.8662280449014617,2100.0
"(1, 1)",2.297395387448229,2.3031730961799624,2.6039336853242556,6.670841407775879,6.780470637566359,-0.01551791763339369,-3.5162636379382137,2100.0
"(2, 0)",2.3154462141477636,2.33784206867218,2.6085749872155226,6.040569534301758,6.804663463926464,0.02750262273092901,-3.677999745678547,2100.0
"(2, 1)",2.299107257403114,2.296860756576061,2.601184257640739,6.034561796188354,6.766159542198003,-0.045779223244373966,-3.701576232834298,2100.0
mean,2.3050022789280686,2.318350856198619,2.6051883435058083,6.182199018796285,6.787041829168376,-0.005622741710747454,-3.6934709941488433,2100.0
std,0.006626224816260076,0.015060072461972126,0.005960203842021207,0.4035202699478972,0.0310870165975135,0.02747725669552754,0.10159481640183753,0.0
