,MAE,MedAE,RMSE,MaxAE,MSE,PearsonCorr,R2Coeff,Test Cases
"(0, 0)",2.3227285673691047,2.376060106754303,2.6266486461379186,5.814273109436035,6.8992831102581595,-0.0017709213237018843,-3.789112481336277,2100.0
"(0, 1)",2.282272329896901,2.3145987062156204,2.588426606287996,5.99688579082489,6.699952296139592,0.025231609670255558,-3.610729650675953,2100.0
"(1, 0)",2.3217038006815174,2.358697779402137,2.612387610835215,6.203481516838074,6.824569029245322,-0.003614738382436398,-3.903988630267846,2100.0
"(1, 1)",2.261067057317921,2.277236283123493,2.579680755927208,6.187579202651977,6.6547528025011715,-0.050498847961017536,-3.432526841852182,2100.0
"(2, 0)",2.2561638665334103,2.2582372185587882,2.548128433997833,6.562031650543213,6.492958516148248,0.008770450213708725,-3.4637120481071166,2100.0
"(2, 1)",2.3052988795205236,2.333426553606987,2.6051924788524734,5.933204460144043,6.787027851869494,-0.047744453272833914,-3.71607691792146,2100.0
mean,2.29153908355323,2.319709441276888,2.593410755339774,6.116242621739705,6.726423934360331,-0.011604483509337576,-3.6526910950268054,2100.0
std,0.026888191740996804,0.04181819803723069,0.025388746489629785,0.24164781495773144,0.1313577744384417,0.028140835269563746,0.16917700285375464,0.0
