,MAE,MedAE,RMSE,MaxAE,MSE,PearsonCorr,R2Coeff,Test Cases
"(0, 0)",0.6663608219954649,0.529566666666667,0.8674112641612859,3.368,0.7524023011938802,0.6998394730802605,0.4777226569705273,2100.0
"(0, 1)",0.6700916331065759,0.5473500000000007,0.8725351391387819,3.5572000000000012,0.7613175690319335,0.703332280966384,0.4760814205888283,2100.0
"(1, 0)",0.6516616920068026,0.5239999999999995,0.8454252847470436,3.4654000000000007,0.7147439120896197,0.7062700240217807,0.48640038610199854,2100.0
"(1, 1)",0.672304288718821,0.5372000000000001,0.8731058588355255,3.4243999999999986,0.7623138407329206,0.7195114924171383,0.49224611924065453,2100.0
"(2, 0)",0.6686788195011338,0.5341999999999982,0.8720030607231527,3.6226000000000007,0.7603893379105464,0.7023153657557425,0.47725539283177465,2100.0
"(2, 1)",0.6604374489795919,0.5175250000000011,0.8606908581668349,3.1500000000000004,0.7407887533319626,0.7080279410717294,0.4852508613645423,2100.0
mean,0.664922450718065,0.5316402777777777,0.8651952442954375,3.431266666666667,0.7486592857151438,0.7065494295521727,0.48249280618305423,2100.0
std,0.006992307194262239,0.009540901736280284,0.009822166955524528,0.1509930977083245,0.016884317905461556,0.0063715512840207015,0.0059061246765033035,0.0
