,MAE,MedAE,RMSE,MaxAE,MSE,PearsonCorr,R2Coeff,Test Cases
"(0, 0)",0.6713939465986394,0.5246700000000003,0.8707010918249908,3.3455999999999992,0.758120391305231,0.6931232499568339,0.47375346534814566,2100.0
"(0, 1)",0.6698054868480725,0.5398750000000001,0.8752101480266523,3.6051999999999995,0.7659928032088347,0.6989222942159686,0.4728640483016089,2100.0
"(1, 0)",0.6469413683106576,0.5139000000000007,0.8383752784516123,3.5156999999999994,0.7028731075188184,0.7129803322671199,0.49493049113835696,2100.0
"(1, 1)",0.6749986175736961,0.5405749999999985,0.8717816920616618,3.1257,0.7600033186138941,0.714131035855045,0.49378508719562175,2100.0
"(2, 0)",0.6663004840702947,0.541300000000001,0.8695526555301215,3.5905999999999993,0.7561218207394861,0.703157751028882,0.48018918145287703,2100.0
"(2, 1)",0.665149433786848,0.5195416666666676,0.8626199767284232,3.2948999999999997,0.7441132242509453,0.7028785582229327,0.4829407985642259,2100.0
mean,0.665764889531368,0.5299769444444447,0.8647068071039102,3.412949999999999,0.7478707776062016,0.7041988702577969,0.48307717866680605,2100.0
std,0.009020948232975638,0.011060656224950425,0.012365894806380463,0.17323468426771024,0.021164633147159526,0.007406087151423304,0.008705928161841098,0.0
