,MAE,MedAE,RMSE,MaxAE,MSE,PearsonCorr,R2Coeff,Test Cases
"(0, 0)",2.2713636593173656,2.332920278310776,2.5655675937965894,5.987492609024048,6.582137078339223,-0.00036363069190544666,-3.5689667074063793,2100.0
"(0, 1)",2.2461626754367634,2.2765714782476425,2.554270074257643,6.655943059921265,6.524295612248144,-0.03535874278671352,-3.489847374958204,2100.0
"(1, 0)",2.3320702106771014,2.372000049352646,2.6302197060568546,6.235523338317871,6.9180557021298075,-0.009229603035437652,-3.9711661441800734,2100.0
"(1, 1)",2.2737138017067946,2.3058947782218455,2.580702522750503,6.16154182434082,6.660025510930811,0.00839505780957431,-3.4360388313035184,2100.0
"(2, 0)",2.3027490954346597,2.311409237384796,2.621469715382805,6.70164605140686,6.872103468669204,-0.04815375463861243,-3.724362703480586,2100.0
"(2, 1)",2.310768680012971,2.3657707172632216,2.6101293750871792,6.085404944419861,6.81277535469299,-0.015384493709356642,-3.7339679898914326,2100.0
mean,2.289471353764276,2.327427756463488,2.593726497888596,6.304591971238454,6.7282321211683636,-0.016682527842075228,-3.6540582918700326,2100.0
std,0.028566786667360875,0.033649326075288796,0.028547772573764715,0.2753568318020233,0.14802337526296633,0.019543378281121827,0.17964035751640758,0.0
