,MAE,MedAE,RMSE,MaxAE,MSE,PearsonCorr,R2Coeff,Test Cases
"(0, 0)",2.2785780504652426,2.3047614657878874,2.5774540934554477,6.003258633613586,6.643269603870244,0.03677816758846196,-3.611401629463849,2100.0
"(0, 1)",2.2728678997556546,2.3071866500377656,2.560339721524309,6.38184965133667,6.555339489615177,0.05931091618790555,-3.5112109488347825,2100.0
"(1, 0)",2.2827823778615817,2.3172914844751356,2.5826061421679496,6.706398191452026,6.669854485563619,-0.0617219219576272,-3.7928140843147142,2100.0
"(1, 1)",2.291613830731383,2.3131473098695277,2.60868061895226,6.4989058208465575,6.805214571697149,-0.015331869000456692,-3.532744813943208,2100.0
"(2, 0)",2.245289081308813,2.302902202606201,2.5406923817784817,6.1307487964630125,6.455117778827215,0.03004269155773955,-3.4376976889102933,2100.0
"(2, 1)",2.272906533666168,2.316038552224636,2.565747972394194,6.650426149368286,6.583062657844919,-0.007323182104211618,-3.574348378626648,2100.0
mean,2.2740062956314735,2.3102212775001925,2.572586821712107,6.395264540513357,6.618643097903053,0.006959133711968594,-3.5767029240155828,2100.0
std,0.014347645996633544,0.005552440040018054,0.020979577122829055,0.2570571530209473,0.10805232557409686,0.039959761651447386,0.11064774985700142,0.0
