,MAE,MedAE,RMSE,MaxAE,MSE,PearsonCorr,R2Coeff,Test Cases
"(0, 0)",0.6182707059333723,0.4673748064041139,0.8170773579603134,3.66039776802063,0.6676154088914061,0.7357660315312772,0.5365771723876079,2100.0
"(0, 1)",0.6220671002529916,0.4698701000213623,0.8199315443140223,3.2408890867233278,0.6722877373611774,0.7398529559668396,0.5373493918422302,2100.0
"(1, 0)",0.6084987292609044,0.4664630937576293,0.8086545723274292,4.0125721740722655,0.6539222173460574,0.732905191484087,0.5301055487603115,2100.0
"(1, 1)",0.6229335352995565,0.48072888851165785,0.8249528002009915,3.3213495254516605,0.6805471225594569,0.7426572094375304,0.5467084236763387,2100.0
"(2, 0)",0.6173252497482867,0.4800483751296998,0.8227799190731155,3.6724498653411866,0.6769667952299626,0.7364162019169989,0.5346058607149349,2100.0
"(2, 1)",0.6221331817553157,0.48336738586425776,0.8139083490847902,3.1949965250492096,0.6624468007099286,0.736510178969572,0.5396880439619147,2100.0
mean,0.6185380837084046,0.4746421082814534,0.8178840904934437,3.5171091574430466,0.6689643470163315,0.7373512948843842,0.5375057402238896,2100.0
std,0.004950248768849418,0.006890683344124025,0.00547371300343436,0.29112479318222845,0.00894248752693951,0.0031164565241473615,0.005058172434092386,0.0
