,MAE,MedAE,RMSE,MaxAE,MSE,PearsonCorr,R2Coeff,Test Cases
"(0, 0)",2.2494220846933266,2.256930952370167,2.5511270944761733,6.096071872711182,6.508249452170443,0.024725769271277075,-3.5176778782561327,2100.0
"(0, 1)",2.324356862934076,2.350967189669609,2.633834676272781,6.626921634674073,6.937085101936945,-0.045400281301786034,-3.773918164640122,2100.0
"(1, 0)",2.308978720039271,2.3258940529823304,2.612346276302547,5.841476416587829,6.824353067311785,-0.07918785990220918,-3.903833444663876,2100.0
"(1, 1)",2.3022610047048753,2.3406182250380514,2.599552100284066,5.825433177947998,6.757671122091298,-0.01800611052844533,-3.501077579594101,2100.0
"(2, 0)",2.3030163804768096,2.3486341626197103,2.5986732064491647,5.812376255989075,6.7531024339167836,0.04945936936150451,-3.6425531013954178,2100.0
"(2, 1)",2.319800583462488,2.3329463429749016,2.6095724232771897,5.640730786323547,6.8098682323287845,-0.036249084491875236,-3.7319479285363544,2100.0
mean,2.301305939385141,2.325998487609128,2.6008509628436536,5.9738350240389515,6.765054901626006,-0.017443032931922366,-3.678501349514334,2100.0
std,0.02459010856403893,0.03206284093521285,0.025083275329309603,0.3209447626456241,0.12991363633585423,0.04320909498694363,0.14222700054575466,0.0
