,MAE,MedAE,RMSE,MaxAE,MSE,PearsonCorr,R2Coeff,Test Cases
"(0, 0)",2.2866756352765036,2.3512122851610187,2.5877085650824916,6.4361293983459475,6.696235617801288,-0.006229229562504115,-3.64816779695546,2100.0
"(0, 1)",2.2809918740724835,2.3156943410634994,2.577178984297458,6.098891568183899,6.641851517104477,0.01936698346257584,-3.5707462339613407,2100.0
"(1, 0)",2.283387205414864,2.2966451260447505,2.5805786644066453,6.155717163085938,6.659386243190786,-0.030365660959719144,-3.785291830329845,2100.0
"(1, 1)",2.2434323877650355,2.228789829015732,2.5493251639452272,6.377172317504883,6.49905879152436,0.020160749253127167,-3.328823833904093,2100.0
"(2, 0)",2.294737379945815,2.3319595205783843,2.5977683090209953,5.957799544334412,6.748400187353802,-0.007979071531952603,-3.6393204495027325,2100.0
"(2, 1)",2.309128853508333,2.3644691133499145,2.5984655493911166,5.545040497779846,6.752023211372477,0.04503806445864162,-3.691753372966116,2100.0
mean,2.283058889330506,2.3147950358688836,2.5818375393573225,6.095125081539154,6.666159261391198,0.006665305853361461,-3.6106839196032645,2100.0
std,0.02001562304954691,0.04437618193214742,0.016558434603703737,0.2946669098668344,0.08524482610110985,0.024385608957367275,0.14161296863144743,0.0
