,MAE,MedAE,RMSE,MaxAE,MSE,PearsonCorr,R2Coeff,Test Cases
"(0, 0)",0.6823032762402941,0.5453958333333331,0.882118533718956,3.424139999999999,0.7781331075304808,0.6820140457531348,0.4598617105776709,2100.0
"(0, 1)",0.6703627495611532,0.5192999999999999,0.8765803505376417,3.6213500000000005,0.7683931109486948,0.6959703727794326,0.4712122201127281,2100.0
"(1, 0)",0.6562825188520474,0.516728333333335,0.8496286469992322,3.486673333333333,0.721868837801746,0.6996383557897404,0.4812805676147007,2100.0
"(1, 1)",0.681069827661492,0.5332833333333331,0.8898953557807706,3.2363999999999997,0.7919137442401843,0.6959412316653055,0.4725305308925991,2100.0
"(2, 0)",0.6689719831825582,0.5161949999999993,0.8799217192699027,3.4920999999999998,0.7742622320429015,0.6916655668284161,0.4677181988813284,2100.0
"(2, 1)",0.6627071941214869,0.5176283333333327,0.8618349609763574,3.387583333333334,0.7427594999611193,0.7036560203714962,0.48388145595002385,2100.0
mean,0.6702829249365054,0.5247551388888888,0.8733299278804766,3.441374444444445,0.7628884220875212,0.6948142655312544,0.47274744733817514,2100.0
std,0.00927338596943884,0.010931787369705263,0.013537324543734344,0.11706216617941648,0.023531237088986846,0.006804594550779233,0.008067628903031698,0.0
