,MAE,MedAE,RMSE,MaxAE,MSE,PearsonCorr,R2Coeff,Test Cases
"(0, 0)",0.6797806433789756,0.5426041666666674,0.883073347048105,3.3723999999999994,0.7798185362667429,0.6818271988544561,0.45869177630069735,2100.0
"(0, 1)",0.6684260516293231,0.5259666666666666,0.8742552739353697,3.5110499999999996,0.7643222840038083,0.6984214114163132,0.47401365535703177,2100.0
"(1, 0)",0.653191840871298,0.5180027380952378,0.8451996120240662,3.6106,0.714362384165632,0.7033005637380395,0.4866745438683494,2100.0
"(1, 1)",0.6705566185774543,0.5321358333333341,0.8773489569276253,3.3277,0.769741192221992,0.7079543629030295,0.4872989880975104,2100.0
"(2, 0)",0.6668526618002368,0.5249835858585835,0.8769037906176074,3.4745299999999992,0.7689602579995285,0.6936784874177939,0.47136314522701894,2100.0
"(2, 1)",0.6633036757373578,0.5177790476190473,0.8619538545655783,3.3151866666666665,0.7429644474004581,0.7023829414055753,0.48373904488156383,2100.0
mean,0.6670185819991077,0.5269120063732562,0.869789139186392,3.4352444444444434,0.756694850343027,0.6979274942892012,0.4769635256220286,2100.0
std,0.007983062408569145,0.008572540779343097,0.012716276830198775,0.10643347666181431,0.02196243578619667,0.008433825793746831,0.010173135698245406,0.0
