,MAE,MedAE,RMSE,MaxAE,MSE,PearsonCorr,R2Coeff,Test Cases
"(0, 0)",2.2763358186390072,2.3131699177622798,2.5834950537976966,6.624285459518433,6.674446692997163,-0.03734079586935318,-3.633043093407757,2100.0
"(0, 1)",2.303040109949834,2.2971858769655227,2.610426954886965,5.85874997138977,6.814328886800434,-0.037143453030361026,-3.6894405898877185,2100.0
"(1, 0)",2.2964496195122956,2.3635345935821532,2.5842553794204095,6.3406533527374265,6.678375866063325,0.040257977401103706,-3.7989373651996567,2100.0
"(1, 1)",2.2816967422893937,2.2747716814279557,2.5770693283916906,6.069538998603821,6.641286323337199,-0.005330922656036251,-3.4235572328928354,2100.0
"(2, 0)",2.317215414781301,2.370734143778682,2.6267376960671065,6.2661539173126215,6.89975092393993,-0.05498445638054796,-3.7433694904305588,2100.0
"(2, 1)",2.306882814284059,2.306606188416481,2.6109921542943995,6.115825529098511,6.817280029786908,-0.04281623795590249,-3.737098136797683,2100.0
mean,2.296936753242649,2.321000400322179,2.598829427809711,6.212534538110098,6.75424478715416,-0.022892981415182867,-3.6709076514360355,2100.0
std,0.01416740947152954,0.03477388531951087,0.018176696740845166,0.2393714568616363,0.09455070972134122,0.031976772058462354,0.12178049254368868,0.0
