,MAE,MedAE,RMSE,MaxAE,MSE,PearsonCorr,R2Coeff,Test Cases
"(0, 0)",0.6764110633786848,0.5436000000000001,0.8758363184527082,3.3247,0.7670892567207936,0.6943892513155472,0.467527759775746,2100.0
"(0, 1)",0.6827587137944067,0.538033333333333,0.8890344438296491,3.6968999999999994,0.7903822423154935,0.690265075285478,0.45607988252221654,2100.0
"(1, 0)",0.6573096047619047,0.5373999999999998,0.8470802253848958,3.3773999999999997,0.7175449082381259,0.7060152039690869,0.48438765046890064,2100.0
"(1, 1)",0.6856470207482993,0.5503500000000003,0.891452847217136,3.4309999999999996,0.7946881788115384,0.7074349118165754,0.4706825650742644,2100.0
"(2, 0)",0.6760059889455783,0.5347249999999999,0.8798242421758987,3.4363000000000006,0.7740906971203945,0.6972116500515235,0.4678361239378894,2100.0
"(2, 1)",0.6760564307823129,0.5245999999999996,0.8806031450338733,3.3644999999999996,0.7754618990435488,0.6915903714518746,0.46115766096356015,2100.0
mean,0.675698137068531,0.5381180555555555,0.8773052036823602,3.4384666666666663,0.7698761970416491,0.6978177439816808,0.46794527379042955,2100.0
std,0.009015741434241772,0.007899848241432092,0.014552547320027807,0.12178621523892671,0.025269959880194405,0.006678736810245216,0.008802366574652172,0.0
