,MAE,MedAE,RMSE,MaxAE,MSE,PearsonCorr,R2Coeff,Test Cases
"(0, 0)",0.6575798878684808,0.523350000000002,0.8536662631086283,3.327699999999999,0.7287460887698497,0.7079862984793036,0.49414353148321666,2100.0
"(0, 1)",0.6619198910430839,0.5283249999999986,0.8631250343451522,3.5944000000000003,0.7449848249133202,0.7086108710270429,0.48732118234474164,2100.0
"(1, 0)",0.6384134528911565,0.5036999999999994,0.8291189509279573,3.513799999999998,0.6874382347878765,0.7183507060798929,0.5060216589553731,2100.0
"(1, 1)",0.6669448660430839,0.5286000000000008,0.8669354544448308,3.4188,0.7515770821734653,0.717099948992772,0.49939754498428024,2100.0
"(2, 0)",0.653076133276644,0.5186000000000011,0.856438143333951,3.4655999999999993,0.7334862933573051,0.7124018974415451,0.49575041999148983,2100.0
"(2, 1)",0.6538074924036282,0.5062500000000005,0.8504780137969941,3.4571000000000005,0.7233128519520801,0.7115413888220876,0.4973942762607746,2100.0
mean,0.6552902872543461,0.5181375000000004,0.8532936433262522,3.4628999999999994,0.7282575626589828,0.7126651851404407,0.49667143566997934,2100.0
std,0.0089158269446307,0.00991956977813736,0.012145818951120074,0.08180040749694759,0.020582546275959655,0.003908408897797385,0.005628005163222184,0.0
