,MAE,MedAE,RMSE,MaxAE,MSE,PearsonCorr,R2Coeff,Test Cases
"(0, 0)",2.2938123005427062,2.3161246210336683,2.611324064525322,6.580472974777221,6.819013369969048,-0.03367375056154287,-3.733393530693328,2100.0
"(0, 1)",2.285947672143561,2.292383294701576,2.583990680177975,5.394339969158173,6.677007835246633,0.008239349305085405,-3.5949398806176065,2100.0
"(1, 0)",2.309547409357319,2.3352206802368167,2.605133674679154,5.681151728630066,6.786721462947311,-0.010795098755385752,-3.8767921825488196,2100.0
"(1, 1)",2.228578121331192,2.2256953001022337,2.5426801614270462,5.91444384098053,6.46522240331467,-0.011517909541683444,-3.306286452964202,2100.0
"(2, 0)",2.2638751001583324,2.296566295623779,2.56292513297417,5.891096358299255,6.568585237230665,0.027600141013425398,-3.515703125089182,2100.0
"(2, 1)",2.2716644216343407,2.315421477556229,2.5691237452366904,5.6425649499893185,6.600396818338998,-0.010920241281297944,-3.5863933025582853,2100.0
mean,2.2755708375279085,2.2969019448757173,2.5791962431700597,5.850678303639094,6.652824521174555,-0.005177918303566534,-3.602251412411904,2100.0
std,0.025674899662694862,0.03481313681348283,0.023901054202811627,0.36936770929861346,0.123268969310171,0.0190226145112137,0.1769942047353502,0.0
