,MAE,MedAE,RMSE,MaxAE,MSE,PearsonCorr,R2Coeff,Test Cases
"(0, 0)",2.246819784143354,2.2513101923465726,2.548823389871998,6.99186333656311,6.4965006727585815,0.013146449888029887,-3.5095225054119377,2100.0
"(0, 1)",2.261288082109037,2.2895688098296523,2.5501372625845864,5.828779668807984,6.503200058022407,0.00499356694051261,-3.4753299734802727,2100.0
"(1, 0)",2.3129179326556266,2.3246943786740304,2.613403265843103,7.126519451141357,6.829876629919395,-0.008259157913282125,-3.907802558040884,2100.0
"(1, 1)",2.2595787921880683,2.2952664548158648,2.5606296118979723,5.692835903167724,6.5568240093287615,-0.01812825534328494,-3.3672994747043363,2100.0
"(2, 0)",2.258052542897633,2.2818577882647517,2.5707022635936547,7.167237710952759,6.608510128045539,-0.026417059534862897,-3.543150276600545,2100.0
"(2, 1)",2.2752541774600035,2.305771784931421,2.566775951075847,6.2888144731521605,6.58833878302132,-0.006927538144547803,-3.5780145801958128,2100.0
mean,2.2689852185756205,2.2914115681437157,2.5684119574778603,6.516008423964183,6.597208380182668,-0.0069319990179058785,-3.563519894738965,2100.0
std,0.02132267908491826,0.022478182990199186,0.021642478310351952,0.608930024520418,0.11176718217898411,0.013242282932478689,0.16750681727628058,0.0
