,MAE,MedAE,RMSE,MaxAE,MSE,PearsonCorr,R2Coeff,Test Cases
"(0, 0)",2.2527201686179357,2.2965166157484056,2.553038299869483,6.413966522216797,6.51800456060046,-0.01395477319062647,-3.5244493515805884,2100.0
"(0, 1)",2.2789299663574925,2.3037749898433684,2.5699629110305047,5.848919539451599,6.604709364072385,0.013659792603937728,-3.5451859883497887,2100.0
"(1, 0)",2.2571599722915106,2.28336998462677,2.5498856171781736,5.446964592933655,6.501916660692117,0.020463421485789675,-3.672137572694342,2100.0
"(1, 1)",2.278766930759166,2.333105408549309,2.5790881616994112,6.288331651687622,6.651695745818048,-0.01020433794026145,-3.4304906301089133,2100.0
"(2, 0)",2.288673441986695,2.302720457315445,2.58998863578639,5.626928586959838,6.708041133502647,-0.046732579517419444,-3.611574824072113,2100.0
"(2, 1)",2.294304794707043,2.329066780805588,2.5962517433698693,6.2635435771942145,6.7405231149510865,0.0004956416733801854,-3.683762343539022,2100.0
mean,2.2750925457866407,2.3080923728148144,2.5730358948223055,5.981442411740621,6.620815096606125,-0.006045472480866628,-3.577933451724128,2100.0
std,0.015296397201504172,0.01759862517572461,0.01736031572587656,0.3628011580571867,0.08931054870648353,0.02186739957260345,0.08839140574311967,0.0
