,MAE,MedAE,RMSE,MaxAE,MSE,PearsonCorr,R2Coeff,Test Cases
"(0, 0)",0.7291837539682541,0.5925499999999992,0.9341763139793966,3.1685,0.8726853856001322,0.6469031959987634,0.39422858785962045,2100.0
"(0, 1)",0.7405157936507936,0.5996500000000011,0.9486444495702955,3.3330000000000006,0.899926291700529,0.6398492279270511,0.38069457017518504,2100.0
"(1, 0)",0.7156429925170068,0.5732000000000007,0.9138400705924757,3.4285999999999994,0.835103674620461,0.6515497474442169,0.39991244752835153,2100.0
"(1, 1)",0.741956866213152,0.6047499999999992,0.9513734270633851,3.4134,0.9051113977223302,0.660461169394429,0.3971330439557874,2100.0
"(2, 0)",0.7334915079365079,0.6092000000000006,0.9393603741394668,3.2863999999999995,0.882397912503439,0.6521049194817651,0.39337819832511,2100.0
"(2, 1)",0.7303901428571429,0.598049999999999,0.9411895342889371,3.417466666666665,0.8858377394550264,0.6389673464471909,0.3844612093470593,2100.0
mean,0.7318635095238095,0.5962333333333333,0.9380973616056595,3.3412277777777777,0.880177066933653,0.6483059344489027,0.39163467619851894,2100.0
std,0.008677992469882791,0.011545152903082412,0.012264056512977637,0.09270362256029929,0.022863595820404006,0.007454273190944097,0.006827229059257936,0.0
