,MAE,MedAE,RMSE,MaxAE,MSE,PearsonCorr,R2Coeff,Test Cases
"(0, 0)",0.68138698792517,0.5433916666666665,0.8805839774261417,3.4008000000000003,0.7754281412996437,0.6807687304876507,0.4617393531284504,2100.0
"(0, 1)",0.6800439483457018,0.5319225000000001,0.8826098749621003,3.7885,0.7790001913806144,0.6859570184321745,0.46391270840087073,2100.0
"(1, 0)",0.6610285022675736,0.5317299999999997,0.8574220066742971,3.349999999999999,0.7351724975293785,0.6889948051310764,0.47172084365767364,2100.0
"(1, 1)",0.6825821986205594,0.5445000000000009,0.8879027368002991,3.3026133333333334,0.7883712700174612,0.6947410194502128,0.47489006437863457,2100.0
"(2, 0)",0.6821786760564832,0.5400249999999998,0.888718299134659,3.7795000000000005,0.7898202152168012,0.679697674250316,0.45702255732365193,2100.0
"(2, 1)",0.6887478606953893,0.5524750000000012,0.891515924616203,3.1439749999999984,0.7948006438442833,0.6704008987080792,0.44771981895570756,2100.0
mean,0.6793280289851462,0.5406740277777781,0.88145880326895,3.460898055555555,0.7770988265480304,0.683426691076585,0.4628342243074981,2100.0
std,0.008632048508565282,0.0072834593241183476,0.011366823993570033,0.24160389912925687,0.01985984008591785,0.007703484763478777,0.009026792309595763,0.0
