,MAE,MedAE,RMSE,MaxAE,MSE,PearsonCorr,R2Coeff,Test Cases
"(0, 0)",0.660633652154195,0.5281499999999992,0.8554637159881412,3.4964999999999984,0.7318181693722391,0.7053415464223192,0.492011057815815,2100.0
"(0, 1)",0.6685705925736961,0.5308749999999997,0.8661045890648869,3.512000000000001,0.7501371591992566,0.7025317989813662,0.48377548240355717,2100.0
"(1, 0)",0.6443508770975057,0.5146000000000001,0.8328478903829526,3.3642999999999996,0.6936356085153347,0.7157116349135506,0.5015683593892412,2100.0
"(1, 1)",0.6650017904761905,0.5308999999999993,0.8603078082949968,3.4278,0.740129525013341,0.7202206576742681,0.5070224118864464,2100.0
"(2, 0)",0.6610111997732426,0.5255861904761918,0.8611055469337239,3.6866000000000008,0.7415027629600277,0.7068090403336208,0.49023934027952754,2100.0
"(2, 1)",0.6630154672335602,0.5423000000000006,0.8566858530760675,3.2636000000000003,0.7339106508606695,0.7045839856178843,0.4900302229661053,2100.0
mean,0.6604305965513984,0.5287351984126983,0.8554192339567948,3.458466666666667,0.7318556459868114,0.7091997773238349,0.4941078124567821,2100.0
std,0.007667818192283859,0.008198897295582186,0.01065739947556466,0.13174343331727115,0.018077303353591753,0.006457981241087736,0.007801622441881042,0.0
