,MAE,MedAE,RMSE,MaxAE,MSE,PearsonCorr,R2Coeff,Test Cases
"(0, 0)",2.3194389706085126,2.3090063047409055,2.6125101496241956,6.274999475479126,6.825209281889436,-0.012497775748931605,-3.7376944006006774,2100.0
"(0, 1)",2.310599225686596,2.3177987891435623,2.633604519187323,7.50533094406128,6.935872763483891,-0.04607533259921241,-3.773083865438414,2100.0
"(1, 0)",2.3086822262800877,2.3467135946452617,2.6018060880393934,6.29475965499878,6.7693949197588505,0.006433590270697312,-3.8643417009969543,2100.0
"(1, 1)",2.291489666812973,2.3004141604900363,2.58745649539781,6.716899347305298,6.694931115576316,-0.01170485085716719,-3.4592883845347266,2100.0
"(2, 0)",2.314592503452017,2.330349045395851,2.619465344986858,5.991522884368896,6.86159869358712,-0.014413431396593058,-3.7171409892219884,2100.0
"(2, 1)",2.292618714206732,2.291478718519211,2.584917512373179,5.888540925979614,6.681798545773543,0.009561436810423336,-3.642956619552372,2100.0
mean,2.3062368845078196,2.3159601021558043,2.606626684934793,6.445342205365498,6.7948008866781935,-0.011449393920130604,-3.6990843267241886,2100.0
std,0.010583447409221989,0.01846424248481521,0.017268817679383125,0.5423699227212684,0.09007113421959537,0.018120713938439066,0.12599942179077084,0.0
