,MAE,MedAE,RMSE,MaxAE,MSE,PearsonCorr,R2Coeff,Test Cases
"(0, 0)",2.2477792304550253,2.2804490274190905,2.5403005409846293,6.573713226318359,6.4531268385268,0.05174542182807716,-3.479414714854107,2100.0
"(0, 1)",2.265674135834049,2.297086508274078,2.563129909177793,6.215954074859619,6.569634931321762,-0.012644000957882722,-3.5210486930503704,2100.0
"(1, 0)",2.267142331434787,2.3292546024918557,2.551174981599735,5.487293672561646,6.508493786740408,0.0046935698347964835,-3.6768637541165585,2100.0
"(1, 1)",2.307076371366779,2.335977990627289,2.603902447695064,6.135922183990479,6.7803079571123455,0.01035303645769151,-3.5161552814747266,2100.0
"(2, 0)",2.2778076003384022,2.2930695927143097,2.572510832293166,5.970178532600403,6.617811982265676,-0.012678417270735702,-3.5495450192512017,2100.0
"(2, 1)",2.278921441706625,2.287098788861185,2.579215802127176,6.13645673751831,6.6523541539425315,0.008295586952766568,-3.6224967040035922,2100.0
mean,2.274066851855945,2.303822751731301,2.568372418979594,6.086586404641469,6.596954941651586,0.008294199474118883,-3.560920694458426,2100.0
std,0.017965774518830614,0.021086203027213035,0.02044649301217554,0.32446165030625473,0.10518293531216916,0.021538612459023217,0.06782421817704055,0.0
