,MAE,MedAE,RMSE,MaxAE,MSE,PearsonCorr,R2Coeff,Test Cases
"(0, 0)",2.3076914978200125,2.34797146320343,2.5961508121632058,6.078351340293884,6.739999039495673,0.028330080637827132,-3.678546018244994,2100.0
"(0, 1)",2.2969742240713242,2.321592263057828,2.5972084677461718,5.919396867752075,6.745491824932417,-0.049493289758560356,-3.6420687477921927,2100.0
"(1, 0)",2.2572307179488242,2.3233389228582384,2.5429251508449293,5.657413148880005,6.466468322799706,0.02941849118601471,-3.6466651589431844,2100.0
"(1, 1)",2.2578783345548876,2.2761926543712616,2.5678542963711517,5.7429327869415285,6.593875687391782,-0.050230916610913355,-3.391978461651572,2100.0
"(2, 0)",2.2913586472527254,2.3316318130493165,2.6017246060851837,5.819420576095581,6.768970925909104,-0.016305172289919102,-3.653462208348011,2100.0
"(2, 1)",2.304241395752948,2.324676082730293,2.5954295168914125,6.1794044780731205,6.736254377151192,0.012457054781036304,-3.680796141506833,2100.0
mean,2.28589580290012,2.3209005332117276,2.5835488083503426,5.8994865330060335,6.675176696279979,-0.007637292009085778,-3.6155861227477977,2100.0
std,0.02069964897436363,0.02186118728247783,0.02126619739174228,0.18269384812277423,0.10942503774786393,0.03344607423184912,0.10109279142530965,0.0
