,MAE,MedAE,RMSE,MaxAE,MSE,PearsonCorr,R2Coeff,Test Cases
"(0, 0)",0.6148102226595085,0.47788214683532715,0.8093449974496092,3.5495107173919678,0.6550393248967079,0.7416445959136768,0.5453068157234195,2100.0
"(0, 1)",0.6131515888026782,0.45791795730590823,0.8273728321328336,4.202314052581787,0.684545803351506,0.7318237251665801,0.5289137156129955,2100.0
"(1, 0)",0.6161242831553732,0.4800295639038087,0.8202909446141001,3.737558755874634,0.6728772338158927,0.7310347215931722,0.516484881307719,2100.0
"(1, 1)",0.6072151655147473,0.46962253332138065,0.8072633247705912,3.3673485565185546,0.6516740755196689,0.7539291768946591,0.5659398752130237,2100.0
"(2, 0)",0.6121875563137588,0.4620809817314149,0.8231098259957409,4.139553670883179,0.6775097856507389,0.7352975154359795,0.5342325712695768,2100.0
"(2, 1)",0.6172547394406229,0.4774127042293549,0.8212996296900973,3.5545412063598634,0.674533081729091,0.7333317559698498,0.5312896946134169,2100.0
mean,0.6134572593144482,0.4708243145545324,0.818113592442162,3.7584711599349974,0.6693632174939342,0.7378435818289862,0.5370279256233585,2100.0
std,0.0032668459933555857,0.008390676323661889,0.0073052963878413694,0.31115015281034747,0.011930583499976976,0.007985740993549598,0.015454445020217197,0.0
