,MAE,MedAE,RMSE,MaxAE,MSE,PearsonCorr,R2Coeff,Test Cases
"(0, 0)",0.6638709788926682,0.5210000000000006,0.8668702897677546,3.3290000000000006,0.7514640992820308,0.7005954449147294,0.47837390644300803,2100.0
"(0, 1)",0.6707204197278912,0.5298000000000006,0.8740766421228775,3.6147,0.7640099763048049,0.7043597074275193,0.47422857724069334,2100.0
"(1, 0)",0.6490225844671201,0.5276000000000003,0.8364718327209703,3.5543666666666667,0.6996851269355788,0.7140962668666726,0.4972213054691559,2100.0
"(1, 1)",0.6706252407029478,0.5239349999999996,0.8735679833902306,3.3938999999999995,0.7631210216044741,0.7186856570659732,0.4917084808060539,2100.0
"(2, 0)",0.6678887704081633,0.5344766666666669,0.8729464331011154,3.5894999999999997,0.7620354750639601,0.7016926231107261,0.476123723466222,2100.0
"(2, 1)",0.6577805264172336,0.51275,0.858409099287091,3.2509999999999994,0.7368661817388747,0.7101484830806208,0.4879765241661117,2100.0
mean,0.6633180867693375,0.5249269444444447,0.8637237133983398,3.455411111111111,0.746196980154954,0.7082630304110403,0.48427208626520746,2100.0
std,0.007793285905090925,0.006913415863690126,0.013353915842791811,0.13825837549697212,0.022850028317572962,0.006625843033828565,0.008551427921357931,0.0
