,MAE,MedAE,RMSE,MaxAE,MSE,PearsonCorr,R2Coeff,Test Cases
"(0, 0)",2.238617933022054,2.257298808097839,2.536838445227918,5.742085328102112,6.4355492971864,0.03280661191497488,-3.4672133279448856,2100.0
"(0, 1)",2.318098360796273,2.348075024485588,2.604898018865258,5.943118133544922,6.785493688688147,0.0271038375346986,-3.6695969705538856,2100.0
"(1, 0)",2.268591329924159,2.2975807911157604,2.5577333821213823,5.639855375289917,6.542000054018086,-0.011519117798052503,-3.7009406376630976,2100.0
"(1, 1)",2.283401497606277,2.255378852188587,2.58478536215735,6.142624502182007,6.681115368422903,0.020997313899259476,-3.450086138874343,2100.0
"(2, 0)",2.297866663215735,2.3123373863101007,2.6071544067070866,6.2368433475494385,6.797254100412181,0.00644524260094953,-3.6729060329888306,2100.0
"(2, 1)",2.3060893952984896,2.3361427903175356,2.604993102441666,5.781813125610352,6.785989063768656,0.013525532455966811,-3.7153550990794137,2100.0
mean,2.2854441966438315,2.3011356087525683,2.5827337862534434,5.914389968713125,6.671233595416062,0.014893236767966132,-3.6126830345174095,2100.0
std,0.026228886875987924,0.03554873162823382,0.02682880468850581,0.21584224282816286,0.13811311801254023,0.014595086114390636,0.11014849750644015,0.0
