,MAE,MedAE,RMSE,MaxAE,MSE,PearsonCorr,R2Coeff,Test Cases
"(0, 0)",0.6773590610544218,0.5485499999999991,0.8737905334005226,3.1311000000000018,0.7635098962603698,0.7021303132864665,0.47001235992655455,2100.0
"(0, 1)",0.6794575648526077,0.5396666666666667,0.8831211102491799,3.5004,0.7799028953677443,0.6991253296067279,0.4632914914346482,2100.0
"(1, 0)",0.6646941778344672,0.5441500000000001,0.8549228523606301,3.354766666666666,0.7308930834884357,0.7035270907996478,0.4747959386140085,2100.0
"(1, 1)",0.6827036053287981,0.5418999999999988,0.8889188811836469,3.4529999999999994,0.7901767773247865,0.7102966751145677,0.4736874713086303,2100.0
"(2, 0)",0.6828721761904762,0.5524499999999974,0.8878919395022398,3.5214999999999996,0.7883520962330489,0.6915449779586235,0.4580318445968621,2100.0
"(2, 1)",0.6708978422902495,0.5229999999999992,0.8733118656540025,3.2885,0.7626736146920746,0.7017533587603049,0.4700438087687723,2100.0
mean,0.6763307379251701,0.5416194444444435,0.8769928637250372,3.3748777777777774,0.76925139389441,0.7013962909210564,0.4683104857749127,2100.0
std,0.006572217210092529,0.009330175143579561,0.01161511385087162,0.13580020136714765,0.02026390443083236,0.005577171708020042,0.005883800144489074,0.0
