,MAE,MedAE,RMSE,MaxAE,MSE,PearsonCorr,R2Coeff,Test Cases
"(0, 0)",0.608759309770096,0.4557943582534789,0.8072542160700573,3.5799543285369873,0.6516593693628827,0.7420284918299052,0.5476529996637969,2100.0
"(0, 1)",0.6321392080593677,0.48258396148681637,0.8421494636573486,3.526484136581421,0.7092157191383599,0.7228489176104449,0.5119365332137022,2100.0
"(1, 0)",0.6091824620011307,0.4703368592262268,0.8180271759177221,3.3401528930664064,0.669168460539924,0.7279505004398515,0.5191499260745976,2100.0
"(1, 1)",0.6339960868374223,0.48557216167449957,0.8363029178082191,3.6299498176574705,0.6994025703345408,0.7368788431227465,0.5341493879227056,2100.0
"(2, 0)",0.6316701842777785,0.47947021961212155,0.8352485262892045,4.089605751037597,0.6976401006682881,0.7237559775547093,0.5203935902484367,2100.0
"(2, 1)",0.6171620552386556,0.4610865557193756,0.8325480740923279,4.220999512076378,0.6931362956748444,0.7224064262955305,0.5183629482078373,2100.0
mean,0.6221515510307419,0.4724740193287531,0.8285883956391465,3.7311910731593767,0.6867037526198065,0.729311526142198,0.5252742308885128,2100.0
std,0.010825087873310464,0.0110692664323234,0.012042559194444455,0.3152542680297899,0.01985205779787876,0.00754042136956936,0.012017802588572298,0.0
