,MAE,MedAE,RMSE,MaxAE,MSE,PearsonCorr,R2Coeff,Test Cases
"(0, 0)",0.6425983481126172,0.4830659437179565,0.8544266896215177,3.469386100769043,0.7300449679375853,0.7121888789188969,0.49324191919473104,2100.0
"(0, 1)",0.6402057644103255,0.4946593809127807,0.8649099014445482,4.516299057006836,0.748069137616818,0.7012078164617245,0.4851986400630349,2100.0
"(1, 0)",0.6321391876791205,0.48172535419464124,0.8459883411227533,3.7855025094747545,0.715696273315628,0.7101081331817405,0.48571603979320777,2100.0
"(1, 1)",0.6386338235345626,0.49212820321321477,0.8434528322077461,3.5558389472961425,0.7114126801592683,0.7284998119452974,0.526149821935568,2100.0
"(2, 0)",0.6378863735868816,0.48102465629577634,0.8563135444550042,4.318349990844727,0.7332728864170924,0.714118345187085,0.4958971307902432,2100.0
"(2, 1)",0.635804982336788,0.4793030405044556,0.846745102303436,3.930171356201172,0.7169772682748564,0.7147909444535254,0.5017966598363016,2100.0
mean,0.6378780799433826,0.48531776313980424,0.8519727351925009,3.9292579935987786,0.7259122022868748,0.7134856550247116,0.4980000352688478,2100.0
std,0.003304110617461847,0.005862759078883966,0.007393292600963068,0.3802631123865539,0.012626847049557084,0.008076339798217648,0.013836298802846514,0.0
