,MAE,MedAE,RMSE,MaxAE,MSE,PearsonCorr,R2Coeff,Test Cases
"(0, 0)",2.2764765878560107,2.3084469091892243,2.5812189697863297,6.105469388961792,6.662691369984802,-0.0065287162727141745,-3.624883178346882,2100.0
"(0, 1)",2.2894528744958693,2.348818900063634,2.589892937876303,5.93233959197998,6.707545429661548,-0.047017459941007915,-3.6159550439808275,2100.0
"(1, 0)",2.295605455095569,2.3311209022998813,2.600496884442564,6.398227281570435,6.762584045995484,0.00013062546943072025,-3.8594475534904067,2100.0
"(1, 1)",2.261886208719831,2.2797501325607303,2.5765488058827235,5.937481927871704,6.6386037490956875,-0.025955642411337118,-3.4217704524242514,2100.0
"(2, 0)",2.292842747810186,2.3297300791740416,2.594756585713847,5.988539061546326,6.732761739105381,-0.03438949051002398,-3.628569490646833,2100.0
"(2, 1)",2.3181099621514476,2.347397307753563,2.6136239050360675,6.488490228652954,6.831029916975981,-0.0074893597359684165,-3.746652470006813,2100.0
mean,2.2890623060214854,2.324210705173513,2.5927563481229727,6.141757913430532,6.722536041803147,-0.020208340566936815,-3.649546364816002,2100.0
std,0.017310709481854022,0.023967463673103206,0.0122703329691927,0.2222526416901915,0.06367896229221617,0.01690879212840814,0.13388219310916766,0.0
