,MAE,MedAE,RMSE,MaxAE,MSE,PearsonCorr,R2Coeff,Test Cases
"(0, 0)",2.2428577254592663,2.255678898990154,2.543648761248682,6.109586839675903,6.470149020601954,0.044078412277813166,-3.4912306011328553,2100.0
"(0, 1)",2.291117955064623,2.3337820744514466,2.5858904322227203,5.725520133972168,6.686829327461006,0.016634106706715477,-3.6016987713328117,2100.0
"(1, 0)",2.321508436886682,2.328218847513199,2.5982536677293124,6.196095180511475,6.750922121868825,0.05444286946803293,-3.8510675454519356,2100.0
"(1, 1)",2.2695051119544853,2.2919226491451266,2.574106806052617,5.949565362930298,6.626025848966405,0.04281799817346871,-3.4133926987207293,2100.0
"(2, 0)",2.2703466547868794,2.3062377154827116,2.567505423323317,5.815289249420166,6.592084098794645,0.023511884536842588,-3.531857879692814,2100.0
"(2, 1)",2.271646632192958,2.282352668195963,2.5830998519115838,6.105343151092529,6.672404844945647,-0.046215932299346785,-3.6364292534334757,2100.0
mean,2.2778304193908157,2.2996988089631,2.575417490414705,5.983566652933756,6.633069210439746,0.02254488981058768,-3.587612791627437,2100.0
std,0.024051936298167598,0.02682327539897249,0.017145276485603638,0.1692829762104765,0.0881278688711461,0.03330689546150589,0.1382875305911811,0.0
