,MAE,MedAE,RMSE,MaxAE,MSE,PearsonCorr,R2Coeff,Test Cases
"(0, 0)",0.6806870882086168,0.5483166666666667,0.8798224811773601,3.2198999999999995,0.774087598385086,0.6870388173790755,0.46266988615648763,2100.0
"(0, 1)",0.6884685539115647,0.5455999999999993,0.8939655209795663,3.7465000000000006,0.7991743527002674,0.6832780143123613,0.45002938510801094,2100.0
"(1, 0)",0.6650400317460317,0.5331500000000007,0.8566936052549459,3.5715999999999983,0.7339239332847171,0.6972797521613204,0.47261803508965117,2100.0
"(1, 1)",0.6919547685941043,0.5506499999999993,0.8920987768676394,3.4793999999999996,0.7958402276887383,0.699447239633105,0.469915220632951,2100.0
"(2, 0)",0.6829026691043084,0.5514500000000001,0.8894784865900255,3.4488999999999996,0.7911719781064821,0.6874928302110884,0.4560932613360299,2100.0
"(2, 1)",0.6793231411564626,0.5483500000000006,0.8775109579294569,3.5719,0.7700254812862731,0.6911444921996739,0.4649352444449959,2100.0
mean,0.6813960421201815,0.5462527777777778,0.881594971466499,3.506366666666666,0.7773705952419273,0.6909468576494374,0.46271017212802107,2100.0
std,0.008525409687839828,0.0061524191016595975,0.012684696563581782,0.15932503116445831,0.02220867148061809,0.005750584732740943,0.007741844204022399,0.0
