,MAE,MedAE,RMSE,MaxAE,MSE,PearsonCorr,R2Coeff,Test Cases
"(0, 0)",2.3090807842802437,2.347847727537155,2.6185014372279887,5.902639265060425,6.856549776765042,-0.0021098758890372533,-3.759449292055538,2100.0
"(0, 1)",2.2408341308225124,2.190994255244732,2.5448061811865754,6.743546361923218,6.4760384998054015,0.027950659935898358,-3.456638108778211,2100.0
"(1, 0)",2.317078800554325,2.378756551742554,2.6108253415134723,6.7198817253112795,6.816408963888939,0.0037371137562779836,-3.8981249826794846,2100.0
"(1, 1)",2.2628420503370816,2.2486533166468146,2.5644683675006896,5.822762637138367,6.576498007911653,0.013168046352000147,-3.380403722058566,2100.0
"(2, 0)",2.3094451940675933,2.330195110440254,2.604417356444838,6.170556449890137,6.7829897665511165,-0.009291247043505884,-3.6630997360972826,2100.0
"(2, 1)",2.3083277800362025,2.347268333435059,2.5913337160516945,5.984605407714843,6.715010427946283,0.00899184219652927,-3.666034437167699,2100.0
mean,2.2912681233496595,2.307285882507762,2.589058733320876,6.223998641173046,6.703915907144739,0.007074423218027104,-3.6372917131394638,2100.0
std,0.02874180741963299,0.0656230006560149,0.02628274262017731,0.37422302504768634,0.1357024830433771,0.011831808438691416,0.17467867240041068,0.0
