,MAE,MedAE,RMSE,MaxAE,MSE,PearsonCorr,R2Coeff,Test Cases
"(0, 0)",0.667559371201814,0.5339000000000013,0.8617741749280884,3.2428999999999992,0.7426547285729875,0.702468658415284,0.4844888993402656,2100.0
"(0, 1)",0.6768579001700681,0.5418666666666667,0.8786269939644776,3.447499999999999,0.7719853945230543,0.6936924726070152,0.468740105736708,2100.0
"(1, 0)",0.6486631692743764,0.5270000000000002,0.8384397303478265,3.4218,0.7029811814257361,0.7127798827593654,0.49485283155157844,2100.0
"(1, 1)",0.6826330080498866,0.5495299999999997,0.8806027832487998,3.1236,0.7754612618655328,0.7063110817379341,0.4834890250553475,2100.0
"(2, 0)",0.662871106632653,0.53355,0.8649327667449066,3.502,0.748108690988999,0.7053622465784695,0.48569796511772534,2100.0
"(2, 1)",0.6663100111111111,0.5249749999999991,0.8651905409267613,3.2435,0.7485546721091417,0.6999870293456423,0.4798545861331951,2100.0
mean,0.6674824277399849,0.5351369444444445,0.8649278316934766,3.3302166666666664,0.7482909882475752,0.7034335619072851,0.48285390215580337,2100.0
std,0.010756771662634274,0.0084258789197916,0.013814275572611131,0.13508443552912444,0.023750429596266394,0.005874409255545688,0.007781760122556258,0.0
