,MAE,MedAE,RMSE,MaxAE,MSE,PearsonCorr,R2Coeff,Test Cases
"(0, 0)",2.3259223796154065,2.404443928003311,2.6225182092543506,6.202188601493836,6.877601757870646,-0.0296177826770828,-3.7740624487934893,2100.0
"(0, 1)",2.284480143239855,2.312730435729027,2.5817075880218456,5.858083915710449,6.665214070049575,0.012182623344677245,-3.586823723892353,2100.0
"(1, 0)",2.3122550773671344,2.3601639342308047,2.6057276820343924,6.691909217834473,6.789816752920328,0.007227613668141647,-3.879016391399227,2100.0
"(1, 1)",2.2878969329978385,2.2571862328052523,2.5911525759151854,6.150192785263061,6.714071671671902,-0.012148163210419439,-3.472037322200717,2100.0
"(2, 0)",2.259705181170716,2.3170738208293917,2.5561622027005586,6.473701581954956,6.533965206514972,-0.016972975667111177,-3.4919029039993434,2100.0
"(2, 1)",2.298222918863701,2.3211237239837645,2.600552426324812,7.07261248588562,6.762872922063865,-0.027009912524817672,-3.6992924712687234,2100.0
mean,2.294747105542442,2.328787012596925,2.5929701140418575,6.408114764690399,6.723923730181881,-0.011056432844435365,-3.650522543592309,2100.0
std,0.02109810383134885,0.045256473277807886,0.02072963742177378,0.39536089224446946,0.10731883505985373,0.01586187601936203,0.1477186269338127,0.0
