,MAE,MedAE,RMSE,MaxAE,MSE,PearsonCorr,R2Coeff,Test Cases
"(0, 0)",2.3167554740940175,2.4013364756107327,2.609084857639336,6.184511432647705,6.807323794362876,-0.03652608721864233,-3.7252792539572708,2100.0
"(0, 1)",2.303504387177385,2.339711813926697,2.600633153242259,6.0529500675201415,6.763292797742775,0.02183086331385828,-3.6543189056321053,2100.0
"(1, 0)",2.2729458347967695,2.3005583526194098,2.567413900329513,6.661712417602539,6.591614135605202,-0.025489932108878614,-3.7365922503820475,2100.0
"(1, 1)",2.268099261689896,2.249991306066513,2.5684047051850296,6.3185677909851075,6.5967027296166,0.0024297542883513204,-3.393861467815203,2100.0
"(2, 0)",2.3044868501236393,2.31661745429039,2.60552477464317,6.92335711479187,6.788759351279341,0.00890766121339413,-3.6670661506061544,2100.0
"(2, 1)",2.301279859398554,2.331195663809776,2.597778638142193,6.130677909851075,6.748453852787905,-0.08132883250713659,-3.6892731459801826,2100.0
mean,2.2945119445467106,2.3232351777205866,2.591473338196917,6.378629455566405,6.716024443565782,-0.0183627621698423,-3.6443985290621606,2100.0
std,0.017718488222473138,0.045382373609358435,0.01704056866163404,0.31243677475487136,0.0881546919641692,0.034489034981132205,0.11578439672506237,0.0
