,MAE,MedAE,RMSE,MaxAE,MSE,PearsonCorr,R2Coeff,Test Cases
"(0, 0)",0.681458382048375,0.5485500000000001,0.8800591343495465,3.3331,0.7745040799520732,0.695069156623862,0.46238078697925,2100.0
"(0, 1)",0.6822349699546484,0.5464733333333353,0.8854471624720943,3.5220999999999996,0.7840166775298835,0.6991565699478512,0.4604604955479573,2100.0
"(1, 0)",0.6617695333333332,0.5420000000000001,0.8550189807273592,3.37715,0.7310574574040523,0.7040589876805973,0.47467782305098294,2100.0
"(1, 1)",0.6863477459183673,0.543550000000001,0.8907029412894756,3.338099999999999,0.7933517296217231,0.7096893307183717,0.4715727329110625,2100.0
"(2, 0)",0.6818976244897959,0.5417833333333324,0.8838396588256224,3.4717,0.7811725425129926,0.6990414345139072,0.46296757002319033,2100.0
"(2, 1)",0.6687565380952382,0.5241499999999983,0.8731110053631973,3.265200000000001,0.7623228276863332,0.7039492502141977,0.4702875588368419,2100.0
mean,0.6770774656399596,0.5410844444444446,0.8780298138378826,3.384558333333333,0.7710708857845097,0.7018274549497979,0.46705782789154754,2100.0
std,0.008741995708648828,0.007947281544693818,0.011598784260554966,0.08719615060629402,0.020229775036285175,0.004687945123724573,0.005338688520613733,0.0
