,MAE,MedAE,RMSE,MaxAE,MSE,PearsonCorr,R2Coeff,Test Cases
"(0, 0)",2.27964975715198,2.31592592716217,2.5762228617013063,6.180302381515503,6.6369242331524685,0.009909609329171514,-3.606997013271477,2100.0
"(0, 1)",2.313335918221587,2.337584102153778,2.610009409422381,6.163831825256348,6.812149117273367,0.001869046544565674,-3.687940530253581,2100.0
"(1, 0)",2.3089411253948295,2.343981125354767,2.5930609202338775,5.897454586029053,6.723964936044163,0.020479459979740655,-3.8316966910841854,2100.0
"(1, 1)",2.260601493764775,2.2761985009908674,2.5529795784577964,5.516654582023621,6.517704728022547,0.019237523017419083,-3.3412433206187044,2100.0
"(2, 0)",2.28270362951634,2.2870402640104297,2.5932951330486507,6.538147926330566,6.725179647093818,-0.025988767802759077,-3.6233570323541002,2100.0
"(2, 1)",2.3152683950695963,2.330429010540247,2.6055755672618686,6.496516132354737,6.789024036712009,-0.019414794703860247,-3.7174639994931225,2100.0
mean,2.2934167198531847,2.315193155035376,2.5885239116876466,6.132151238918304,6.700824449716396,0.001015346060712935,-3.6347830978458617,2100.0
std,0.020397777536780605,0.02541632780005054,0.019193966178969384,0.34996093385994764,0.09909345475340854,0.017969181972249133,0.15028031008894635,0.0
