,MAE,MedAE,RMSE,MaxAE,MSE,PearsonCorr,R2Coeff,Test Cases
"(0, 0)",0.704788112809032,0.5611161111111108,0.9145821816465353,3.281727857142857,0.836460566985336,0.6482145801221371,0.41937391501749843,2100.0
"(0, 1)",0.693877409763715,0.5385816666666672,0.9101505140186811,3.986133333333335,0.8283739581684694,0.6557546160566337,0.4299349902870432,2100.0
"(1, 0)",0.6618870770910137,0.5196749999999979,0.859486735706821,3.572900000000003,0.7387174488559668,0.6854948696320678,0.4691735178227462,2100.0
"(1, 1)",0.6959607054344971,0.5547897619047627,0.9054715031595365,3.9023166666666667,0.8198786430339906,0.6743223257406304,0.45390396906348995,2100.0
"(2, 0)",0.7038147978853158,0.554018333333332,0.9188673085022038,4.02667,0.8443171306340841,0.647905206161871,0.4195575808683417,2100.0
"(2, 1)",0.6957659911648458,0.5692822023809523,0.8965048742830849,3.3002899999999995,0.8037209896133298,0.6645863238400456,0.4415213713141982,2100.0
mean,0.6926823490247366,0.5495771792328038,0.9008438528861439,3.6783396428571433,0.8119114562151961,0.6627129869255642,0.4389108907288863,2100.0
std,0.014378886997226364,0.01624485238201545,0.019794164100661232,0.31026243196057046,0.03514665244129202,0.013754959194801337,0.01818536232204061,0.0
