,MAE,MedAE,RMSE,MaxAE,MSE,PearsonCorr,R2Coeff,Test Cases
"(0, 0)",2.2856610721335344,2.319300598204136,2.5783210676176416,5.8249426937103275,6.647739527720976,0.020347369289559637,-3.6145044109792703,2100.0
"(0, 1)",2.311015603041223,2.361864482164383,2.6023048432141462,6.3414030313491825,6.771990497015802,0.05681639421201781,-3.6603044318206894,2100.0
"(1, 0)",2.288282730136599,2.335751187503338,2.5782894305715476,5.876862897872925,6.647576387796955,0.05865147649486055,-3.7768055220621335,2100.0
"(1, 1)",2.2706234376796655,2.278624321371317,2.579348769779586,6.0970981454849245,6.653040076163463,0.01995091345765928,-3.431386047341861,2100.0
"(2, 0)",2.25909915132182,2.262672347128391,2.5624698043420766,5.9842980766296385,6.566251498164921,-0.03301752844376476,-3.5140987502639014,2100.0
"(2, 1)",2.2544957105165078,2.2338994273543356,2.5418591090477385,6.552138166427612,6.461047730248962,0.021988807045210883,-3.4895643175860487,2100.0
mean,2.278196284138225,2.2986853939543166,2.5737655040954563,6.112790501912436,6.624607619518514,0.024122905342590567,-3.5811105800089837,2100.0
std,0.01922815999708276,0.044134386684111966,0.01840514729025752,0.2583811162379753,0.09464850847642069,0.030447578387243813,0.1161694621580999,0.0
