,MAE,MedAE,RMSE,MaxAE,MSE,PearsonCorr,R2Coeff,Test Cases
"(0, 0)",0.6578895784580499,0.5338999999999989,0.8528164643191002,3.567199999999996,0.7272959218137311,0.7069020856863516,0.49515015964422693,2100.0
"(0, 1)",0.6625542952947846,0.5306333333333324,0.8604669533418351,3.5498,0.7404033777933797,0.7069183973594956,0.4904740128643089,2100.0
"(1, 0)",0.641850077664399,0.5031666666666664,0.8316322381242267,3.4942999999999995,0.6916121794875105,0.7157063337898752,0.5030223520009476,2100.0
"(1, 1)",0.6635796209750567,0.5271499999999998,0.8571791900103634,3.4821999999999997,0.7347561637868226,0.7224308191924635,0.510601443080296,2100.0
"(2, 0)",0.6561974354583248,0.5200500000000006,0.8575363532589757,3.5573900000000003,0.7353685971607027,0.7098435093098919,0.49445639321701906,2100.0
"(2, 1)",0.6562732750566894,0.5260666666666665,0.8492525783840792,3.0930999999999997,0.7212299418920066,0.7107083652748978,0.49884162026330636,2100.0
mean,0.656390713817884,0.523494444444444,0.8514806295730967,3.4573316666666662,0.7251110303223589,0.7120849184354959,0.49875766351168416,2100.0
std,0.007111000469710286,0.010035781662643002,0.009579550311040852,0.1659733472997661,0.016197282558367377,0.005486738868225974,0.006565104841327278,0.0
