,MAE,MedAE,RMSE,MaxAE,MSE,PearsonCorr,R2Coeff,Test Cases
"(0, 0)",0.6888975697845805,0.5340666666666668,0.89318542215072,3.3120999999999996,0.7977801983425601,0.6689857588008966,0.446223753368729,2100.0
"(0, 1)",0.6789334053391053,0.5247666666666666,0.8914700018298198,3.9693490476190494,0.7947187641624589,0.67561318813321,0.4530956030860588,2100.0
"(1, 0)",0.6463428415842756,0.5155333333333332,0.8424770998368405,3.5488399999999993,0.7097676637494936,0.7027096087519384,0.4899762112093118,2100.0
"(1, 1)",0.6763460812787742,0.5349616666666674,0.8812874495272621,3.511975,0.7766675686942666,0.6983029468929937,0.4826855410557823,2100.0
"(2, 0)",0.668026923516695,0.5267833333333338,0.8794275811536852,3.7154517857142864,0.7733928704938217,0.6875081259054153,0.46831585857854297,2100.0
"(2, 1)",0.6789316509997938,0.5384500000000001,0.8816711077194018,3.6155,0.777343942187157,0.6800797169943111,0.4598498926116654,2100.0
mean,0.6729130787505374,0.5290936111111113,0.8782531103696215,3.612202638888889,0.7716118346049597,0.6855332242464609,0.46669114331834843,2100.0
std,0.013351710378383659,0.007688176372935293,0.016831777417876243,0.2009754602149231,0.029169060424908404,0.011999727137324952,0.015552118409485739,0.0
