,MAE,MedAE,RMSE,MaxAE,MSE,PearsonCorr,R2Coeff,Test Cases
"(0, 0)",0.6882414218099361,0.5383874999999991,0.8878862406960931,3.328815,0.7883419764174405,0.6730526338174164,0.4527752610690008,2100.0
"(0, 1)",0.6803244846104953,0.5316021608946597,0.8914206545765293,3.879766666666667,0.794630783405648,0.6736827526170703,0.4531561491117895,2100.0
"(1, 0)",0.6514501708679781,0.5116449999999999,0.8520523767265116,3.4315999999999995,0.7259932526852972,0.6928806249063623,0.47831685172161387,2100.0
"(1, 1)",0.6859133599670171,0.5400516666666672,0.8919758908653885,3.7522,0.7956209898851035,0.6867066923963524,0.47006124821326845,2100.0
"(2, 0)",0.6803399520783449,0.5338125000000002,0.894565166557771,4.01975,0.8002468372185325,0.6710992560875654,0.44985457093740966,2100.0
"(2, 1)",0.6800480769977377,0.5418499999999994,0.8857132408507687,3.534500000000001,0.7844879450183718,0.6749480799189114,0.454885765811364,2100.0
mean,0.6777195777219184,0.532891471260221,0.8839355950455103,3.6577719444444448,0.7815536307717322,0.6787283399572797,0.4598416411440744,2100.0
std,0.012158692483801851,0.010129602851033854,0.014542853340104153,0.24623458297371162,0.025363970281054252,0.008104588775961727,0.010525410342266218,0.0
