,MAE,MedAE,RMSE,MaxAE,MSE,PearsonCorr,R2Coeff,Test Cases
"(0, 0)",2.2564664250086457,2.266793492436409,2.546527132500107,5.9809317111969,6.484800436559218,0.00042698345804867486,-3.5014008286635754,2100.0
"(0, 1)",2.3061339897679076,2.341941941380501,2.595148911903763,6.10399694442749,6.7347978749552855,0.012481719237848457,-3.6347094547609844,2100.0
"(1, 0)",2.2474132231184414,2.269412370920181,2.5390855655971762,5.909046745300293,6.4469555094239315,-0.018749460478089234,-3.6326436706221967,2100.0
"(1, 1)",2.2911073149515406,2.291204800605774,2.5864560161916237,6.216270613670349,6.689754723693844,-0.002247203141317169,-3.4558405485828976,2100.0
"(2, 0)",2.3113233179174006,2.3560553404688838,2.6120446548685257,5.929415597915649,6.8227772790272345,0.012593221312562856,-3.690452444167442,2100.0
"(2, 1)",2.2986593056946307,2.3228269810229536,2.5936151380133965,5.657121925354004,6.726839484132249,-0.028432113259075333,-3.6742540496485967,2100.0
mean,2.285183929409761,2.3080391544724503,2.5788129031790983,5.966130589644114,6.650987551298627,-0.0039878088116702915,-3.5982168327409485,2100.0
std,0.02446141940427794,0.03452115633047418,0.026675113788249764,0.17411162468819164,0.13725858897933413,0.015188407821302197,0.08798705391026075,0.0
