,MAE,MedAE,RMSE,MaxAE,MSE,PearsonCorr,R2Coeff,Test Cases
"(0, 0)",0.6617451149470899,0.5329866666666669,0.8618111827718081,3.2834,0.742718514750543,0.7037421171634614,0.4844446223952287,2100.0
"(0, 1)",0.66729378707483,0.5248999999999996,0.8685324782221947,3.653733333333334,0.754348665726787,0.7068797752596021,0.4808772351978735,2100.0
"(1, 0)",0.6513229522486773,0.5285083333333345,0.8448248541524045,3.5290000000000012,0.7137290341936314,0.7065838813678599,0.4871296555462241,2100.0
"(1, 1)",0.6660824437074829,0.5203500000000008,0.8647207430364899,3.33575,0.7477419634375793,0.7219096064389152,0.5019520000095843,2100.0
"(2, 0)",0.6625767841475985,0.5283000000000009,0.8647826124498118,3.6018666666666665,0.7478489667955215,0.7061535936212909,0.48587651762329387,2100.0
"(2, 1)",0.6551151369614514,0.5073350000000003,0.8554129252264746,3.27238,0.7317312726445143,0.7107379561069669,0.4915445994391294,2100.0
mean,0.660689369847855,0.5237300000000005,0.8600141326431973,3.4460216666666668,0.7396864029247626,0.7093344883263493,0.4886374383685556,2100.0
std,0.005718134222670447,0.008276397890207931,0.007880011340842838,0.154420572700493,0.01349545754404771,0.0059873126774390465,0.0067506257564317294,0.0
