,MAE,MedAE,RMSE,MaxAE,MSE,PearsonCorr,R2Coeff,Test Cases
"(0, 0)",2.2964869492643647,2.315112650990486,2.5962639079972516,6.2588788032531735,6.74058627996916,0.004934859055302856,-3.678953649101153,2100.0
"(0, 1)",2.3299627912926537,2.391363653540611,2.611416735468643,6.124545745849609,6.819497366285706,-0.035615035871258846,-3.6929974005273083,2100.0
"(1, 0)",2.2734576218734164,2.320994349718094,2.572829024032698,6.093014430999756,6.6194491869050465,0.025378446025095345,-3.7565939200131124,2100.0
"(1, 1)",2.266170676286288,2.2541343712806703,2.5642951277756447,6.2913582897186275,6.5756095023339105,0.016656128368362316,-3.379811915730163,2100.0
"(2, 0)",2.304473556191173,2.3600924849510196,2.6053581151736216,6.0151561784744265,6.787890908301046,-0.023172270162727514,-3.6664691223984933,2100.0
"(2, 1)",2.29206218090653,2.308934165835381,2.5831129482881217,6.118960428237915,6.672472503613752,0.012433458349460315,-3.6364762671617106,2100.0
mean,2.293768962635738,2.325105279386044,2.58887930978933,6.150318979422251,6.702584291234771,0.00010259762737241183,-3.63521704582199,2100.0
std,0.020853049673877293,0.04287463075566726,0.016976765872561052,0.09563623330988487,0.08787377265429454,0.022006656501545704,0.11985676441112812,0.0
