,MAE,MedAE,RMSE,MaxAE,MSE,PearsonCorr,R2Coeff,Test Cases
"(0, 0)",2.2949068914510664,2.327361074388027,2.59259024156436,6.049227576255799,6.721524160654748,-0.014884302672936873,-3.665721747746991,2100.0
"(0, 1)",2.304856653604763,2.3142344057559967,2.6056454517288623,5.998236632347107,6.789388220115308,-0.05525909985001828,-3.6722770838939534,2100.0
"(1, 0)",2.3079925647741097,2.3398843944072727,2.592700753959727,5.935922045707702,6.722097199583335,0.008323527290200548,-3.830354575804967,2100.0
"(1, 1)",2.2878918850986376,2.327072535455227,2.5869418894954754,6.0495452880859375,6.69226833962642,0.006523163847079593,-3.457514791101276,2100.0
"(2, 0)",2.2967196702679242,2.2970096850395203,2.6023259343943397,6.679108066558838,6.772100268821374,-0.014380236880214836,-3.655613536687075,2100.0
"(2, 1)",2.3072657667721668,2.3223730623722076,2.5992128815158293,5.793781795501709,6.75590760343782,0.006892175846134702,-3.694452506100581,2100.0
mean,2.299938905328111,2.3213225262363752,2.596569525443099,6.084303567409516,6.7422142987065,-0.010464128736625855,-3.6626557068891405,2100.0
std,0.007343295259916556,0.013269821306075257,0.00640298732629143,0.27989829956350865,0.03325015033403904,0.022301900945679888,0.10906290697665397,0.0
