,MAE,MedAE,RMSE,MaxAE,MSE,PearsonCorr,R2Coeff,Test Cases
"(0, 0)",2.2931440813543364,2.31836484670639,2.595146942201861,6.073519659042359,6.73478765161967,-0.01423569781440394,-3.6749285521513144,2100.0
"(0, 1)",2.276991871016969,2.3153939826786516,2.585554804402864,6.391647605895996,6.685093646570732,0.03654112793855052,-3.6005043217321013,2100.0
"(1, 0)",2.3123211282801415,2.3512850292026997,2.6043465292751593,6.106927442550659,6.782620844547568,-0.03476438609612286,-3.873845566297562,2100.0
"(1, 1)",2.251150292717914,2.2882921539247034,2.5500393973199404,6.011054515838623,6.502700927883844,-0.02319602837578448,-3.3312497492843063,2100.0
"(2, 0)",2.320274449195216,2.3689650854468347,2.622169889056833,6.442091283798217,6.875774927076323,-0.005427966829018755,-3.72688671977997,2100.0
"(2, 1)",2.2439680606343915,2.256866661757231,2.5414802301422945,5.918391432762146,6.45912176020413,-0.023549356944687308,-3.488226025910917,2100.0
mean,2.2829749805331616,2.3165279599527517,2.5831229653998258,6.157271989981333,6.673349959650378,-0.010772051353577804,-3.6159401558593616,2100.0
std,0.028653113605040595,0.037235953268224035,0.028735087861197214,0.19323839172615295,0.14823591073097162,0.022993984324005116,0.17315781012116543,0.0
