,MAE,MedAE,RMSE,MaxAE,MSE,PearsonCorr,R2Coeff,Test Cases
"(0, 0)",2.3033372603729014,2.3611932024359703,2.5957265369599005,6.391701622009277,6.737796254677838,0.00915621729690047,-3.677016963110395,2100.0
"(0, 1)",2.2869598613312196,2.3456164872646332,2.58264414077807,5.9785799360275265,6.670050757895295,-0.005003741081437119,-3.5901522043166354,2100.0
"(1, 0)",2.298430766950379,2.358093079328537,2.5812812034638855,6.548356256484985,6.663012651355966,0.013320997671837918,-3.7878976892983074,2100.0
"(1, 1)",2.2750326354911996,2.2730730070173744,2.5798571462570368,6.929079961776734,6.655662895093502,-0.03133017363315983,-3.4331330266292577,2100.0
"(2, 0)",2.2855408608651944,2.315829631090164,2.5802938626111387,5.764697275161743,6.6579164174287095,0.008497923687855147,-3.5771156020563355,2100.0
"(2, 1)",2.238469700818189,2.265043916106224,2.5280028237787175,5.954911899566651,6.390798277033169,0.0828800716170372,-3.440750340092742,2100.0
mean,2.281295180971514,2.319808220540484,2.574634285641458,6.261221158504487,6.629206208914081,0.01292021592650563,-3.584344304250612,2100.0
std,0.021224346078537615,0.03882364435806452,0.021552357494675115,0.4011970601506215,0.11027656525853043,0.03465937006443284,0.12489479914816408,0.0
