,MAE,MedAE,RMSE,MaxAE,MSE,PearsonCorr,R2Coeff,Test Cases
"(0, 0)",0.6738439515873017,0.5449999999999993,0.8691607209161675,3.307699999999999,0.7554403587835119,0.6976317583261743,0.475613800254691,2100.0
"(0, 1)",0.6755049160997733,0.52735,0.8752510084406663,3.530799999999998,0.7660643277764033,0.7012645812232082,0.47281482698929733,2100.0
"(1, 0)",0.6581664807256236,0.5282499999999974,0.8508736579841436,3.3105999999999978,0.7239859818513174,0.7007423930133531,0.47975923340249704,2100.0
"(1, 1)",0.6793020103174603,0.5481000000000003,0.8759085717159818,3.4152000000000005,0.7672158260055313,0.7180869729370083,0.4889810571197829,2100.0
"(2, 0)",0.674986696371882,0.5444499999999992,0.8764102085028611,3.4874999999999994,0.7680948535680284,0.6989232704560452,0.47195808452591703,2100.0
"(2, 1)",0.6728074682539683,0.5338500000000008,0.8704568275904684,3.2024999999999992,0.7576950886988625,0.696816321301846,0.4735032186952237,2100.0
mean,0.6724352538926682,0.5378333333333329,0.8696768325250481,3.375716666666666,0.7564160727806092,0.7022442162096058,0.47710503683123484,2100.0
std,0.006693353531751806,0.00834818676253872,0.008847584405279654,0.11326646188916151,0.015277522225310229,0.00725687708197358,0.005890366659019055,0.0
