,MAE,MedAE,RMSE,MaxAE,MSE,PearsonCorr,R2Coeff,Test Cases
"(0, 0)",0.6946819157218442,0.5519074999999987,0.8997332137093034,3.3393999999999995,0.809519855851671,0.6618987915448895,0.4380747124604204,2100.0
"(0, 1)",0.6865618792568542,0.5418083333333343,0.898486849077507,3.80455,0.8072786179652268,0.6678482147458793,0.4444522444803648,2100.0
"(1, 0)",0.6573473979618732,0.5102016666666671,0.852423010306536,3.4508999999999994,0.7266249885000567,0.6924639979369137,0.47786289994244113,2100.0
"(1, 1)",0.6842996129681164,0.5456208333333343,0.8904073034339763,3.88581,0.7928251660085652,0.688590593418078,0.47192346079210223,2100.0
"(2, 0)",0.6852935237150417,0.5421466666666661,0.899127259728507,4.0331,0.8084298291868941,0.6675222365203395,0.4442290121497019,2100.0
"(2, 1)",0.6922130728406514,0.550298333333334,0.8958062279453066,3.7348000000000003,0.8024687980255986,0.6659908654631216,0.44239147704716464,2100.0
mean,0.6833995670773968,0.5403305555555558,0.8893306440335227,3.7080933333333337,0.7911912092563353,0.6740524499382036,0.45315563447869917,2100.0
std,0.012234392527274974,0.013991671974608906,0.016799251151617414,0.2412857456534797,0.02941248235007022,0.011861559016033035,0.015606703415657674,0.0
