,MAE,MedAE,RMSE,MaxAE,MSE,PearsonCorr,R2Coeff,Test Cases
"(0, 0)",2.2630305179937964,2.273173358440399,2.567110992477594,5.549649686813355,6.5900588476992965,-0.016279716182452,-3.5744655750293344,2100.0
"(0, 1)",2.3055809540383163,2.3241777288913728,2.588555993840766,5.7863129615783695,6.700622133248956,0.04299390942468783,-3.611190614826855,2100.0
"(1, 0)",2.31696685036733,2.3710836604237557,2.6175575723986713,7.024963960647582,6.851607644821624,-0.0037909965491953307,-3.9234179983050286,2100.0
"(1, 1)",2.2576080700762566,2.263388913869858,2.5706581562524717,6.159236011505127,6.608283356307357,-0.05679120913394734,-3.4015749682525085,2100.0
"(2, 0)",2.3135950711996074,2.334916797876358,2.6138468838799294,5.732751359939575,6.832195532368817,-0.03143099354916969,-3.696927207683702,2100.0
"(2, 1)",2.310819671494869,2.376832455396652,2.613730327711992,6.712092638015747,6.831586226001438,-0.00564617782395359,-3.7470390303998817,2100.0
mean,2.2946001891950294,2.3239288191497325,2.595243321093571,6.160834436416626,6.735725623407913,-0.011824197302338356,-3.6591025657495515,2100.0
std,0.024528156927750597,0.04355909460987808,0.02092194367472482,0.5397030430506524,0.10848727833395982,0.03037003820865532,0.160626695556097,0.0
