,MAE,MedAE,RMSE,MaxAE,MSE,PearsonCorr,R2Coeff,Test Cases
"(0, 0)",2.2547317347408757,2.2939450031518938,2.552244628753827,5.947159242630005,6.513952645002761,0.004251235723824971,-3.5216367289860173,2100.0
"(0, 1)",2.2589775169718838,2.3154100978374483,2.5656942555132787,5.919963536262512,6.582787012773837,-0.002412233905878724,-3.5300996070328665,2100.0
"(1, 0)",2.3130822290429403,2.3430828364193443,2.6029710530349743,5.9899604034423835,6.775458302938002,0.05206095621906689,-3.868698717834808,2100.0
"(1, 1)",2.3110882417244927,2.3315034130215646,2.6082671738080556,5.953403782844544,6.803057649964662,0.0010587384840957388,-3.53130815449713,2100.0
"(2, 0)",2.2751784032731535,2.2798065304756165,2.5749705996957486,5.636114711761475,6.630473589297482,-0.02205594330461293,-3.558249490058418,2100.0
"(2, 1)",2.2677239874720043,2.2840905754268173,2.564109431803284,5.871276025772095,6.5746571782625605,0.04264783795396322,-3.568507694146253,2100.0
mean,2.280130352204225,2.3079730760554473,2.578042857101528,5.886312950452169,6.646731063039884,0.012591765195076527,-3.5964167320925817,2100.0
std,0.023505988606608016,0.023812448701956545,0.020641947283978626,0.11754706521743402,0.10660409955499305,0.026106651068433573,0.12288359623414656,0.0
