,MAE,MedAE,RMSE,MaxAE,MSE,PearsonCorr,R2Coeff,Test Cases
"(0, 0)",0.6713794249433106,0.5506500000000002,0.8658734001578163,3.327499999999999,0.749736745100858,0.7011439875113137,0.4795729431163175,2100.0
"(0, 1)",0.6775139254346182,0.5292733333333337,0.8805409811550095,3.5049833333333327,0.7753524194934267,0.6936883331191722,0.46642300836358075,2100.0
"(1, 0)",0.664750702494331,0.529066666666666,0.8576548381810298,3.4313000000000007,0.7355718214553285,0.6950641473565117,0.4714338980667856,2100.0
"(1, 1)",0.6829944503968254,0.5481999999999998,0.8816214785557092,3.3565000000000005,0.7772564314507547,0.7080851585969582,0.48229331762513583,2100.0
"(2, 0)",0.6737830055194804,0.5323500000000009,0.8757132995095794,3.5417000000000005,0.7668737829379544,0.6967720780573333,0.4727975335489619,2100.0
"(2, 1)",0.6748888136054423,0.5426499999999994,0.8718516440129147,3.0512999999999995,0.7601252891680221,0.6958124795994469,0.47181455429179575,2100.0
mean,0.6742183870656678,0.5386983333333334,0.8722092735953432,3.3688805555555548,0.7608194149343906,0.698427697373456,0.4740558758354296,2100.0
std,0.005570991034579864,0.008856641941587109,0.008390350926782721,0.16073256843931427,0.01459901516711189,0.004898984094911108,0.005323467846159804,0.0
