,MAE,MedAE,RMSE,MaxAE,MSE,PearsonCorr,R2Coeff,Test Cases
"(0, 0)",2.26765562306309,2.2964797937870025,2.570735775396032,5.54319058418274,6.608682426901037,-0.05661505459338906,-3.58739306534635,2100.0
"(0, 1)",2.3218908921059045,2.337423104643822,2.6182892761288605,6.475534582138062,6.855438733491392,-0.054779657963742116,-3.7177312971487178,2100.0
"(1, 0)",2.296935874345881,2.393721378296614,2.5964664296048725,5.754700698852539,6.741637920065075,-0.008246875283283394,-3.8443961175725194,2100.0
"(1, 1)",2.272241287736737,2.2731301206350327,2.5806854303172533,5.965729875564575,6.659937290251747,-0.0990754419533258,-3.4359800702135788,2100.0
"(2, 0)",2.268683721916626,2.3053813219070434,2.5499154480488175,5.8730531454086305,6.502068792198001,0.02028936281314616,-3.46997508657621,2100.0
"(2, 1)",2.2695586138387878,2.295806450843811,2.5582385676986044,5.64860848903656,6.544584569260607,0.00032897582881929446,-3.547611251657554,2100.0
mean,2.282827668834504,2.3169903616855545,2.5790551545324063,5.87680289586385,6.6520582886946436,-0.03301644852529582,-3.6005144814191543,2100.0
std,0.020179851203757152,0.03922813173949333,0.023082429994849482,0.3012973362044524,0.1192889413443698,0.04074571697847565,0.14159864859189902,0.0
