,MAE,MedAE,RMSE,MaxAE,MSE,PearsonCorr,R2Coeff,Test Cases
"(0, 0)",0.5757455601023777,0.43992501974105835,0.7747097045075572,3.626103582382202,0.6001751262581866,0.7661413956962283,0.583390601281891,2100.0
"(0, 1)",0.5867508374429885,0.4379882049560547,0.7870068839672554,3.9114092433452607,0.6193798354118489,0.7622640088715364,0.5737592081350091,2100.0
"(1, 0)",0.5708970326315789,0.4297040462493896,0.7726269482473676,3.5915238857269287,0.5969524011580404,0.7633917043690023,0.5710428342734715,2100.0
"(1, 1)",0.5916204490860303,0.4463277590274811,0.7961658302017393,3.9468905472755433,0.6338800291808248,0.7641982211511249,0.5777919440069907,2100.0
"(2, 0)",0.5732195792264881,0.4401361131668089,0.7737901259509501,3.8825953006744385,0.5987511590191872,0.7702745218467704,0.5883767383258262,2100.0
"(2, 1)",0.5766291420317832,0.4295731186866759,0.7739954026206682,3.5025382161140444,0.5990688832779304,0.7670726056773516,0.5837272228234907,2100.0
mean,0.5791437667535412,0.43727571030457807,0.7797158159159229,3.7435101292530693,0.6080345723843364,0.765557076268669,0.5796814248077798,2100.0
std,0.007466713846235742,0.005976453713414065,0.00882149618278638,0.17504759840705275,0.013831445980942254,0.0026543099210137636,0.006041564136772095,0.0
