,MAE,MedAE,RMSE,MaxAE,MSE,PearsonCorr,R2Coeff,Test Cases
"(0, 0)",2.2489688716869978,2.2509404957294468,2.538655586522345,6.106266617774963,6.44477218698111,0.05287781102616223,-3.4736153636236597,2100.0
"(0, 1)",2.3155062336510137,2.335293412208557,2.6239855732764132,6.454148054122925,6.885300288762748,-0.032556473039867896,-3.738281228285432,2100.0
"(1, 0)",2.312864944643598,2.3181878085434438,2.6085998092734735,6.151246786117554,6.804792964941602,-0.0028197293299231626,-3.8897779754878457,2100.0
"(1, 1)",2.2380084342051116,2.2389425617456435,2.536917712018738,5.674385356903076,6.435951477554389,0.006524050139339853,-3.2867899866086754,2100.0
"(2, 0)",2.290559993916005,2.3114690208807587,2.598515732752896,5.814952993392945,6.752284013364321,0.008910970662835442,-3.6419904620883345,2100.0
"(2, 1)",2.3256172170406297,2.3329466190189123,2.624274919704768,6.0618854522705075,6.886818854191468,-7.763533887404833e-05,-3.7854183222796687,2100.0
mean,2.2885876158572263,2.2979633196877938,2.588491555591439,6.043814210096996,6.701653297632607,0.005476499019945403,-3.6359788897289356,2100.0
std,0.03370702405078672,0.03852141567788178,0.03694271598594871,0.2493316496307046,0.19052520534802683,0.02518584296695201,0.2022963305323707,0.0
