,MAE,MedAE,RMSE,MaxAE,MSE,PearsonCorr,R2Coeff,Test Cases
"(0, 0)",0.6812149411067768,0.5419783333333312,0.8843391774943975,3.348495238095237,0.7820557808514675,0.6824076798493778,0.457138801043228,2100.0
"(0, 1)",0.6737386322060216,0.5270691666666665,0.8788444424910059,3.701186666666667,0.772367554097327,0.6954215701775949,0.46847711364325617,2100.0
"(1, 0)",0.6619104858847502,0.522734902597403,0.8553060736595554,3.606299999999999,0.7315484796389247,0.6957007388020295,0.47432498502609033,2100.0
"(1, 1)",0.6768529766936768,0.5247916666666662,0.8848242116627658,3.255966666666665,0.7829138855446349,0.7028055725457922,0.478525060881137,2100.0
"(2, 0)",0.6679716203702382,0.5196270382395365,0.8769733482307911,3.5678266666666683,0.7690822535071244,0.6954026614396092,0.4712792770156763,2100.0
"(2, 1)",0.6698714248075999,0.5232500000000007,0.8688220651646127,3.348275,0.7548517809169024,0.6978635085943636,0.47547893744777825,2100.0
mean,0.6719266801781772,0.526575184583934,0.8748515531171881,3.471341706349206,0.7654699557593968,0.6949336219014612,0.470870695842861,2100.0
std,0.0062451858717191755,0.007242965572790847,0.010233072258160097,0.1617481947700924,0.01781112956068143,0.006171137485907654,0.00690674088239259,0.0
