,MAE,MedAE,RMSE,MaxAE,MSE,PearsonCorr,R2Coeff,Test Cases
"(0, 0)",2.253494479615277,2.273540323972702,2.5448647433869604,5.697935490608216,6.476336562133981,0.006504902378204909,-3.4955256607653196,2100.0
"(0, 1)",2.2558721943631768,2.2447388052940367,2.5539593884574425,5.728125724792481,6.522708557889914,-0.012047835553394518,-3.488755206198893,2100.0
"(1, 0)",2.33288704927805,2.3850851488113403,2.617346620046096,5.80255286693573,6.850503329466725,-0.0058040862948572115,-3.922624461025027,2100.0
"(1, 1)",2.3026641503028213,2.3101964530348775,2.597810455057421,6.360427780151367,6.748619160405644,0.01850586107987941,-3.4950483454010595,2100.0
"(2, 0)",2.2551635731656634,2.2836236071586606,2.561962404585188,5.9733837652206425,6.563651362507917,-0.03287505375299632,-3.512311235861951,2100.0
"(2, 1)",2.3060140221816443,2.2843390041589737,2.615244170455827,6.751724128723144,6.839502071103185,0.006829643426421944,-3.752539484381357,2100.0
mean,2.284349244817772,2.296920557071765,2.581864630331489,6.052358292738597,6.666886840584561,-0.0031477614527902977,-3.611134065605601,2100.0
std,0.03102547117841504,0.04388226581676116,0.029357643430696728,0.3837102616039981,0.15162758909679086,0.016490306163066373,0.16763327708177359,0.0
