,MAE,MedAE,RMSE,MaxAE,MSE,PearsonCorr,R2Coeff,Test Cases
"(0, 0)",2.2407895006561915,2.2819110921025274,2.5394883626638767,6.505226469039917,6.449001144105257,0.01831746296125702,-3.476550878955125,2100.0
"(0, 1)",2.2675265635308053,2.2666052728891373,2.5616210441441503,6.70731915473938,6.561902373802167,0.020596998491443645,-3.5157273518444487,2100.0
"(1, 0)",2.294287823897281,2.3349934843182565,2.588080648812297,7.2226481628417964,6.69816144475668,-0.00025877553627622746,-3.813154856815565,2100.0
"(1, 1)",2.3101757677429493,2.3161661994457248,2.624156881390866,6.152496814727783,6.886199338151034,-0.04120552271561493,-3.586686284309028,2100.0
"(2, 0)",2.2503546046873644,2.236819126456976,2.5527310576008913,6.884498643875122,6.516435852440164,-0.0282136383227049,-3.479852004739068,2100.0
"(2, 1)",2.32429333368444,2.3752182380110023,2.616843056506209,6.152190370559692,6.847867582384757,-0.02344088618932674,-3.758352396236546,2100.0
mean,2.2812379323665053,2.30195223553727,2.580486841853048,6.604063269297281,6.6599279559400095,-0.009034060218537022,-3.6050539621499635,2100.0
std,0.030657578616054327,0.04574393421821943,0.031868714490719194,0.38510239770430255,0.1646566932205813,0.02350009550261176,0.1337357965555365,0.0
