,MAE,MedAE,RMSE,MaxAE,MSE,PearsonCorr,R2Coeff,Test Cases
"(0, 0)",2.2602089190675385,2.3257913748919963,2.555748565979506,6.104374752044678,6.5318507325062996,-0.004168260738650257,-3.5340606218579875,2100.0
"(0, 1)",2.3056450145675313,2.30175234079361,2.606070489109404,6.233996868133545,6.791603394206927,-0.017996762374228245,-3.6738015080113486,2100.0
"(1, 0)",2.284655993191401,2.315478198379278,2.583308803059837,5.616626882553101,6.673484371966447,-0.0413426305873746,-3.795422442669997,2100.0
"(1, 1)",2.299468785082762,2.3474003046751024,2.6064970959199143,6.984174585342407,6.793827111038947,-0.02328393851313307,-3.5251599754787284,2100.0
"(2, 0)",2.3084310574928564,2.3493732404708862,2.6064764351591503,6.211539602279663,6.793719407039952,-0.0029329092809805375,-3.6704760385028434,2100.0
"(2, 1)",2.2620382398529424,2.3070845168083904,2.552007353495604,5.935904026031494,6.512741532295638,0.019785835601772966,-3.5254845984443,2100.0
mean,2.2867413348758383,2.3244799960032108,2.585018123787236,6.181102786064148,6.6828710915090355,-0.011656444315432292,-3.620734197494201,2100.0
std,0.01961437314885281,0.018470315159458656,0.023503004075098154,0.41498818602983106,0.12128521978596646,0.019050187369793768,0.10126335298093417,0.0
