,MAE,MedAE,RMSE,MaxAE,MSE,PearsonCorr,R2Coeff,Test Cases
"(0, 0)",2.2692497319095186,2.31658449344337,2.5660640063491202,6.055059661865235,6.584684484680499,-0.04077093429067325,-3.5707349803282282,2100.0
"(0, 1)",2.305365581018549,2.3475021025538445,2.5984924413097126,5.96690655708313,6.75216296754371,0.012943742139974675,-3.6466596513810883,2100.0
"(1, 0)",2.337570551666192,2.368801612854004,2.6333801016687226,6.272120141983033,6.934690759864771,-0.003314015343840706,-3.983119739146514,2100.0
"(1, 1)",2.29669949099755,2.316549192070961,2.6079386798130044,6.115385603904724,6.801344157664796,0.004135523048260463,-3.530166849802896,2100.0
"(2, 0)",2.3176469240797415,2.351174213886261,2.612090871426184,6.106669211387635,6.823018720588001,-0.010940601377908424,-3.690618427917535,2100.0
"(2, 1)",2.2742172045470745,2.3057094316184523,2.5648193538713677,5.67028706073761,6.57829831799314,0.009869693025356178,-3.5710377994313784,2100.0
mean,2.3001249140364375,2.334386841071149,2.597130909073019,6.031071372826894,6.745699901389153,-0.0046794321331385105,-3.6653895746679397,2100.0
std,0.02370963590759715,0.022714538672000507,0.02471725160103671,0.18519643324010826,0.12831150468787336,0.017998240101445188,0.15170514027878562,0.0
