,MAE,MedAE,RMSE,MaxAE,MSE,PearsonCorr,R2Coeff,Test Cases
"(0, 0)",0.6885689974709636,0.519503027200699,0.9127043565848291,3.895562114715576,0.8330292425289268,0.6747206403002635,0.4217557565101704,2100.0
"(0, 1)",0.6777503821933554,0.5223639154434203,0.9019783499018464,4.309361705780029,0.8135649436916577,0.6788802902543758,0.44012616167566154,2100.0
"(1, 0)",0.6789069122875021,0.5258288478851318,0.9110188261078155,4.151775121688843,0.8299553015228622,0.6713560501216944,0.4036119577870665,2100.0
"(1, 1)",0.6695696730074429,0.5156342887878418,0.8868600590223362,4.2351020717620855,0.7865207642891017,0.7000670377339555,0.47612262951747375,2100.0
"(2, 0)",0.6830719805958725,0.5234322285652162,0.9066088059994573,4.563874635696411,0.8219395271157616,0.6767734701791505,0.434941504573395,2100.0
"(2, 1)",0.6616006296647448,0.5197321033477784,0.8759948860751989,4.031902961730957,0.7673670404299007,0.6959510003688912,0.4667825054013428,2100.0
mean,0.6765780958699802,0.5210824018716812,0.8991942139485806,4.197929768562317,0.8087294699297017,0.6829580814930551,0.4405567525775183,2100.0
std,0.008814688367692875,0.0032581277576776923,0.013387887476973087,0.2116742200672506,0.02395474717362452,0.01094587207127394,0.024842280650770886,0.0
