,MAE,MedAE,RMSE,MaxAE,MSE,PearsonCorr,R2Coeff,Test Cases
"(0, 0)",2.286267785612387,2.339874258041382,2.574907822178648,6.043077516555786,6.630150292716786,0.01733024373790907,-3.602294906955515,2100.0
"(0, 1)",2.3126910588910357,2.3909463578462598,2.606712805429511,5.688676242828369,6.794951649990192,-0.005429315935069419,-3.67610568892721,2100.0
"(1, 0)",2.3204988936988373,2.366997325718403,2.621979812752722,5.8821160507202155,6.874778138482799,-0.01741354921886235,-3.940067817067967,2100.0
"(1, 1)",2.280293541870018,2.2662561552226546,2.579382327169721,5.83795027256012,6.653213189715484,0.014773987002068353,-3.4315013529721066,2100.0
"(2, 0)",2.2845551932709913,2.3118467354774475,2.579819105969672,5.976409697532654,6.655466619526156,0.01674802921728662,-3.575431440300819,2100.0
"(2, 1)",2.2784270824542894,2.292245684862137,2.5719000242505374,6.143421659469604,6.614669734739916,0.057016616981822116,-3.596311071139602,2100.0
mean,2.29378892596626,2.3280277528613804,2.5891169829584686,5.928608573277791,6.703871604195221,0.013837668630859066,-3.636952046227203,2100.0
std,0.01648562002212287,0.04276998584600367,0.018570211395135455,0.14690175503384006,0.0964414684174117,0.023215734117774837,0.15398038659744287,0.0
