,MAE,MedAE,RMSE,MaxAE,MSE,PearsonCorr,R2Coeff,Test Cases
"(0, 0)",2.3354075318481238,2.3889777049422265,2.627237275870677,5.821385946273804,6.902375703724377,-0.06063852931294375,-3.7912591939341027,2100.0
"(0, 1)",2.316679541563216,2.363107656687498,2.6021608972220904,5.903217611312867,6.771241335031675,-0.027702512562727287,-3.6597888783927397,2100.0
"(1, 0)",2.26971240380637,2.3126308304071426,2.560217926711362,5.553126511573791,6.554715832254226,0.04848657723742871,-3.710077922615131,2100.0
"(1, 1)",2.2869581272456974,2.354183642566204,2.5861803256377205,6.655230464935302,6.688328676715627,-0.008358968355730535,-3.4548907024058435,2100.0
"(2, 0)",2.305807215468196,2.342577014565468,2.5867003240883863,5.701404175758362,6.691018566638964,0.06840817579301522,-3.5998723256486045,2100.0
"(2, 1)",2.2968367936325214,2.3126212602853777,2.593396994369089,5.792537522315979,6.725707970402625,-0.003410998029030954,-3.673467798892145,2100.0
mean,2.3019002689273544,2.3456830182423194,2.592648957316554,5.9044837053616845,6.72223134746125,0.0027972907950019003,-3.6482261369814277,2100.0
std,0.020981709655882367,0.02721973167275274,0.02006817347524249,0.35302328970356617,0.10412422987919034,0.0437981075919751,0.10390028760403315,0.0
