,MAE,MedAE,RMSE,MaxAE,MSE,PearsonCorr,R2Coeff,Test Cases
"(0, 0)",0.6767544405706728,0.545657857142857,0.8795998658286073,3.4308333333333336,0.7736959239657039,0.6829240616307423,0.46294176554170874,2100.0
"(0, 1)",0.6814246374338624,0.5357833333333326,0.8857869944210748,3.6826000000000003,0.7846185994855212,0.6827039420428918,0.4600462688063952,2100.0
"(1, 0)",0.6635874162887376,0.5280499999999992,0.8621778647309287,3.402966666666666,0.7433506704319836,0.6834906080261937,0.465844184375765,2100.0
"(1, 1)",0.68045961723356,0.5409100000000011,0.8847378688514199,3.4559333333333324,0.7827610965797523,0.6999864775958675,0.4786268289269352,2100.0
"(2, 0)",0.6802920600133991,0.5398583333333336,0.8875064024495848,3.6513999999999993,0.7876676143890043,0.6812433716382462,0.4585024051042754,2100.0
"(2, 1)",0.6848162186130007,0.5485451190476198,0.8825605886270784,3.2384999999999997,0.7789131925977751,0.6801250739543556,0.458759473388188,2100.0
mean,0.6778890650255388,0.539800773809524,0.8803949308181157,3.4770388888888886,0.7751678495749568,0.6850789224813828,0.4641201543572113,2100.0
std,0.006815330535993295,0.0066611211238473385,0.008521464939909755,0.1514513458319899,0.014898239506331894,0.006761335730556694,0.006972529877776409,0.0
