,MAE,MedAE,RMSE,MaxAE,MSE,PearsonCorr,R2Coeff,Test Cases
"(0, 0)",2.3161418961778284,2.333048130571842,2.6158906832800706,5.702492952346802,6.842884066871475,-0.007902006087778725,-3.7499632888329284,2100.0
"(0, 1)",2.273360832253808,2.2989214563369753,2.5663563531438673,5.986406025886535,6.586184931321889,0.013372072556239794,-3.532437964547608,2100.0
"(1, 0)",2.303903588166336,2.363542492687702,2.609558235865245,6.903977260589599,6.809794186372129,-0.024758513091578283,-3.893371745721198,2100.0
"(1, 1)",2.276747526777429,2.268902224302292,2.5759083737184096,6.108811926841736,6.635303949792621,0.042953726573455954,-3.4195725572630566,2100.0
"(2, 0)",2.3008141367258412,2.370504329800606,2.592740425746166,6.414323425292968,6.7223029152984095,0.02829438582433587,-3.6213793664961704,2100.0
"(2, 1)",2.3316581609044045,2.362180713117123,2.6334878589642763,6.442779836654663,6.935258303312248,-0.03862246101218493,-3.819077262967885,2100.0
mean,2.3004376901676076,2.33284989113609,2.598990321786339,6.259798571268718,6.755288058828128,0.002222867460414947,-3.672633697638141,2100.0
std,0.020525894687462843,0.03755145744953837,0.0231811580614605,0.38307011136266655,0.12049435762153553,0.02875726153817037,0.1645563025116828,0.0
