,MAE,MedAE,RMSE,MaxAE,MSE,PearsonCorr,R2Coeff,Test Cases
"(0, 0)",0.6773136321239607,0.5410749999999991,0.8802134672325216,3.2411000000000003,0.7747757478974974,0.6819954953948796,0.4621922096549951,2100.0
"(0, 1)",0.6793170675925926,0.5296500000000007,0.8853639610983878,3.8353,0.7838693436118275,0.6840396289653792,0.4605618868466569,2100.0
"(1, 0)",0.6658590819916855,0.5271916666666683,0.8637002959590686,3.2204,0.7459782012397826,0.6827404865438147,0.4639560972083693,2100.0
"(1, 1)",0.6795988807256236,0.540150000000001,0.8828153193743639,3.4614999999999996,0.77936288812206,0.7016489906463549,0.48089027140931706,2100.0
"(2, 0)",0.679816203102453,0.5355900000000006,0.8892587462654571,3.6765999999999996,0.7907811178096127,0.6785316071397691,0.4563619659353161,2100.0
"(2, 1)",0.6810342721466365,0.5528666666666648,0.8759138022920562,3.285483333333333,0.7672249890457273,0.6861846223684661,0.4668812121207905,2100.0
mean,0.6771565229471586,0.5377538888888891,0.8795442653703093,3.453397222222222,0.7736653812877513,0.6858568051764439,0.4651406071959075,2100.0
std,0.005170440946722951,0.008436855142251795,0.008201618252173632,0.23212344305640048,0.014369077754978659,0.007428351059009135,0.007737430266011197,0.0
