,MAE,MedAE,RMSE,MaxAE,MSE,PearsonCorr,R2Coeff,Test Cases
"(0, 0)",2.2580512842733764,2.2987451276183126,2.559145319662702,5.732628893852234,6.549224767151514,0.04272840096978849,-3.5461207453289108,2100.0
"(0, 1)",2.251201073596591,2.2560578942298886,2.5519735450082264,5.944097776412963,6.512568974421853,-0.026225639995708445,-3.4817774135109314,2100.0
"(1, 0)",2.309151090958963,2.350167130678892,2.6070270923695325,6.0704620170593255,6.796590260348738,-0.014344470939568902,-3.8838836882605534,2100.0
"(1, 1)",2.2798070470409733,2.3086313319206235,2.5820590768415097,5.901761693954468,6.667029076299628,0.013666733448010726,-3.4407036915030265,2100.0
"(2, 0)",2.2642823463369695,2.3133594435453415,2.5662627656410693,5.8608358955383295,6.585704582315749,0.0016112721720503785,-3.527472155604616,2100.0
"(2, 1)",2.2542242429768398,2.2262298893928527,2.5556177712854966,6.706047439575196,6.53118219291025,0.010214104683256967,-3.53829839201844,2100.0
mean,2.269452847530619,2.2921984695643185,2.570347595134756,6.0359722860654195,6.607049975574622,0.004608400056304869,-3.569709347704413,2100.0
std,0.020020520116840787,0.040371287122330124,0.019058220263140645,0.3160521134085573,0.09832342264505042,0.021929979169749522,0.14514765547679007,0.0
