,MAE,MedAE,RMSE,MaxAE,MSE,PearsonCorr,R2Coeff,Test Cases
"(0, 0)",2.280485443967723,2.3025467419624333,2.577205376724061,5.733276572227478,6.641987553815409,0.020198908210905222,-3.6105116990433714,2100.0
"(0, 1)",2.3264450801204353,2.3732153618335725,2.6107746656967685,6.005447435379028,6.816144355044073,0.02305098447192024,-3.6906899470309966,2100.0
"(1, 0)",2.2888451342323703,2.2695495058596133,2.590361735800589,6.375919952392578,6.70997392229984,-0.00027425178290899326,-3.8216430493034297,2100.0
"(1, 1)",2.282656564693082,2.2922861844301226,2.5792571883039517,6.294101972579956,6.652567643417606,0.03703191928502427,-3.43107137437216,2100.0
"(2, 0)",2.2641050024497726,2.272212831377983,2.574488383960314,5.902774953842163,6.627990439146588,0.002143295791610148,-3.5565423996437415,2100.0
"(2, 1)",2.3247271209232863,2.3525958853960036,2.6143936222517636,5.801401662826538,6.835054012070697,-0.0014673828261645675,-3.74944867806812,2100.0
mean,2.2945440577311116,2.310401085143288,2.5910801621229083,6.018820424874623,6.713952987632369,0.013447245525064384,-3.643317857910303,2100.0
std,0.023190024652456332,0.03924935055673821,0.016018148628798454,0.2400526335101259,0.08312752306487237,0.014332704408397222,0.12842801725201705,0.0
