,MAE,MedAE,RMSE,MaxAE,MSE,PearsonCorr,R2Coeff,Test Cases
"(0, 0)",2.2769105628097828,2.236365967988968,2.590069559809436,7.228375005722046,6.708460324651445,0.003665191481236054,-3.6566535331140066,2100.0
"(0, 1)",2.281106345183686,2.288874538838863,2.5877018722092178,6.015636434555054,6.6962009794350905,-0.04581394507187137,-3.6081480939134547,2100.0
"(1, 0)",2.3090315677577538,2.345242785215378,2.609499500561458,6.23494234085083,6.8094876434305,0.010171246519861466,-3.8931514705515866,2100.0
"(1, 1)",2.2448116494594936,2.252418850362301,2.5404831065015148,5.661439847946167,6.454054414419587,0.030180410638183684,-3.298847797913279,2100.0
"(2, 0)",2.309322892674023,2.347114786505699,2.6062538003503004,7.187153482437134,6.792558871840383,0.002858467718973341,-3.669678205752228,2100.0
"(2, 1)",2.306761740897667,2.356021066904068,2.594372139237879,5.431590900421143,6.730766796853727,0.02575075126190439,-3.6769830069004996,2100.0
mean,2.287990793130401,2.3043396659692132,2.588063329778301,6.293189668655395,6.698588171771789,0.004468687091381262,-3.633910351357509,2100.0
std,0.023397744633409,0.04783497355687325,0.022723838334275083,0.6946979844220689,0.11695053496546029,0.0247592396087756,0.1750182904204183,0.0
