,MAE,MedAE,RMSE,MaxAE,MSE,PearsonCorr,R2Coeff,Test Cases
"(0, 0)",2.2996673225687196,2.35309091925621,2.594989150797929,5.682547950744629,6.733968692758956,0.017284205606837865,-3.6743600748126015,2100.0
"(0, 1)",2.320694388926242,2.3355149462819096,2.6098494945417685,5.516950559616089,6.811314384159925,-0.03100856424903585,-3.6873660890416984,2100.0
"(1, 0)",2.315644623534878,2.3881560127437114,2.605048971332451,6.115987243652343,6.78628014304026,0.014891284744877878,-3.8764750595484934,2100.0
"(1, 1)",2.262735148237681,2.2709810805320743,2.5578938940618037,6.435619449615478,6.542821173278657,-0.011306050950735686,-3.357972614865033,2100.0
"(2, 0)",2.2541178221681286,2.2536459612846373,2.549346369052772,5.848609943389892,6.499166909402552,0.03221415537870007,-3.467980130168584,2100.0
"(2, 1)",2.3049612001749025,2.3476560568809512,2.604574567851968,5.919992446899414,6.783808679501266,-0.03549268411898887,-3.713840023535292,2100.0
mean,2.292970084268425,2.324840829496582,2.586950407939782,5.919951265652974,6.692893330356935,-0.0022362755980574315,-3.6296656653286177,2100.0
std,0.025478949770127886,0.04727743152398028,0.024102224319172874,0.29670503578896745,0.12433088070372013,0.025420886527716555,0.16994433144448268,0.0
