,MAE,MedAE,RMSE,MaxAE,MSE,PearsonCorr,R2Coeff,Test Cases
"(0, 0)",2.2485062175371104,2.2843317222595214,2.540144626118022,5.788201379776001,6.452334721596265,0.012011270341772667,-3.4788648697443936,2100.0
"(0, 1)",2.27780088546567,2.273322087228298,2.5819175080795573,5.838369741439819,6.66629801852775,-0.03918012641212877,-3.5875696685151244,2100.0
"(1, 0)",2.3176097399094986,2.378523717820644,2.6082665381510575,5.5764265060424805,6.803054334038501,0.020004120260011644,-3.8885286326876622,2100.0
"(1, 1)",2.298085994242912,2.3025927233695986,2.606376195247737,6.148672351837158,6.793196871154071,-0.002890060557982439,-3.5247401920112678,2100.0
"(2, 0)",2.2924131601144517,2.297596800327301,2.5862086280909016,5.9861151885986335,6.688475068011823,0.027358586135940083,-3.5981237474868815,2100.0
"(2, 1)",2.30913511448648,2.3138647508621215,2.5944418465164096,5.8809192943573,6.731128494955478,0.01809928208493631,-3.677234338721461,2100.0
mean,2.2905918519593538,2.3083719669779144,2.586225890367281,5.869784077008564,6.689081251380649,0.005900511975424915,-3.625843574861132,2100.0
std,0.022613077466235428,0.03392975619009215,0.02273533317577736,0.17565916421493674,0.11702297428712638,0.022192529509628175,0.13272927630682202,0.0
