,MAE,MedAE,RMSE,MaxAE,MSE,PearsonCorr,R2Coeff,Test Cases
"(0, 0)",0.6656100111111112,0.5338499999999996,0.8594381321192333,3.2241999999999984,0.7386339029405966,0.7046363239359781,0.4872799409475783,2100.0
"(0, 1)",0.676749379478458,0.5379833333333315,0.8785052457822485,3.5568999999999997,0.771771466866929,0.6943407273247135,0.4688873250815031,2100.0
"(1, 0)",0.6481603918367347,0.5182000000000002,0.8365837186878793,3.391599999999999,0.6998723183736407,0.7142169385401352,0.49708679372489695,2100.0
"(1, 1)",0.6754724287981859,0.5412500000000008,0.873317237411917,3.456349999999999,0.7626829971607826,0.7127032766004258,0.4920002354604598,2100.0
"(2, 0)",0.6658963929138321,0.5394500000000002,0.8680605526447461,3.5305000000000004,0.7535291230579021,0.7032707903640063,0.4819715824723204,2100.0
"(2, 1)",0.6665084967120182,0.5289500000000006,0.8638144879126778,3.4037000000000015,0.7461754695278418,0.7013004696886899,0.4815078138230796,2100.0
mean,0.6663995168083899,0.5332805555555554,0.8632865624264503,3.4272083333333327,0.7454442129879487,0.7050780877423247,0.48478894858497307,2100.0
std,0.009336232274622496,0.007854842907325585,0.013435926535645385,0.10906520380284292,0.023019478654720725,0.006766152094524828,0.008953674512187829,0.0
