,MAE,MedAE,RMSE,MaxAE,MSE,PearsonCorr,R2Coeff,Test Cases
"(0, 0)",2.2938631617925354,2.3269766952097415,2.594666210016889,6.540076456069946,6.732292741403406,-0.055475347061961194,-3.6731967192252597,2100.0
"(0, 1)",2.3082664615140427,2.329672531634569,2.601193322364615,5.777323293685913,6.766206700314264,0.0020760990588440326,-3.6563241761760894,2100.0
"(1, 0)",2.275924122804368,2.3589758139848707,2.5694206653500804,5.499550747871399,6.60192255552805,-0.03808491762590429,-3.7439996593892744,2100.0
"(1, 1)",2.325841240970613,2.327789539694786,2.6320713528057524,5.633020830154419,6.927799606260703,-0.03158487639770127,-3.6143949476503705,2100.0
"(2, 0)",2.2576741700009224,2.301493801474571,2.5647360818504095,6.373216509819031,6.57787116954539,0.039655540518401484,-3.5220869219127806,2100.0
"(2, 1)",2.279844785455011,2.3149612376093867,2.5637929790517298,6.154938793182373,6.573034439434944,0.012867242301285478,-3.5673801076244693,2100.0
mean,2.290235657089582,2.3266449366013204,2.587646768573246,5.996354438463847,6.696521202081126,-0.011757709867839293,-3.6295637553297073,2100.0
std,0.022282530415926587,0.017440186182059864,0.02460494205569444,0.3850557343020653,0.12773741727242474,0.03275809074820556,0.07229995422980129,0.0
