,MAE,MedAE,RMSE,MaxAE,MSE,PearsonCorr,R2Coeff,Test Cases
"(0, 0)",0.6702160620748299,0.5398250000000011,0.8708549500555475,3.3025000000000007,0.75838834403625,0.6989347860391518,0.47356746692656704,2100.0
"(0, 1)",0.6728351188208616,0.533758333333332,0.875232748286558,3.6777,0.7660323636732413,0.7046965338712483,0.47283682383818404,2100.0
"(1, 0)",0.651262037755102,0.5396000000000003,0.8442900534964851,3.59478,0.7128256944330977,0.7096527618661757,0.48777877608349796,2100.0
"(1, 1)",0.6728877404761904,0.5393000000000003,0.8750169685973567,3.3389999999999986,0.7656546953333074,0.7199503062366118,0.49002087840445485,2100.0
"(2, 0)",0.6699852120181407,0.5442999999999989,0.8747992268914165,3.6644000000000005,0.76527368736982,0.7017923662924833,0.47389755072107853,2100.0
"(2, 1)",0.661584104988662,0.5198499999999994,0.8619302103316224,3.2986,0.7429236874823149,0.710109229096503,0.4837673675749913,2100.0
mean,0.6664617126889645,0.5361055555555553,0.8670206929431643,3.4794966666666665,0.7518497453880052,0.7075226639003623,0.48031147725812895,2100.0
std,0.007780804378418411,0.007886183514990144,0.011174229117050991,0.16859951973702544,0.019223379245500022,0.006834336089079691,0.007123514733765003,0.0
