,MAE,MedAE,RMSE,MaxAE,MSE,PearsonCorr,R2Coeff,Test Cases
"(0, 0)",0.5745245951995963,0.4362303042411805,0.768493726114188,3.5212090015411377,0.5905826070768686,0.7704919789568087,0.5900492138659146,2100.0
"(0, 1)",0.5771054787552072,0.4336627721786499,0.7747488622362968,3.9307478713989257,0.6002357995364364,0.7686081939548901,0.586933626390976,2100.0
"(1, 0)",0.5764529870322773,0.42125418543815607,0.7746876455828839,3.49189177274704,0.600140948218752,0.7605863838285868,0.5687516128841359,2100.0
"(1, 1)",0.5873272863822324,0.45706511974334707,0.7866969857681909,3.442852020263672,0.6188921474167572,0.7679140983907751,0.587774912600019,2100.0
"(2, 0)",0.5715706966129086,0.4347206735610962,0.7707012597449745,3.8221403408050536,0.5939804317724906,0.771051364764546,0.5916564686115426,2100.0
"(2, 1)",0.5660696734688112,0.42797521114349363,0.757143260475749,3.0683561515808107,0.5732659168838479,0.7772353448927004,0.6016568345594313,2100.0
mean,0.5755084529085055,0.4351513777176539,0.7720786233203806,3.54619952638944,0.5961829751508588,0.7693145607980512,0.5878037781520032,2100.0
std,0.0064380628413079274,0.01101821933954892,0.008807642281833885,0.27886962874513,0.0135965946767324,0.004929214685495922,0.009794006465275581,0.0
