,MAE,MedAE,RMSE,MaxAE,MSE,PearsonCorr,R2Coeff,Test Cases
"(0, 0)",2.269273460911037,2.2869623696804044,2.589174545420648,6.007243680953979,6.703824826654221,-0.01676854000558325,-3.6534358189021185,2100.0
"(0, 1)",2.27084593591761,2.265980660319328,2.573179098384219,6.05093412399292,6.621250672361423,0.017521906268964656,-3.5565692784417466,2100.0
"(1, 0)",2.2862566526078756,2.3177615195512775,2.5784055861554154,6.179077229499817,6.64817536671745,-0.004549463710459342,-3.7772359354411007,2100.0
"(1, 1)",2.2503970107538005,2.246378444433212,2.54536417917553,6.100291619300842,6.47887880462992,0.03336080137553808,-3.3153825632464953,2100.0
"(2, 0)",2.3112491005924487,2.3337135809659957,2.619969261189297,6.56409460067749,6.864238929576791,-0.02943704217519405,-3.718956071386402,2100.0
"(2, 1)",2.289147224272974,2.318446369767189,2.6002787372779115,6.338028001785278,6.76144951153961,-0.030310582012345245,-3.698303391267185,2100.0
mean,2.279528230842624,2.2948738241195676,2.5843952346005037,6.206611542701721,6.679636351913236,-0.005030486709846525,-3.619980509780841,2100.0
std,0.019031468708114924,0.03119093377630695,0.023186704971686914,0.19196765785193198,0.11976286363463137,0.0236476844405949,0.1519759056892079,0.0
