,MAE,MedAE,RMSE,MaxAE,MSE,PearsonCorr,R2Coeff,Test Cases
"(0, 0)",2.2581927953129726,2.2482154440879825,2.5563370882959346,6.417225480079651,6.534859308997338,0.07396254471544107,-3.5361490143755905,2100.0
"(0, 1)",2.3342447712142556,2.364588649868965,2.6319175514606545,6.839953002929687,6.926989997686646,-0.022558857003935357,-3.766970981371319,2100.0
"(1, 0)",2.324857463075114,2.388761488199234,2.6158573554949434,5.942543411254883,6.842709704296999,-0.05214535161286795,-3.917024129479236,2100.0
"(1, 1)",2.290541333700592,2.3305611610412598,2.5894249172132686,5.9228874206542965,6.705121401884942,-0.015622035275785304,-3.466075821864054,2100.0
"(2, 0)",2.316700220946187,2.36838736474514,2.6092195061924772,5.935381345748901,6.808026431495316,-0.034024602675309726,-3.680311683883165,2100.0
"(2, 1)",2.308061865474834,2.3181666564941406,2.593258858913441,5.9083908176422115,6.724991509333041,0.0055649552421656685,-3.6729699542410543,2100.0
mean,2.3054330749539926,2.336446794072787,2.59933587959512,6.161063579718273,6.75711639228238,-0.007470557768381933,-3.673250264202403,2100.0
std,0.025148518153181847,0.04601189438664982,0.023861628859840795,0.35255370993683793,0.1237664380790496,0.04040695617698093,0.14718311423899003,0.0
