,MAE,MedAE,RMSE,MaxAE,MSE,PearsonCorr,R2Coeff,Test Cases
"(0, 0)",0.6725802698979592,0.5455666666666654,0.8683570399215874,3.152899999999999,0.7540439487813814,0.6975213660284811,0.47658311322002256,2100.0
"(0, 1)",0.6790934747732427,0.5269999999999998,0.8794920153524719,3.6330999999999998,0.7735062050687527,0.6946959485747662,0.4676935242140078,2100.0
"(1, 0)",0.6603486014739229,0.5395124999999996,0.8504667628770759,3.423599999999998,0.7232937147586125,0.7023265128202144,0.4802566816570586,2100.0
"(1, 1)",0.6801682277399849,0.5387499999999987,0.878639687036299,3.2780499999999995,0.7720076996352455,0.7103455727585039,0.4857893369887979,2100.0
"(2, 0)",0.6800217321067821,0.5397499999999997,0.883010985804676,3.4761999999999995,0.7797084010517457,0.6897863231578615,0.4639741228703165,2100.0
"(2, 1)",0.6755579968253969,0.5391750000000007,0.8729705530152849,3.1551000000000005,0.7620775864318124,0.693761569720585,0.4704579687194902,2100.0
mean,0.6746283838028814,0.5382923611111107,0.8721561740012325,3.3531583333333326,0.7607729259545916,0.6980728821767355,0.4741257912782822,2100.0
std,0.0069364526050166376,0.005553300453764537,0.010795096392505754,0.17485250073673198,0.018701966467196254,0.006679254372666453,0.0075005322019778805,0.0
