,MAE,MedAE,RMSE,MaxAE,MSE,PearsonCorr,R2Coeff,Test Cases
"(0, 0)",2.2978977451510727,2.32631767898798,2.59635547252902,5.537984490394592,6.74106173973139,0.022788366395281968,-3.6792836877798507,2100.0
"(0, 1)",2.2924007125921193,2.2956304907798764,2.5770400439542223,6.838161993026733,6.64113538814358,0.09587658658333555,-3.570253412984747,2100.0
"(1, 0)",2.303173028323312,2.344782156050205,2.5911231638346375,6.684282550811767,6.713919250160422,0.00337015768506241,-3.8244780771107623,2100.0
"(1, 1)",2.290252892190892,2.339458780884743,2.5940019010421405,5.607235779762268,6.728845862610239,0.006856265157758011,-3.4818779578853682,2100.0
"(2, 0)",2.234724831516757,2.2388405227661132,2.5265851821843186,5.833117580413818,6.383632682833367,0.01279025571905922,-3.388553853560931,2100.0
"(2, 1)",2.3150728398173697,2.339014275074005,2.608567858275425,5.724710011482239,6.8046262712276375,-0.015486348443241874,-3.728305466431686,2100.0
mean,2.2889203415985873,2.3140073174238203,2.5822789369699604,6.037582067648571,6.668870199117773,0.02103254718287588,-3.612125409292224,2100.0
std,0.02555623864755321,0.037326298580126815,0.02656484140857177,0.5217981807505497,0.13625801951808308,0.03540057724585423,0.1482135839370928,0.0
