,MAE,MedAE,RMSE,MaxAE,MSE,PearsonCorr,R2Coeff,Test Cases
"(0, 0)",0.6673992119047619,0.5419500000000006,0.8637173923363757,3.165899999999999,0.7460077338243487,0.7014678569966417,0.48216142284123564,2100.0
"(0, 1)",0.6723243507936508,0.5259999999999987,0.8701806647267348,3.4769999999999994,0.7572143892642621,0.7046652701768424,0.4789051201885638,2100.0
"(1, 0)",0.6570779276643991,0.5390499999999994,0.8460294802986446,3.3421999999999987,0.7157658815343946,0.7053069476789924,0.4856660208232271,2100.0
"(1, 1)",0.6725135609977324,0.5352999999999994,0.8699077766881397,3.6285999999999996,0.7567395399425023,0.7180328635951995,0.4959589901182625,2100.0
"(2, 0)",0.6647723087095444,0.524099999999999,0.8640455831695608,3.5006999999999993,0.7465747697948264,0.7082669363834395,0.4867524894148152,2100.0
"(2, 1)",0.6675366719387754,0.5325999999999992,0.8659349658709883,3.1859000000000006,0.7498433651179895,0.7002136001816014,0.4789591167928652,2100.0
mean,0.6669373386681441,0.533166666666666,0.8633026438484072,3.3833833333333327,0.7453576132463873,0.706325579168786,0.48473386002982816,2100.0
std,0.005205478242962688,0.006457532208377176,0.00813377960958522,0.16864816845202382,0.013951272792898518,0.005853451465845981,0.005843609536924405,0.0
