,MAE,MedAE,RMSE,MaxAE,MSE,PearsonCorr,R2Coeff,Test Cases
"(0, 0)",2.26793755260713,2.2755523890256883,2.580806210192223,6.226893529891968,6.660560694566746,0.011350733030048707,-3.6234041776919987,2100.0
"(0, 1)",2.2904940097887954,2.307278727889061,2.5873325522082835,6.817872095108032,6.694289735716629,0.004340610882743144,-3.606832826626036,2100.0
"(1, 0)",2.3317012965044803,2.3769742766022683,2.6135005503970348,5.663576078414917,6.830385126925603,0.004503042531335364,-3.9081679530608895,2100.0
"(1, 1)",2.275110147876896,2.289791617356241,2.5868581566069557,6.265406904220581,6.691835122403937,-0.02106958460623673,-3.457226238389553,2100.0
"(2, 0)",2.2531872735856546,2.251914267167449,2.5500376450120785,5.855987777709961,6.502691990978747,-0.004381799753516591,-3.470403516836323,2100.0
"(2, 1)",2.3044358450801603,2.3334802064299582,2.593514812520713,5.983164277076721,6.726319082764348,0.03746500872354747,-3.673892440276604,2100.0
mean,2.2871443542405197,2.3058319140784445,2.585341654489548,6.13548344373703,6.684346958892668,0.005368001801320229,-3.6233211921469004,2100.0
std,0.02569806617254517,0.040638673063975575,0.01885440144674018,0.36853441681433063,0.097303691987893,0.017615425145663072,0.14996574637273238,0.0
