,MAE,MedAE,RMSE,MaxAE,MSE,PearsonCorr,R2Coeff,Test Cases
"(0, 0)",0.6222939325534163,0.46285042762756357,0.8457426000616856,3.9978225231170654,0.7152805455591003,0.7267864112963507,0.5034905897250634,2100.0
"(0, 1)",0.6246905551213593,0.48665658950805657,0.825498100063279,4.665607690811157,0.6814471132080833,0.7407862900317612,0.531046152067919,2100.0
"(1, 0)",0.6122147928655147,0.46091259241104116,0.8113222608821653,4.3519422149658205,0.6582438110029484,0.7387553877564143,0.5270001444384835,2100.0
"(1, 1)",0.614883835901249,0.4605969405174256,0.8298700377708561,4.09134829044342,0.6886842795898022,0.7478303812003416,0.5412885128210752,2100.0
"(2, 0)",0.6263081096677554,0.46445462942123394,0.8445060149095823,4.309203505516052,0.7131904092184637,0.7270264092643306,0.509703224761799,2100.0
"(2, 1)",0.6086802071033489,0.4695028018951417,0.8060717444270026,3.68453962802887,0.649751657163591,0.748835490230027,0.5485094713606679,2100.0
mean,0.6181785722021073,0.46749566356341044,0.8271684596857618,4.183410642147064,0.6844329692903314,0.7383367282965375,0.526839682529168,2100.0
std,0.006608988608758598,0.009063893555888323,0.01501028285595188,0.30782339214374976,0.0248133623655949,0.008830460684916353,0.015994305749226407,0.0
