,MAE,MedAE,RMSE,MaxAE,MSE,PearsonCorr,R2Coeff,Test Cases
"(0, 0)",0.6591760639455783,0.5110333333333329,0.8571100052027588,3.4809,0.7346375610186732,0.7030846041501942,0.49005398727559657,2100.0
"(0, 1)",0.6567502567271353,0.5282999999999989,0.8619000075586851,3.666125,0.7428716230296615,0.7052887984164737,0.48877543189043826,2100.0
"(1, 0)",0.6391033708049886,0.5125000000000004,0.8292434590896715,3.6523999999999996,0.6876447144430037,0.7180135718878669,0.5058732871128748,2100.0
"(1, 1)",0.6597862789115647,0.5140500000000015,0.8578888226665801,3.5326999999999997,0.7359732320562509,0.7220301393593013,0.5097907912149735,2100.0
"(2, 0)",0.6503448732426305,0.5192000000000001,0.856844813078,3.7802433333333334,0.7341830336986728,0.7089276529459578,0.49527143213896774,2100.0
"(2, 1)",0.6591255469387756,0.5250000000000006,0.8525593061764505,3.1459,0.7268573705480706,0.7082116444796007,0.49493130974574995,2100.0
mean,0.6540477317617789,0.5183472222222224,0.8525910689620244,3.543044722222222,0.7270279224657221,0.7109260685398991,0.49744937322976684,2100.0
std,0.007409044564556311,0.006457470671178586,0.010788493496071735,0.20209874766049724,0.01821725276127899,0.006808845148707436,0.007791940129276582,0.0
