,MAE,MedAE,RMSE,MaxAE,MSE,PearsonCorr,R2Coeff,Test Cases
"(0, 0)",0.6515936345238095,0.5196999999999995,0.8489343707953618,3.3929999999999985,0.7206895659177168,0.711112301245303,0.49973593775655145,2100.0
"(0, 1)",0.6580388700680273,0.526349999999997,0.8589329169765735,3.4564999999999997,0.7377657558658853,0.7097720776920475,0.4922891543893282,2100.0
"(1, 0)",0.6335679047052154,0.5145624999999989,0.8219717516660411,3.3409999999999997,0.6756375605369399,0.7250288296616441,0.5145013698511227,2100.0
"(1, 1)",0.6570731396258505,0.5174500000000009,0.8556007042256918,3.3429,0.7320525650714996,0.7243688765406662,0.5124022273063851,2100.0
"(2, 0)",0.6508171928760393,0.5151249999999994,0.8563013623658684,3.620399999999999,0.7332520231896422,0.7112248796349632,0.4959114736263326,2100.0
"(2, 1)",0.656007795351474,0.5208999999999999,0.8526092036248643,3.1407,0.7269424541058251,0.7083093594585783,0.4948721880489516,2100.0
mean,0.6511830895250693,0.5190145833333326,0.8490583849424,3.382416666666666,0.721056654114585,0.7149693873722004,0.5016187251631119,2100.0
std,0.008322353104197058,0.003983941833751671,0.01251051851794907,0.1437244286434593,0.021001994439737576,0.006949930780337826,0.008669109095034547,0.0
