,MAE,MedAE,RMSE,MaxAE,MSE,PearsonCorr,R2Coeff,Test Cases
"(0, 0)",0.6727639912131519,0.5464666666666662,0.8690892591400549,3.1438500000000005,0.7553161403526094,0.6970568922475006,0.4757000260303752,2100.0
"(0, 1)",0.6718589731670447,0.5324166666666659,0.8731485622682967,3.5850333333333326,0.7623884117911937,0.7018364310843869,0.4753444949745702,2100.0
"(1, 0)",0.6671400915910809,0.5383000000000003,0.8577378011196615,3.521249999999999,0.7357141354695919,0.695105509783845,0.4713316342747593,2100.0
"(1, 1)",0.6815816426870748,0.5410000000000005,0.8799570256511758,3.40325,0.7743243669928642,0.7095955223845325,0.4842462758787851,2100.0
"(2, 0)",0.6790084145537003,0.5334000000000014,0.8832336698536748,3.57952,0.7801017155631903,0.6887881458233607,0.4637037310729464,2100.0
"(2, 1)",0.6727830186507937,0.5364499999999999,0.871339464193293,3.206140000000001,0.759232461860655,0.6953025023083682,0.4724349498976286,2100.0
mean,0.6741893553104744,0.5380055555555556,0.872417630371026,3.4065072222222224,0.7611795386716841,0.6979475006053324,0.47379351868817743,2100.0
std,0.004778449716840491,0.004752374325365548,0.008186384396526879,0.1751748404205291,0.014253385400944393,0.006462198835394819,0.0061238717153551565,0.0
