,MAE,MedAE,RMSE,MaxAE,MSE,PearsonCorr,R2Coeff,Test Cases
"(0, 0)",0.668216436904762,0.5342583333333333,0.8685025826746045,3.294799999999999,0.7542967361124581,0.7027228857028691,0.47640764180610373,2100.0
"(0, 1)",0.6732782638321996,0.5370000000000003,0.875644004133599,3.4368000000000003,0.7667524219751223,0.7053398661117549,0.4723412987932355,2100.0
"(1, 0)",0.6561203336734692,0.5397916666666672,0.84586070117551,3.42145,0.7154803257931255,0.7086001684528905,0.4858712150417177,2100.0
"(1, 1)",0.6734921138888889,0.5293000000000008,0.8747535246799775,3.3343,0.7651937289400439,0.7195868717390727,0.49032791398819053,2100.0
"(2, 0)",0.6666939003401361,0.5230499999999992,0.8713350963717682,3.5143000000000013,0.7592248501691986,0.705424155187357,0.4780559428349819,2100.0
"(2, 1)",0.6637006089569162,0.5215999999999987,0.8614803015734299,3.1693000000000002,0.7421483099990477,0.7102715738513806,0.4843061512563497,2100.0
mean,0.6669169429327287,0.5308333333333333,0.8662627017681482,3.361825,0.7505160621648327,0.7086575868408874,0.48121836062009654,2100.0
std,0.005949079550811923,0.006809258063135659,0.010246642873696464,0.11161008672307991,0.017638555615810937,0.005458029986774599,0.006138859778508169,0.0
