,MAE,MedAE,RMSE,MaxAE,MSE,PearsonCorr,R2Coeff,Test Cases
"(0, 0)",2.2834913275871247,2.3350504738092424,2.593186889382983,6.331707262992859,6.724618243267792,0.005651226762914631,-3.6678694940307146,2100.0
"(0, 1)",2.3002881822490266,2.309215725362301,2.5943390078810626,5.790517454147339,6.730594887813296,0.014610188451667788,-3.631817070370704,2100.0
"(1, 0)",2.3073442742206334,2.331060452628881,2.6093412193127166,6.5386107063293455,6.808661598804375,-0.013662072614124858,-3.892557892636666,2100.0
"(1, 1)",2.288374920366128,2.313306522369385,2.5938177336930157,5.576632976531982,6.727890435620372,-0.011284686671441297,-3.48124157725581,2100.0
"(2, 0)",2.276537128429718,2.327549124956131,2.577832778510461,6.115083789825439,6.645221833962964,-0.006646896018706124,-3.568388460950964,2100.0
"(2, 1)",2.2477784235904616,2.2479840004444123,2.5513830656375736,5.694496970176697,6.509555547622184,-0.003939683798941233,-3.523270765068739,2100.0
mean,2.2839690427405155,2.3106943832617257,2.5866501157363015,6.007841526667278,6.6910904245151634,-0.002545320648105182,-3.627524210052266,2100.0
std,0.01913700601476225,0.029534386904101664,0.01820997738984094,0.34867874840624036,0.09391554558898899,0.009833791603568301,0.13394865295069344,0.0
