,MAE,MedAE,RMSE,MaxAE,MSE,PearsonCorr,R2Coeff,Test Cases
"(0, 0)",2.3363584819005356,2.3505392372608185,2.6298327806119315,6.802614841461182,6.916020453981084,-0.029079890688556573,-3.8007306481003997,2100.0
"(0, 1)",2.2641059670026813,2.277118685916066,2.5628457795270148,5.291939163208008,6.568178489639433,-0.037259661882029525,-3.520046408473947,2100.0
"(1, 0)",2.285330432825429,2.354742278456688,2.574109322189204,5.842057538032532,6.626038802581365,-0.022220173934995823,-3.7613290762136025,2100.0
"(1, 1)",2.2793961612766345,2.2911939777433874,2.579044900820296,5.8456076860427855,6.6514726004471685,-0.014663026853181927,-3.4303419998178386,2100.0
"(2, 0)",2.2968113043615856,2.3890698367357253,2.5961211644723106,5.958582019805908,6.739845100621065,-0.026089000785057843,-3.63343908685017,2100.0
"(2, 1)",2.2644019948954734,2.2963672626018523,2.5639600659501767,5.733122777938843,6.573891219787235,-0.0501235385807573,-3.5679754554160743,2100.0
mean,2.2877340570437235,2.3265052131190895,2.584319002261822,5.912320671081544,6.679241111176225,-0.02990588212076317,-3.6189771124786723,2100.0
std,0.02457878756776671,0.04058634166385076,0.02316043446665948,0.4511349488890278,0.12025832061439,0.011324731796041852,0.13005078299102887,0.0
