,MAE,MedAE,RMSE,MaxAE,MSE,PearsonCorr,R2Coeff,Test Cases
"(0, 0)",2.2654117704657217,2.2888298389315604,2.5682081983306877,6.054234924316406,6.595693349972956,0.004591782673151923,-3.5783767444557313,2100.0
"(0, 1)",2.2958437081477294,2.3335885125398637,2.598585000230497,6.05394624710083,6.752644003422931,-0.055370454035488736,-3.646990687527815,2100.0
"(1, 0)",2.2773672100679505,2.2805279505252836,2.555945787492648,5.726428427696228,6.532858868601413,0.0074052828684499205,-3.694371978285716,2100.0
"(1, 1)",2.2755746666574495,2.260921484231949,2.5736611213931346,5.906608271598816,6.623731567770568,-0.05329972211222243,-3.411864548346837,2100.0
"(2, 0)",2.2582241316686074,2.30431211579591,2.5572866281264055,6.518171539306641,6.539714898394121,0.009495180892747366,-3.4958556427778262,2100.0
"(2, 1)",2.3210632043957,2.3566604256629944,2.6223627799746168,6.04822536945343,6.876786549796201,0.006310137872994783,-3.778447212064017,2100.0
mean,2.2822474485671926,2.3041400546145936,2.579341585924665,6.051269129912058,6.653571539659699,-0.01347796530672786,-3.600984468909657,2100.0
std,0.020898260427167633,0.03236615939525219,0.023843715719925673,0.23960778124992968,0.12343384618519261,0.028933006662292458,0.12224316470966401,0.0
