,MAE,MedAE,RMSE,MaxAE,MSE,PearsonCorr,R2Coeff,Test Cases
"(0, 0)",2.273889311049364,2.2696423476934435,2.573756835234485,5.777500710487366,6.624224246916232,0.03064839923012134,-3.5981813636416877,2100.0
"(0, 1)",2.2618806855574602,2.3058390033245084,2.553847224558869,5.649479055404663,6.522135646387039,-0.0028352812239353727,-3.4883609436822702,2100.0
"(1, 0)",2.3122242706176426,2.3503639388084414,2.6069418286120434,6.529331922531128,6.7961456977671055,0.015846287563715523,-3.8835642351439645,2100.0
"(1, 1)",2.2690149723051554,2.2928839525580407,2.5699331291059813,6.696782541275025,6.604556288076459,0.03283816198632634,-3.3990924823563144,2100.0
"(2, 0)",2.2726711817099936,2.268941197991371,2.578344398009525,5.965730924606323,6.647859834747099,0.001261870927021847,-3.5702020064793665,2100.0
"(2, 1)",2.2774467441087327,2.289955254793167,2.5736061361719176,5.5573122644424435,6.623448544141746,-0.07545393382559003,-3.6024111699295895,2100.0
mean,2.277854527558058,2.2962709491948288,2.576071591948804,6.029356236457825,6.636395043005947,0.00038425077627660814,-3.5903020335388653,2100.0
std,0.016110746448639236,0.02746196353116479,0.01581759021798119,0.43398255139606395,0.08168676890798784,0.036448172023707044,0.14920261574429797,0.0
