,MAE,MedAE,RMSE,MaxAE,MSE,PearsonCorr,R2Coeff,Test Cases
"(0, 0)",2.2739300832932905,2.319500108063221,2.582800512554257,5.8298636198043825,6.670858487650532,-0.03589265690095234,-3.6305523536110966,2100.0
"(0, 1)",2.281765445572315,2.2838800573349,2.588833774098662,6.630686912536621,6.702060309913922,-0.04153622457295853,-3.612180329902273,2100.0
"(1, 0)",2.3238771225953743,2.3742867355048656,2.6121193216505874,5.581134629249573,6.8231673505403245,0.013883940791877568,-3.902981414075418,2100.0
"(1, 1)",2.2573172409242463,2.2887352967262267,2.5670416635739763,6.530693778991699,6.589702902524647,0.0422004734417646,-3.389199097567319,2100.0
"(2, 0)",2.2759680237899933,2.3306102895736696,2.5761575743589775,5.882002582550049,6.636587847927132,-0.04138051925711666,-3.562452857420542,2100.0
"(2, 1)",2.244432133748169,2.2825007671117783,2.5256266104416505,5.767104425430298,6.37878977537098,0.0820098935128063,-3.432406036998085,2100.0
mean,2.276215008320565,2.3132522090524437,2.5754299094463518,6.0369143247604375,6.633527778987923,0.003214151169236822,-3.5882953482624553,2100.0
std,0.024748882477192136,0.03285068768600733,0.026240436678519028,0.3966073184585567,0.13470640358982805,0.047193166778225354,0.16632903915936448,0.0
