,MAE,MedAE,RMSE,MaxAE,MSE,PearsonCorr,R2Coeff,Test Cases
"(0, 0)",2.24920717082687,2.266419995427132,2.562528536230446,5.806089234352112,6.566552498995353,0.011532981738779162,-3.558148727877299,2100.0
"(0, 1)",2.2544039833009952,2.240235143899918,2.5730858562334094,6.070231533050537,6.620770823548416,-0.04978913850274441,-3.5562390592025377,2100.0
"(1, 0)",2.2671159153091054,2.3182294550538063,2.5618849208072154,5.828215708732605,6.563254347459392,0.0019190300213920593,-3.7162135161311554,2100.0
"(1, 1)",2.2586885104317393,2.245756026506424,2.569353317745145,5.821166763305664,6.601576471407983,-0.03493569516122564,-3.3971077178190274,2100.0
"(2, 0)",2.2854813686495734,2.3245942014455796,2.5898282988891332,6.215992403030396,6.707210617726981,-0.013472212552869539,-3.611003869665926,2100.0
"(2, 1)",2.3052230737445965,2.315232292935252,2.5997900221871624,6.694166021347046,6.7589081594639255,0.02246853077688581,-3.6965374913584137,2100.0
mean,2.27002000371048,2.2850778525446853,2.5760784920154185,6.072643610636393,6.6363788197670095,-0.01037941727996376,-3.5892083970090596,2100.0
std,0.019545589958890105,0.035296484736325705,0.014086260773393824,0.31646001350973063,0.07269605584078691,0.025416841598847627,0.1057349111636054,0.0
