,MAE,MedAE,RMSE,MaxAE,MSE,PearsonCorr,R2Coeff,Test Cases
"(0, 0)",0.72465314245891,0.558360180258751,0.9552046215197975,3.574084243774414,0.9124158689727795,0.634311283858204,0.36664981615701253,2100.0
"(0, 1)",0.7112752110645885,0.5639669466018676,0.9399179497563253,4.551499853134155,0.8834457522741339,0.6521045630616406,0.3920360407459824,2100.0
"(1, 0)",0.6869283223982369,0.5369416078925133,0.9091015513619424,3.9895429229736328,0.8264656306886903,0.6640257713669665,0.4061195602482359,2100.0
"(1, 1)",0.7037695518790257,0.5430249571800233,0.9304296924647412,3.9586815828084947,0.8656994126200329,0.6678201412144407,0.4233841590672236,2100.0
"(2, 0)",0.7086819737844525,0.5625074243545531,0.9352460587222937,4.263009252548217,0.874685190355584,0.6563281493226119,0.3986804608745259,2100.0
"(2, 1)",0.6983087134454932,0.5584195017814637,0.909942873881423,3.647270317077637,0.8279960337275833,0.6652686315607932,0.42465346127648984,2100.0
mean,0.7056028191717845,0.5538701030115287,0.9299737912844206,3.997348028719425,0.8651179814398007,0.6566430900641095,0.40192058306157835,2100.0
std,0.011618044279743722,0.010178396471821168,0.016331838962032823,0.33687850923287826,0.03037792542299205,0.011352220085285813,0.019779323475581895,0.0
