,MAE,MedAE,RMSE,MaxAE,MSE,PearsonCorr,R2Coeff,Test Cases
"(0, 0)",2.3116640351786852,2.3511385989189146,2.6095476830141697,6.750118923187256,6.809739109924623,0.003074832432080476,-3.7269558365410367,2100.0
"(0, 1)",2.2854483483519052,2.3052395468950273,2.5758583876987284,5.945492172241211,6.635046433477893,0.007356098808548197,-3.5660631557145743,2100.0
"(1, 0)",2.270395999434484,2.270574648976326,2.562047851955039,6.0171002006530765,6.56408919570743,-0.025014252717208498,-3.716813420139575,2100.0
"(1, 1)",2.2731983800171744,2.244147941917181,2.574313549819102,6.216861462593078,6.627090252782226,0.007785268216259918,-3.414101665473397,2100.0
"(2, 0)",2.298263373329898,2.326068803369999,2.59144418218839,5.863463697433471,6.715582949398052,-0.007465403330265282,-3.616759593756564,2100.0
"(2, 1)",2.2478105165707567,2.243129938840866,2.5451763035328123,5.494665246009827,6.47792241606495,0.015769108705199212,-3.5012899680490905,2100.0
mean,2.281130108813817,2.2900499131530525,2.576397993034707,6.04795028368632,6.638245059559196,0.00025094201910233715,-3.590330606612373,2100.0
std,0.020546067174588786,0.040717878591237086,0.020455831587348074,0.38148412162374257,0.10545809720697194,0.013253359506330187,0.11175615651653067,0.0
