,MAE,MedAE,RMSE,MaxAE,MSE,PearsonCorr,R2Coeff,Test Cases
"(0, 0)",2.285092534950943,2.343491035029292,2.583599616021568,6.094860148429871,6.674986975906793,0.029438217335292505,-3.6334181288403684,2100.0
"(0, 1)",2.2509556268395414,2.267482250928879,2.5453310263477884,5.660196285247803,6.478710033688687,0.035636017328550235,-3.4584765876126875,2100.0
"(1, 0)",2.2739370776614973,2.297871316075325,2.5638315389628246,5.4309073305130005,6.573232160180486,-0.007675056167510446,-3.723383357908637,2100.0
"(1, 1)",2.263301204377147,2.284143546819687,2.578771957788454,7.066147804260254,6.650064810276096,-0.01839284901741841,-3.429404313940367,2100.0
"(2, 0)",2.2769021659256534,2.303898108005524,2.582089129635966,5.5570509719848635,6.667184273384219,-0.03591125757272361,-3.5834869719312303,2100.0
"(2, 1)",2.3022429726379614,2.3397320502996446,2.5944850084603734,6.864321184158325,6.731352459125624,-0.024624649003053157,-3.6773899638752567,2100.0
mean,2.275405263732124,2.3061030511930585,2.574684712869496,6.1122472874323535,6.629255118760317,-0.003588262849477147,-3.584259887351424,2100.0
std,0.01613895456416113,0.027613946353029058,0.015929471944790483,0.6393565579160043,0.08184266229221229,0.026933485138977337,0.10820302554872094,0.0
