,MAE,MedAE,RMSE,MaxAE,MSE,PearsonCorr,R2Coeff,Test Cases
"(0, 0)",2.2392876347980684,2.2178131034970283,2.531511256609777,5.8623583889007564,6.408549242342013,0.03653771165851286,-3.448471337279253,2100.0
"(0, 1)",2.262123531218157,2.266232132911682,2.556132298904122,5.525481462478638,6.533812329500872,0.012034276377077307,-3.4963965276200124,2100.0
"(1, 0)",2.2880967797920464,2.2937865403294566,2.5935426086126627,6.664561319351196,6.726463262689375,-0.05019573931669391,-3.8334919349172125,2100.0
"(1, 1)",2.2266327387200224,2.264273611307144,2.527691117527087,5.980761413574219,6.3892223856253345,0.09681255217772684,-3.2556651709441375,2100.0
"(2, 0)",2.242463418775655,2.240401694178581,2.544416804540818,5.973368964195251,6.474056875229707,0.01927377214873746,-3.4507177432633007,2100.0
"(2, 1)",2.280551910502073,2.2925673067569736,2.570255604730844,6.128499460220337,6.606213873650318,0.04795998092008851,-3.5904353782477827,2100.0
mean,2.256526002301004,2.262512398163478,2.553924948487552,6.022505168120066,6.523052994839603,0.02707042566090818,-3.512529682045283,2100.0
std,0.022337619103764486,0.02703460119766725,0.02281123259402697,0.34164000393570954,0.1167829847403282,0.04405848589431107,0.17476169885232853,0.0
