,MAE,MedAE,RMSE,MaxAE,MSE,PearsonCorr,R2Coeff,Test Cases
"(0, 0)",2.3133617271394247,2.3450915120542053,2.619387912647317,5.827618794441223,6.861193036922869,-0.05086525113667186,-3.7626723943432063,2100.0
"(0, 1)",2.3336105122535,2.3350889351963997,2.639244689174356,6.108464097976684,6.965612529335043,-0.008802656874559068,-3.7935499843230325,2100.0
"(1, 0)",2.330595513895438,2.3618692672252655,2.6211366820490407,5.722668218612671,6.870357505983054,-0.009482633876107385,-3.9368912455622143,2100.0
"(1, 1)",2.2737475583027162,2.2442710030078885,2.5730201896725524,5.854442720413208,6.620432896462577,-0.03989323411360783,-3.409667404508583,2100.0
"(2, 0)",2.289189130570137,2.3283387154340742,2.5854027730620612,5.735632915496826,6.684307498956995,0.0017182000169881813,-3.5952586701642577,2100.0
"(2, 1)",2.271090397381144,2.3052150720357893,2.558104672541142,6.179791860580444,6.5438995156768245,0.09031843037617716,-3.547135231009852,2100.0
mean,2.3019324732570596,2.319979084158937,2.5993828198577447,5.904769767920176,6.757633830556228,-0.002834524267963469,-3.674195821651858,2100.0
std,0.025376208528726667,0.03793262033110447,0.029030783396691608,0.1767209971847306,0.15086941370474935,0.04556737671565781,0.17484905721849764,0.0
