,MAE,MedAE,RMSE,MaxAE,MSE,PearsonCorr,R2Coeff,Test Cases
"(0, 0)",2.2764885071363476,2.2508299672603607,2.5782835858053836,5.54336118221283,6.647546248833467,-0.013426304251882458,-3.6143702471367725,2100.0
"(0, 1)",2.252251255744128,2.25798164755106,2.5504451500562344,5.9270498657226565,6.504770463445368,0.015498993456943676,-3.476410684883457,2100.0
"(1, 0)",2.2989369641629005,2.328662922382355,2.591994266126933,6.424885311126709,6.718434275634898,-0.04025509248583281,-3.8277224773794556,2100.0
"(1, 1)",2.231856115634669,2.226796154677868,2.5280298873163796,6.005813298225402,6.3909351111648665,0.0221240443537953,-3.256805964922819,2100.0
"(2, 0)",2.235472183828588,2.249768726825714,2.5409898030464095,6.4354997158050535,6.456629179185832,0.012725646367136143,-3.4387367308159966,2100.0
"(2, 1)",2.3143601519246184,2.322479921877384,2.619275869496327,6.43666090965271,6.86060608052574,0.007892461750716017,-3.7672039492819813,2100.0
mean,2.268227529738542,2.272753223429124,2.5681697603079447,6.12887838045756,6.596486893131696,0.0007599581984793118,-3.563541675736747,2100.0
std,0.031065966695445146,0.03859578310922835,0.03147976130039584,0.33542932311628076,0.1619983465697832,0.02141338390984114,0.19626013410141774,0.0
