,MAE,MedAE,RMSE,MaxAE,MSE,PearsonCorr,R2Coeff,Test Cases
"(0, 0)",0.6856451714474678,0.5488750000000001,0.8944698981820111,3.4806500000000007,0.8000763987537373,0.6671352258665241,0.44462985413701495,2100.0
"(0, 1)",0.6847496841486556,0.5275999999999994,0.8912443064883079,4.017499999999999,0.7943164138478248,0.675362971510606,0.4533724899120607,2100.0
"(1, 0)",0.6595893601173958,0.5248749999999995,0.8587333531223111,3.614166666666667,0.7374229717646879,0.6865157125414761,0.4701037012395408,2100.0
"(1, 1)",0.6843938098244349,0.5461958333333337,0.8922667023779325,3.3142999999999994,0.79613986817239,0.6896825034853329,0.4697156392921996,2100.0
"(2, 0)",0.6782219609582216,0.5307249999999994,0.888126915361437,3.8117000000000014,0.788769417789421,0.6785459356448842,0.4577449486842392,2100.0
"(2, 1)",0.6933439623118945,0.5580666666666663,0.8959864440624905,3.4143166666666676,0.8027917079437464,0.6658660047251403,0.44216709782775043,2100.0
mean,0.6809906581346783,0.5393895833333331,0.8868046032657483,3.6087722222222225,0.786586129711968,0.6771847256289939,0.45628895518213425,2100.0
std,0.01053297660643684,0.01231444963648566,0.012795520256972476,0.24124998650291005,0.022425514420763383,0.008921316581254024,0.010932445852367587,0.0
