,MAE,MedAE,RMSE,MaxAE,MSE,PearsonCorr,R2Coeff,Test Cases
"(0, 0)",2.294670047348986,2.3220653780549765,2.586491401117616,5.620434212684631,6.689937768055369,0.050981181698701555,-3.6437961672742665,2100.0
"(0, 1)",2.3210288595869426,2.3249024327099326,2.608843028244222,5.444363074302673,6.806061946018481,0.017342074370396546,-3.6837515002794694,2100.0
"(1, 0)",2.3186748872019702,2.3770145022869107,2.610981716810628,5.752338013648987,6.817225525519375,-0.0050326060748455475,-3.8987117463175123,2100.0
"(1, 1)",2.2450299566080174,2.2881326526403427,2.553509087802826,5.508559484481811,6.520408661491621,0.012098385664437614,-3.343044327814005,2100.0
"(2, 0)",2.2471602560571617,2.2704899126291274,2.549089615935638,6.130973362922669,6.497857870070898,0.030166842902811807,-3.467080205331297,2100.0
"(2, 1)",2.3102519135088437,2.330704093575478,2.6161205952551105,6.479645681381226,6.844086968917954,0.015537429036888994,-3.755725375352661,2100.0
mean,2.289469320051987,2.318884828649461,2.587505907527673,5.822718971570333,6.695929790012284,0.020182217933065166,-3.6320182203948685,2100.0
std,0.031814167082304654,0.03379557579439517,0.027257448920876275,0.36839639952350145,0.1407529474254046,0.017219393514616474,0.18255337513704625,0.0
