,MAE,MedAE,RMSE,MaxAE,MSE,PearsonCorr,R2Coeff,Test Cases
"(0, 0)",2.2778031434063397,2.2943150833249093,2.5834154574420882,6.128731393814087,6.674035425750715,-7.365140955420215e-05,-3.63275761373231,2100.0
"(0, 1)",2.2631128393227145,2.2750214830040933,2.5726515597475124,5.6305302810668945,6.6185360478713084,-0.0683388840358311,-3.5547011457933646,2100.0
"(1, 0)",2.2682996340046686,2.26651083227247,2.565343191613087,6.254460201263428,6.580985690755621,-0.009536688030434805,-3.7289548783404696,2100.0
"(1, 1)",2.2895212218290815,2.2991884684562685,2.5979362570709204,6.132180309295654,6.749272795803663,-0.014047957714542246,-3.495483711902639,2100.0
"(2, 0)",2.3099688967892456,2.342943979501724,2.602288617473724,5.931220231056213,6.771906048633305,-0.0036635521865760984,-3.655480016198486,2100.0
"(2, 1)",2.2935264741005996,2.3529958303272727,2.5956951802708033,6.1618805027008055,6.737633468881077,-0.005275371174597488,-3.6817544258717945,2100.0
mean,2.2837053682421082,2.3051626128144562,2.5862217106030223,6.039833819866181,6.688728246282615,-0.016822684091922658,-3.6248552986398437,2100.0
std,0.015896940783673607,0.03232969612326591,0.013620201473940219,0.2068481035664347,0.07038843660062888,0.023458250096878075,0.07824445209244454,0.0
