,MAE,MedAE,RMSE,MaxAE,MSE,PearsonCorr,R2Coeff,Test Cases
"(0, 0)",2.2845598326694043,2.3086420941352843,2.582675163150858,6.018047451972961,6.670210998356311,0.022424630693177922,-3.630102901253376,2100.0
"(0, 1)",2.279603716291842,2.276880559027195,2.5665175957705393,6.009465646743775,6.587012569399788,-0.005468234140233034,-3.5330075231440166,2100.0
"(1, 0)",2.307284067407818,2.3937803301215173,2.5992204823215608,5.814214105606079,6.755947115719926,-0.021895595709190325,-3.8546783980357926,2100.0
"(1, 1)",2.2996061260383045,2.33251515135169,2.5999602886712943,5.563743805885315,6.75979350266772,0.02064871724539819,-3.5024912322349744,2100.0
"(2, 0)",2.289421794222792,2.326893728077412,2.590536821042758,6.34983003616333,6.710881021178317,-0.03467444414857476,-3.613527160715206,2100.0
"(2, 1)",2.301013543697003,2.3271032328903676,2.599053991991714,6.771129083633423,6.755081653288065,0.01803244458340984,-3.69387858117768,2100.0
mean,2.2935815133878608,2.3276358492672444,2.5896607238247875,6.0877383550008135,6.706487810101688,-0.00015541357933536158,-3.6379476327601736,2100.0
std,0.009775512066291162,0.03496807253705961,0.01204763798288305,0.38645486555095493,0.06226117286955409,0.02223320900537854,0.11555608877989675,0.0
