,MAE,MedAE,RMSE,MaxAE,MSE,PearsonCorr,R2Coeff,Test Cases
"(0, 0)",2.302126536938956,2.3651783585548403,2.583637220593519,5.888084020614624,6.675181287636203,0.011268900777656875,-3.633553009626344,2100.0
"(0, 1)",2.286993843719922,2.3194489993155,2.587563306395679,6.212741594314576,6.695483864605339,-0.010354966188570635,-3.607654594488036,2100.0
"(1, 0)",2.327845967517438,2.3555088555812835,2.6223280280062395,6.006416893005371,6.876604286467092,-0.018938075068093835,-3.941380047761771,2100.0
"(1, 1)",2.2462395441429246,2.231291636824608,2.5570743854424998,5.9642595767974855,6.538629412686139,0.012958539496279611,-3.3551806116317993,2100.0
"(2, 0)",2.2746657869065094,2.3499711257219316,2.573111535962133,6.025247259140015,6.620902976501406,-0.007991014838614165,-3.551669984038263,2100.0
"(2, 1)",2.290652725079177,2.3247791664674877,2.584286181013499,6.198420391082764,6.678535065377334,-0.017896541104418653,-3.640688937010829,2100.0
mean,2.288087400717488,2.3243630237442754,2.584666776235595,6.049194955825805,6.680889482212252,-0.005158859487626801,-3.62168786409284,2100.0
std,0.024889758780788085,0.04468096753171101,0.019675823646037007,0.11873636088630336,0.10197362045717881,0.012814363016027163,0.1726414717205606,0.0
