,MAE,MedAE,RMSE,MaxAE,MSE,PearsonCorr,R2Coeff,Test Cases
"(0, 0)",2.2590708494248846,2.233642636537552,2.5640761452074603,7.034973669052124,6.574486478421949,-0.054819524108561765,-3.563656071073882,2100.0
"(0, 1)",2.2606088899144456,2.279799692630768,2.5516800842862977,6.025362300872803,6.511071252543327,0.04970934743488659,-3.48074672099723,2100.0
"(1, 0)",2.273157001051342,2.3384816569834945,2.5637170622245633,6.110586614608765,6.5726451751413455,0.04480324043864468,-3.722961563075037,2100.0
"(1, 1)",2.2694569375810523,2.2492816519737246,2.577963761252437,6.268360328674317,6.645897154330812,-0.004606716903443194,-3.426628366073733,2100.0
"(2, 0)",2.3131813794583787,2.306225408017635,2.626757007948462,6.5694622039794925,6.899852378806355,-0.019962372591271593,-3.743439237574096,2100.0
"(2, 1)",2.2853338216682184,2.2921278983354565,2.597792445937066,6.133191108703613,6.748525592167684,-0.02234263346382975,-3.689322995257431,2100.0
mean,2.2768014798497203,2.283259824079772,2.580331084476048,6.356989370981853,6.658746338568579,-0.0012031098655958382,-3.6044591590085684,2100.0
std,0.018439530468380066,0.03484218134381181,0.02525535696129695,0.3496281392442452,0.1308170503410182,0.0374026656576831,0.12189722647243584,0.0
