,MAE,MedAE,RMSE,MaxAE,MSE,PearsonCorr,R2Coeff,Test Cases
"(0, 0)",2.299757872910301,2.3402097284048793,2.597034331748185,7.07825198173523,6.744587320278742,-0.008914296531183818,-3.681730956798015,2100.0
"(0, 1)",2.286619661348721,2.3521429362893103,2.5772766655353694,6.1688255691528315,6.6423550107131115,0.001900611611674099,-3.5710927249224174,2100.0
"(1, 0)",2.264567296648877,2.317976895570755,2.5451514387479888,5.973618698120117,6.477795846160958,0.07816311597403583,-3.6548048737786,2100.0
"(1, 1)",2.287148189769295,2.285574159026146,2.589985704968411,5.58994900226593,6.708025951940718,-0.006982677934446115,-3.468010453617903,2100.0
"(2, 0)",2.2316995173469896,2.2143505597114563,2.533928948980525,6.141098556518554,6.420795918481547,0.04595144416706998,-3.4141024509063254,2100.0
"(2, 1)",2.2832171898271887,2.2993854945898056,2.5695212217034644,5.8365314054489135,6.602439308784465,0.018577138295716215,-3.587812560332848,2100.0
mean,2.275501621308562,2.3016066289320585,2.568816385280657,6.131379202206929,6.599333226059923,0.021449222597144366,-3.5629256700593515,2100.0
std,0.02215601076382888,0.04506975782960969,0.022706932279400363,0.4660177067752296,0.11649054837296564,0.03145774384052758,0.09521886297451547,0.0
