,MAE,MedAE,RMSE,MaxAE,MSE,PearsonCorr,R2Coeff,Test Cases
"(0, 0)",0.6756441031746032,0.5401500000000001,0.87303439279578,3.2980999999999985,0.7621890510042963,0.692383413958715,0.47092921989601566,2100.0
"(0, 1)",0.683881783446712,0.5495499999999991,0.8835437330576364,3.688,0.7806495282254239,0.6923723356418464,0.4627776784845089,2100.0
"(1, 0)",0.6600794092970522,0.5399000000000003,0.8507673504537436,3.3995,0.7238050845980831,0.6993290201129264,0.47988922228081377,2100.0
"(1, 1)",0.6872949495464852,0.5577499999999989,0.8878811713018135,3.330899999999999,0.7883329743522803,0.7022743682374483,0.47491557194726686,2100.0
"(2, 0)",0.6767425718820862,0.5395883333333333,0.8768885703800154,3.527400000000001,0.7689335648631073,0.6963398370241795,0.4713814959487045,2100.0
"(2, 1)",0.6719004857142857,0.5369083333333327,0.8707239897126021,3.1698,0.7581602662610317,0.6970168100250158,0.47317998248468174,2100.0
mean,0.6759238838435374,0.5439744444444442,0.8738065346169318,3.4022833333333327,0.7636784115507038,0.6966192975000219,0.4721788618403319,2100.0
std,0.008761781923052875,0.007317195733001535,0.011855446488952434,0.16698013271710607,0.020599487165972603,0.003548190394402447,0.005140057209798669,0.0
