,MAE,MedAE,RMSE,MaxAE,MSE,PearsonCorr,R2Coeff,Test Cases
"(0, 0)",0.6738814477324264,0.5507500000000018,0.8682201584720599,3.319999999999998,0.7538062435772489,0.6972100361775893,0.4767481154299328,2100.0
"(0, 1)",0.6785951784580498,0.5373999999999983,0.8789323782851325,3.5915999999999997,0.7725221255979592,0.6955064799477854,0.468370741631992,2100.0
"(1, 0)",0.6639031403628117,0.5358000000000009,0.8546553903347069,3.3686000000000003,0.7304358362281702,0.6970236794667336,0.47512450666804307,2100.0
"(1, 1)",0.6839513137755102,0.5525500000000008,0.8794532677332431,3.47225,0.7734380501266792,0.7093227226680177,0.48483662437351427,2100.0
"(2, 0)",0.6844053700680272,0.5533000000000005,0.8828558623175611,3.4512333333333323,0.7794344736284843,0.6903450143830119,0.4641624396655768,2100.0
"(2, 1)",0.6732787033446712,0.5343499999999991,0.8703607797923839,3.18492,0.7575278870008065,0.6955125080418288,0.4736194015201729,2100.0
mean,0.6763358589569162,0.5440250000000002,0.8724129728225146,3.398100555555555,0.7611941026932247,0.6974867401141611,0.4738103048815387,2100.0
std,0.007049344092551759,0.008257055064206915,0.009471406664652847,0.12791872159647527,0.01645722758797982,0.0057620127019966695,0.00651465238721651,0.0
