,MAE,MedAE,RMSE,MaxAE,MSE,PearsonCorr,R2Coeff,Test Cases
"(0, 0)",2.292497898195471,2.330379133224487,2.582614048982549,6.074584112167359,6.6698953260020355,0.049471156887991884,-3.629883778427466,2100.0
"(0, 1)",2.292458766234737,2.3166175451874733,2.582388487006801,6.380817513465882,6.668730297825275,0.053911528460507945,-3.589243498682883,2100.0
"(1, 0)",2.2852776198899463,2.3158315169811248,2.5824956855423062,6.308784437179566,6.669283965844627,-0.027564155016917374,-3.7924041211062995,2100.0
"(1, 1)",2.2464607438177935,2.2500097842514517,2.549768819544601,5.53447952747345,6.501321033121868,-0.007677553535059969,-3.3303306436837046,2100.0
"(2, 0)",2.3004119646131636,2.3072410237789156,2.60772311907675,6.116906023025512,6.800219865767374,-0.029471379907252987,-3.6749449067187188,2100.0
"(2, 1)",2.2507704778687585,2.2658688589930533,2.5475922686395482,5.443754887580871,6.490226367232001,0.025553177619818943,-3.5098395690474398,2100.0
mean,2.277979578436645,2.297657977069418,2.5754304047987593,5.97655441681544,6.63327947596553,0.01070379575151474,-3.587774419611085,2100.0
std,0.02125509325621495,0.029249358760485566,0.020921424512420458,0.36111387364200415,0.10773433439029821,0.03417278496608963,0.14352613208400625,0.0
