,MAE,MedAE,RMSE,MaxAE,MSE,PearsonCorr,R2Coeff,Test Cases
"(0, 0)",0.7063940063253419,0.5664333333333329,0.9147308692851277,3.2681261904761905,0.8367325632231253,0.6477757346760965,0.41918510981028256,2100.0
"(0, 1)",0.6877941060858455,0.5335999999999992,0.9028658017971725,4.003618333333335,0.8151666560548511,0.6627057643618326,0.4390239056657067,2100.0
"(1, 0)",0.6803829874714572,0.5434219191075094,0.8831619580019918,3.6351875000000002,0.779975044061912,0.6634435182785593,0.43952669661907495,2100.0
"(1, 1)",0.6995040857956353,0.5580648412698421,0.9098744371626598,3.5952333333333333,0.8278714914020671,0.6702133137006584,0.4485801777844153,2100.0
"(2, 0)",0.7088920401985425,0.5561249999999984,0.9289311339964816,3.98966,0.8629130517079893,0.6384108958465585,0.4067734491452145,2100.0
"(2, 1)",0.713516649014902,0.5675958333333339,0.9240463816797473,3.801266666666666,0.8538617154954331,0.6389628792615148,0.40668027074095114,2100.0
mean,0.6994139791486207,0.5542068211740027,0.9106017636538634,3.7155153373015875,0.8294200869908962,0.65358535102087,0.4266282682942742,2100.0
std,0.011794404968954845,0.012167389248414371,0.014983825324987278,0.25383370327759197,0.027150859133541823,0.012481232286482562,0.016580333065635767,0.0
