,MAE,MedAE,RMSE,MaxAE,MSE,PearsonCorr,R2Coeff,Test Cases
"(0, 0)",0.6704764273364202,0.5249416666666671,0.871678009738652,3.1885333333333326,0.7598225526619373,0.6897244744246045,0.47257191618305483,2100.0
"(0, 1)",0.6637454835772694,0.5135583333333336,0.8661926328120622,3.5905107142857156,0.750289677137892,0.7025491021805769,0.4836705235992488,2100.0
"(1, 0)",0.646865980365666,0.5108250000000006,0.8377668011269255,3.6720000000000006,0.7018532130704416,0.7076251142964689,0.49566336536931277,2100.0
"(1, 1)",0.6643795069620856,0.5137666666666686,0.8716344100827416,3.3118,0.7597465448402889,0.7088519552730711,0.4939561163348801,2100.0
"(2, 0)",0.6617330405804512,0.5128666666666658,0.8747654529205433,3.5346,0.7652145976232834,0.6924676364567818,0.4739381731296277,2100.0
"(2, 1)",0.6552120967463754,0.5053999999999987,0.852675996857745,3.2562880952380957,0.7270563556173492,0.7083888086048109,0.4947930417273011,2100.0
mean,0.660402089261378,0.5135597222222223,0.8624522172564449,3.425622023809524,0.7439971568251987,0.7016011818727189,0.4857655227239042,2100.0
std,0.007532420179063538,0.0058328321543965915,0.01316547662033715,0.18147867933290177,0.022551292361020117,0.007749298226146066,0.009703055235357597,0.0
