,MAE,MedAE,RMSE,MaxAE,MSE,PearsonCorr,R2Coeff,Test Cases
"(0, 0)",0.6730962296296297,0.5416499999999989,0.8720693196345795,3.3739,0.7605048982479182,0.6981511959629626,0.472098268456156,2100.0
"(0, 1)",0.6744786636054421,0.5334999999999996,0.8801212095645167,3.6072666666666673,0.7746133435253079,0.6998607887344068,0.466931620862549,2100.0
"(1, 0)",0.6601347657596371,0.5404000000000002,0.8493047007337554,3.458539999999998,0.7213184746884539,0.7058684011146571,0.4816760467194673,2100.0
"(1, 1)",0.6768912280612245,0.5400500000000006,0.8780171787278743,3.3704,0.7709141661412561,0.7165786791894946,0.4865177061271303,2100.0
"(2, 0)",0.6699558699546484,0.5439999999999995,0.874428934675012,3.5361,0.7646259617968765,0.7022606661914887,0.4743428424069295,2100.0
"(2, 1)",0.6636056342403628,0.5198500000000005,0.864675849607292,3.133,0.7476643248940924,0.7064016726865925,0.48047325840646016,2100.0
mean,0.6696937318751575,0.5365749999999999,0.8697695321571718,3.4132011111111105,0.7566068615489842,0.704853567313267,0.47700662382978204,2100.0
std,0.0059830872237541305,0.008131971368206406,0.010383760401650042,0.15094721301595454,0.01795212255693008,0.0060204861692341955,0.006544401177217063,0.0
