,MAE,MedAE,RMSE,MaxAE,MSE,PearsonCorr,R2Coeff,Test Cases
"(0, 0)",0.6786561739821025,0.5396316666666668,0.8789718253147751,3.3252666666666664,0.7725914696971875,0.6865710038332102,0.46370841848780286,2100.0
"(0, 1)",0.6732861465397036,0.5222352380952379,0.8797337248719477,3.677033333333334,0.7739314266770717,0.692570158348392,0.46740089796968154,2100.0
"(1, 0)",0.6540064470965542,0.5187483333333331,0.8492690634777559,3.478,0.7212579421803846,0.6998342657738472,0.4817195440787966,2100.0
"(1, 1)",0.6769982623099124,0.5381566666666664,0.886205950986659,3.3671,0.7853609875641687,0.6998978706186955,0.47689512124126676,2100.0
"(2, 0)",0.6702471964832787,0.5165333333333328,0.8798925788788229,3.517475,0.7742109503660256,0.6911321371671515,0.4677534534788048,2100.0
"(2, 1)",0.6603021771915916,0.5174565476190479,0.856900043613718,3.256360000000001,0.7342776847451917,0.7077462233845953,0.4897751834895231,2100.0
mean,0.6689160672671904,0.5254602976190476,0.8718288645239465,3.4368725,0.7602717435383383,0.6962919431876485,0.4745421031243126,2100.0
std,0.00892148090501789,0.009671501663848081,0.013644578455363673,0.13890901493207042,0.023663974158312784,0.0069728430268719485,0.009161062422012973,0.0
