,MAE,MedAE,RMSE,MaxAE,MSE,PearsonCorr,R2Coeff,Test Cases
"(0, 0)",2.276960938032078,2.3193497359752655,2.5876013626061503,5.659388780593872,6.695680811761206,-0.01876738834240512,-3.647782680344239,2100.0
"(0, 1)",2.2613193256597435,2.2558639412373305,2.555533885441175,6.378054618835449,6.53075343963807,0.015355744810808876,-3.4942914806636782,2100.0
"(1, 0)",2.273432881721996,2.2777580082416535,2.575081338855094,5.858028659820556,6.631043901719743,-0.04306764844660795,-3.7649256328844753,2100.0
"(1, 1)",2.2705475435230706,2.2629118466377256,2.5693045256690206,5.947010641098022,6.601325745623312,0.04418565171959132,-3.396940717059798,2100.0
"(2, 0)",2.2680551676872938,2.274670672416687,2.5774160706890727,6.348723936080932,6.643073601446298,-0.013500475915094179,-3.566911616251753,2100.0
"(2, 1)",2.31121773558032,2.3428832951933147,2.611092436895876,6.546630144119263,6.817803714014844,-0.02698121963040843,-3.7374620273184753,2100.0
mean,2.276922265367417,2.2889062499503297,2.579338270026065,6.122972796758016,6.653280202367245,-0.007129222634019247,-3.6013856924204037,2100.0
std,0.016078302140394875,0.031450398471478326,0.0171549160940154,0.31926584450319523,0.08867214753529935,0.028868962846457506,0.1303010243016555,0.0
