,MAE,MedAE,RMSE,MaxAE,MSE,PearsonCorr,R2Coeff,Test Cases
"(0, 0)",0.6744987911051911,0.5332948412698418,0.877649076251776,3.388999999999998,0.7702679010455958,0.6854741051551176,0.46532131528486775,2100.0
"(0, 1)",0.6691411137932174,0.51795892857143,0.8730848461065521,3.5443300000000004,0.7622771485009018,0.6971119631560917,0.475421063422957,2100.0
"(1, 0)",0.6532805720943077,0.5182125000000009,0.8472276973911784,3.5922999999999994,0.7177947712267583,0.7001064374248634,0.48420810429534344,2100.0
"(1, 1)",0.6679464185280328,0.5275166666666677,0.8748812010753514,3.2779,0.7654171159950495,0.7074747771207404,0.4901791227187293,2100.0
"(2, 0)",0.6605352277238633,0.5092274999999991,0.8729625150884374,3.6277999999999997,0.7620635527495303,0.6955744941737634,0.47610442090898997,2100.0
"(2, 1)",0.6576285685941043,0.5126786904761915,0.8525606184571644,3.4272499999999995,0.7268596081440626,0.7099831907179142,0.49492975491570657,2100.0
mean,0.663838448639786,0.5198148544973551,0.8663943257284098,3.47643,0.750780016276983,0.6992874946247484,0.4810272969244324,2100.0
std,0.007298164284742914,0.008266971102376177,0.011869651325834611,0.122763989019582,0.020468418363753262,0.008077016931353579,0.009912065128737208,0.0
