,MAE,MedAE,RMSE,MaxAE,MSE,PearsonCorr,R2Coeff,Test Cases
"(0, 0)",0.6845624632863168,0.546151666666667,0.8873484368055078,3.3422999999999985,0.7873872483011783,0.678288181402884,0.4534379821466553,2100.0
"(0, 1)",0.6740035798611441,0.5214163888888886,0.8804753071610034,3.5527583333333337,0.7752367665202634,0.6936157173634583,0.46650259767541213,2100.0
"(1, 0)",0.6634265236340379,0.5275523809523815,0.8586567853655438,3.4675,0.7372914750542895,0.6925122792435164,0.47019819194949597,2100.0
"(1, 1)",0.6779073472244688,0.5429433333333329,0.8854708932936655,3.4262499999999996,0.7840587028702819,0.7029071942777966,0.47776253315463146,2100.0
"(2, 0)",0.6689845876933912,0.5150400000000002,0.8805352371474252,3.465316666666667,0.7753423038582723,0.6912860000681005,0.4669756822668911,2100.0
"(2, 1)",0.6694139054279054,0.5300942857142867,0.8700065279615106,3.2532083333333333,0.7569113586956427,0.6967228196135373,0.4740478062612006,2100.0
mean,0.6730497345212106,0.5305330092592596,0.8770821979557759,3.4178888888888888,0.7693713092166546,0.6925553653282156,0.46815413224238106,2100.0
std,0.00682397740120239,0.011031631257216101,0.009905919731128542,0.09643970238437959,0.01729506715172218,0.007425385130233912,0.007658506447380885,0.0
