,MAE,MedAE,RMSE,MaxAE,MSE,PearsonCorr,R2Coeff,Test Cases
"(0, 0)",2.281449518161622,2.291141948699951,2.5711813102723817,5.811041164398193,6.610973330294002,0.031387262668852105,-3.588983287671981,2100.0
"(0, 1)",2.2630156840617106,2.2870743882656095,2.562217729186208,5.985678601264953,6.564959691756128,0.036224839846274615,-3.5178313170547675,2100.0
"(1, 0)",2.2565664195910453,2.288357333540916,2.551439953055257,5.939727506637573,6.509845834046613,0.036577459489989174,-3.677835306252496,2100.0
"(1, 1)",2.273703630597233,2.323768558502197,2.5967250822124104,6.208181428909302,6.74298115259105,-0.05696734871292866,-3.4912930412275722,2100.0
"(2, 0)",2.283113830554962,2.2887025347352026,2.5907434043244617,6.085694074630737,6.711951387050701,-0.03386040389460295,-3.6142630047882216,2100.0
"(2, 1)",2.3158563868260456,2.361967485845089,2.6086309931383984,5.980871200561523,6.8049556583622275,-0.035556097218811956,-3.7285343464505107,2100.0
mean,2.2789509116321027,2.3068353749314943,2.5801564120315197,6.001865662733714,6.657611175683454,-0.003699047970204613,-3.6031233839075916,2100.0
std,0.019009286974851863,0.02778878816998672,0.020101371497707566,0.12286261027581528,0.10371858591888128,0.03917748908892703,0.08308086076556802,0.0
