,MAE,MedAE,RMSE,MaxAE,MSE,PearsonCorr,R2Coeff,Test Cases
"(0, 0)",2.2881667346649937,2.3039867556095124,2.586698966725125,5.818311858177185,6.69101154445683,0.010614551248173088,-3.6445415252896174,2100.0
"(0, 1)",2.303066131717641,2.296654099225998,2.6065440330753225,5.80532751083374,6.794071796360568,-0.04170174170297817,-3.675500196971589,2100.0
"(1, 0)",2.2850367631435393,2.2895911426842215,2.5835455571918957,5.901871886253357,6.674707646085983,-0.030796841399050416,-3.7963014611615966,2100.0
"(1, 1)",2.2439481581179512,2.265434617996216,2.5592669008299036,5.915257749557495,6.549847069683499,-0.020577797771922635,-3.362652349083083,2100.0
"(2, 0)",2.293300935148093,2.3047724971175194,2.600690225001203,6.328020553588868,6.763589646416809,0.002041244597357531,-3.649762741911524,2100.0
"(2, 1)",2.295852620082313,2.297622855901718,2.5989896131773578,7.194731187820435,6.754747009403791,-0.04684080697361895,-3.6936460484206624,2100.0
mean,2.284895223812422,2.2930103280891974,2.5892892160001346,6.160586791038512,6.704662452067914,-0.02121023200033993,-3.637067387139679,2100.0
std,0.019184574601321662,0.01332600013910127,0.01561435151780433,0.49463281408637544,0.08064980705397433,0.021301718979771792,0.13263632232475128,0.0
