,MAE,MedAE,RMSE,MaxAE,MSE,PearsonCorr,R2Coeff,Test Cases
"(0, 0)",0.6818812112966398,0.5313749999999995,0.8803955724996932,3.2841999999999993,0.7750963640770626,0.681891317169,0.4619696550905953,2100.0
"(0, 1)",0.684959054988662,0.5387499999999998,0.893998237744204,3.7974500000000004,0.7992328490897421,0.6745115481695467,0.4499891294426738,2100.0
"(1, 0)",0.6577505709177066,0.5276416666666672,0.8523743916967873,3.5506,0.7265421036204682,0.6944686157300396,0.4779224592355453,2100.0
"(1, 1)",0.6767063634353742,0.5411500000000011,0.8806913485486374,3.4499285714285715,0.7756172514084175,0.7009751704803915,0.4833851252026551,2100.0
"(2, 0)",0.6785321399092971,0.5352250000000014,0.8877667465366227,3.6776,0.78812979625622,0.6806116528716837,0.4581846690885629,2100.0
"(2, 1)",0.682847906292517,0.5388958333333308,0.8838706544145456,3.342566666666667,0.781227333735197,0.6787978682614446,0.45715145470295426,2100.0
mean,0.6771128744733662,0.53550625,0.8798494919067483,3.5170575396825394,0.774307616364518,0.6852093621136843,0.4647670821271645,2100.0
std,0.00907623765011888,0.004705689861407936,0.013133467019591484,0.18013647925184395,0.022891351519949876,0.009327319373015107,0.011883005377917122,0.0
