,MAE,MedAE,RMSE,MaxAE,MSE,PearsonCorr,R2Coeff,Test Cases
"(0, 0)",2.2691185821825552,2.2931208288669582,2.5628464846239476,5.511484098434448,6.568182103749326,0.02374299031644474,-3.559279912138356,2100.0
"(0, 1)",2.2481903148384674,2.2932490518689157,2.542753654193961,6.240263481140136,6.4655961459167415,0.027084523119792717,-3.4494519575088898,2100.0
"(1, 0)",2.290847850523388,2.3589647126197817,2.5901044811091136,6.255199909210205,6.708641223061511,-0.015090249885735053,-3.8206854002732378,2100.0
"(1, 1)",2.3125817755143556,2.3123279881477354,2.6079233164574256,5.80120198726654,6.801264024522297,0.020551283510864802,-3.53011347557314,2100.0
"(2, 0)",2.311709059846543,2.339847836494446,2.6035361447073506,6.446797599792481,6.778400456797615,0.006220910446728144,-3.6599447248357357,2100.0
"(2, 1)",2.2967066038840582,2.360824571251869,2.578278545971097,6.16926718711853,6.647520260614834,0.023247231901613444,-3.619137794441998,2100.0
mean,2.2881923644648943,2.3263891648749513,2.5809071045104823,6.07070237716039,6.66160070244372,0.014292781568284797,-3.60643554412856,2100.0
std,0.0230629405359035,0.02837506336770637,0.022786406716237714,0.3160454843262836,0.11740522158646792,0.014724151166664019,0.11663342765972858,0.0
