,MAE,MedAE,RMSE,MaxAE,MSE,PearsonCorr,R2Coeff,Test Cases
"(0, 0)",2.2922081993772516,2.3254851171746846,2.589750761786324,6.041295385360717,6.7068090081728435,0.0014110464897604928,-3.655507277737625,2100.0
"(0, 1)",2.264687669579046,2.2539236724376677,2.586302917539867,6.904308891296386,6.6889627812752295,-0.036429450267149395,-3.603166957720534,2100.0
"(1, 0)",2.3124155024690287,2.2994472336769105,2.6075748608620004,6.624056959152222,6.799446654999481,-0.034266882380131904,-3.8859362320667303,2100.0
"(1, 1)",2.2976142193959936,2.3010511875152586,2.5960302374340043,6.033911275863647,6.739372993671653,-0.06239936916349806,-3.4888897571786313,2100.0
"(2, 0)",2.249336943923647,2.295945965051651,2.537757969508496,5.6790022373199465,6.440215511803886,0.073970692201115,-3.427452832318232,2100.0
"(2, 1)",2.31277566228069,2.3284245038032534,2.600679569345604,5.812535524368286,6.763534222411637,0.020858885409179767,-3.6997519865932524,2100.0
mean,2.288173032837609,2.3007129466099046,2.5863493860793825,6.182518378893534,6.689723528722454,-0.006142512951787349,-3.626784173935834,2100.0
std,0.023658012636654367,0.024478792057108963,0.022811879564281358,0.43748936826943563,0.11725967988755354,0.04486529841660743,0.14866894678845938,0.0
