,MAE,MedAE,RMSE,MaxAE,MSE,PearsonCorr,R2Coeff,Test Cases
"(0, 0)",0.6600120242441422,0.5254750000000005,0.8624825384959096,3.2224999999999993,0.7438761292103482,0.7028293951598351,0.48364106849413047,2100.0
"(0, 1)",0.666432362585034,0.5253416666666659,0.8704504993615417,3.7176000000000005,0.7576840718387573,0.7039924012599929,0.4785818970853368,2100.0
"(1, 0)",0.652456762244898,0.5181833333333331,0.8457532804922666,3.4418599999999997,0.7152986114634305,0.7030990631891184,0.4860017910536185,2100.0
"(1, 1)",0.6685228111111112,0.5250978571428567,0.8745211485456912,3.306899999999999,0.7647872392536749,0.7131424903381363,0.4905986643074345,2100.0
"(2, 0)",0.6645052181405895,0.5282000000000002,0.8733544747199293,3.6071999999999997,0.7627480385133237,0.696748720828858,0.47563385770686817,2100.0
"(2, 1)",0.6549103230158729,0.49969999999999937,0.8542229395188077,3.2896,0.7296968304001525,0.7118521254066947,0.49295826478998495,2100.0
mean,0.6611399168902746,0.520332976190476,0.8634641468556911,3.430943333333333,0.7456818201132811,0.7052773660304391,0.4845692572395622,2100.0
std,0.005906486790951662,0.00971649983399385,0.010558750307439631,0.1789650526095966,0.018176205513050523,0.005630484427334862,0.006128250581963194,0.0
