,MAE,MedAE,RMSE,MaxAE,MSE,PearsonCorr,R2Coeff,Test Cases
"(0, 0)",2.3155148502569465,2.3657283008098604,2.6065253827536368,6.038107147216797,6.793974570938993,0.026563133356420954,-3.7160129386758456,2100.0
"(0, 1)",2.2513155932742217,2.2605706553906204,2.555564757825957,6.059084129333496,6.530911231442042,-0.035795441020121235,-3.494400068802377,2100.0
"(1, 0)",2.275392748185531,2.301064109802246,2.5745871823518796,5.501431293487549,6.62849915953059,0.019000952049797955,-3.76309703583914,2100.0
"(1, 1)",2.241021219995334,2.1936172008514405,2.543641360941937,5.68703712940216,6.470111373094547,0.030846458240022682,-3.3095428458643505,2100.0
"(2, 0)",2.2939452918372694,2.32498552441597,2.599292589574288,6.516724605560302,6.756321966215809,-0.03629875084463927,-3.6447664322024282,2100.0
"(2, 1)",2.2677858743506527,2.28025743663311,2.5643634819713013,5.893155860900879,6.575960067667977,0.011392725107268213,-3.569413028084112,2100.0
mean,2.274162596316659,2.2877038713172078,2.5739957925698334,5.9492566943168645,6.62596306148166,0.0026181794814582166,-3.5828720582447082,2100.0
std,0.025046211214301,0.05369697630091274,0.022554851239937713,0.32000788847459366,0.11622724989165098,0.02800511302053125,0.1509722639359762,0.0
