,MAE,MedAE,RMSE,MaxAE,MSE,PearsonCorr,R2Coeff,Test Cases
"(0, 0)",2.2750976422184634,2.2972520586103204,2.5740593353546686,6.531212558746338,6.625781461926519,0.020285870622211048,-3.599262298823316,2100.0
"(0, 1)",2.275581482574987,2.324273160099983,2.580181977445793,6.033245420455932,6.657339036736081,0.004663768861861392,-3.581404334620058,2100.0
"(1, 0)",2.2617554899017724,2.3085343620181082,2.5589096584367943,6.136097869873047,6.548018640041112,-0.021096933899000084,-3.7052654642273426,2100.0
"(1, 1)",2.268030910412444,2.2582917648553846,2.575131853826807,5.806097245216369,6.631304064593488,-0.005949786605459042,-3.416908356347462,2100.0
"(2, 0)",2.2593379921010204,2.2628746640682222,2.558856380790413,5.976751470565796,6.547745977511811,0.004216080899736678,-3.501376766088222,2100.0
"(2, 1)",2.2956110025534984,2.3114834824204444,2.599782896683078,6.245667934417725,6.758871109885856,-0.05618898397758229,-3.6965117468552577,2100.0
mean,2.272569086627031,2.29378491534541,2.5744870170895924,6.121512083212534,6.628176715115811,-0.00901166401637205,-3.5834548278269427,2100.0
std,0.011965149338363268,0.02479094918856776,0.013903738811712866,0.22793093214458995,0.07169542515669258,0.024499879577967683,0.10193814637905742,0.0
