,MAE,MedAE,RMSE,MaxAE,MSE,PearsonCorr,R2Coeff,Test Cases
"(0, 0)",0.6721104227891156,0.5420500000000006,0.8731753231965647,3.3598999999999983,0.7624351450394252,0.6975458995469661,0.47075839460933255,2100.0
"(0, 1)",0.6744321258503402,0.5336250000000012,0.8799036662645231,3.6946666666666657,0.7742304619057493,0.70124312992611,0.4671951098484355,2100.0
"(1, 0)",0.6597407467120181,0.5420999999999995,0.8512844081984021,3.5703000000000005,0.7246851436417038,0.7034851798482149,0.47925683076636283,2100.0
"(1, 1)",0.6708172563492064,0.5269999999999999,0.872438544473967,3.2931,0.761149013883854,0.7224075661540793,0.49302197469732256,2100.0
"(2, 0)",0.6721868980725624,0.5439166666666676,0.875552630093507,3.589899999999999,0.7665924080636575,0.7019441248398194,0.4729909702409275,2100.0
"(2, 1)",0.6641773429705217,0.5270499999999996,0.8637146779325552,3.107499999999999,0.7460030448761374,0.7074474912351731,0.4816276259024951,2100.0
mean,0.6689107987906273,0.5359569444444446,0.8693448750265865,3.4358944444444437,0.7558492029017545,0.7056788985917272,0.47747515101081267,2100.0
std,0.005189500815510031,0.007108892476163743,0.009417598779053108,0.20114420515001705,0.016293634684741074,0.008036986296395302,0.008495323196233879,0.0
