,MAE,MedAE,RMSE,MaxAE,MSE,PearsonCorr,R2Coeff,Test Cases
"(0, 0)",0.6238066553854876,0.49884999999999924,0.804602698923081,3.1920333333333337,0.6473855031143062,0.7509623477303743,0.550619688501973,2100.0
"(0, 1)",0.6219489517006803,0.4926500000000005,0.8097732718558049,3.6531000000000007,0.6557327518120554,0.7516679687726878,0.5487420942621906,2100.0
"(1, 0)",0.5960256089191232,0.47430000000000017,0.7726809260708419,3.2693999999999983,0.5970358135136938,0.7667792568996121,0.5709828959474035,2100.0
"(1, 1)",0.626332197808012,0.4947250000000011,0.8152260877727049,3.1208,0.6645935741851899,0.7591575727520837,0.5573345931961362,2100.0
"(2, 0)",0.6206306483749054,0.48785000000000006,0.8122440412286797,3.738999999999999,0.6597403825114971,0.7487420882153406,0.5464484969809518,2100.0
"(2, 1)",0.6165296336167801,0.48772499999999896,0.8003423687921274,3.3287599999999995,0.6405479072837936,0.754564188138356,0.5549048469674555,2100.0
mean,0.6175456159674981,0.48934999999999995,0.80247823244054,3.3838488888888887,0.6441726554034227,0.7553122370847424,0.5548387693093517,2100.0
std,0.010078478300042932,0.007761268689245748,0.014189498318452978,0.23121048552624932,0.022503136569751312,0.006085608873220547,0.008085306500794927,0.0
