,MAE,MedAE,RMSE,MaxAE,MSE,PearsonCorr,R2Coeff,Test Cases
"(0, 0)",0.6717964858276644,0.536675000000002,0.8690126907121795,3.205779999999998,0.755183056618822,0.6952518743823589,0.47579240562407477,2100.0
"(0, 1)",0.6753596901360545,0.5279000000000005,0.8718699505029192,3.681400000000001,0.7601572105899628,0.7012281209460733,0.4768799485241525,2100.0
"(1, 0)",0.6584006215797431,0.5310000000000004,0.8482758904728622,3.3033000000000006,0.7195719863575273,0.7031013036799744,0.48293103569841334,2100.0
"(1, 1)",0.6759323345804988,0.5296000000000014,0.8753624717660442,3.4206000000000003,0.7662594569763584,0.7120822300197395,0.48961806521284557,2100.0
"(2, 0)",0.6733795584106369,0.5357500000000007,0.8730122868483032,3.4935999999999994,0.7621504529881041,0.699073980805045,0.4760446796306589,2100.0
"(2, 1)",0.6675649315192743,0.5386500000000015,0.8638199755853275,3.2553999999999994,0.7461849502202358,0.6997408911411923,0.4815012260094531,2100.0
mean,0.6704056036756453,0.533262500000001,0.8668922109812726,3.393346666666666,0.7515845189585016,0.7017464001623973,0.48046122678326636,2100.0
std,0.006028483785350044,0.003961211672792737,0.009078188062739152,0.1612901822458177,0.015638578734092294,0.005200585103159242,0.00491864781944098,0.0
