,MAE,MedAE,RMSE,MaxAE,MSE,PearsonCorr,R2Coeff,Test Cases
"(0, 0)",2.2868940831587428,2.3499676553905013,2.5870511319878813,5.744328861236572,6.692833559519777,-0.005388718416541147,-3.645806270472514,2100.0
"(0, 1)",2.3129678833786222,2.334251388013363,2.606148231743261,5.607848811149597,6.792008605818527,-0.016642304394240633,-3.6740803639061106,2100.0
"(1, 0)",2.3523748823216986,2.4143798995018004,2.6345983466521017,5.888784751892089,6.941108448181988,-0.002069791038395951,-3.9877313520418287,2100.0
"(1, 1)",2.2851801529346836,2.313163315206766,2.5788094412994766,5.540561656951905,6.650258134535318,-0.008465109344718058,-3.4295330813031244,2100.0
"(2, 0)",2.301684732367985,2.3577647054195405,2.5970119953210817,5.605983242988587,6.744471303841587,0.01403057070658173,-3.6366194612513114,2100.0
"(2, 1)",2.27881580615402,2.2978357774019242,2.573568709714312,5.656846904754639,6.623255903620589,0.01031488174114993,-3.6022773105238066,2100.0
mean,2.302986256719292,2.344560456822316,2.596197976119686,5.674059038162231,6.740655992586298,-0.001370078457694021,-3.662674639916449,2100.0
std,0.02483542241006227,0.03731308443812511,0.020299295020895423,0.11414967991467802,0.10573108433967363,0.010598252235540713,0.16570968318662677,0.0
