,MAE,MedAE,RMSE,MaxAE,MSE,PearsonCorr,R2Coeff,Test Cases
"(0, 0)",2.2714755369722663,2.2999074679613116,2.5764913007236765,6.059755172729492,6.638307422704783,-0.010061304344616252,-3.6079571493092626,2100.0
"(0, 1)",2.316967282401664,2.307535770535469,2.610842173287367,6.529528093338013,6.816496853815902,0.013794789137462123,-3.6909325273460896,2100.0
"(1, 0)",2.321195908527005,2.341451565995812,2.627969944199492,6.099897751808166,6.906226027615881,0.004284612018949644,-3.962665594318616,2100.0
"(1, 1)",2.291303884866195,2.3148431798815725,2.5860062381408135,5.972549061775208,6.687428263703202,0.02344245061005982,-3.4542909649002187,2100.0
"(2, 0)",2.2609975131607833,2.3065171855688096,2.5645974381575574,6.054166097640991,6.577160019804306,0.020056247430055286,-3.5215980280349912,2100.0
"(2, 1)",2.2410157011406766,2.2634191516041753,2.5349576857276004,6.042217230796814,6.426010468429431,0.03454902252551125,-3.4652181051730926,2100.0
mean,2.2838259711780986,2.305612386924525,2.5834774633727515,6.126352234681447,6.675271509345585,0.014344302896236977,-3.6171103948470456,2100.0
std,0.02903207668942215,0.023047008364776442,0.030260627731088487,0.18422392831538006,0.15628800802073592,0.014263977403410231,0.1749504366370965,0.0
