,MAE,MedAE,RMSE,MaxAE,MSE,PearsonCorr,R2Coeff,Test Cases
"(0, 0)",2.3043291926903033,2.3317263090610503,2.597682591468802,5.861830139160157,6.747954846020071,0.057751651292733235,-3.6840685126427717,2100.0
"(0, 1)",2.253538505906718,2.2483673201501366,2.553187904177407,6.224004402160645,6.518768474037819,0.02080068998969946,-3.486043744886926,2100.0
"(1, 0)",2.2858596178017203,2.3369120734930036,2.5725068458483533,5.65356372833252,6.617791471936644,0.02574115410881496,-3.7554027216645522,2100.0
"(1, 1)",2.2737880978199607,2.315976650714874,2.578183185764056,6.677115449905395,6.647028539356496,0.005347009616178816,-3.4273819469569977,2100.0
"(2, 0)",2.2681690206995677,2.316880817711353,2.5746429657274112,5.938581194877624,6.6287864009696404,-0.014369127674303284,-3.557089599255529,2100.0
"(2, 1)",2.2797464573883053,2.316010655760765,2.57207581228978,6.08184401512146,6.615573984166133,0.02026271792365725,-3.5969394035908753,2100.0
mean,2.2775718153844298,2.3109789711485305,2.5747132175459684,6.0728231549263,6.629317286081133,0.019255682542796738,-3.5844876548329423,2100.0
std,0.015650894585649895,0.02917853980909548,0.013005132649122788,0.3231160128428184,0.06699701926610714,0.021800157355757153,0.11136083517213301,0.0
