,MAE,MedAE,RMSE,MaxAE,MSE,PearsonCorr,R2Coeff,Test Cases
"(0, 0)",2.3023673480760487,2.3430083131790163,2.6145658880971125,6.532769527435303,6.835954783201044,-0.034831754903409194,-3.745153351570977,2100.0
"(0, 1)",2.3014484623908373,2.2664915347099304,2.5997082718983497,5.592370042800903,6.758483098976703,-0.0020850215841692736,-3.6510089983773444,2100.0
"(1, 0)",2.3057887752686583,2.339873157739639,2.5987086026440758,6.047984323501587,6.753286401456325,0.028559280403589744,-3.852766465950239,2100.0
"(1, 1)",2.2772135956660975,2.30577041067183,2.579827467473431,5.717203402519226,6.655509761930377,0.01986762712223497,-3.433031029323561,2100.0
"(2, 0)",2.302640924068931,2.3751684230566026,2.609706834152354,6.408707189559936,6.810569760221501,-0.014795613237518419,-3.682060145243134,2100.0
"(2, 1)",2.309173028262314,2.3322230815887455,2.6065047161226853,5.760560722351075,6.7938668351698,0.009041215854650272,-3.7208290969294984,2100.0
mean,2.2997720222888147,2.3270891534909603,2.6015036300646677,6.009932534694673,6.767945106825959,0.0009592889425630167,-3.680808181232459,2100.0
std,0.010418250062656497,0.033865872661629506,0.01113416302706118,0.3549795217625557,0.057821892012609656,0.021303700433059833,0.12753738147631152,0.0
