,MAE,MedAE,RMSE,MaxAE,MSE,PearsonCorr,R2Coeff,Test Cases
"(0, 0)",0.6867335085295656,0.5472299999999997,0.8893475178770827,3.418099999999999,0.7909390075541279,0.6771646330090367,0.45097254127444186,2100.0
"(0, 1)",0.6775128492651529,0.5277500000000013,0.8843448456411864,3.6933666666666682,0.7820658060121338,0.6899213424417925,0.46180303363688224,2100.0
"(1, 0)",0.6626926406840513,0.5252750000000002,0.8590780778381771,3.409,0.7380151438221371,0.6922911283299376,0.4696781791260639,2100.0
"(1, 1)",0.6844324501982144,0.5429708333333332,0.8914891663490276,3.30215,0.7947529337176843,0.69669018132211,0.4706394338163271,2100.0
"(2, 0)",0.6737205063597778,0.5361499999999995,0.8816064150118177,3.5292999999999997,0.7772298709899894,0.6913239904844581,0.4656780371138377,2100.0
"(2, 1)",0.6694549429906073,0.5226083333333337,0.8712874271360787,3.4564999999999997,0.7591417806854076,0.6953238011062349,0.47249796119017196,2100.0
mean,0.6757578163378949,0.5336640277777779,0.8795255749755618,3.468069444444444,0.7736907571302467,0.6904525127822616,0.4652115310262875,2100.0
std,0.008300310150001771,0.009168898344714222,0.011203575061303516,0.12121418921978565,0.01961379742457588,0.006372176892085203,0.007269679612552746,0.0
