,MAE,MedAE,RMSE,MaxAE,MSE,PearsonCorr,R2Coeff,Test Cases
"(0, 0)",0.6553011506235827,0.5232500000000002,0.8510984253114997,3.529399999999998,0.7243685295677145,0.7079750220197453,0.49718219841102584,2100.0
"(0, 1)",0.6532632981292517,0.5209500000000005,0.8543168120720608,3.7331000000000003,0.7298572153889687,0.7123337224558436,0.49773160240369696,2100.0
"(1, 0)",0.6347299030612243,0.500899999999999,0.8222334731178155,3.6662000000000003,0.6760678843153853,0.7243000689012393,0.5141921484324827,2100.0
"(1, 1)",0.6623488597505669,0.5148124999999999,0.8606047045342813,3.3870000000000005,0.7406404574665375,0.7184093011367112,0.5066820954418871,2100.0
"(2, 0)",0.6494879475073867,0.5097999999999987,0.8552389690998372,3.7119999999999993,0.7314336942669523,0.7107583992768208,0.497161519610678,2100.0
"(2, 1)",0.6538581480725624,0.5144000000000001,0.84712985668233,3.211433333333333,0.7176289940826249,0.7120826954040564,0.5013437975369398,2100.0
mean,0.6514982178574292,0.5140187499999996,0.8484370401363042,3.539855555555555,0.7199994625146972,0.7143098681990695,0.5023822269727852,2100.0
std,0.00842714932117377,0.0073477099252652325,0.0124117460272436,0.1889776614925952,0.020851295126361854,0.005450047687231265,0.006257872917580329,0.0
