,MAE,MedAE,RMSE,MaxAE,MSE,PearsonCorr,R2Coeff,Test Cases
"(0, 0)",2.246327414489076,2.2903817462921143,2.535571299995728,5.813524627685547,6.4291218173620255,0.007967277073641778,-3.4627517160123817,2100.0
"(0, 1)",2.326672305347522,2.3381623479723928,2.6229231281588423,6.693450698852539,6.879725736230566,0.011091346381247475,-3.734444968934124,2100.0
"(1, 0)",2.2652713938201825,2.2805385202169415,2.5503535750137174,5.507426815032959,6.50430335758525,0.018236563279400004,-3.6738526017866793,2100.0
"(1, 1)",2.270369635586995,2.28219499707222,2.5698257469897197,6.210833783149719,6.604004369891271,-0.01127439407975431,-3.398724866572084,2100.0
"(2, 0)",2.3063523541267075,2.3341265016794206,2.618617594979919,6.325877990722656,6.857158108738416,-0.0030849636109411566,-3.7140882218216564,2100.0
"(2, 1)",2.3190356650819384,2.3605091446638107,2.610232801750584,5.9154229164123535,6.813315279334704,0.004636459677910621,-3.7343431653284247,2100.0
mean,2.28900479474207,2.31431887631615,2.5845873578147516,6.07775613864263,6.681271444857039,0.0045953814535840696,-3.619700923409225,2100.0
std,0.029870650608074593,0.031199455985743727,0.034345810242285016,0.3829272794780237,0.1773053571063818,0.009578519764105904,0.1363902962006228,0.0
