,MAE,MedAE,RMSE,MaxAE,MSE,PearsonCorr,R2Coeff,Test Cases
"(0, 0)",2.306652048196608,2.3460190892219543,2.6088418909886335,6.340670228004456,6.80605601217715,0.03818148104750704,-3.7243992275266624,2100.0
"(0, 1)",2.2828224956830345,2.2697043806314467,2.5828963797771913,5.7937689828872685,6.671353708666121,-0.0076425583246857364,-3.5910488605146025,2100.0
"(1, 0)",2.300430392346407,2.3380090457201,2.5979589832101615,5.799072875976563,6.749390878442377,-0.01479294196453103,-3.849967226835287,2100.0
"(1, 1)",2.260829298612928,2.272544445991516,2.568619701320731,5.938902010917664,6.597807170013,-0.014958364138380184,-3.394597101706883,2100.0
"(2, 0)",2.270025777784628,2.3038618457317352,2.5757909660400427,5.927032136917115,6.634699100733496,0.04268582759728945,-3.561154401010711,2100.0
"(2, 1)",2.281691784859422,2.266045406460762,2.5840119162765665,5.978975620269775,6.677117583459293,-0.02936066152326897,-3.6397039765979438,2100.0
mean,2.283741966247171,2.2993640356262524,2.5863533062688875,5.963070309162139,6.689404075581905,0.002352130448988429,-3.6268117990320143,2100.0
std,0.015924552607519068,0.03265853053177792,0.013440637406727319,0.18269995041955098,0.06960063678621481,0.027718078334199318,0.14083170023162486,0.0
