,MAE,MedAE,RMSE,MaxAE,MSE,PearsonCorr,R2Coeff,Test Cases
"(0, 0)",2.2711305580614933,2.2771740064024923,2.576141607078,5.941356601715087,6.6365055797184205,-0.010692969119637352,-3.606706406500554,2100.0
"(0, 1)",2.2617021837520457,2.260697879195213,2.567995015134954,6.343388657569886,6.594598397757972,0.026769740374783635,-3.5382278892287378,2100.0
"(1, 0)",2.2812657255845763,2.317317126989365,2.566676969029962,5.749195590019226,6.58783066334883,0.016908452238148027,-3.7338735285332874,2100.0
"(1, 1)",2.3176891922857434,2.323742212057114,2.604088592525652,5.541613750457763,6.781277397722232,0.01715322841801638,-3.516800996146997,2100.0
"(2, 0)",2.248326769935198,2.2468306660652164,2.5561610879541803,7.135456314086914,6.533959507571098,0.0012845531075072849,-3.4918989861482794,2100.0
"(2, 1)",2.303397671291046,2.3513148230314256,2.590322497899883,5.800445013046264,6.709770643126289,-0.016474657778473487,-3.662393487287458,2100.0
mean,2.2805853501516835,2.2961794522901378,2.5768976282704386,6.085242654482523,6.640657031540807,0.0058247245400574145,-3.591650215640886,2100.0
std,0.023749186203365972,0.03719737407621074,0.015988900994008036,0.5291283708930878,0.08252716500965276,0.0157087423662524,0.08550382886160764,0.0
