,MAE,MedAE,RMSE,MaxAE,MSE,PearsonCorr,R2Coeff,Test Cases
"(0, 0)",0.5744980493921609,0.4329957151412964,0.7672874424683703,3.5367331504821777,0.5887300193696527,0.7722085032203286,0.591335180939538,2100.0
"(0, 1)",0.5842529268259093,0.44249817848205564,0.7727178215922363,3.576608657836914,0.5970928318062512,0.769855105644275,0.5890965335079463,2100.0
"(1, 0)",0.5735056394420918,0.43128385543823233,0.7690967319979686,3.424391899108887,0.5915097831699551,0.7622264729003073,0.5749537825865567,2100.0
"(1, 1)",0.578959060377734,0.4409110069274901,0.7806782792457146,3.8098398888111116,0.60945857568605,0.7722343577342026,0.5940583255459035,2100.0
"(2, 0)",0.5769746823055404,0.43605098247528074,0.7793475796061188,3.874102954864502,0.6073826498379157,0.7684492794966146,0.5824428501814829,2100.0
"(2, 1)",0.5661058088143667,0.430892915725708,0.7599677250496744,3.8795323193073274,0.5775509431171774,0.7757639755333031,0.5986793142438006,2100.0
mean,0.5757160278596339,0.43577210903167723,0.7715159299933472,3.683534811735153,0.5952874671645003,0.7701229490881719,0.5884276645008714,2100.0
std,0.005533318978239901,0.004534779724585689,0.0071159631112715244,0.1783363825022646,0.010971390107521847,0.004200317608249276,0.007778873098805708,0.0
