,MAE,MedAE,RMSE,MaxAE,MSE,PearsonCorr,R2Coeff,Test Cases
"(0, 0)",2.263111999781419,2.294133020043373,2.5648065770176234,5.803570699691773,6.5782327775128575,0.016876672002362467,-3.566256551072798,2100.0
"(0, 1)",2.291629511723703,2.3301757627725603,2.590165652241873,5.942816305160522,6.708958106053566,0.014170896799616039,-3.6169272104440484,2100.0
"(1, 0)",2.296648440695445,2.3488590222597123,2.5822352851375614,6.106685447692871,6.667939067809463,-0.007403412442994236,-3.7914377062828803,2100.0
"(1, 1)",2.2627610113932617,2.2518069630861284,2.5704984219181526,5.6496203517913814,6.607462137083713,-0.03644893675548905,-3.401027979301923,2100.0
"(2, 0)",2.281994225013522,2.3321354544162753,2.581453618669532,6.214160203933716,6.663902785342021,0.023026376738490294,-3.5812310484299097,2100.0
"(2, 1)",2.256375861786448,2.2902309179306033,2.553918698641974,6.749934148788452,6.522500719273114,-0.013842435280457055,-3.5322659285709292,2100.0
mean,2.275420175065633,2.3078901900847755,2.5738463756044525,6.077797859509786,6.6248325988457895,-0.0006034731564119232,-3.5815244040170815,2100.0
std,0.015443614976468512,0.03268374410786382,0.012142225233124,0.35307055631168655,0.06245910391247707,0.02077102886827743,0.11587026027724624,0.0
