,MAE,MedAE,RMSE,MaxAE,MSE,PearsonCorr,R2Coeff,Test Cases
"(0, 0)",2.2367387068849944,2.273149134516716,2.5342675971728044,5.700522298812866,6.422512254080019,0.020822461628381875,-3.4581637115046417,2100.0
"(0, 1)",2.2463090692821,2.2661694353818893,2.536227804980884,5.642705450057983,6.432451478758152,0.03664371540752604,-3.426642675759533,2100.0
"(1, 0)",2.297321432373167,2.313606467247009,2.593987377044829,6.0106404113769525,6.728770512267911,0.016423132280923812,-3.835149874876768,2100.0
"(1, 1)",2.297410139523411,2.3155690528452393,2.5978996833592594,5.717727770805359,6.749082764798141,-0.014735349236113818,-3.4953571380752173,2100.0
"(2, 0)",2.2725512550781883,2.313251700401306,2.5689418743116343,5.933281054496765,6.599462353591772,0.005103068828584963,-3.5369302060830154,2100.0
"(2, 1)",2.2624638015515037,2.259051561355591,2.560136174680568,6.029348564147949,6.554297232908052,-0.03574671411316748,-3.5543602542900734,2100.0
mean,2.268799067448894,2.2901328919579584,2.5652434185916633,5.8390375916163135,6.581096099400675,0.004751719132689233,-3.5511006434315413,2100.0
std,0.023166067099504008,0.024362644565277754,0.02494599713044071,0.156522891342837,0.12801484923502032,0.023915066559326754,0.13424467069786158,0.0
