,MAE,MedAE,RMSE,MaxAE,MSE,PearsonCorr,R2Coeff,Test Cases
"(0, 0)",2.313656558760575,2.3472065031528473,2.6177888545111436,6.1616748046875,6.852818486802765,-0.027843515442998568,-3.7568592305891144,2100.0
"(0, 1)",2.317575095739251,2.308286282420158,2.6180259933083323,6.167873959541321,6.85406010163808,0.011091192355144712,-3.7167825592350017,2100.0
"(1, 0)",2.305199943440514,2.3464712750911714,2.593205313003758,5.641507530212403,6.724713795390917,0.003940831164757063,-3.832234805316223,2100.0
"(1, 1)",2.2344332197737127,2.2341677064448593,2.551571767165573,6.122513709068298,6.510518482996444,-0.033609573978753866,-3.3364567830994813,2100.0
"(2, 0)",2.2734549083853053,2.281111705303192,2.575227189491156,6.084542322158813,6.631795077494518,0.009522017426064188,-3.559157973113078,2100.0
"(2, 1)",2.2925763963209196,2.32524679325521,2.593510426852277,7.239665861129761,6.726296334191479,-0.01283391408551085,-3.67387663305999,2100.0
mean,2.289482687070046,2.307081710944573,2.591554924055373,6.236296364466349,6.716700379752368,-0.008288827093549554,-3.645894664068815,2100.0
std,0.028628354887153536,0.0397572868926897,0.023312128961468115,0.48420895780186657,0.12060404521730365,0.01773207899298964,0.1613066041578376,0.0
