,MAE,MedAE,RMSE,MaxAE,MSE,PearsonCorr,R2Coeff,Test Cases
"(0, 0)",0.7000467586391123,0.5492800000000004,0.9126144302817963,3.4001499999999996,0.8328650983585677,0.6495479892953087,0.42186969659386353,2100.0
"(0, 1)",0.6980092171212385,0.54322875,0.9129577636566457,4.030093333333332,0.8334918782209437,0.6530840440402296,0.4264129733095001,2100.0
"(1, 0)",0.6736673327278542,0.5411622619047611,0.87237476605179,3.6636,0.7610377324439154,0.67366950869553,0.4531346417456501,2100.0
"(1, 1)",0.6889757199907234,0.5350966666666656,0.8989086827745948,3.2965,0.808036819967557,0.6832704705086898,0.4617914443997193,2100.0
"(2, 0)",0.6994549726568404,0.5528516666666661,0.9173460131767825,3.9204833333333347,0.8415237078913378,0.6492331983720044,0.4214779742793333,2100.0
"(2, 1)",0.6896959107469249,0.5555633333333323,0.8919950759636008,3.533181111111111,0.7956552155433101,0.6691327645502588,0.44712600588282037,2100.0
mean,0.6916416519804489,0.5461971130952376,0.9010327886508683,3.6406679629629632,0.8121017420709387,0.6629896625770036,0.4386354560351478,2100.0
std,0.009185214011966081,0.007058023487965934,0.01554528375354323,0.2640481456935542,0.02783538475663303,0.013109463197518162,0.016038363247468518,0.0
