,MAE,MedAE,RMSE,MaxAE,MSE,PearsonCorr,R2Coeff,Test Cases
"(0, 0)",2.2936910622512214,2.3109985756874085,2.611005932434176,6.158548517227173,6.817351979206462,-0.049846573071997365,-3.7322402822890632,2100.0
"(0, 1)",2.3146536445943724,2.3470378237962723,2.613592375550633,5.7421409606933596,6.8308651055364,-0.02148451867366507,-3.7008203774841046,2100.0
"(1, 0)",2.2982041167208123,2.3491861051321026,2.580387356807656,6.0453002071380615,6.6583989111728,0.04207092769215909,-3.7845823547615334,2100.0
"(1, 1)",2.2897322852199986,2.313592176437378,2.5987778481844366,6.592610139846801,6.75364630421413,-0.030544466921102287,-3.4983967717859716,2100.0
"(2, 0)",2.2439302614130434,2.2767767310142517,2.5376957224428094,5.967651081085205,6.439899579704533,0.026452921965380998,-3.4272356385821627,2100.0
"(2, 1)",2.2521055532246117,2.255009214580059,2.5610805776696544,6.215452871322632,6.5591337253167294,-0.022014841879206146,-3.5577209698654464,2100.0
mean,2.2820528205706765,2.308766771107912,2.583756635514894,6.120283962885538,6.676549267525175,-0.009227758481405128,-3.6168327324613805,2100.0
std,0.02539117064155784,0.03425370800888657,0.0274028457998461,0.25997589793238524,0.14124544492806207,0.03246201367229176,0.13037196664498477,0.0
