,MAE,MedAE,RMSE,MaxAE,MSE,PearsonCorr,R2Coeff,Test Cases
"(0, 0)",0.6102112124934084,0.4584202051162718,0.8205988789481665,3.7492667031288147,0.6733825201309876,0.7390089470748833,0.5325739529259121,2100.0
"(0, 1)",0.6189538344557795,0.4665743827819824,0.8241018762793221,4.4760173892974855,0.679143902487099,0.7380930668273264,0.5326311606610572,2100.0
"(1, 0)",0.617092687034607,0.48214449882507326,0.8120661137677045,3.844247508049011,0.6594513731297825,0.7384529691601253,0.5261324162471561,2100.0
"(1, 1)",0.6091025342756794,0.4493497633934021,0.8209865382433674,3.9250309467315674,0.6740188959768282,0.752298805550034,0.5510566752817655,2100.0
"(2, 0)",0.6231479181437265,0.46737987041473383,0.8354474366909057,4.128294143676758,0.6979724194734048,0.7316081927975613,0.5201651311491643,2100.0
"(2, 1)",0.6040736603444531,0.4705860805511475,0.8013494229488766,4.028058943152428,0.6421608976604974,0.752164836886601,0.553784034315669,2100.0
mean,0.6137636411246089,0.4657424668471018,0.8190917111463906,4.025152605672678,0.6710216681430999,0.741937803049422,0.5360572284301207,2100.0
std,0.006510590121922392,0.010150506265388404,0.010508895012226073,0.23550998171706308,0.017193441018536763,0.007682748022386629,0.012343384558878541,0.0
