,MAE,MedAE,RMSE,MaxAE,MSE,PearsonCorr,R2Coeff,Test Cases
"(0, 0)",2.245734499839161,2.261315259933472,2.5524352587823818,6.457558994293213,6.514925750275485,0.0035242471463586126,-3.5223122065005326,2100.0
"(0, 1)",2.3321755967244506,2.335297726392746,2.6360533233222037,6.369774236679077,6.948777123398034,-0.034158659332339615,-3.781964304022046,2100.0
"(1, 0)",2.314404717956838,2.364091072678566,2.6061626676700675,6.262688026428222,6.792083850357162,0.026101195747042713,-3.880645478892708,2100.0
"(1, 1)",2.3000871531578757,2.2865130138397216,2.61988578619209,5.9200013685226445,6.863801532691346,-0.018644824100248675,-3.571767792691828,2100.0
"(2, 0)",2.2984810892385386,2.3733975133299827,2.5972271125327144,5.774161686897278,6.745588674075021,-0.044702825120699535,-3.637387619396905,2100.0
"(2, 1)",2.3115545278361154,2.342841531187296,2.606961929468346,6.356804113388062,6.796250501697322,0.008139527454604584,-3.722485426465168,2100.0
mean,2.3004062641254968,2.3272426862269637,2.6031210129946336,6.190164737701416,6.776904572082395,-0.009956889700880317,-3.6860938046615317,2100.0
std,0.026840084846948442,0.04041784060622432,0.025798522984581806,0.2525979525658143,0.1337345129250323,0.024758475910110836,0.12290443314718623,0.0
