,MAE,MedAE,RMSE,MaxAE,MSE,PearsonCorr,R2Coeff,Test Cases
"(0, 0)",0.668820157936508,0.5349500000000009,0.8688836845452731,3.2901,0.7549588572689696,0.7018059006093602,0.4759480327939599,2100.0
"(0, 1)",0.6708204673469387,0.5379000000000009,0.8724785021488495,3.709783333333334,0.7612187367118999,0.7064987583084507,0.47614943437284984,2100.0
"(1, 0)",0.6541703404761904,0.5310500000000017,0.8467042109595581,3.5020999999999995,0.7169080208566477,0.7064463873110075,0.4848453040531996,2100.0
"(1, 1)",0.6720590402494331,0.5353833333333324,0.8763652966729316,3.374133333333334,0.7680161332126354,0.717256673511993,0.4884479970223614,2100.0
"(2, 0)",0.6700137458049886,0.5400558333333334,0.8785291343770891,3.5398999999999994,0.7718134399493575,0.699440779527065,0.46940166917365755,2100.0
"(2, 1)",0.664484687755102,0.5187000000000004,0.8656865437790299,3.2620999999999993,0.7494131920800822,0.7077657252011316,0.4792580295392198,2100.0
mean,0.6667280732615269,0.5330065277777783,0.8681078954137886,3.446352777777778,0.7537213966799321,0.7065357040781679,0.47900841115920806,2100.0
std,0.006097387308852871,0.006971009086856927,0.010491834928880154,0.15536739147863884,0.01808861614776485,0.005615016700452049,0.006232529781179897,0.0
