,MAE,MedAE,RMSE,MaxAE,MSE,PearsonCorr,R2Coeff,Test Cases
"(0, 0)",0.6565374806122449,0.5131499999999996,0.8530085633427441,3.4622499999999983,0.7276236091360523,0.7088797241405931,0.49492269667159283,2100.0
"(0, 1)",0.6660177340136055,0.5368499999999995,0.867066467432735,3.5665000000000004,0.751804258946282,0.703311516183737,0.4826282285285298,2100.0
"(1, 0)",0.6367332656462585,0.5046500000000005,0.8268624996023416,3.4321999999999995,0.6837015932486324,0.7200574319624696,0.5087067292572944,2100.0
"(1, 1)",0.6616681840136055,0.515200000000001,0.8603531272355163,3.3255000000000003,0.7402075035439324,0.7229202651067591,0.506970472777633,2100.0
"(2, 0)",0.6544878035336357,0.5160333333333327,0.8596875457856418,3.6425,0.7390626763789399,0.7096403145973288,0.49191682579608176,2100.0
"(2, 1)",0.6535656588435375,0.5164833333333336,0.8476810608178694,3.4049,0.7185631808693084,0.713796134961286,0.5006946626228268,2100.0
mean,0.6548350211104813,0.5170611111111111,0.852443210702808,3.4723083333333338,0.7268271370205247,0.7131008978253623,0.4976399359423264,2100.0
std,0.009165596388910081,0.009710702699268218,0.012950272090293254,0.10459739646483672,0.02191399520895127,0.006719655647965386,0.00898473636676572,0.0
