,MAE,MedAE,RMSE,MaxAE,MSE,PearsonCorr,R2Coeff,Test Cases
"(0, 0)",2.255288923264862,2.2496377754211423,2.5508852018436556,5.870391321182251,6.507015312984948,-0.0009757997525500622,-3.516821204992765,2100.0
"(0, 1)",2.2783363903517526,2.290810357928276,2.576693655959154,6.653728771209717,6.639350196660151,-0.007284105565170188,-3.5690248915056424,2100.0
"(1, 0)",2.327452914829375,2.371463074684143,2.6094257225438615,6.361356925964356,6.809102601473555,0.008169832708948171,-3.8928747876766767,2100.0
"(1, 1)",2.244994804295933,2.251676024198532,2.5597428899114933,6.9462690353393555,6.552283662452444,0.022312206697656496,-3.364275288833295,2100.0
"(2, 0)",2.278170621857721,2.2822580873966216,2.575804894595481,6.8517987918853756,6.634770855022038,0.0006290724264373108,-3.5612037299077723,2100.0
"(2, 1)",2.2746493079825174,2.2923932752013205,2.5602837994951884,5.686608099937439,6.555053133957519,0.029223778707281965,-3.5548855044539787,2100.0
mean,2.2764821604303602,2.2897064324716725,2.572139360724806,6.395025490919749,6.6162626270917775,0.008679164203767282,-3.5765142345616887,2100.0
std,0.025975222554653298,0.04041425779090293,0.019019361239624118,0.47568695328275973,0.09818157642423517,0.01304510597661645,0.15782423304026033,0.0
