,MAE,MedAE,RMSE,MaxAE,MSE,PearsonCorr,R2Coeff,Test Cases
"(0, 0)",2.3214676820856828,2.3567400351166725,2.624690539692273,6.132775750160217,6.889000429150114,-0.034804186853410135,-3.7819747953406226,2100.0
"(0, 1)",2.270239461782504,2.2852043148875234,2.5673332192270615,6.7601491069793695,6.591199858546788,-0.029195453280147773,-3.5358891045900744,2100.0
"(1, 0)",2.2759198482007146,2.3334938687086106,2.5772271523451282,6.6275416851043705,6.642099794784978,-0.035728234638828356,-3.7728701600270727,2100.0
"(1, 1)",2.24350882830155,2.26839094132185,2.5414915985136877,5.673260140419006,6.459179545315659,0.0304207605568444,-3.3022614904934615,2100.0
"(2, 0)",2.240995793554293,2.260340384244919,2.543578893114709,6.423152227401733,6.469793585498649,0.06691970645534862,-3.4477868608789803,2100.0
"(2, 1)",2.296101563907308,2.2946788271516563,2.593220356415616,6.2016276836395265,6.7247918169283345,0.0028974650711534626,-3.6728311947190564,2100.0
mean,2.2747055296386756,2.2998080619052055,2.5745902932180793,6.303084432284038,6.629344171704088,8.500955182670214e-05,-3.585602267674878,2100.0
std,0.02821196553699701,0.034545367937217505,0.02879225193228209,0.35697200143756563,0.1486392216008095,0.03819300632792515,0.17463619316984358,0.0
