,MAE,MedAE,RMSE,MaxAE,MSE,PearsonCorr,R2Coeff,Test Cases
"(0, 0)",0.6741305765873016,0.5352500000000009,0.870580592266917,3.1137999999999986,0.7579105676318159,0.6949131224144321,0.4738991136940931,2100.0
"(0, 1)",0.6854619253968254,0.5448999999999999,0.8859273171333547,3.5713,0.7848672112431037,0.6887821426576947,0.45987518078195466,2100.0
"(1, 0)",0.6582889178571428,0.5325000000000004,0.8507113021379732,3.3361,0.723709719585286,0.6979922235739691,0.47995774952941783,2100.0
"(1, 1)",0.6850714416099773,0.5462499999999995,0.8866412613138764,3.5336333333333325,0.7861327262642618,0.702120696461949,0.47638108975060445,2100.0
"(2, 0)",0.6782395409297052,0.5408000000000002,0.8802392119738798,3.5679000000000007,0.7748210702963968,0.6904119734516995,0.4673340145316415,2100.0
"(2, 1)",0.6706181616780046,0.533000000000001,0.8694093870498169,3.2489999999999997,0.7558726822903383,0.6954058274839544,0.47476954748978517,2100.0
mean,0.6753017606764927,0.5387833333333337,0.8739181786459698,3.3952888888888886,0.7638856628852003,0.6949376643406163,0.4720361159629161,2100.0
std,0.00930994770883873,0.005517296036606182,0.01235637152692696,0.17514444056757422,0.02148160599627214,0.00446315260049855,0.006615280119813756,0.0
