,MAE,MedAE,RMSE,MaxAE,MSE,PearsonCorr,R2Coeff,Test Cases
"(0, 0)",2.336578454173321,2.3731381571292878,2.638081142099585,6.310466995239258,6.959472112301452,-0.050773108394964246,-3.8308924599685668,2100.0
"(0, 1)",2.286430883903358,2.306974947452545,2.5801708860812127,5.836743259429932,6.65728180138111,0.017482581757967686,-3.5813649467652544,2100.0
"(1, 0)",2.291258111496376,2.348240973353386,2.5867354694057467,5.836442589759827,6.691200388681769,-0.05347879009681497,-3.8081527915276716,2100.0
"(1, 1)",2.297491334505734,2.362557358443737,2.587491214184731,5.769241523742676,6.695110783483173,-0.005898625112562999,-3.4594080558198064,2100.0
"(2, 0)",2.2589377971162046,2.2979232215881344,2.545965357692249,6.228524231910706,6.481939602569022,0.040279679788533244,-3.4561368792255784,2100.0
"(2, 1)",2.288534558122995,2.3379900828003883,2.579231369959302,5.74313663482666,6.652434459782137,0.03250184357025564,-3.622552505825068,2100.0
mean,2.2932051898863315,2.3378041234612468,2.5862792399038046,5.95409253915151,6.689573191366443,-0.003314403081264275,-3.6264179398553247,2100.0
std,0.02289600560048954,0.02741989369505231,0.027071841626374618,0.22678924226865602,0.1404827786997448,0.037397047125118814,0.14931512561764315,0.0
