,MAE,MedAE,RMSE,MaxAE,MSE,PearsonCorr,R2Coeff,Test Cases
"(0, 0)",0.5607082528818221,0.43215127706527706,0.7542964736492609,3.7212193965911866,0.5689631701597102,0.7813337319884355,0.6050562680083198,2100.0
"(0, 1)",0.5508743010618857,0.4174484825134277,0.753760836311227,4.004115943908691,0.5681553983566003,0.7812815399506333,0.6090105084921629,2100.0
"(1, 0)",0.5526425196040244,0.41362926006317136,0.745958324430258,4.0657662630081175,0.556453821786798,0.7814183164734528,0.6001442430111502,2100.0
"(1, 1)",0.55540863486869,0.41115011215209973,0.75160695102529,3.4390764617919922,0.5649130088295325,0.7914588136519315,0.6237287620950756,2100.0
"(2, 0)",0.5579774963251182,0.4282707500457763,0.7525405324936809,4.216618423461914,0.5663172530458728,0.7832918141917757,0.610674064960548,2100.0
"(2, 1)",0.5446658385141975,0.4161539030075072,0.7326710537138864,3.171304090619087,0.5368068729502166,0.7928427550617807,0.6269909954465892,2100.0
mean,0.5537128405426229,0.41980063080787655,0.7484723619372672,3.7696834298968316,0.5602682541881218,0.7852711618863348,0.6126008070023076,2100.0
std,0.005180893425728684,0.007703136785441066,0.00757480060267337,0.367895388147306,0.011261727545703397,0.00492948154895581,0.009657445671549912,0.0
