,MAE,MedAE,RMSE,MaxAE,MSE,PearsonCorr,R2Coeff,Test Cases
"(0, 0)",2.2908624664857986,2.3436703330278394,2.581018239041368,6.399151277542114,6.6616551502642025,0.010172953633790768,-3.624163890166063,2100.0
"(0, 1)",2.2977961119619508,2.2896569383144376,2.600667239542338,7.438876008987426,6.763470090828765,0.039683045233281714,-3.65444091403639,2100.0
"(1, 0)",2.283455532703779,2.324739762768149,2.571321971160687,6.028886175155639,6.611696679373682,0.018995492654567417,-3.7510231347185456,2100.0
"(1, 1)",2.298384063177272,2.309424933195114,2.6103775629308554,5.770018267631531,6.814071021052833,-0.02148079047097549,-3.538643823366641,2100.0
"(2, 0)",2.2809355484651577,2.3204419577121733,2.576622129282007,5.456180191040039,6.638981597105742,0.03178559461617131,-3.564098487378309,2100.0
"(2, 1)",2.257512017869382,2.263875006437302,2.5481570902219333,6.038550715446473,6.49310455644831,0.03166548475332749,-3.5118395257331496,2100.0
mean,2.2848242901105564,2.3086348219091692,2.581360705363198,6.188610439300537,6.663829849178922,0.018470296736693866,-3.6073682958998496,2100.0
std,0.013853707115804486,0.025789177439200034,0.020168242009029655,0.6281181782835198,0.10407348797880117,0.020275609097251412,0.08047329936592847,0.0
