,MAE,MedAE,RMSE,MaxAE,MSE,PearsonCorr,R2Coeff,Test Cases
"(0, 0)",2.2688173927341007,2.2666451275348667,2.5702008611459,5.752909135818482,6.605932466635127,-0.026130130138343314,-3.585484190348443,2100.0
"(0, 1)",2.3086002043096086,2.3408877658843994,2.6004319459890897,5.8516754627227785,6.762246305720604,-0.03962876168057963,-3.653598737549924,2100.0
"(1, 0)",2.2873110776221823,2.3237734401226042,2.5757021973225243,5.605605697631836,6.634241809292079,0.007590105720350555,-3.767223580536288,2100.0
"(1, 1)",2.2724434300319603,2.2553434512019157,2.5787422638272135,6.085366344451904,6.649911663248702,0.006211003349352027,-3.429302307400106,2100.0
"(2, 0)",2.3035305147477203,2.334739646911621,2.6052492124864677,5.6444603443145756,6.787323459161361,-0.043167821242330054,-3.6660790183257195,2100.0
"(2, 1)",2.254125930508581,2.333014354705811,2.546793566448037,5.991890144348145,6.486157470101111,0.006699649306758986,-3.5070122295611137,2100.0
mean,2.2824714249923588,2.3090672977268696,2.579520007869872,5.821984521547954,6.654302195693163,-0.014737659114131905,-3.6014500106202654,2100.0
std,0.019322184766378765,0.034513852479307786,0.019460850242969344,0.17427253328171616,0.10031663432649379,0.022190700888329633,0.11044267628682809,0.0
