,MAE,MedAE,RMSE,MaxAE,MSE,PearsonCorr,R2Coeff,Test Cases
"(0, 0)",0.6870503045891012,0.5172634744644165,0.9110352888344685,4.09930151939392,0.8299852975017034,0.6704255220722228,0.42386869996957166,2100.0
"(0, 1)",0.6703098735474404,0.5182696247100829,0.8891329218090265,4.188894047737122,0.7905573526446564,0.6879662858960853,0.4559593762333469,2100.0
"(1, 0)",0.6485033597988742,0.4847276544570922,0.8726870022007349,3.7328707695007326,0.7615826038101055,0.6906664318693531,0.45274310889232205,2100.0
"(1, 1)",0.6464227056953169,0.4856844329833985,0.8644811437888555,3.8827465319633485,0.747327647966488,0.71660534798534,0.502227962844134,2100.0
"(2, 0)",0.6614481624634493,0.5085993528366088,0.8817107025303544,4.273164465427399,0.7774137629565712,0.6942595694748808,0.46555161696426495,2100.0
"(2, 1)",0.6454273859837225,0.5138195276260376,0.8593369206650793,3.6741467833518984,0.7384599432181408,0.7109002040728746,0.4868690730271027,2100.0
mean,0.6598602986796508,0.5047273445129394,0.8797306633047531,3.975187352895737,0.7742211013496108,0.6951372268951261,0.46453663965512365,2100.0
std,0.01510446557871761,0.014147015180894831,0.01717735110515714,0.22647784800153392,0.030409871349149055,0.015232644295646334,0.0251228373428035,0.0
