,MAE,MedAE,RMSE,MaxAE,MSE,PearsonCorr,R2Coeff,Test Cases
"(0, 0)",2.286426227410162,2.315340766608715,2.5878874575596447,6.350404009819031,6.697161492994521,0.02687680111725329,-3.648810489880683,2100.0
"(0, 1)",2.259525411837122,2.229424914717674,2.5664463575591587,6.980501651763916,6.5866469062286725,-0.025079025369119868,-3.532755883438135,2100.0
"(1, 0)",2.345995888408167,2.3524152958393096,2.6373958453288435,6.590019807815552,6.955856844957844,-0.025860057361283027,-3.9983292329913125,2100.0
"(1, 1)",2.3083004584836817,2.3233982363343237,2.6130030653219927,5.877820634841919,6.827785019382129,0.009771363985311173,-3.547778297254368,2100.0
"(2, 0)",2.298992400274639,2.3359212368726734,2.5907546576465283,5.9073718690872195,6.712009696117181,0.05124763924486261,-3.6143030905029097,2100.0
"(2, 1)",2.280096289001192,2.292103542089462,2.587851650609743,7.073357343673706,6.696976165563572,-0.0567562556948502,-3.6535030360284777,2100.0
mean,2.2965561125691605,2.3081006654103597,2.5972231723376518,6.463245886166891,6.746072687540653,-0.0032999223463043375,-3.6659133383493145,2100.0
std,0.026873065064248258,0.03972821648333819,0.022460645872230206,0.46909719704370056,0.11695151305280235,0.03628084489172533,0.15561558590308913,0.0
