,MAE,MedAE,RMSE,MaxAE,MSE,PearsonCorr,R2Coeff,Test Cases
"(0, 0)",2.300092503117309,2.3606547033786773,2.6009027585324755,5.541193604469299,6.764695159341841,-0.0010447885461528084,-3.69568874074322,2100.0
"(0, 1)",2.2605240244717826,2.27963341832161,2.5486434927055686,5.924854173660278,6.495583652910439,0.022244438316703814,-3.4700885652837483,2100.0
"(1, 0)",2.254301007122014,2.3162140357494354,2.5391629271247753,5.665239334106445,6.447348370484858,0.04394294932118587,-3.632925972137179,2100.0
"(1, 1)",2.2479428231335112,2.264706328511238,2.5542187770277667,6.6972410678863525,6.524033560921221,-0.02087052024619283,-3.3454587622036156,2100.0
"(2, 0)",2.270827165918123,2.3109166085720063,2.574874525596289,5.951656093597412,6.6299788225647145,-0.01123540206784433,-3.5579093529359387,2100.0
"(2, 1)",2.289177649241801,2.3313273167610165,2.580377876671823,5.628497457504272,6.658349986417386,0.0307404489278748,-3.626663005918884,2100.0
mean,2.27047752883409,2.3105754018823306,2.5663633929431167,5.901446955204011,6.586664925440076,0.010629520950929084,-3.5547890665370985,2100.0
std,0.0186879128313489,0.031706643000011685,0.02106800421425915,0.38653052283716666,0.10827218352087138,0.023294338352050355,0.11699504603652512,0.0
