,MAE,MedAE,RMSE,MaxAE,MSE,PearsonCorr,R2Coeff,Test Cases
"(0, 0)",0.6623530889833712,0.5271500000000007,0.8640609381241822,3.3766999999999996,0.7466013047920418,0.7035284167541126,0.4817493976953606,2100.0
"(0, 1)",0.6724811585222977,0.5306750000000005,0.8761095477598352,3.630499999999999,0.767567939675943,0.7008533172646566,0.47178008111919456,2100.0
"(1, 0)",0.6501063903628117,0.5213750000000017,0.8407381577603396,3.597466666666666,0.7068406499142496,0.710124784885692,0.49207950044371795,2100.0
"(1, 1)",0.6680116772675737,0.5429000000000004,0.8678402350481242,3.3247,0.7531466735683835,0.7225153918691773,0.49835208827158295,2100.0
"(2, 0)",0.6638494422902494,0.5252133333333324,0.8676506905159067,3.542899999999999,0.7528177207527297,0.7049985526517139,0.48246064998026017,2100.0
"(2, 1)",0.6559076825963719,0.5097999999999994,0.8567208489290311,3.3406,0.7339706129896797,0.7101064100372398,0.4899885573034992,2100.0
mean,0.6621182400037793,0.5261855555555558,0.8621867363562364,3.46881111111111,0.7434908169488379,0.7086878122437654,0.48606837913560264,2100.0
std,0.0073940342338891015,0.009941755455814327,0.011173567032037058,0.1250834857007977,0.019163675283159494,0.007034303781046596,0.008546106881025332,0.0
